Song Title,Album Title,Artist Name 1,Artist Name 2,Duration
094. Wolfgang Amadeus Mozart - Kr√∂nungsmesse (K. 317) - Agnus Dei.mp3,Classical Music Top 100,VA,,3m57s
One Last Woo,Illinois,Sufjan Stevens,,8.544s
At The Cabana (Skit) (Performed by Ghostface Killah and Rhythm Roots Allstars),The Big Doe Rehab,Ghostface Killah,,1m13s
Broke Five Broke,Late Registration,Kanye West,Kanye West,33.622s
Skit,2005,Three 6 Mafia,,27s
Shades of Pete (Super),Beat Konducta Vol. 5: Dil Cosby Suite,Madlib,,29s
The Walrus (interlude),Doomtree,Doomtree,,49s
Light My Fire,Donuts,J Dilla,,36s
That Cough Came With A Prize,Hooray For Boobies,Bloodhound Gang,,15s
39 Vista - Fiyah.mp3,Disc F: The Ruff Step,"Revealomatic - No Bull, More Halfstep",,32s
Dill Withers Theme,Beat Konducta Vol. 6: Dil Withers Suite,Madlib,,44s
Donuts (Outro),Donuts,J Dilla,,13s
Stuck To You,Zombies! Aliens! Vampires! Dinosaurs!,Hellogoodbye,,2m45s
Little Bribes,The Open Door EP,Death Cab for Cutie,,35s
When Acting As A Wave,Ire Works,The Dillinger Escape Plan,,1m34s
Seeing Red,Complete Discography,Minor Threat,,1m3s
Baha'i Healing Prayer,2007,Blue Scholars,,1m11s
Revenge,Damaged & Jealous Again,Black Flag,,59s
I Just Want Some Skank,The Decline Of Western Civilization,Circle Jerks,,1m16s
Sacrifice (Beat-A-Holic Thoughts),Beat Konducta Vol. 5: Dil Cosby Suite,Madlib,,1m23s
New Song,TBA,Punchline,,58s
Epilogue,The Everglow,Mae,Mae,53.614s
Dead Lover's Twisted Heart,Yip/Jump Music,Daniel Johnston,,1m17s
The Clap,Felt 3 (A Tribute To Rosie Perez),Felt (Slug & Murs),,52s
Interactive Skit,Chicken N Beer,Ludacris,,1m4s
Track 10,Austin Mix (TOP SECRET),Austin,,1m29.234s
Hangover Song,In Defense Of The Genre,Say Anything,,59s
On/Off,Human After All,Daft Punk,"Thomas Bangalter, Guy-Manuel de Homem-Christo",19s
15 Stenchman - The Number One.mp3,Disc E: The Nice Move,"Revealomatic - No Bull, More Halfstep",,1m49s
Attitude,,Bad Brains ,,1m27s
Lights Out,Lights Out (Advance),Sugarcult,,38s
Strictly For The Tardcore,Hefty Fine,Bloodhound Gang,,9s
People,Donuts,J Dilla,,1m24s
Bottled Violence,Complete Discography,Minor Threat,,54s
Workout Plan,The College Dropout,Kanye West,,46s
Reintroduction (interlude),Doomtree,Doomtree,,42s
Interlude,Exclusive Audio Footage,Clipse,,1m19s
Gipsy Threat,LP3,Ratatat,,1m38s
Fuckin Spend - High Speed Scene,Neptunes Present... Clones,The Neptunes,The Neptunes,1m31s
We Speak Car,We Speak Car!,Franks Auto Supermarket,,1m
Rave On,Rave On Buddy Holly,Julian Casablancas,Bill Tilghman/Sonny West/Norman Petty,1m59s
Double Pump,Night Ripper,Girl Talk,,1m46s
Stay Cool (Remix),J. Period - Best Of The Roots,The Roots,J.Period,1m29s
Explode,Lights Out (Advance),Sugarcult,,1m53s
We Are Pilots,We Are Pilots,Shiny Toy Guns,,1m31s
Ready. Set. Go!,Love The Love You Have (EP),The Summer Set,,2m40s
Ghouls Night Out,Collection,The Misfits,,1m58.027s
Trust Nobody (Prod. By Ill Bill),The Hour Of Reprisal,Ill Bill,,2m49s
Felt Good,Felt 3 (A Tribute To Rosie Perez),Felt (Slug & Murs),,1m27s
The (After) Life Of The Party,Live at Voodoo Fest '07,Fall Out Boy,,3m38s
Good to Go,Elliott Smith,Elliott Smith,Elliott Smith,2m24s
Overheard in a Wawa Parking Lot,Hefty Fine,Bloodhound Gang,,4s
Work In Progress,Mutiny!,Set Your Goals,,2m14s
Rock This Bitch,Ben Folds Live,Ben Folds,"Folds, Ben",1m17s
Love Is a Place,"Old World Underground, Where",Metric,Metric,2m9s
Reggeton - Zion y Lennox Feat. Daddy Yankee - Yo Voy Remix (Lean Back Beat),,,,2m45s
I Don't Wanna Hear It,Complete Discography,Minor Threat,,1m14s
Say Whoa (DJ Spinna Remix),Infinity +1,A-Trak,,2m18s
1991,Crystal Castles,Crystal Castles,,1m53s
I'll Be Your Baby Tonight,The Essential: Bob Dylan,Bob Dylan,Bob Dylan,2m40.008s
The Inauguration,Trill,Bun-B,,1m52s
Waiting,,,,2m58s
Now Mary,White Blood Cells,The White Stripes,Jack White/Meg White,1m48s
I Can't Get Beer In Me,Bigger and Blackerer,David Cross,,2m43s
Track 16,Austin Mix (TOP SECRET),Austin,,1m24.218s
And Me,Hello Nasty,The Beastie Boys,Beastie Boys,2m52.059s
Wish We Were Older,Metro Station,Metro Station,,2m58s
Premium Blends feat. Shorty K,Gone fishing (Mixtape),The Cool Kids and Don Cannon,,2m42s
Essaywhuman?!!!??!,J. Period - Best Of The Roots,The Roots,J.Period,1m47s
Where Is Ja,For What It's Worth,Dave Chappelle,,3m
I'm Happy Just To Dance With You,A Hard Day's Night,The Beatles,,2m
The Puzzle,Curb Your Enthusiasm,Franco Micalizzi,,1m22s
The Party Song                ,Enema Of The State            ,Blink 182                     ,,2m22s
Feel Me (Intro),Sir Lucious Left Foot: The Son of Chico Dusty,Big Boi,,1m28s
Death To Poets,A Rollins In The Wry,Henry Rollins,,58.839s
01 01 03 You Don't Mean Anything,,,,2m31s
The Hider,2009,VersaEmerge,,2m43s
Beware,Chautaqua,The Willowz,,2m49s
I Saw It On Your Keyboard,Zombies! Aliens! Vampires! Dinosaurs!,Hellogoodbye,,3m3s
100 Dollars,Mean Everything To Nothing,Manchester Orchestra,,1m51s
Lazier Than Furniture,Decomposer,The Matches,,2m36s
Scene For Dummies,Hollywood Undead,Hollywood Undead,,3m28s
Ed-Ucation,2001,Dr. Dre,Dr. Dre,1m34.249s
Basbhat,Champion,The Audition,,2m43s
Back Against The Wall,The Decline Of Western Civilization,Circle Jerks,,1m33s
Ponytail,Person Pitch,Panda Bear,,2m6s
Comfortably Confused,3D,I See Stars,,2m26s
"Anybody In Search Of The American Dream Needs A Lawyer, A Doctor And A Bodyguard: ""Can they rent that with the option to buy?""",The Gonzo Tapes [Disc 2] : Fear and Loathing in Las Vegas,Hunter S. Thompson,,1m50s
Thug Motivation 101,Let's Get It: Thug Motivation 101,Young Jeezy,"J. Jenkins, D. Stewart",3m14.467s
"Go Home, Get Down","You're A Woman, I'm A Machine",Death From Above 1979,"Jesse F. Keeler, Sebastien Grainger",2m19.737s
Intro,Lord Willin',Clipse,Chad Hugo/Gene Thornton/Pharrell Williams,2m17s
The Black Hawk War,Illinois,Sufjan Stevens,,2m16.858s
Down (Jesterdamus Remix),DMS,Jay Sean,,2m
Airport Monday Morning,Lifetime,Lifetime,,2m34s
Yves,Ed Banger Rec Vol. 3,Mr. Oizo,,1m22s
unwritten (featuring mercedez martinez),Rising Down,The Roots,,1m27s
Somewhere In The Swamps Of Jer,Jersey's Best Dancers,Lifetime,,1m41s
The Patron Saint Of Liars And Fakes,Take This To Your Grave,Fall Out Boy,,3m20.016s
Victory 2007,,Papoose,,3m40s
Time Bomb,Live At The Mayan Theatre,The Format,,4m4s
LUST FOR LIFE,JAY-Z + DJ NOODLES : Bp3-Qual,JAY-Z + DRAKE,,1m55s
2getha Baby,Apollo Kids,Ghostface Killah,GUTTAHIPHOP.COM,3m2s
My Own Worst Enemy,A Place In The Sun,Lit,,2m49s
Pussyole (Oldskool),Maths And English,Dizzee Rascal,,3m28s
Mr. Mister,King Vs Queen,Brighten,,2m55s
Say U Will,DJ Ill Will & DJ Rockstar Present Wiz Khalifa - Burn After Rolling,Wiz Khalifa,,3m25s
Whoa Oh! (Me Vs. Everyone),Underdog Alma Mater,Forever The Sickest Kids,,3m25s
Pump It Up,The Very Best Of Elvis Costello [Disc 1],Elvis Costello,Costello,3m13.909s
Note The Time,For What It's Worth,Dave Chappelle,,2m19s
Intro (Produced by ID Labs),Show And Prove,Wiz Khalifa,,1m42.167s
16 Dub & Run - Illusion.mp3,Disc E: The Nice Move,"Revealomatic - No Bull, More Halfstep",,1m48s
Outro,Da Unbreakables,Three 6 Mafia,,2m17s
White Sky,Contra,Vampire Weekend,,3m
What They Do,J. Period - Best Of The Roots,The Roots,J.Period,2m26s
Mastermind,Deltron 3030: The Instrumentals,Deltron 3030,,3m37s
Punch and Judy,Either/Or,Elliott Smith,Elliott Smith,2m25s
Between the Bars,Live at Crystal Ballroom,Elliott Smith,,2m49s
Track 12,Austin Mix (TOP SECRET),Austin,,2m17.508s
"We Are Rockstars (Feat. Spank Rock & Amanda Blank, With Does It Offend You, Yeah?)",Pillowface And His Airplane Chronicles,Steve Aoki,,2m1s
060. Wolfgang Amadeus Mozart - Requiem (K. 626) - Dies Irae.mp3,Classical Music Top 100,VA,,1m48s
Lovin' You Lots and Lots,That Thing You Do,Original Soundtrack,,1m54s
Best Foot Forward,Endtroducing.....,DJ Shadow,,49s
Big Decision,New Moon,Elliott Smith,,2m0.395s
Slowing Down (Long Time Coming),Avalon,Anthony Green,,1m44s
31 Iron Soul - Art Of Music.mp3,Disc E: The Nice Move,"Revealomatic - No Bull, More Halfstep",,2m41s
37 JSL - For My Mother.mp3,Disc E: The Nice Move,"Revealomatic - No Bull, More Halfstep",,1m58s
Chase This Light,Chase This Light,Jimmy Eat World,,3m29s
Candy Shop (Feat. Olivia) (Produced By Scott Storch),The Massacre,50 Cent,,3m29s
Snitches And Talkers Get Stitches And Walkers,From Under The Cork Tree,Fall Out Boy,Fall Out Boy,2m50.527s
! (Performed by Ghostface Killah and Rhythm Roots Allstars),The Big Doe Rehab,Ghostface Killah,,37s
Love You To,Revolver,The Beatles,,3m2s
Torture Me,Stadium Arcadium ,Red Hot Chili Peppers,,3m46s
Need You Now,,Sparks The Rescue,,3m29s
Absolutely (Story of a Girl),Explains It All,Four Year Strong,,3m1s
Yessir! feat Raekwon,Born like this,DOOM,,2m34s
Skit #4,Late Registration,Kanye West,Kanye West,1m18.715s
Billy Spleen,Does This Look Infected?,Sum 41,Sum 41,2m33s
Bucky Done Gun,Arular,M.I.A.,,3m46.301s
Growing Up,Believers Never Die (Greatest Hits),Fall Out Boy,,2m55s
Anyone Can Dig A Hole But It Takes A Real Man To Call It Home,Lost In The Sound Of Separation,Underoath,Underoath,3m16s
Down The Road,Fearless Summer Sampler,Plain White T's,,2m53s
Oboe Quartet In F Major K 370 Adagio,The Best Of Mozart,Mozart,,3m33s
Encore,The Grey Album,DJ Danger Mouse,"John Lennon, Paul McCartney, Jay-Z",2m42s
NJ Leigon Iced Tea,Homesick,A Day To Remember,,3m31s
Track 02,,,,4m13.794s
Red Intro,The Score,The Fugees,"Wyclef Jean, Prakazrel ""Pras"" Michel, Lauryn Hill",1m51.664s
Drips / Auntie's Harp,Cosmogramma,Flying Lotus,Flying Lotus,2m10s
Time-Bomb,Dirty Work,All Time Low,,3m30.024s
Secret Messages,Light Years,Electric Light Orchestra,,3m37s
Magazines,Your Favorite Weapon,Brand New,,3m4s
Red Red Wine [October 1988],Labour of Love,UB40,,3m4s
Mother Nature's Son,The Beatles [White Album] [Disc 2],The Beatles,John Lennon/Paul McCartney,2m48.066s
Heartless,808's & Heartbreak,Kanye West,,3m32s
Victory Is In My Clutches,StyleWars EP,Jay Electronica,,2m58s
Ballskin,Born like this,DOOM,,1m30s
God Damned,Album,Girls,Www.DepoDepo.Fr By Orko61,2m19s
Help!,Love,The Beatles,,2m19s
That's Not Me,,,,2m28s
Sea Of Holes,Yellow Submarine,The Beatles,George Martin,2m21s
Simple Living,The Papercut Chronicles,Gym Class Hereos,,3m9s
Bullet Proof...I Wish I Was,The Bends,Radiohead,Colin Greenwood/Ed O'Brien/Jonny Greenwood/Phil Selway/Thom Yorke,3m29s
Communication Breakdown,Led Zeppelin,Led Zeppelin,,2m29s
A Change Is Gonna Come,The Re-Education of Lauryn Hill,Lauryn Hill,,2m47s
BARS,,Ninjasonik,,4m38s
I Made It,Kingdom Come,Jay-Z,DJ Kahlil,3m25.566s
Deamon Woman,Season 2 Flight of the Conchords,Flight of the Conchords,,1m59s
React (Instrumental),Champion Sound,Jaylib,,2m49s
Rock 'n' Roll Nigger,Smells Like Children,Marilyn Manson,,3m32s
Property,Property,Say Anything,,4m11s
Untitled,The Devil And God Are Raging Inside Me,Brand New,Jesse Lacey,2m4.157s
Phone Call,Underdog Alma Mater,Forever The Sickest Kids,,3m20s
Oh Lately It's So Quiet,Oh No,OK Go,,3m1s
Smoke And Mirrors,Controversy Loves Company,The Audition,,3m37s
Who's Gonna Save My Soul (Jay Electonica Remix),Scratches & Demo Tape Volume I,Jay Electronica,,3m17s
A Gentleman's Sport,The Big Dirty,Every Time I Die,Every Time I Die,2m35s
I Must Be Dreaming,Can't Stop Won't Stop,The Maine,,2m46s
Pennsylvania,Hefty Fine,Bloodhound Gang,,2m57s
Turn Off The Lights,Hollywood Undead,Hollywood Undead,,3m24s
All We Ever Needed,The Acoustic EP,The Early November,,2m27.005s
Stream Part Of Aziz Ansari's Comedy Special,Intimate Moments For A Sensual Evening,Aziz Ansari,,2m12s
...And Ever,The Monitor,Titus Andronicus,,2m24s
Give Me Your Gold,Sleep Without Dreams,2*Sweet,,3m42s
Warning Mark,Howl,Empires,,3m30s
There's a good reason these tables are numbered,A Fever You Can't Sweat Out,Panic! At The Disco,Panic! At The Disco,3m16.719s
Housewife,2001,Dr. Dre,Dr. Dre,4m4.761s
Placeholder,Grand Mal: Studio Rarities,Elliott Smith,,2m21s
Can't Stop The Reign 2006,DJ Kay Slay - Live On Shade 45,Papoose,,4m23s
Day N' Nite          [ibootleggedyourmum.wordpress.com],I Bootlegged Your Mum's Mastertape 2008,Kid Cudi,,3m44s
Pokerface,More Fish,Shawn Wigs & Ghostface Killah,,2m46s
Bada Bing! Wit' A Pipe! (Live),"Live @ Chain Reaction, Anaheim CA 10.13.07",Four Year Strong,,3m37s
13. ALICE BAG BAND - Gluttony,VA - The Decline Of Western Ci,,,3m46s
The Next Episode (Acappella),The Next Episode (Single),Dr Dre Ft Snoop Dogg,,2m33s
Settle Down,Chroma,Cartel,Will Pugh,3m2.648s
2Drunk 2Drive,BC13,Brokencyde,,3m30s
Hold On,Infinity +1,Holy Ghost!,,2m23s
Homesick At Space Camp,String Quartet Tribute To Fall Out Boy,Fall Out Boy (String Quartet),,3m30s
Sometimes,On Your Side,A Rocket To The Moon,,2m53s
Walk On Water Or Drown,A Lesson In Romantics,Mayday Parade,,3m30s
Do It Big (Baobinga & I'd Remix) [Explicit],Wu-Tang Meets The Indie Culture Vol. 2: Enter The Dubstep [Explicit],Wu-Tang,,4m
Moments Between Sleep,2009,VersaEmerge,,3m28s
Illusions In G Major,Light Years,Electric Light Orchestra,,2m39s
Things Are Getting Better,In search of,N.E.R.D.,,4m16s
Post Acid,King Of The Beach,Wavves,,2m10s
The Way You Move,Love The Love You Have (EP),The Summer Set,,2m53s
B.I.B.L.E. (Basic Instructions Before Leaving Earth),Liquid Swords,GZA,,4m30s
Big Sky,Village Green Preservation Society (Special Deluxe Edition 2004) (CD1 Stereo),The Kinks,,2m51s
And I Love Her,A Hard Day's Night,The Beatles,,2m34s
She's Got The Rhythm,Love The Love You Have (EP),The Summer Set,,2m39s
Crazy World,The Recession,Young Jeezy,,3m57s
Luminous Times (Hold On To Love),The Joshua Tree (Remastered / Expanded) (Deluxe Edition) (CD 2),U2,,4m35s
"083. Johann Sebastian Bach - Wachet Auf, Ruft Uns Die Stimme (BWV 140).mp3",Classical Music Top 100,VA,,3m30s
Blow,Port Of Miami,Rick Ross,,4m13s
Hands Up Thumbs Down,Sping Break Jumb off 06,K-Swift,,1m49s
Open Up,Action ,Punchline,,2m47s
Watching The Detectives,The Very Best Of Elvis Costello [Disc 1],Elvis Costello,Costello,3m43.677s
Steady,Time Being,Cyne,,3m3s
Bottle Up & Explode,Either/Or Demos (Disc 2 of 2),Elliott Smith,,2m38s
Between the Bars,Either/Or,Elliott Smith,Elliott Smith,2m21s
Liquid Swords,Liquid Swords,GZA,,4m32s
15 Dragon Twinz - Face.mp3,Disc F: The Ruff Step,"Revealomatic - No Bull, More Halfstep",,2m2s
Lousy Reputation,With Love And Squalor,We Are Scientists,"Keith Murray, Chris Cain, Michael Tapper",2m35.341s
All That I've Got,In Love And Death,The Used,The Used,3m58.608s
Love Like Winter,Decemberunderground,AFI,,2m46s
Smile,Weezer (Green Album),Weezer,,2m39s
Seventeen Forever,Metro Station,Metro Station,,2m54s
Shadow Buisness,"Servants In Heaven, Kings In Hell",Jedi Mind Tricks,,4m11.797s
! Intro,2008,,,2m51s
Superstar,Flight School,Wiz Khalifa,,3m19s
Down On The Street,Fun House,The Stooges,The Stooges,3m44s
Blue Orchid,,The White Stripes,,2m37s
Lazer theme feat. Future Trouble,Guns Don't Kill People... Lazers Do,Major Lazer,,2m34s
Taking Cassandra To The End Of The World Party,The Always Open Mouth,Fear Before the March of Flames,,2m44s
"Prickly Thorn, But Sweetly Worn",Icky Thump,The White Stripes,"White Stripes, The",3m6s
Starlight (feat. Viro The Virus),Black Snow,Snowgoons,,3m53s
California Summer pt. 1,In Your Room,Ghost Animal,Michael Avishay,2m47s
...Or Worse,Bigger and Blackerer,David Cross,,4m43s
Chelsea Smile (Travis McCoy),Suicide Season Cut Up,Bring Me The Horizon,,3m43s
The Velvet Underground Sunday ,1967,The Velvet Underground,,2m56s
American Dreamin',American Gangster,Jay-Z,,4m49s
Spinning,The Glass Passenger,Jack's Mannequin,,2m53s
Pillz (Bonus Track),Champion Sound,Jaylib,,3m6s
Hello Nurse (DEMO VERSION),"Sweet Dreams, Sucker",Treaty Of Paris,,3m12s
I'm Just A Kid,,Simple Plan,,3m20s
Drop it Low (Lil' Wayne Remix) (Diggz 2 Min Edit With Aca Out),,Ester Dean,,2m24s
First On the List,"Talk Is Cheap, Vol. 4",Henry Rollins,,5m5.04s
Aliens Exist,2000,Blink 182,,3m39s
Barlights,2009,fun.,,4m17s
Four Little Diamonds,Light Years,Electric Light Orchestra,,4m7s
Chop Suey,Rainbow Man (CDS),Busy P,,3m5s
084. Giuseppe Fortunino Francesco Verdi - La Traviata - Libiamo Ne' Lieti Calici.mp3,Classical Music Top 100,VA,,3m14s
Of Horses and Medicine,The Always Open Mouth,Fear Before the March of Flames,,2m37s
Faker,Miike Snow,Miike Snow,,2m33.739s
Sonic Reducer,U.s.a. Tour 2003 Rarities (first leg),Pearl Jam,,4m11s
Every Nights Another Story,The Acoustic EP,The Early November,,2m40.612s
Silver Street,Ben Folds Live,Ben Folds,"Folds, Ben",3m42s
Coffee Break,Now Again Music Library - Vol. 01,Oh No,Oh No,1m19s
Keep it goin' louder feat. Nina Sky & Ricky Blaze,Guns Don't Kill People... Lazers Do,Major Lazer,,3m49s
Hot Mess,Hot Mess,Cobra Starship,,2m50s
Four Winds,,The Killers,,3m51s
Enter Galactic (Love Connection Part 1),Man On The Moon: The End Of Day,KiD CuDi,,4m20s
Oh Yeah !                     ,Broken Silence                ,Foxy Brown                    ,,4m14s
Pictures of Me,Either/Or,Elliott Smith,Elliott Smith,3m46s
Lasagna,Greatest Hits,Weird Al Yankovic,,2m45s
angeles,"Morning Becomes Eclectic, KCRW-FM Studios",Elliott Smith,,2m52s
This Isn't You,,New Found Glory,,2m50s
Ackrite,2001,Dr. Dre,Dr. Dre,3m42.052s
Good Year For The Roses,The Very Best Of Elvis Costello [Disc 1],Elvis Costello,Chestnut,3m5.457s
Knights,Crystal Castles,Crystal Castles,,3m14s
Shoulder to the Wheel,Through Being Cool,Saves the Day,Chris Conley,3m20s
"Sick Life (feat. Sick Jacken, Cynic & Bacardi Riam)",Black Snow,Snowgoons,,3m23s
I Cant Do It Alone ,Want,3OH!3,,3m2s
Good Girls Go Bad (Isom Innis Remix),Hot Mess (Deluxe Edition),Cobra Starship,,4m11s
NYC,After The Room Clears,Permanent Me,,3m4s
Straw Dog,Leaving Through The Window,Something Corporate,Andrew McMahon,3m49.482s
Rainbown Man,Ed Rec Vol. 2,Busy P,,3m33s
One,Vampire Weekend,Vampire Weekend,,3m12s
Dangerous (Promo Only Clean Edit),Promo Only Rhythm Radio June,Kardinal Offishall (Feat. Akon),,3m53s
Grounds For Divorce,Apologies To The Queen Mary,Wolf Parade,Wolf Parade,3m25s
Summer Shudder,Decemberunderground,AFI,,3m8s
Brazilian Shit [B More],"J'33 Baltimore Club, Baile Funk & Influences",Baltimore Club,,3m22s
We Got the,2004,Beastie Boys,,2m58s
Dull Flame Of Desire (Modeselektor’s Remix For Boys),Dubstep Collection 3,Bjork,,5m20s
Jesus,The Devil And God Are Raging Inside Me,Brand New,Jesse Lacey,5m18.322s
Rock Bottom,The Slim Shady LP,Eminem,,3m35s
What's Love Got To Do With It [September 1984],Private Dancer,Tina Turner,,3m49s
Your Not In On the Joke,,Cobra Starship,,3m30s
Stone Free,Are You Experienced?,Jimi Hendrix,,3m36s
Boom Boom Pow (Risk One PartyRock ReFix),DMS,Black Eyed Peas ft LMFAO,,3m34s
I Can't Stand Up For Falling Down,The Very Best Of Elvis Costello [Disc 1],Elvis Costello,Banks/Jones,2m6.014s
Pogo Stick,Real Recognize Real,Project Pat,,2m57s
A Kiss Is Not a Contract,Flight of the Conchords,Flight of the Conchords,,1m55.008s
Peak Out,Night Ripper,Girl Talk,,3m21s
Time To Get Yummy,Dirty South Dance CD,A-Trak,,3m24.846s
Mastermind,Deltron 3030,Deltron 3030,Dan the Automator/Teren D. Jones,3m34s
Fire,Are You Experienced?,Jimi Hendrix,,2m45s
Teenagers,The Black Parade,My Chemical Romance,,2m43s
Circles,The Party Scene,All Time Low,,3m21s
Work For The Money,Buck The World,Young Buck,,4m14.049s
Newsflash (Featuring Sandra Melody),"Decent Work For Decent Pay, Collected Works Volume One",Diplo,P. Dunn/S. Wright/W. Pentz,3m4s
Love Song,Love Song,Sara Bareilles,,3m53s
Hard To Get,What The Fuck Is A Jay Electronica,Jay Electronica,,3m14s
The Truth About Lars,Jersey's Best Dancers,Lifetime,,1m53.104s
Babydoll,You Are Free,Cat Power,,2m58s
Hippa To Da Hoppa,Return To The 36 Chambers: The Dirty Verson,Ol' Dirty Bastard,,2m58s
Hyper-Insomnia-Para-Condroid,Does This Look Infected?,Sum 41,Sum 41,2m33s
Starshines,Transistor,311,C. Sexton/D. Martinez/N. Hexum,2m36.92s
10 Baltimore Club Music - Mr Postman,dj rod braxton,baltimore club,,2m46s
"An English Teacher (Chita Rivera, Dick Van Dyke)",Bye Bye Birdie! - Original Broadway Cast,"Susan Watson,Chita Rivera,Dick Van Dyke,Dick Gautier,Paul Lynde,Michael J. Pollard,Kay Medford","Lee Adams, Charles Strouse",2m53s
U Dont Know,The Blueprint,Jay-z - Blue Print - 06 - You Don't Know,,3m19s
There Will Be Tears  [ibootleggedyourmum.wordpress.com],,Mr. Hudson,Your Mum,3m51s
It Aint Me (Feat. Akon & T.I.),2008,T-Pain,,3m47s
Scriptures (Clean),,Drake,www.franchiserecordpool.com,3m38s
"Sugar, We're Goin Down (Remix)",From Under The Cork Tree,Fall Out Boy,Fall Out Boy,4m0.071s
The Ballad Of Michael Valentine,Hot Fuss [Bonus Tracks],The Killers,,3m50s
Melt!,Los Angeles,Flying Lotus,,1m46s
Just Rock And Roll,Save The World Lose The Girl,Midtown,,3m8.731s
Barcelona,About Love,Plastiscines,"Plastiscines, Jake Sinclair & Butch Walker",3m21s
Murder In The First,J. Period - Best Of The Roots,The Roots,J.Period,2m1s
On A Lonely Night,On Your Side,A Rocket To The Moon,,3m8s
Christine,After The Room Clears,Permanent Me,,2m23s
Bottle It Up,Little Voice,Sara Bareilles,,3m1s
"If He´s Here, Who´s Runnin´ Hell?",Rise Or Die Trying,Four Year Strong,,3m19s
Ruby Tuesday,Between The Buttons [US],The Rolling Stones,,3m18s
Paper Planes,Kala,M.I.A.,M.I.A.,3m25s
More Or Less (feat. Dion),Ear Drum,Talib Kweli,,4m42s
Let's Go!,Songs for Tuesdays,Summer Cats,,2m14s
Stupid,Afterglow Live,Sarah McLachlan,,3m35s
Safe Ride,Rotation,Cute Is What We Aim For,,3m53s
Rome,Odd Blood,Yeasayer,,3m50s
Hello Houston,Say It Like You Mean It,The Starting Line,,2m23s
Time to Pretend,Oracular Spectacular,Mgmt,,4m22s
25 Cent Giraffes,Jersey's Best Dancers,Lifetime,,2m20s
Murder Ink,2001,Dr. Dre,Dr. Dre,2m30.418s
When I Get Home,A Hard Day's Night,The Beatles,,2m20s
ten gallon take 93482934,demo,Audio Accident,Shaun Novak,3m44s
Weekend Girls (interlude) feat. Ryan Leslie,Gone fishing (Mixtape),The Cool Kids and Don Cannon,,2m58s
No More Time? (The Change),Beat Konducta Vol. 5: Dil Cosby Suite,Madlib,,2m24s
007 High Rankin - Sitting In the Wet (Original),,,,4m38s
Recluse,Apples And Oranges,Stacy Clark,,3m8s
"Surprise, Surprise",Based On A True Story,The Starting Line,,4m1s
Bad,Number Ones,Michael Jackson,Epic,4m6.781s
Dirty Diana,Number Ones,Michael Jackson,Epic,4m41.17s
Maggie's Farm,The Essential: Bob Dylan,Bob Dylan,Bob Dylan,3m56.077s
Tried By,tried by 12,East Flatbush Project,,2m57s
Ethnic / Being Pale,Economics II,Jim Gaffigan,,4m21s
Give It To Me,Greatest Hit And More,Reel Big Fish,,3m16s
Deanne The Arsonist,Suicide Notes And Butterfly Kisses,Atreyu,Alex Varkatzas/Brandon Saller/Dan Jacobs/Travis Miguel,3m42s
33 Ballistics - While.mp3,Disc F: The Ruff Step,"Revealomatic - No Bull, More Halfstep",,3m7s
Popcorn,Gone fishing (Mixtape),The Cool Kids and Don Cannon,,3m4s
its tricky,,Run DMC,,3m3s
Chains We Choose copy,,,,4m11s
Horny [www.crunk-mania.gs-bg.net],Real Recognize Real,Project Pat,,3m26s
Skeptics And True Believers,Almost Here,The Academy Is...,The Academy Is...,2m54.312s
Roman Candle,Roman Candle,Elliott Smith,Elliott Smith,3m37s
Seeerious,This Is Dubstep Vol.2,Noah D,,4m32s
01 Conquest - Mirage.mp3,Disc E: The Nice Move,"Revealomatic - No Bull, More Halfstep",,2m44s
01 01 La La Land 1,Demi Lovato - Don't Forget,Demi Lovato,,3m18s
Beggin',Beggin',Madcon,Bob Gaudio,3m38s
Walk Like Like A Warrior Ft. Krayzie Bone,Revolutionary But Gangsta (Retail),Dead Prez,,3m32s
Roxanne (DiscoTech Remix),Mixtape Vol. 3,The Police,,4m19s
Come Together / Dear Prudence / Cry Baby Cry,Love,The Beatles,,4m47s
No Trust,Thickfreakness,The Black Keys,,3m41s
Don't Leave Me,The All-American Rejects,The All-American Rejects,,3m29s
Year Of Tha Boomerang,Evil Empire,Rage Against The Machine,,4m2s
A Piece Of Mind,Say Hello To Sunshine,Finch,"Nate Barcalow, Randy Strohmeyer, Alex Linares, Derek Doherty, Marc Allen",3m7.524s
Kill You,The Marshall Mathers LP,Eminem,,4m25s
It's All OJ's Fault,For What It's Worth,Dave Chappelle,,3m56s
REPEAT,Dubstep Collection 5,MRK1,,4m22s
Take Off Your Cool (with Norah Jones),Speakerboxxx/The Love Below,Outkast,,2m38s
Still Waters Run Deep (feat. Supastition),Black Snow,Snowgoons,,3m35s
Gun for the Whole Family,None Shall Pass,Aesop Rock,I. Bavitz,3m53s
Destination Calabria (Remix),,Pitbull Feat. Lil Jon & Dj Shydo  ,www.mundodelmp3.com,4m14s
Izzo (H.O.V.A.),MTV Unplugged,Jay-Z,,5m8s
"Roscoe ""the Wood guy""",Economics II,Jim Gaffigan,,3m43s
Tidal Wave,Fun Trick Noisemaker,The Apples in Stereo,,3m26s
Comin' Back,Citizen Cope - Citizen Cope,Citizen Cope,,5m9s
Reflection,Shadows Are Security,As I Lay Dying,,3m13.631s
Lisa Marie,Artist Vs Poet,Artist Vs Poet,,3m22s
Original Cut,Dubstep Collection 3,Rusko,,4m26s
Hush Hush,"No Really, I'm Fine",The Spill Canvas,,2m59s
Hold the line feat. Mr. Lexx & Santigold,Guns Don't Kill People... Lazers Do,Major Lazer,,3m41s
Ask About Me,Night Ripper,Girl Talk,,2m27s
Little Girls,...Is A Real Boy [Disc 2],Say Anything,Max Bemis,3m53.476s
Underdog,Hold Me Down,You Me At Six,,2m23s
4th Chamber,Liquid Swords,GZA,,4m37s
Like Moths To Flame,Vheissu,Thrice,Dustin Kensrue/Thrice,4m27s
Crashing,The Glass Passenger,Jack's Mannequin,,4m11s
Walk,Playing For Keeps,The Flipside,,3m47s
A Treatease Dedicated to the Avian Airess from North East Nubis (1000 Questions 1 Answear),Black Up,Shabazz Palaces,,2m46s
Morning Sickness,Treehouse Talk,504 Plan,,3m3s
Got Da Groove (Feat. Gucci Mane),O.M.G.!,Rusko,,3m12s
I Fought Piranhas,The White Stripes,The White Stripes,,3m9s
Contagious (Co-Starring Jamie Foxx),Theater Of The Mind,Ludacris,,4m46s
Belt,Do You Believe In Gosh,Mitch Hedberg,,3m31s
Madder Red,Odd Blood,Yeasayer,,4m6s
"It's A Metaphor, Fool",...Is A Real Boy [Disc 2],Say Anything,Max Bemis,2m52.083s
We Will Fall Together,Somewhere in the Between,Streetlight Manifesto,,4m49s
Dead Leaves and the Dirty Ground,White Blood Cells,The White Stripes,Jack White/Meg White,3m5s
Hold Tight,Dubstep Collection 1,Synkro,,3m42s
Gold Digger (Diplo Remix),http://friendsbyfar.wordpress.com,Kanye West,,3m20s
Ghetto Blasta,Dubstep Collection 4,Gun Jack,,4m7s
Sax Man (feat. Jack Black),Incredibad,The Lonely Island, ,2m7s
Thick As Thieves,The Shade Of Poison Trees,Dashboard Confessional,,2m20s
"No Passenger, No Parasite",Redeemer,Norma Jean,,5m
The World (Is Going Up In Flames),No Time For Dreaming,Charles Bradley,,3m23s
Miss Misery,Grand Mal: Studio Rarities,Elliott Smith,,3m9s
All The Small Things,The Mark Tom And Travis Show,Blink 182,,3m27s
Hot (Cahill Club Mix),CD Pool Dance March,Inna,,4m51s
Gone Ride With Me,400 Degreez,Juvenile,,4m23.058s
"O, Porcupine","Brother, Sister",mewithoutYou,,4m31s
Red Tape,The Decline Of Western Civilization,Circle Jerks,,1m42s
Garden Grove,Sublime,Sublime,Sublime,4m21s
Serious Ting,No Prisoners,Gaudi,,5m16s
Shiller,LP3,Ratatat,,4m18s
Single File,Elliott Smith,Elliott Smith,Elliott Smith,2m26s
Cherchez LaGhost,Supreme Clientele,Ghostface Killah,,3m11s
Lean Back (Bhangra Remix),,Tigerstyle,,4m32s
Gather Rosebuds While You May,The Flipside: EP,The Flipside,,4m29s
Perfect Ten,EP,After Play Rewind,,3m8.801s
Pictures of Me,Either/Or Demos (Disc 1 of 2),Elliott Smith,Elliott Smith,3m50s
Wild Honey,Tripper,Fruit Bats,,4m2s
My World (Nas Salute),StyleWars EP,Jay Electronica,,4m27s
The Air Near My Fingers,Elephant,The White Stripes,,3m39s
Finding Me Out,Off The Deep End,The Friday Night Boys,,3m43s
If You Can't Say Love,Pangaea,Visionaries,J Rocc,3m52.942s
See You Again,Pop Volume II,Breathe Carolina,Punk Goes...,3m24s
High School,That's What She Said,The Friday Night Boys,,3m11s
Say It feat Ta'Raach and Exile,Jay Loves Japan,J Dilla,,2m55s
Pretty (Ugly Before),Pretty (Ugly Before),Elliott Smith,Elliott Smith,4m46s
Forty Days,Somewhere in the Between,Streetlight Manifesto,,3m53s
Stay Out,"Skip School, Start Fights",Hit The Lights,,3m48s
The Seed (BBC Radio One Version),DMS,The Roots,,3m38s
Norwegian Wood (This Bird Has Flown),Rubber Soul (US),The Beatles,,2m4s
Those Days You Felt Alive,Remember Right Now,Spitalfield,,3m50.504s
Love Changes Everything,Saxophonic,Dave Koz Feat. Brian McKnight,Carl Sturken/Evan Rogers,3m58.561s
Don't Tell Dave,Happiness,Dance Gavin Dance,,3m18s
Going Away to College,"The Mark, Tom and Travis Show (The Enema Strikes Back)",blink-182,,3m41s
Scratch Tools 1 ,DMS,DJ Whitematic,,3m6s
Best Imitation Of Myself,Ben Folds Live,Ben Folds,"Folds, Ben",3m13s
Miro,Say Hello To Sunshine,Finch,"Nate Barcalow, Randy Strohmeyer, Alex Linares, Derek Doherty, Marc Allen",3m15.349s
Down Like Me,Gimme Some,Peter Bjorn and John,,3m49s
Track 08,,,,4m2s
The City Is At War,¡Viva La Cobra!,Cobra Starship,,2m52s
Cece's Interlude,Thank Me Later,Drake,,2m35s
The Best of Me(Live),Bastard Lives Comp.,The Starting Line,,4m46s
I've Got A Feeling,Let It Be,The Beatles,,3m40s
Oh Sheila,,shelia E & Prince,,3m42s
Cardigan Weather,Something Real,Meg & Dia,Dia Frampton/Meg Frampton,2m56s
I Have A Dream Too,Revolutionary But Gangsta (Retail),Dead Prez,,4m
Hey Ya,Speakerboxxx/The Love Below,Outkast,,4m11s
VII: Backcountry,Idea Soundtrack,Idea,,4m13s
Down By The Water,The King Is Dead,The Decemberists,Colin Meloy,3m42s
The Writhing South (Acoustic),Spin Acoustic Session,Say Anything,,4m39s
Circuit Breaker,The Understanding (Disc 1),Röyksopp,,5m25s
Track 10,EP,Been Bradley,,3m41.913s
Politik,A Rush Of Blood To The Head,Coldplay,Buckland/Champion/Martin,5m18.693s
Hello New World,Hell Hath No Fury,Clipse,G. Thornton/P. Williams/T. Gozney Thornton,4m12s
Carol Brown,2009 - I Told You I Was Freaky,Flight Of The Conchords,,3m27s
064 Dr Justice - Cosmos skankin' Verse II,,,,4m12s
Rite Aid,A Rollins In The Wry,Henry Rollins,,4m57.772s
Popgun War,Doomtree,Doomtree,,2m54s
Never Let This Go,All We Know Is Falling,Paramore,,3m40.589s
Gazzillion ear,Born like this,DOOM,,4m12s
Dance Tonight,Lucy Pearl,Lucy Pearl,,3m42s
L'Estasi Dell'Oro(from-The Good the Bad and the Ugly) Bandini remix,,Ennio Morricone,,3m11s
Where Did You Go?,On Your Side,A Rocket To The Moon,,3m8s
Infinity Guitars,Treats,Sleigh Bells,,2m32s
Drag,Dubstep Collection 8,NTRLD,,5m5s
Fucked It Up Again New (Pre-Release),Crushing Blow EP,Ethan Kray,,4m23s
A Tint Of Rain,The Inevitability Of A Strange World,Halifax,Halifax,4m4.715s
"If You Wanted A Song Written About You, All You Had To Do Was Ask",A Lesson In Romantics,Mayday Parade,,4m5s
MakeDamnSure,Louder Now,Taking Back Sunday,Taking Back Sunday,3m32.183s
Over (DIRTY-PeteDown Intro) ,,Drake ,,3m40s
Every Time You Lie,Here We Go Again,Demi Lovato,,3m49s
Betta Believe It (Ft. Lil Boosie & Webbie) (Produced by Mouse),Trappin Ain't Dead,Young Jeezy,,5m3s
School Spirit,The College Dropout,Kanye West,,3m3s
I Move it,"Just Got Paid, Lets Get Laid",Millionaires,,5m37s
Anarchy in the U.K.,Never Mind the Bollocks Here's the Sex Pistols,The Sex Pistols,Glen Matlock/Johnny Rotten/Paul Cook/Steve Jones,3m31s
What'd did i say ( Live ),Ray Charles Collection - Volume 1,Ray Charles,,4m33s
Dr Yang,Way To Normal,Ben Folds,,2m30s
13th Period: On My Own Time (Write On!),As Cruel As School Children,Gym Class Hereos,,4m33s
Ice,Lights,Lights,,2m57s
My Blue Heaven,Louder Now: Parttwo,Taking Back Sunday,,4m17s
Jump Up (Thom Yorke Remix),Lazers Never Die - EP,Major Lazer,"T. Pentz, D. Taylor, C. Parkes, A. Fratangelo & F. Barbaglia",4m46.58s
Heads Up,Dubstep Collection 5,Bassnectar,,5m
The Prayer,A Weekend In The City,Bloc Party,"Kele Okereke, Russell Lissack, Gordon Moakes, Matt Tong",3m45.117s
089. Georg Friederich H√§ndel - Solomon (HWV 67) - The Arrival Of The Queen Of Sheba.mp3,Classical Music Top 100,VA,,2m59s
Bob Sinclair - Beat Goes On (Frater & Stent's Latin Re-Bake),,www.just4dance.fw.hu,www.just4dance.fw.hu,5m39s
Quiet Little Voices,These Four Walls,We Were Promised Jetpacks,,4m21s
D.O.A.,No Ceilings [illRoots.com],Lil' Wayne,,4m37s
Hustlin' Huster,Dirty South Dance CD,A-Trak,,3m24.567s
You Don't Have To Be A Prostitute,2009 - I Told You I Was Freaky,Flight Of The Conchords,,2m50s
Roadside,The Sufferer And The Witness,Rise Against,,3m24s
Laura,Album,Girls,Www.DepoDepo.Fr By Orko61,4m53s
Pon De (Replay Mix) feat. Elephant Man,Music Of The Sun,Rihanna,,3m37s
Who Can It Be Now?,NOW That's What I Call The '80s,Men at Work,,3m20s
About Falling,Live at The Chain Reaction,Max Bemis,,5m47s
Lean Back,,Fat Joe & Remy Martin,,3m43s
Only Time (Radio Edit)        ,2000,Enya                          ,,3m40s
Dancing At Her Funneral,Get Sharp,The Limousines,,3m44s
Six People Isn't Convincing,Strategic Grill Locations,Mitch Hedberg,,2m56s
Ghetto Chick,Da Unbreakables,Three 6 Mafia,,3m27s
Fornever (feat Kurupt),Fornever,Murs and 9th Wonder,,3m39s
Timbaland Feat. Katy Perry - I,Electro House Music Remixes-WE,VA,,6m9s
Thriller,AOL Sessions,Fall Out Boy,,3m25s
Thank You For Not Moshing,Greatest Hit And More,Reel Big Fish,,2m43s
Cold World,Liquid Swords,GZA,,5m31s
Save Me From What I Want,Actor,St. Vincent,,3m36s
Love Like This Before,,Faith Evans,,4m38s
Feel Me,Tha Carter II,Lil Wayne,"B. Zayas, D. Carter & M. Delgiorno",3m48.925s
Love Lockdown,Covers,Fall Out Boy,,4m2s
Happy,Crazy For You,Best Coast,Best Coast,1m45s
Mo Fire,2006,Lil Wayne,,3m50s
Army,The Unauthorized Biography Of Reinhold Messner,Ben Folds Five,,3m23s
Life We Chose,,Nas and MF Doom,,3m54s
Revolution (Beatles cover),Grand Mal: Studio Rarities,Elliott Smith,,3m20s
Free,You Are Free,Cat Power,,3m35s
Greel,Ed Rec Vol. 2,Sebastian,,3m25s
Let's Hear It For The Boy,80's Pop Hits,Deniece Williams,,4m22s
All Sold Out,Between The Buttons [US],The Rolling Stones,,2m19s
Golden Skans To Interzone (So Me Remix),Ed Rec Vol. 2,Klaxons,,3m36s
Lock And Load Ft. Kurupt,The Carter II (Chopped And Scr,Lil Wayne,,4m55s
Changes (Instrumental),Changes (Single),2Pac,,4m10.659s
Little Secrets (Jack Beats Remix),www.pigeonsandplanes.com,Passion Pit,,4m41s
My Name Is,The Slim Shady LP,Eminem,,4m29s
Emergency,"Live at Norwegian Wood - June 14, 2008",Paramore,,4m4s
Voyager,Discovery,Daft Punk,,3m49s
Addicted To Love [May 1986],Riptide,Robert Palmer,,4m28s
...tastes like black licorice,This is my Boomstick,The Stiletto Formal,,4m29.769s
Like This,Crack Juice 11,MIMS,,3m27s
The Party,Actor,St. Vincent,,4m6s
A Man Alone,Say Hello To Sunshine,Finch,"Nate Barcalow, Randy Strohmeyer, Alex Linares, Derek Doherty, Marc Allen",4m18.414s
With Or Without You,The Joshua Tree (Remastered / Expanded) (Deluxe Edition) (CD 1),U2,,4m56s
We Grew Up The Same,"The Mother, The Mechanic, And The Path",The Early November,,4m26s
"Phantom, Pt. 1.5 (Live)",A Cross the Universe (Live),Justice,,4m45.466s
Pick Up The Phone,Fixin to Thrill,Dragonette,,3m36s
Mary Jane's Last Dance,Dan Frank's Album,Dan Frank,Dan Frank,3m51s
Slow Dance,Let It Enfold You,Senses Fail,,3m6.154s
Outside,"The Mother, The Mechanic, And The Path",The Early November,,4m5s
Break Street,Dubstep Collection 8,High Rankin,,3m35s
Amsterdam,Writer's Block,Peter Bjorn And John,,3m37s
And I Told Them I Invented Times New Roman,Downtown Battle Mountain,Dance Gavin Dance,,4m48s
Track 11,EP,Been Bradley,,4m27.099s
Daughter,The Ultimate Best Of Pearl Jam,Pearl Jam,,3m57s
Ignant Shit,The Carter Meets The Cartel 2: Lil Wayne & Drake,Lil Wayne & Drake,,4m26s
Snakes On A Plane (Bring It),Snakes On A Plane: The Album,Cobra Starship,,3m20s
Tell Me 'Bout It (A Yam Who? Rework),Tell Me 'Bout It (A Yam Who? Rework) - EP,Joss Stone,,4m22s
Too Much,The Age Of Adz,Sufjan Stevens,Sufjan Stevens,6m44s
Dead To You,After The Room Clears,Permanent Me,,3m4s
Rubber Bands,iSouljaBoyTellem,Soulja Boy,,4m15s
The Arrival,You Can't Imagine How Much Fun We're Having,Atmosphere,,4m31s
Eazy,iSouljaBoyTellem,Soulja Boy,,3m23s
Dead On Arrival,Take This To Your Grave,Fall Out Boy,,3m16.765s
Swallowed In The Sea,X&Y,Coldplay,"Chris Martin, Guy Berryman, Jon Buckland, Will Champion",3m59.002s
Mutt,"The Mark, Tom, And Travis Show",Blink 182,,3m40s
Appreciation and the Bomb,"No Really, I'm Fine",The Spill Canvas,,3m35s
Swagger Jackson's Revenge,Scratches & Demo Tape Volume I,Jay Electronica,,2m50s
2 Of Amerikaz Most Wanted,Greatest Hits [Disc 1],2Pac & Snoop Dogg,"T. Shakur, C. Broadus, D. Arnaud",4m7s
Method Acting,"Lifted Or The Story Is In The Soil, Keep Your Ear To The Ground",Bright Eyes,Conor Oberst,3m42.075s
Daylight Outro Remix,Grand,Matt & Kim,,3m11s
Capital H,I Am The Movie,Motion City Soundtrack,,2m52s
like spinning plates,Amnesiac,Radiohead,,3m58s
Like a Dog Chasing Cars,The Dark Knight,The Dark Knight,,5m3s
Kiss My Sass,¡Viva La Cobra!,Cobra Starship,,3m41s
Two Days Old,Take It to the Floor,Cash Cash,Cash Cash,3m17.764s
Plies Ft Jim Jones-Plenty Money (Remix),,Jim Jones,,4m8s
Remember Me? feat. RBX and Sticky Fingaz,The Marshall Mathers LP,Eminem,,3m39s
Where Are My Panties?,Speakerboxxx/The Love Below,Outkast,,1m54s
No Name #2,Roman Candle,Elliott Smith,Elliott Smith,3m34s
Bruised (Remix),Snakes On A Plane: The Album,Jack's Mannequin,,3m58s
Coronado,Halcyon Digest,Deerhunter,,3m19s
Gold Watch,Lupe Fiasco's The Cool,Lupe Fiasco,,4m12s
Intro / A Cosmic Drama,Cosmogramma,Flying Lotus,Flying Lotus,2m48s
03-kanye_west-stronger,,,,8m26s
Long Road to Ruin,"Echoes, Silence, Patience & Grace",Foo Fighters,Foo Fighters,3m44.931s
04-Can I Kick It_,,,,4m26s
No Idea,Dirty Work,All Time Low,,4m53s
The Crystal Cat,Spiderman of the Rings,Dan Deacon,,3m53s
Freeloader (Spencer & Hill Radio Edit),Freeloader__Incl Rob Mayth Remixes-(881226346420)-WEB,Dave Darell,,3m31s
Birds Fly Away,"Hummingbird, Go!",Theresa Andersson,,3m28s
It's All Good,Big Willie Style,Will Smith,,4m5s
Push Up Ya Lighter,Dubstep Collection 2,Let's Go To War,,3m40s
I Want To Thank You,"Give Your Body Up: Club Classics & House Foundations, Vol. 3",Alicia Myers,,3m43s
Hey Italy,The Inevitability Of A Strange World,Halifax,Halifax,3m14.931s
Trespasser,You Are The Night,Deluka,Not Documented,2m54s
Christmas Card,Clarity,Jimmy Eat World,,2m54s
No Sunlight,Narrow Stairs,Death Cab For Cutie,,2m41s
Tie My Hands (Featuring Robin Thicke) (Produced By Kanye West),Tha Carter 3,Lil Wayne,,5m19s
First Timer,New Moon,Elliott Smith,,2m42.098s
Great Big White World,Mechanical Animals,Marilyn Manson,Madonna Wayne Gacy/Marilyn Manson/Twiggy Ramirez/Zim Zum,5m3s
Annabelle,On Your Side,A Rocket To The Moon,,3m15s
Be Calm,Aim And Ignite,fun.,,4m10s
The 4th Branch,Revolutionary Vol. 2,Immortal Technique,,5m19s
ecstasy,jj n° 2,jj,,3m33s
This Is How I Disappear,The Black Parade,My Chemical Romance,,4m
Timbaland2edit,,,,3m42s
Antonia,Even If It Kills Me,Motion City Soundtrack,,3m14s
An Open Letter to NYC,To the 5 Boroughs,Beastie Boys,,4m20s
"Guerilla Monsoon (ft. Black Thought, Kanye West)",Quality ,Talib Kweli ,,4m16s
Pourriture 2,Lambs Anger,Mr. Oizo,,2m9s
Hollywood,Rotation,Cute Is What We Aim For,,3m47s
Whoever She Is,Can't Stop Won't Stop,The Maine,,3m41s
Knee Deep,Doom EP,Job For A Cowboy,,4m31s
Of All The Gin Joints (Live),Q101 Twisted 12,Fall Out Boy,,4m24.893s
Nemo,Safety In Numbers,Umphrey's McGee,,4m25s
Half Of My Heart,Battle Studies,John Mayer,,4m11s
Voyeur,"The Mark, Tom, Travis Show",Blink 128,,3m29s
On To The Next One ,DMS,Jay-Z ft Swizz Beatz                     ,,4m58s
I Believe In Your Love,No Time For Dreaming,Charles Bradley,,3m55s
We're Gonna Have Us A Champagn,2005,Chiodos,,4m20s
Crocodile Rock,Greatest Hits 1970-2002 [Disc 1],Elton John,Bernie Taupin/Elton John,3m57.191s
Full Nelson,Chocolate Starfish And The Hot Dog Flavored Water,Limp Bizkit,"Fred Durst, Wes Borland, Sam Rivers, John Otto",4m7.315s
Spot Rusherz,Only Built 4 Cuban Linx VBR,Raekwon,,3m14s
Celestica,Crystal Castles,Crystal Castles,,3m49s
Kingdom Come,X&Y,Coldplay,Guy Berryman/Jon Buckland/Will Champion,4m10.705s
Suspended By The Throat,Doom EP,Job For A Cowboy,,4m16s
Kingdom Come,Kingdom Come,Jay-Z,Just Blaze,4m23.616s
Gold Digger (feat. Jamie Foxx),Late Registration,Kanye West,,3m30s
Keep Shelly In Athens - Our Own Dream,KEXP Song of the Day,Keep Shelly In Athens,,4m55s
Social Drug,The Re-Education of Lauryn Hill,Lauryn Hill,,7m33s
Tell Me When To Go (Instrumental),My Ghetto Report Card,E 40 ft Keak Da Sneak,,4m3s
Stash,,Joker,,4m40s
Levon,Greatest Hits 1970-2002 [Disc 1],Elton John,Bernie Taupin/Elton John,5m24.568s
Hot Sauce To Go,Kiss Of Death,Jadakiss Feat. Pharrell,The Neptunes,3m57s
Viva La Vida,Viva La Vida Or Death And All His Friends (Japan Edition),Coldplay,,4m2s
Smile,The Ultimate Best Of Pearl Jam,Pearl Jam,,3m54s
Clintonese,A Rollins In The Wry,Henry Rollins,,2m3.437s
Destination: Nowhere Near,E. Von Dahl Killed the Locals,The Matches,Harris/Mike Harwood/The Matches,2m45s
Say Something (feat. Jean Grae),Ear Drum,Talib Kweli,,3m44s
A Beautiful Morning,A Bronx Tale - Music From The Motion Picture,The Rascals,,2m32s
Smooth Criminal,Number Ones,Michael Jackson,Epic,4m17.462s
Want,UNFUN,JAWBREAKER,,3m24s
Wolf Wolf,Da Unbreakables,Three 6 Mafia,,3m44s
Hold The Line (Skream Remix),Blow Your Head Volume 1: Diplo Presents Dubstep,Major Lazer feat. Mr Lexx & Santigold,,3m20s
Corduroy,The Ultimate Best Of Pearl Jam,Pearl Jam,,4m37s
For Miles,Vheissu,Thrice,Dustin Kensrue/Thrice,4m27s
6669 (I don't know if you know),Psychic Chasms,Neon Indian,,3m22s
Sky Fell Over Me,We Are Pilots,Shiny Toy Guns,,3m56s
She's A Handsome Woman,Pretty. Odd.,Panic At The Disco,,3m12.377s
Stars,xx,The xx,,4m23s
Do Ya,Light Years,Electric Light Orchestra,,3m46s
"Cloud Control - Meditation Song #2 (Why, Oh Why)",KEXP Song of the Day,Cloud Control,,4m13s
Vampire Money,Danger Days: The True Lives Of The Fabulous Killjoys,My Chemical Romance,,3m38s
No One Really Wins,In Motion,Copeland,A. Marsh,3m26.495s
Coffee (feat. John Darnielle) (Dirty),Coffee VLS,Aesop Rock,,4m11s
Debate Exposes Doubt,The Photo Album,Death Cab For Cutie,,4m37s
Asthenia,Blink 182,Blink 182,blink-182,4m22s
Let The Flames Begin,Riot!,Paramore,,3m18s
Way Out www.kenewest.com,Finally Famous,Big Sean feat. Mr Hudson,,4m3s
Still Breathing,Anywhere But Here,Mayday Parade,,3m52s
The City Lights,A Refreshing Glass Of Music For A Summer Afternoon,Umbrellas,,3m21.967s
Instinct Blues,Get Behind Me Satan,The White Stripes,Jack White,4m17s
Whats It Feel Like To Be a Ghost,Louder Now Live Tracking,Taking Back Sunday,,4m1s
Blacking Out the Friction,The Photo Album,Death Cab For Cutie,Ben Gibbard,3m27.284s
Secret Weapon,Dubstep Collection 8,S&D,,5m38s
The Compromise,Dog Problems,The Format,Nate Ruess/Sam Means,3m28s
"New York, I Love You But You're Bringing Me Down",Sound Of Silver,LCD Soundsystem,,5m36s
Damned If I Do Ya (Damned If I Don't),Nothing Personal,All Time Low,,4m17s
Ballad of the Beaconsfield Miners,"Echoes, Silence, Patience & Grace",Foo Fighters,Foo Fighters,2m32.276s
See My City Dead,Either/Or Demos (Disc 1 of 2),Elliott Smith,,3m55s
A Walk Through Hell,Live at The Chain Reaction,Max Bemis,,4m40s
Bonita Applebum,The Anthology,A Tribe Called Quest,,3m37s
Could We,The Greatest,Cat Power,Chan Marshall,2m21.502s
Untitled #7,1983,Flying Lotus,,3m23s
Drama (Ft. Joell Ortiz And The Game),Apollo Kids,Ghostface Killah,GUTTAHIPHOP.COM,4m29s
Dumb It Down (Live),Xtreme,Lupe Fiasco,,3m13s
Criminal,The Marshall Mathers LP,Eminem,,5m15s
The Backwards Pumpkin Song,Downtown Battle Mountain,Dance Gavin Dance,,4m7s
001. Wolfgang Amadeus Mozart - Requiem (K. 626) - Lacrimosa.mp3,Classical Music Top 100,VA,,3m9s
Say hey There,You Can't Imagine How Much Fun We're Having,Atmosphere,,4m32s
Carrying Cathy,Rockin' The Suburbs,Ben Folds,Ben Folds,3m49s
Second Sight,Sleeping With Ghosts,Placebo,,2m50s
Mama,The Black Parade is Dead !,My Chemical Romance,,5m22s
011 Skream - What Did He Say (Original),,,,5m9s
"God Bless You, Blood Thirsty Zepp",Burn Piano Island Burn,The Blood Brothers,,4m50s
Can't Make a Sound,Place Pigalle Demos,Elliott Smith,,4m22s
Sex Sax,Sex Sax,Drop The Lime,,4m45s
Decatur,Illinois,Sufjan Stevens,,3m5.968s
Clocks,A Rush Of Blood To The Head,Coldplay,Berryman,5m7.525s
A Distorted Reality Is Now a Necessity to Be Free,Grand Mal: Studio Rarities,Elliott Smith,,3m11s
2 Minutes Maher (Originally Aired 9/23/11),Real Time with Bill Maher,HBO Podcasts,,4m41s
love and pain,Coming Home,New Found Glory,,3m4s
Tryin' To Get A Number [Feat Nelly],Double Up,R. Kelly,,3m48s
Arizona,Hold On Tight,Hey Monday,,3m41s
Untitled Demo,Instrumental Demos,Saosin,,3m26s
5 Years From Now (Feat Lil Bran),Who Is Mike Jones?,Mike Jones,,3m47s
Digital Love,Discovery,Daft Punk,,4m59s
Chelsea Smile,Suicide Season,Bring Me The Horizon,,5m2s
Mouth,The Always Open Mouth,Fear Before the March of Flames,,3m33s
You Know I'm No Good,More Fish,Ghostface Killah & Amy Winehouse,,4m24s
Well I Wonder,Meat is Murder,The Smiths,Johnny Marr/Morrissey,4m0.14s
Little Secrets,Manners,Passion Pit,,3m59s
Ur Soul And Mine,We're New Here,Gil Scott-Heron & Jamie XX,Rui Da Silva/Jamie Smith/Cassandra Fox/Gil Scott-Heron,4m18s
Norway,Teen Dream,Beach House,,4m7s
I Slept With Someone In Fall Out Boy And All I Got Was This Stupid Song Written About Me,From Under The Cork Tree,Fall Out Boy,Fall Out Boy,3m31.533s
"get busy (featuring dice raw, peedi crakk & dj jazzy jeff)",Rising Down,The Roots,,3m33s
Nightlight,Ritual Union,Little Dragon,,3m25s
The Strangers,Actor,St. Vincent,,4m6s
Pop The Glock (SebastiAn Remix),,Uffie,,3m23s
2+2=5,Hail to the Thief ,Radiohead,,3m24s
Bled White (Alternate),Jackpot Demos,elliott smith,,3m32s
 gong,takk,sigur ros,,5m34s
Cali Oriental,My Brain Is Alive,Charles Hamilton,C. Hamilton,4m58s
Track 13,EP,Been Bradley,,5m33.856s
Rosa (Rodney Hunter Version),Pony - No Hassle Versions,Tosca,,6m57s
Ready To Fuck,TRAX,Uffie,,3m26s
Let's Kill Tonight,Vices & Virtues,Panic! At the Disco,,3m35s
New York,Never Mind the Bollocks Here's the Sex Pistols,The Sex Pistols,Glen Matlock/Johnny Rotten/Paul Cook/Steve Jones,3m3s
The Freshmen,Villains,The Verve Pipe,,4m30s
"Salesman, Denver Max",Burn Piano Island Burn,The Blood Brothers,,4m32s
Monster,The Fame Monster,Lady GaGa,,4m9s
The Worm,Out Of Exile,Audioslave,Audioslave,3m57.679s
Farting With A Walkman On,Hefty Fine,Bloodhound Gang,,3m27s
Welcome to Jamrock,Fat Berri's,Savoy Dubstep Remix,,5m27s
"I'm Bad, I'm Nationwide",Greatest Hits,ZZ Top,Hill/Gibbons,4m47s
Torch Song Trilogy (feat. Sensational),So... How's Your Girl?,Handsome Boy Modeling School,,3m56s
Bam Bam (Unknown Dubstep Remix),Dubstep Collection 4,Sister Nancy,,5m27s
Image Of The Invisible,Vheissu,Thrice,Dustin Kensrue/Thrice,4m15s
The Start,These Are Jokes,Demetri Martin,,3m2s
Back to Baiai,No Prisoners,Gaudi,,4m44s
Animal Rights,4x4=12,deadmau5,,5m19s
Sailing,Halcyon Digest,Deerhunter,,5m
Animal (Treasure Fingers Remix),,Miike Snow,Treasure Fingers,5m15s
Speechless,The Fame Monster,Lady GaGa,,4m31s
AquaCityBoy,Atlantis: Hymns for Disco,k-os,,2m41.703s
Trill Recognize Trill (Featuring Bun B),Release Therapy (Advance),Ludacris,,5m25s
These Jokes,These Are Jokes,Demetri Martin,,5m51s
Track 20,,,,4m7s
Embrasse-Moi (Club Mix),2010,Maika,Julien R.,5m59s
090 Caspa - For The Kids,,,,4m30s
Keep Watch for The Mines,The Shade Of Poison Trees,Dashboard Confessional,,2m46s
hold my hand,Coming Home,New Found Glory,,3m44s
Orange Alert,Metro Area 2002,Metro Area,Morgan Geist & Darshan Jesrani,5m39s
Misery Business (Live In London),Riot! MVI DVD Tracks,Paramore,,3m47s
No Hardcore Dancing In The Liv,2005,Chiodos,,5m11s
Get Low (Quick Hitter/Acapella Out),DMS,Lil  Jon,,3m1s
She's My Winona,Folie A Deux,Fall Out Boy,,3m53s
Scream Aim Fire,"Scream, Aim & Fire",Bullet For My Valentine,,4m28s
Juice,Drake ,Drake,www.digiwaxx.com,2m17s
084 Breakage Ft. Newham Generals & David Rodigan - Hard (Caspa & the Others 'the Dub Police Takeo,,,,5m5s
Sweatshop (Subvert Remix),Dubstep Collection 4,ILLGATES,,4m39s
You To Thank,Songs For Silverman,Ben Folds,,3m34s
hourglass,Ashes Of The Wake,Lamb of God,,4m
Happy To Be Here (Feat. DD Artis),My Ghetto Report Card,E-40,,3m30s
025 Cluekid - 09 Lick,,,,4m54s
Rockin' In The Free World [Live],The Ultimate Best Of Pearl Jam,Pearl Jam,,5m29s
Successful (feat. Trey Songz &,So Far Gone,Drake,,6m15s
Why Can't I Be Me?,Scared Famous,Ariel Pink's Haunted Graffiti,,3m24s
The Archers Bows Have Broken,The Devil And God Are Raging Inside Me,Brand New,Jesse Lacey,4m14.746s
The Luckiest,Ben Folds Live,Ben Folds,Ben Folds,4m39s
1000 Times A Day,"The Mother, The Mechanic, And The Path",The Early November,,5m40s
Funk D - Ah Yeah (Chaosz Remix) ,,www.just4dance.fw.hu,www.just4dance.fw.hu,5m15s
Party With Children,LP4,Ratatat,,2m58s
Thriller (2003 Edit),Number Ones,Michael Jackson,Epic,5m12.076s
U Got Nothin' On Me,Here We Go Again,Demi Lovato,,3m38s
Zepherus,Intimacy,Bloc Party,,4m35s
Paranoid Ft. Mr. Hudson,808's And Heartbreaks,Kanye West,,4m39s
Garden,The Ultimate Best Of Pearl Jam,Pearl Jam,,5m1s
World Sick,World Sick,Broken Social Scene,,6m48s
Smell Like Teen Spirit,The Moog Cookbook,The Moog Cookbook,,5m29s
Ready When You Are,King Vs Queen,Brighten,,3m31s
Every Chance I Get,T.I.-Paper.Trail.Retail-2008-[NoFS],T.I.,,4m50s
Vuvuvu,Fist of God,MSTRKRFT,,3m39.382s
If I Ruled The World,Nastradoomus,Nas and MF Doom,,5m11s
Cinnamon,Gone fishing (Mixtape),The Cool Kids and Don Cannon,,3m9s
Freshman Orientation,My Brain Is Alive,Charles Hamilton,C. Hamilton,4m48s
Truck On,Truck On,Simple Kid,,3m49s
Just One Yesterday (feat Foxes),Save Rock and Roll,Fall Out Boy,,4m5s
Sometimes ,Jamin Studio Artist,Marc n Crew,,4m13s
Ion Square,Intimacy,Bloc Party,,6m33s
New New New (Avicii Remix Edit),www.clubkings.eu,Bob Sinclair,,5m25s
Gorillas,Army Of The Pharaos: The Torture Papers,Jedi Mind Tricks,Apathy/D. Christy/M. Albaladejo/M. Collazo/S. Ryan,3m30s
Money In His Hand,"The Mother, The Mechanic, And The Path",The Early November,,3m40s
Yellow Cat/Red Cat,...Is A Real Boy,Say Anything,Max Bemis,5m19s
Knife Called Lust,Hollywood Undead,Hollywood Undead,,3m1.556s
Bad Habits (feat. Lissy Trullie),Get Free Music at RCRD LBL.com,Pretty Good Dance Moves,,3m44s
11:11 P.M.,Move Along,The All-American Rejects,,3m4s
George Acosta - Something About You (Acosta & Cueto Mix),,www.just4dance.fw.hu,www.just4dance.fw.hu,6m24s
Virginia,Lord Willin',Clipse,Chad Hugo/Gene Thornton/Pharrell Williams,3m57s
Live Your Life (Ft. Rihanna),T.I.-Paper.Trail.Retail-2008-[NoFS],T.I.,,5m39s
SRXT,A Weekend In The City,Bloc Party,"Kele Okereke, Russell Lissack, Gordon Moakes, Matt Tong",4m51.99s
"A Fault Line, A Fault Of Mine",Lost In The Sound Of Separation,Underoath,Underoath,3m22s
Sing! Captain,Plague Park,Handsome Furs,,5m21s
"Change (Feat. Akon, Diddy, & M",Thr33 Ringz,T-Pain,,5m13s
All Over The World,Light Years,Electric Light Orchestra,,4m2s
The Bitter End,We Come In Pieces,Placebo,,4m30s
Heart Songs,Weezer (Red Album),Weezer,,4m8s
Instrumentals - Kanye West ft. Jay Z - Never Let Me Down,,,,5m24s
I've Been Waiting,Girlfriend (Legacy Edition),Matthew Sweet,,3m45s
066 U-Stone - L'e¦Бnorme machine,,,,6m48s
California Love (2pac),Punk Goes Crunk,My American Heart,,4m19s
Our House [July 1983],Radio Waves of the 80's,Madness,,4m58s
Fallen In Love,Dye It Blonde,Smith Westerns,,2m28s
Sunday,A Weekend In The City,Bloc Party,"Kele Okereke, Russell Lissack, Gordon Moakes, Matt Tong",4m59.56s
Dear Tragedy,Bayside,Bayside,,4m56s
Best I Ever Had,So Far Gone,Drake,,4m18s
Open Your Eyes and Look North,Downtown Battle Mountain,Dance Gavin Dance,,4m30s
What Is And What Should Never Be,Led Zeppelin II,Led Zeppelin,,4m46s
Lullaby,"No Really, I'm Fine",The Spill Canvas,,4m43s
The List (My Favorite Song),Scared Famous,Ariel Pink's Haunted Graffiti,,5m37s
Sparing The Horse,Blow Your Head Volume 1: Diplo Presents Dubstep,James Blake,,4m27s
It's Far Better To Learn,Instrumental Demos,Saosin,,4m1s
Memories,Memories CDS,David Guetta Feat. Kid Cudi,,3m32s
Last Of A Dying Breed,Let's Get It: Thug Motivation 101,Young Jeezy,"J. Jenkins, M. Holmes, K. Cates, M. Young, D. Brown",3m56.309s
io,a hostage and the meaning of life,brazil,,3m35s
Robert Miles - Children You Ar,Electro House Music Remixes-WE,VA,,5m33s
Hold Yuh (Double Dubplate),Lazerproof,Major Lazer & La Roux,,5m48s
Finger Twist & Split,The Same Old Blood Rush With A New Touch,Cute Is What We Aim For,Cute Is What We Aim For,3m21.293s
Verses Of The Bleeding feat. Des Devious,Legacy Of Blood,Jedi Mind Tricks,,3m50s
Chonkyfire,Atliens,Outkast,,6m12.494s
Fireman,Tha Carter II,Lil Wayne,Dwayne Carter,4m23.616s
Watch It Crash,Somewhere in the Between,Streetlight Manifesto,,4m45s
You're Not In on the Joke,Hot Mess (Deluxe Edition),Cobra Starship,,3m31s
Weird Fishes/Arpeggi,In Rainbows,Radiohead,,5m18s
I Quit Girls,Post-Nothing (Promo),Japandroids,Japandroids,4m56s
Takin' It There,The Recession,Young Jeezy,,3m28s
Electric Hearts,Take It to the Floor,Cash Cash,"Cash Cash, Sam Hollander & Dave Katz",3m32.253s
Think For Yourself,Rubber Soul (US),The Beatles,,2m18s
Little Miss Can't Be Wrong,The Biggest Loser-Music From The Television Show,Spin Doctors,,3m54s
Let It Loose,Break The Ice,After Play Rewind,,3m22.71s
Murder to Excellence,Watch the Throne  (Deluxe Version),Jay-Z and Kanye West,,5m1s
"Blaze Of Glory - Pharrell, Clipse & Ab-Liva",Neptunes Present... Clones,The Neptunes,The Neptunes,3m55s
Workinonit,Donuts,J Dilla,,2m58s
The National Anthem,Kid A,Radiohead,Colin Greenwood/Ed O'Brien/Jonny Greenwood/Phil Selway/Thom Yorke,5m50s
Pursuit Of Happiness,DMS,Kid Cudi,,5m
A Tempermental Widower,Redeemer,Norma Jean,,2m49s
"Sunday, Sep 12",,Dan DJ,,5m26s
being bad feels pretty good,You Have No Idea What You're Getting Yourself Into,"Does It Offend You, Yeah?",,4m8s
068 Redi - Rebel intruders,,,,3m22s
Rainy Dayz (Ft Ghostface Killa,Only Built 4 Cuban Linx VBR,Raekwon,,6m4s
Pictures,One Full Year,The Secret Handshake,,4m53s
Talk Shit,"Just Got Paid, Lets Get Laid",Millionaires,,2m52s
Little by Little,The King of Limbs,Radiohead,,4m27.215s
Last Of A Dying Breed (Co-Starring Lil Wayne),Theater Of The Mind,Ludacris,,4m10s
Go,The Ultimate Best Of Pearl Jam,Pearl Jam,,3m15s
Chasing the Night,Shh. Just Go with It,Every Avenue,,2m55s
Walk To The Water,The Joshua Tree (Remastered / Expanded) (Deluxe Edition) (CD 2),U2,,4m49s
Calling All Angels,Alive At Last,Train,,5m18s
Misery Business,"Live at Norwegian Wood - June 14, 2008",Paramore,,6m40s
Far Away,In Ghost Colours,Cut Copy,,4m56s
Madonna Ft. Justin Timberlake,Electro House Music Remixes-WE,VA,,5m48s
Heart of a Lion (KiD CuDi Theme Music),Man On The Moon: The End Of Day,KiD CuDi,,4m21s
Angie,¡Viva La Cobra!,Cobra Starship,,3m56s
The Velvet Underground All Tom,1967,The Velvet Underground,,6m
I Like Love,Double Up,R. Kelly,,3m21s
Monkey Bars,Quality Control,Jurassic 5,,4m7s
Your Love Is My Drug,Animal,Ke$ha,,3m8s
Confusion,Light Years,Electric Light Orchestra,,3m44s
Atman,11:11,Rodrigo y Gabriela,,5m51s
Frolic,Curb Your Enthusiasm,Luciano Michelini,,3m30s
Dark Heart News,None Shall Pass,Aesop Rock,I. Bavitz,3m59s
Fate [Todd Terje Edit],www.beatelectric.com,Chaka Khan,,5m55s
It's All Too Much,Yellow Submarine,The Beatles,George Harrison,6m28s
Wild Wild Horses,"When Life Gives You Lemons, You Paint That Shit Gold",Atmosphere,,4m15s
In Tha Park (Ft. Black Thought),Apollo Kids,Ghostface Killah,GUTTAHIPHOP.COM,3m48s
Rock 'N Roll,Black on Both Sides,Mos Def,,5m3s
I'm Shady,The Slim Shady LP,Eminem,,3m33s
You Get What You Give (Plastik Funk Remix / Spryte Cutdown),,"Voodoo, Serano",,4m19s
Believe Me Natalie,Hot Fuss [Bonus Tracks],The Killers,,5m5s
7th Period: 7 Weeks,As Cruel As School Children,Gym Class Heroes,,3m39s
Big P.I.M.P.,DMS,Biggie vs. 50 Cent,,6m30s
No More Runnin,Merriweather Post Pavilion,Animal Collective,,4m23s
After The Love (Original Mix),After The Love CDR,R.I.O.,,5m50s
Last Call (with Slimm Calhoun),Speakerboxxx/The Love Below,Outkast,,3m57s
203 Abortion Doctor from Hell!,Shut Up You Fucking Baby!,David Cross,,7m23s
061 Radikal Guru - Solaris dub,,,,5m12s
Dreaming With A Broken Heart,Continuum,John Mayer,,4m8s
Incarcerated Scarfaces,Only Built 4 Cuban Linx VBR,Raekwon,Raekwon/Robert Diggs,4m44s
Need You Tonight [January 1988],The Greatest Hits,INXS,,3m2s
what i've become,Ashes Of The Wake,Lamb of God,,3m29s
U Don’t Like Me (Datsik Remix),Blow Your Head Volume 1: Diplo Presents Dubstep,Diplo feat. Lil Jon,,4m41s
Perfect,,Simple Plan,,4m40s
Happy Valentine's Day,Speakerboxxx/The Love Below,Outkast,,5m23s
Drunk Girls,This Is Happening,LCD Soundsystem,,3m44.119s
My List,Sam's Town,The Killers,,4m8s
Last Night,Living Thing,Peter Bjorn and John,,4m4s
Sexy Bitch,DMS,David Guetta ft Akon,,3m59s
Let Your Hair Down (feat. SKyzoo & Lil' Eddie),The In Crowd,Kidz In The Hall,,4m38s
Out There on the Ice,In Ghost Colours,Cut Copy,,4m58s
Daddy Cool 2010 (Dirty Bass Project Club Mix),Electrohouse Pack 24.02.2010,Boney M,,5m21s
Give Judy My Notice,Speed Graphic,Ben Folds,,4m2s
Cthulhu Sleeps,4x4=12,deadmau5,,7m26s
Thrills (XFM Session),Introns,LCD Soundsystem,,3m32s
blood of the scribe,Ashes Of The Wake,Lamb of God,,4m24s
Rock That Body (SKRILLEX REMIX),Myspace,Skrillex,,5m10s
Nocturne in G minor Op.37 No.1 - Andante sostenuto,Chopin - The Nocturnes (Disc 2),Maurizio Pollini,,5m21.433s
Say What You Say (Featuring Dr. Dre),The Eminem Show,Eminem,,5m12s
Nine Inch Nails - Fuck You Like an Animal,,,,6m13s
"Afrojack , Diplo & Switch -  How I LIke it (BeatauCue Remix)",,http://housetemple.blogspot.com/,,5m30s
Setting Up Sunday,Something Real,Meg & Dia,Dia Frampton/Meg Frampton,4m3s
Luno,Silent Alarm,Bloc Party,,3m57.354s
GNG BNG,Los Angeles,Flying Lotus,,3m39s
Abandon Ship Or Abandon All Hope,Rise Or Die Trying,Four Year Strong,,3m34s
RAAAAAAAANDY,Intimate Moments for a Sensual Evening,Aziz Ansari,,9m32.65s
Where Are You Now (VIP),Serbian Bassline,RIOT 87,RIOT 87,5m29s
When the Music Stops (Featuring D12),The Eminem Show,Eminem,,4m30s
Headfirst Slide Into Coopestown On A Bad Bet,Folie A Deux,Fall Out Boy,,3m55s
Loco Commotion,Texas,Playradioplay!,,4m24s
Magnetizing (feat. Del tha Funkee Homosapien),So... How's Your Girl?,Handsome Boy Modeling School,,6m11s
He Would Have Laughed,Halcyon Digest,Deerhunter,,7m29s
Cold Blooded,Bustin' Out - Disc Two,Rick James,,6m
oxygen,Coming Home,New Found Glory,,3m15s
Pity And Fear,Narrow Stairs,Death Cab For Cutie,,4m23s
Anti Matter ,Seeing Sounds,N.E.R.D.,,4m2s
Custard Pie,Physical Graffiti,Led Zeppelin,,4m14s
Cinema (Chimpo Remix) [Explicit],Wu-Tang Meets The Indie Culture Vol. 2: Enter The Dubstep [Explicit],Wu-Tang,,4m42s
Tell Me Where You Are,"Skip School, Start Fights",Hit The Lights,,4m3s
Getting There Is Getting By,Action,Punchline,,3m34s
Cidinho & Loca - Rap Das Armas (Max Mafia Bootleg Remix 2k10), -- xrnb.net --, -- xrnb.net --, -- xrnb.net --,7m40s
Drunk Game (Sweet Sugar Pie),Return To The 36 Chambers: The Dirty Verson,Ol' Dirty Bastard,,4m20s
Kids MP3,Oracular Spectacular,MGMT,,5m3s
Echoes,Mutiny!,Set Your Goals,,4m25s
Demolition Lovers,"I Brought You My Bullets, You Brought Me Your Love",My Chemical Romance,My Chemical Romance,6m7s
Death And All His Friends,Viva La Vida Or Death And All His Friends (Japan Edition),Coldplay,,6m24s
Hurricane Streets,Hold On Tight,Hey Monday,Rohan Kohli,3m10s
Askepios,Bedlam in Goliath,The Mars Volta,,5m12s
No Struggle,Dubstep Collection 3,Starkey,,5m14s
Ave Maria                     ,                              ,Beethoven                     ,,6m16s
Pieces,Farm,Dinosaur Jr,J Mascis,4m32s
Steve Wonder - Song Review - 19 - For Your Love,,,,4m4s
For The Longest Time,A Different Light,Sherwood,,4m
I Wanna Love You Forever,This Is The Remix,Jessica Simpson,,4m3s
Puzzle Pieces and Debris,Break The Ice,After Play Rewind,,3m54.242s
Seven Nation Army,Elephant,The White Stripes,,3m50s
Drugs,LP4,Ratatat,,4m55s
Rhinestone Cowboy,Madvillainy,Madvillain,Madlib,4m
Saturday (Oooh Oooh!),Word Of Mouf,Ludacris,,3m51s
California Dreamer,At Mount Zoomer,Wolf Parade,Wolf Parade,6m3s
45:33 (Ii),45:33,LCD Soundsystem,James Murphy,6m31s
Us V Them (Live On Kcrw's - Mo,A Bunch Of Stuff EP,LCD Soundsystem,,7m53s
Den J Rose - Rhythm Is A Dancer (Extended Club Mix),Top 100 Club & Party (11.11.2009),WwW.LanzaMp3.CoM,,5m22s
Day of the Weird Beginning (2010 Clean Mix),eXpo,B6,,5m41s
Stereo Love,Nederlandse Top 40 week 40,Edward Maya Ft. Vika Jigulina,,5m21s
Come Alive,"Echoes, Silence, Patience & Grace",Foo Fighters,Foo Fighters,5m10.659s
Captain's Blog,I Am A Wonderful Man,Michael Ian Black,,4m35s
You're Ever So Inviting,"Survive, Kaleidoscope",Underoath,,4m10s
My Feelings For You - Original Mix,My Feelings For You,"Sebastien Drums, Avicii",,6m15s
Now That I'm Older,The Age Of Adz,Sufjan Stevens,Sufjan Stevens,4m56s
The Glory,Graduation,Kanye West,,3m34s
Soldier's Grin,At Mount Zoomer,Wolf Parade,Wolf Parade,4m39s
Some Crap About the Furniture,Texas,Playradioplay!,,5m13s
Rock Your Body ,DMS,Justin Timberlake,,4m19s
Dedication,Hello Nasty,The Beastie Boys,Mark Nishita,2m32.88s
The Influence,Quality Control,Jurassic 5,,3m57s
Take a Step Back,Shh. Just Go with It,Every Avenue,,3m8s
Techno - Bon Jovi - Living on A Prayer (Jensen Remix Edit) -Finished! -- Fineally!,,,,5m14s
Hail Mary,Greatest Hits [Disc 1],2Pac,"T. Shakur, Kastro, Young Noble, Tyrone Rice",5m13s
Positive Contact,Deltron 3030: The Instrumentals,Deltron 3030,,4m54s
Give Me Every Little Thing,DFA Compilation #2 [Disc 3],The Juan Maclean,Nancy Whang/The DFA/The Juan Maclean,4m43s
XI: Mount Vernon,Idea Soundtrack,Idea,,4m52s
Yr City's A Sucker,Introns,LCD Soundsystem,,5m27s
Just the Past,Living Thing,Peter Bjorn and John,,5m11s
Emergency Broadcast :: The End Is Near,Lost In The Sound Of Separation,Underoath,Underoath,5m44s
Emotion,Human After All,Daft Punk,"Thomas Bangalter, Guy-Manuel de Homem-Christo",6m56s
Live Your Life (feat. Rihanna),Paper Trail (Deluxe Version),T.I.,,5m41s
Why Worry,The All-American Rejects,The All-American Rejects,,4m17s
Down,Blow Your Head Volume 1: Diplo Presents Dubstep,DZ,,5m41s
10 Balcony,Listen,Emanuel and The Fear,,6m44s
Best of Times sf2,Life,Sage Francis,,5m31s
Good Girl,Person Pitch,Panda Bear,,12m43s
Never Ever,Flight School,Wiz Khalifa,,4m58s
Symphony No 25 In G Minor,The Best Of Mozart,Mozart,,7m43s
Tortured Soul,Skream!,Skream,,4m20s
Gax,Power,Boys Noize,,4m37s
1983,1983,Flying Lotus,,5m11s
020 Dusk - Focus,,,,6m12s
I Kissed A Girl (DJ Bam Bam & Mixin Marc Remix),,Katy Perry,,5m53s
Morris - Desire (Wisenoize & P,Electro House Music Remixes-WE,VA,,6m7s
Weekend Wars,Oracular Spectacular,Mgmt,,4m13s
Chris Decay - Give It To Me (Naksi & Brunner Miami Mix),2009,,,5m8s
Juice (Instrumental),,Drake,,2m18s
Sugar Hill REMIX.,Doe Or Die.,AZ.,,4m19s
Triumphant,The Understanding (Disc 1),Röyksopp,,4m21s
This Song Is Definately Not About A Girl,Mutiny!,Set Your Goals,,2m58s
09 Trucker Lovesong,Listen,Emanuel and The Fear,,5m40s
What Sarah Said,Plans,Death Cab For Cutie,,6m21s
Division Day,Grand Mal: Studio Rarities,Elliott Smith,,3m10s
Chris Decay - No More Hate (Miami Mix),,www.just4dance.fw.hu,www.just4dance.fw.hu,6m4s
Anything I'm Not,Lenka,Lenka,,3m18s
Clairaudients (Kill Or Be Killed),Cassadaga,Bright Eyes,,6m5s
Airplanes,The Boxed Life,Henry Rollins,,7m51.55s
La Tromba (Original Mix),,Chris Lake & LYS,,6m41s
Romance,Human Butt,Henry Rollins,,8m24.337s
I Must Belong Somewhere,Cassadaga,Bright Eyes,,6m19s
Pink & Blue,Speakerboxxx/The Love Below,Outkast,,5m5s
Salvation,Dubstep Collection 4,Apotheist,,5m9s
Love Is Real - 2A,,Rusko,,4m17s
054. Wolfgang Amadeus Mozart - Symphony No. 40 (K. 550) - Molto Allegro.mp3,Classical Music Top 100,VA,,7m40s
Katy Perry - I Kissed A Girl (Jason Nevins Remix),,,,3m28s
Benny Benassi Feat.Sandy - Ill,Electro House Music Remixes-WE,VA,,6m3s
Whoa,We The Kings,We The Kings,,2m38s
45:33 (Vi),45:33,LCD Soundsystem,James Murphy,8m13s
Uncut Raw.,Doe Or Die.,AZ.,,3m
Sort Of,Swoon,Silversun Pickups,,5m28s
Blake Lewis - Sad Song (Andy Caldwell Remix) ,,www.just4dance.fw.hu,www.just4dance.fw.hu,7m24s
A Matter Of Time,Gilles Peterson Worldwide: Exclusives,Outlines,,6m42s
Candy,Big Willie Style,Will Smith,,3m57s
Thunder,Boys Like Girls,Boys Like Girls,,3m57s
16. FEAR - Fear Anthem,VA - The Decline Of Western Ci,,,34s
A Night Off (feat. Lloyd),So Far Gone,Drake,,3m14s
Jimme's Song,Emanuel And The Fear,Emanuel and The Fear,,8m1s
Make Luv Outro,"Die, Rugged Man, Die",R.A. the Rugged Man,L. Dorrell/R. Thorburn,4m59s
Personal Information Waltz,These Are Jokes,Demetri Martin,,7m12s
Don't Say Nothin',Big Willie Style,Will Smith,,4m23s
Paul (Skit),The Marshall Mathers LP,Eminem,,16s
Half A Life,Bayside,Bayside,,4m3s
L.A. Woman,The Best of The Doors,The Doors,,7m48s
"Happy Holidays, You Bastard",2001,blink-182,,42s
Videotape,In Rainbows,Radiohead,,4m40s
Hearts on Fire,In Ghost Colours,Cut Copy,,4m52s
092 Martyn - All I Have Is Memories,,,,6m21s
Dead Lovers' Lane,Venus Doom,H.I.M.,,4m30s
Steve Berman (Skit),The Eminem Show,Eminem,,33s
Lounge (Skit),The Slim Shady LP,Eminem,,47s
Uncle,"The Mother, The Mechanic, And The Path",The Early November,,44s
Straight Edge,Complete Discography,Minor Threat,,46s
Guitarmy,Burn Piano Island Burn,The Blood Brothers,,39s
Scratch Tools #2,DMS,DJ Scene,,35s
Run DMC- Its Tricky,,Run DMC,,3m5s
Intro,The College Dropout,Kanye West,,19s
Soliloquy,"Dear Diary, My Teen Angst Has A Bodycount",From First To Last,From First To Last,25.774s
Show Me A Good Time,Thank Me Later,Drake,,3m32s
Count It,"Skip School, Start Fights",Hit The Lights,,1m2s
Intro,The Mixtape Volume Four,The Hood Internet,"ABX, STV SLV",20s
Ignorant Shit (feat. Beanie Sigel),American Gangster,Jay-Z,,3m43s
Intro,Release Therapy (Advance),Ludacris,,27s
"Look Alive, Sunshine",Danger Days: The True Lives Of The Fabulous Killjoys,My Chemical Romance,,30s
Dye the World,Dye It Blonde,Smith Westerns,,4m11s
"Two For Pay Jay (No Dough, No Show)",Beat Konducta Vol. 5: Dil Cosby Suite,Madlib,,1m37s
Umbrella,"12"" Vinyl",Rihanna,,4m25s
Normal Guy (Interlude),Incredibad,The Lonely Island, ,1m4s
Bob Dylan - Hurricane.mp3,,Bob Dylan,,8m32s
099 Caspa - Louder,,,,4m42s
Weezy Speaks (Voicemail Interlude),The Carter Meets The Cartel 2: Lil Wayne & Drake,The Cartel,,37s
My Mummy's Dead,Plastic Ono Band,John Lennon,John Lennon,59s
We Bring Us Down,Save The World Lose The Girl,Midtown,,59.443s
Intro,Plain Pat & Emile Presents a KiD named CuDi,KiD CuDi,,50s
PJ's (Remix),J. Period - Best Of The Roots,The Roots,J.Period,1m16s
33 Daleduro - Bombon Asesin.mp3,Disc E: The Nice Move,"Revealomatic - No Bull, More Halfstep",,1m7s
Airworks,Donuts,J Dilla,,1m45s
Romance,"I Brought You My Bullets, You Brought Me Your Love",My Chemical Romance,My Chemical Romance,1m3s
Do The Evolution [Live],The Ultimate Best Of Pearl Jam,Pearl Jam,,5m35s
Adrenaline (Remix),J. Period - Best Of The Roots,The Roots,J.Period,1m8s
Clementine,Elliott Smith,Elliott Smith,Elliott Smith,2m46s
Babble,1983,Flying Lotus,,53s
A Blood Red Path,"Servants In Heaven, Kings In Hell",Jedi Mind Tricks,,57.794s
Fall Out Boy - I Don't Care (27) (featuring Clinton Sparks & Seth Green) (interlude) (demo/snippet),Welcome to the New Administration (mixtape number 60---),CitizensFOB Mixtape,Hosted & Mixed By Clinton Sparks,1m9s
Thadet Variations,Live With The Royal Sylvan Philharmonic,Jace Vëk,,10m17s
I Know You Don't Love Me,Gimme Some,Peter Bjorn and John,,5m38s
Snapshot,You Are The Night,Deluka,Not Documented,1m49s
Im Not Human,The Carter Meets The Cartel 2: Lil Wayne & Drake,Lil Wayne & Drake,,1m8s
Stand Up,Complete Discography,Minor Threat,,54s
Howhere (Skit),Word Of Mouf,Ludacris,,1m12s
Majoring In Minors,Lights Out (Advance),Sugarcult,,1m34s
031. Johann Sebastian Bach - Toccata E Fuga (BWV 565).mp3,Classical Music Top 100,VA,,9m21s
Little Friend,Complete Discography,Minor Threat,,2m18s
Minuet,"Dear Diary, My Teen Angst Has A Bodycount",From First To Last,From First To Last,1m2.043s
010. Tomaso Giovanni Albinoni - Adagio In Sol Minore.mp3,Classical Music Top 100,VA,,9m54s
Jet-Star And The Kobra Kid/Traffic Report,Danger Days: The True Lives Of The Fabulous Killjoys,My Chemical Romance,,27s
"Do Your Time (Ft. Beanie Sigel, Pimp C, C-Murder)",Release Therapy,Ludacris,,5m17s
Overdose On Life,The Carter Meets The Cartel 2: Lil Wayne & Drake,Lil Wayne & Drake,,1m54s
Spark It Up (Intro),What The Fuck Is A Jay Electronica,Jay Electronica,,1m36s
The Take Over,Rise Or Die Trying,Four Year Strong,,1m34s
My President (feat. Nas),The Recession,Young Jeezy,,5m30s
Mouthing Off (feat. 4-Ize),Back For The First Time,Ludacris,,3m1s
Listening,In Love And Death,The Used,The Used,2m46.278s
Love Is Your Weapon of Choice (Instrumental),Season 2 Flight of the Conchords,Flight of the Conchords,,58s
Sgt. Pepper's Lonely Hearts Club Band (Reprise),Sgt. Pepper's Lonely Hearts Club Band,The Beatles,Lennon/McCartney/Lennon/McCartney,1m18.947s
Golden (AOL Live),Live @ The Roxy,Fall Out Boy,,2m25s
Influences/Native Tongue Interlude,J. Period - Best Of The Roots,The Roots,J.Period,59s
Northeast,Sidewalks,Matt & Kim,Kim Schifino/Matt Johnson,2m52s
Francie Nolan,Jersey's Best Dancers,Lifetime,,2m8s
Yeems Song For Nothing,Lifetime,Lifetime,,1m36s
Peter Frampton - Frampton Comes Alive  - 12 - Jumping Jack Flash.mp3,Frampton Comes Alive,Peter Frampton,,7m31s
"It's Cold In The Shade, Let's Move To The Sun....",Relativity,Emarosa,,1m1s
River Euphrates,Surfer Rosa & Come On Pilgrim,Pixies,,2m32s
Introduction,American Gangster,Jay-Z,,2m3s
Third Measurement In C [Acoustic],Translating The Name,Saosin,,3m11s
Figaro,Madvillainy,Madvillain,Madlib,2m26s
Session 4,"The Mother, The Mechanic, And The Path",The Early November,,1m17s
Departure.mp3,Act II,Jay Electronica,,1m31s
The Prayer (Performed by Ox),The Big Doe Rehab,Ghostface Killah,,1m24s
"Lovin You, Baby",No Time For Dreaming,Charles Bradley,,5m28s
Jealous Again,Damaged & Jealous Again,Black Flag,,1m52s
Oh My Golly!,Surfer Rosa & Come On Pilgrim,Pixies,,1m48s
32 Bar 9 - Shaolin Style.mp3,Disc F: The Ruff Step,"Revealomatic - No Bull, More Halfstep",,1m48s
The Cab - Bounce (snippet),Welcome to the New Administration (mixtape number 60---),CitizensFOB Mixtape,Hosted & Mixed By Clinton Sparks,1m25s
Roller Coaster,2001,blink-182,,2m48s
Get Buisy Living Or Get Buisy Dying,From Under The Cork Tree,Fall Out Boy,Fall Out Boy,3m27.679s
Unchain My Heart,Visionary Soul,Ray Charles,Powell-Sharp,2m54.196s
Tiny Time Machine,Grand Mal: Studio Rarities,Elliott Smith,,2m29s
One Simple Idea,Inception (OST),Hans Zimmer,,2m28s
I'm Gonna Love You Too,Rave On Buddy Holly,Jenny O.,Norman Petty/Niki Martin Sullivan/Joe Mauldin,2m13s
City of Gainesville,GNV FLA,Less Than Jake,,1m56s
Zodiac Shit,Cosmogramma,Flying Lotus,Flying Lotus,1m11s
The Girl Can't Help It,Little Richard's Greatest Hits (Recorded Live),Little Richard,,1m35s
Donuts (Intro),Donuts,J Dilla,,1m12s
Actor Out Of Work,Actor,St. Vincent,,2m15s
Conglomerate,The Carter Meets The Cartel 2: Lil Wayne & Drake,Lil Wayne & Drake,,1m2s
Track 11,Austin Mix (TOP SECRET),Austin,,2m23.034s
Nobody Puts Baby in the Corner (AOL Live),Live @ The Roxy,Fall Out Boy,,3m17s
Straight A's,Treats,Sleigh Bells,,1m32s
Dont Trust Me,Want,3OH!3,,3m13s
Money On My Mind REMIX,Blow: The 'I Can't Feel My Face' Prequel,Juelz Santana & Lil Wayne,,2m44s
Headshock,Walk It Off,Tapes 'N Tapes,,2m49s
Give 'Em Hell Kid,Three Cheers For Sweet Revenge,My Chemical Romance,,2m18.901s
Strip Club,Champion Sound,Jaylib,,2m51s
Bulletproof Cupid,Sleeping With Ghosts,Placebo,,2m23s
"096. Wolfgang Amadeus Mozart - Le Nozze Di Figaro (K. 492) - Voi, Che Sapete Che Cosa E Amor",Classical Music Top 100,VA,,2m49s
Prologue,The Everglow,Mae,Mae,1m18.32s
Black Mountain Side,Led Zeppelin,Led Zeppelin,,2m6s
"Ob-La-Di, Ob-La-Da",The Beatles [White Album] (Disc 1),The Beatles,John Lennon/Paul McCartney,3m8.871s
Thirsty and Miserable,Damaged & Jealous Again,Black Flag,,2m6s
Savage Life,,After Play Rewind,,3m10s
H.A.L,Ed Rec Vol. 1,Sebastian,,2m44s
Instrumentals - Kanye_West - Apologize,,,,2m33s
Track 02,EP,Been Bradley,,2m37.826s
That's Gangsta.mp3,,PAige,,2m46s
Triumph And Agony (interlude),"Servants In Heaven, Kings In Hell",Jedi Mind Tricks,,59.187s
it's all around you,Coming Home,New Found Glory,,2m28s
World Between Us,Sky Eats Airplane,Sky Eats Airplane,,4m55s
Stationary Stationery,Never Take Friendship Personal,Anberlin,,2m57s
Track 16,,,,2m56s
I'm Freaky,Season 2 Flight of the Conchords,Flight of the Conchords,,2m53s
Going Back / Going Home,Sycamore Meadows,Butch Walker,,4m3s
Genesis (Live),A Cross the Universe (Live),Justice,,7m20.041s
Room 13,Damaged & Jealous Again,Black Flag,,2m4s
Poisenville Kids No Wins  Reprise,I'll Sleep When You're Dead,El-P,,7m2s
Introduction,Sky Eats Airplane,Sky Eats Airplane,,43s
MAry J_ Real love remix,,,,2m55s
Sulk,The Bends,Radiohead,Colin Greenwood/Ed O'Brien/Jonny Greenwood/Phil Selway/Thom Yorke,3m43s
Sleep,A Much Better Tomorrow,Dan the Automator,Dan the Automator,5m10s
Homecoming,American Idiot,Green Day,,9m20s
Joel's Theme,We Are Pilots,Shiny Toy Guns,,2m52s
Broken Bricks,The White Stripes,The White Stripes,,1m53s
Broken Safety ft Jadakiss & Styles P,Only Built 4 Cuban Linx II,Raekwon,,2m45s
I Wanna Love You (Akon),Punk Goes Crunk,The Maine,,3m5s
Takin' a Break (cut it up),Gone fishing (Mixtape),The Cool Kids and Don Cannon,,2m24s
Champions,Gone fishing (Mixtape),The Cool Kids and Don Cannon,,2m38s
Friends and Lovers,Mickey Avalon,Mickey Avalon,,2m39s
TV Party,Damaged & Jealous Again,Black Flag,,3m31s
Yr City's a Sucker (Full Version),LCD Soundsystem (Disc 2),LCD Soundsystem,,9m22s
sunlight,8 Diagrams,Wu Tang Clan,,3m23s
Division Day (Alternate),Jackpot Demos,elliott smith,,2m37s
Brilliant Mistake,The Very Best Of Elvis Costello [Disc 1],Elvis Costello,MacManus,3m41.634s
Love With A Motive,Self-Titled Album,The Audition,,2m57s
On the Eve of War feat. GZA (Meldrick Taylor Mix),Legacy Of Blood ,Jedi Mind Tricks,,2m59s
"City Lights,and Eyes So Bright",demo,Audio Accident,Vz,2m56.169s
Pressure,The Final Riot!,Paramore,,3m2s
I Want Blood,Howl,Empires,,3m30s
St. Jimmy,American Idiot,Green Day,,2m56s
Liar,Louder Now Live Tracking,Taking Back Sunday,,3m13s
Hanging Out With Me,Grand Mal: Studio Rarities,Elliott Smith,,2m28s
Lightworks,Donuts,J Dilla,,1m56s
An Appeal From Heaven,Scared Famous,Ariel Pink's Haunted Graffiti,,2m13s
Intro,Da Drought 3 [Disc 1],Lil Wayne,,2m19s
King Chop (Top Line),Beat Konducta Vol. 5: Dil Cosby Suite,Madlib,,1m18s
"Wow, I Can Get Sexual Too",...Is A Real Boy [Disc 2],Say Anything,Max Bemis,3m0.651s
DAN_FRANK_AUDIO,Dan Frank's Album,Dan Frank,Dan Frank,3m35.132s
Thirteen (Big Star Cover),"""Basement II"" Demos",Elliott Smith,,3m3s
"Hey Baby, Don't You Know",Forget What You Know,Midtown,,2m37.199s
Fighters (feat. Matthew Santos),Lupe Fiasco's The Cool,Lupe Fiasco,,3m35s
"The Boy Who Ran Away (Riton Re-Dub, With The Mystery Jets)",Pillowface And His Airplane Chronicles,Steve Aoki,,2m51s
Modern Love,Howl,Empires,,3m1s
Alex De Vito - My Sound (Olav Basoski Remix), -- xrnb.net --, -- xrnb.net --, -- xrnb.net --,6m17s
Lasso,Wolfgang Amadeus Phoenix,Phoenix,,2m50s
King Among Kings,Army Of The Pharaos: The Torture Papers,Jedi Mind Tricks,Jedi Mind Tricks,3m29s
Silver Tiles,To/Frommp3,Matt & Kim,,3m40s
Empty Hearts,Shadows Are Security,As I Lay Dying,,2m50.991s
Interlude,The Black Album,Jay-Z,9th Wonder/Jay-Z,1m21.85s
Wise Words by GLC cont.,Gone fishing (Mixtape),The Cool Kids and Don Cannon,,22s
Power To The People,Plastic Ono Band,John Lennon,John Lennon,3m23s
Fashion Is Danger,2009 - I Told You I Was Freaky,Flight Of The Conchords,,2m21s
Brawl,"Die, Rugged Man, Die",R.A. the Rugged Man,J. Zone/R. Thorburn,3m50s
Love Story,Deltron 3030: The Instrumentals,Deltron 3030,,3m27s
Flying,Magical Mystery Tour,The Beatles,,2m17s
Birthdays / Jesus,Economics II,Jim Gaffigan,,2m38s
Fatthing (Dubstep Remix),Dubstep Collection 2,Schlachthofbronx,,3m21s
Nimrod's Son,Surfer Rosa & Come On Pilgrim,Pixies,,2m18s
Psychic City,See Mystery Lights,YACHT,,1m33s
Put On A Happy Face,Bye Bye Birdie! - Original Broadway Cast,Charles Strouse,CHARLES STROUSE (b.1928),2m33s
07 Mala - In Luv,Disc E: The Nice Move,"Revealomatic - No Bull, More Halfstep",,2m19s
08-Electric Relaxation,,,,3m46s
I'm So Tired,The Beatles [White Album] (Disc 1),The Beatles,John Lennon/Paul McCartney,2m3.297s
Morris County Blues,mtvU [EP],Dave Melillo,,3m35s
Blunt,Walk It Off,Tapes 'N Tapes,,3m11s
Calabria,The Ultimate Dance Top 100 2009,Enur,,3m54s
Here We Go Again,"Live at Norwegian Wood - June 14, 2008",Paramore,,3m14s
Everyone Here Smells Like a Rat,Southern Weather,Almost,,3m20s
Dumpweed,Enema of the State,Blink-182,Mark Hoppus/Tom DeLonge,2m23.917s
I Can't Feel My Face,Da Drought 3 [Disc 1],Lil Wayne,,3m42s
Problems,Never Mind the Bollocks Here's the Sex Pistols,The Sex Pistols,Glen Matlock/Johnny Rotten/Paul Cook/Steve Jones,3m17s
I Want To Be The Boy To Warm Y,Elephant,The White Stripes,,3m17s
Je Veux Te Voir (With Yelle),Pillowface And His Airplane Chronicles,Steve Aoki,,3m34s
Hello Operator,De Stijl,The White Stripes,Jack White/Meg White,2m36s
I Kissed a Girl,One of the Boys,Katy Perry,"Cathy Dennis/Katy Perry/Lukasz ""Doctor Luke"" Gottwald/Max Martin",3m1s
"200,000 (In Counterfeit 50 Dol",Citizen Cope - Citizen Cope,Citizen Cope,,3m4s
Boston,Vampire Weekend,Vampire Weekend,,2m40s
I Write B Movies,If You Speak Any Faster,June,,3m12s
Wine Red (Tommie Sunshine's Brooklyn Fire Retouch),Snakes On A Plane: The Album,The Hush Sound,,3m28s
"A Little Less 16 Candles, A Little More ""Touch Me""",From Under The Cork Tree,Fall Out Boy,Fall Out Boy,2m49.064s
Crawlspace,2004,Beastie Boys,,2m54s
Stolen From Some Great Writer,Remember Right Now,Spitalfield,,4m5.318s
No One Would Riot For Less,Cassadaga,Bright Eyes,,5m13s
Dig A Little Deeper,Gimme Some,Peter Bjorn and John,,3m50s
Drive Away,The All-American Rejects,The All-American Rejects,,3m
Paperface (Kitchen Tapes),Dusty Gems And Raw Nuggets [Bonus Disc],Weezer,Weezer,3m1.905s
Stellar,Make Yourself,Incubus,,3m21s
Gonna Leave You,Songs For The Deaf,Queens Of The Stone Age,"Josh Homme, Nick Oliveri",2m50.295s
I Want To Tell You,Revolver,The Beatles,,2m31s
Drumsticks,Doomtree,Doomtree,,2m37s
Love Is A Dirty Word,Rat A Tat Tat,Jason Collett,,2m42s
"The Takeover, The Break's Over (Cover)",,Akon,,3m15s
071. Giuseppe Fortunino Francesco Verdi - Rigoletto - La Donna √à Mobile.mp3,Classical Music Top 100,VA,,2m23s
Monster (Live),MTV - Discover & Download,Meg & Dia,,2m46s
How Long Is The Night? (Alt),Kill The House Lights,Thursday,,1m40.867s
"A Little Less Sixteen Candles, A Little More 'Touch Me' (AOL Live)",Live @ The Roxy,Fall Out Boy,,2m42s
016. Ludwig van Beethoven - Symphony No. 9 (Op. 125).mp3,Classical Music Top 100,VA,,12m57s
Courtship Dating,Crystal Castles,Crystal Castles,,3m30s
Terrorish,Never Better,P.O.S.,,2m14s
Don't Cha Get Mad (Ft. Lil' Fl,Most Known Unknown,Three 6 Mafia,,3m24s
Merry Go Round,Curb Your Enthusiasm,Armando Trovaioli,,1m34s
I Don't Care,Single,Fall Out Boy,,3m39s
Daylight,Grand,Matt & Kim,,2m51s
Cocaine and Toupees,Frankenstein Girls Will Seem S,Mindless Self Indulgence,,1m51s
Goodbye,Never Better,P.O.S.,,3m8s
Start Today (Gorilla Biscuits Cover),Other,Fall Out Boy,,2m2s
Leave Your Name,Double Up,R. Kelly,,3m28s
When Love Takes Over, One Love ( Promo CD ),David Guetta ft Kelly Rowland,www.franchiserecordpool.com,3m12s
Walk Through Hell,"Punk the Clock, Vol. 3",Say Anything,,3m28.817s
Will We Ever Know How?,This Could Be A Possibility,Valencia,,3m13.677s
Naledge - Cool Relax (Original) f. Jay Electronica,B-Sides,Jay Electronica,,3m57s
Like A Virgin [January 1985],Like A Virgin,Madonna,,3m11s
Saturday,Live at Voodoo Fest '07,Fall Out Boy,,3m37s
If Only You Knew,Greetings From,A Rocket To The Moon,,2m35s
Gang-Plank Galleon,Donkey Kong Country OST,Donkey Kong Country,,3m8s
10 - Trying Your Luck,,,,3m28s
Can't Buy Me Love,A Hard Day's Night,The Beatles,,2m15s
Thriller (AOL Live),Live @ The Roxy,Fall Out Boy,,3m14s
Crystal Stilts,Alight of Night,Crystal Stilts,,2m57s
Northbound Breakdown,Lifetime,Lifetime,,1m56s
Everything Reminds Me of Her,Place Pigalle Demos,Elliott Smith,,2m35s
Sunshowers,Arular,M.I.A.,,3m16.092s
Sidewalk Talk,Album,Jellybean w/ Madonna,,4m1s
23 Kromestar - Cool  Off.mp3,Disc E: The Nice Move,"Revealomatic - No Bull, More Halfstep",,1m48s
Powerspace Snap Bracelet,Houston We Have A Party,Powerspace,,2m51s
Losing My Edge,DFA Compilation #1,LCD Soundsystem,James Murphy,7m53s
Us (Me and Mrs. Officer),(500) Days Of Weezy,My Sick Uncle,,2m21s
Bite Your Lip,Sing It Loud,Sing It Loud,,3m28s
Coast to Coast,,Hit The Lights,,3m41s
Callbacks,With Love And Squalor,We Are Scientists,"Keith Murray, Chris Cain, Michael Tapper",2m2.322s
Getting It Together,"Talk Is Cheap, Vol. 1",Henry Rollins,,2m48s
Somewhere In The Between,Somewhere in the Between,Streetlight Manifesto,,3m43s
The Nighttrain,The Ultimate Dance Top 100 2009,D.O.N.S and DBN ft. Kadoc,,2m27s
Song of Night,eXpo,ZLOX,,3m39s
Song Of The Century,21st Century Breakdown,Green Day,,58s
Little Bird,De Stijl,The White Stripes,Jack White/Meg White,3m7s
"Good Day, Good Sir",Speakerboxxx/The Love Below,Outkast,,1m25s
Your Southern Can Is Mine,De Stijl,The White Stripes,Jack White,2m32s
Men In Black (Will Smith),Punk Goes Crunk,Forever The Sickest Kids,,3m6s
Hey Mama,Late Registration,Kanye West,Kanye West,5m5.481s
Party Machini,Infinity +1,Kim,,2m28s
"Paul Revere , Rap Das Armas, Cachorro, Me Da Um Pouquinho Bonde Do Popo (Cassiano & Kienyo Baile Funk Rmx)",I Luv Baile Funk,Baile- Favela On Blast,Nossa,3m42s
3 Peat (Produced By Cool & Dre),Tha Carter 3,Lil Wayne,,3m20s
"Assurance, Closure",Artist Vs Poet,Artist Vs Poet,,2m52s
Butterflies(Trackmasters Remix Featuring Eve),Butterflies(Trackmasters Remix Featuring Eve),Michael Jackson,,3m45s
F.U.,Trunk Muzik,Yelawolf,Produced By Will Power For SupaHot Beats/Ghet-O-Vision Entertainment,3m15s
You're Pretty Good Looking (For a Girl),De Stijl,The White Stripes,Jack White,1m51s
Banned From TV,No Ceilings [illRoots.com],Lil' Wayne,,3m
Just The Two Of Us [May 1981],Winelight,Grover Washington Jr.,,3m30s
Survival Test,Champion Sound,Jaylib,,3m57s
Gangsta Don't Die,Like Father Like Son,Lil Wayne & Birdman,,3m25s
Hun,Lambs Anger,Mr. Oizo,,2m12s
Shadowboxin',Liquid Swords,GZA,,3m26s
Look At Me (Prod By PC of The Olympicks) (Got Now Rmx),The Carter Meets The Cartel 2: Lil Wayne & Drake,Lil Wayne & Drake,,1m43s
Jack Slap Cheer,E. Von Dahl Killed the Locals,The Matches,Harris/Matt Esposito/Mike Harwood/The Matches,2m37s
6 Ring Circus,Pangaea,Visionaries,Rhettmatic,3m29.676s
Habitat,Black on Both Sides,Mos Def,,4m40s
Home,We're New Here,Gil Scott-Heron & Jamie XX,Gil Scott-Heron/Jamie Smith,3m11s
Music (Intro),The Re-Education of Lauryn Hill,Lauryn Hill,,1m3s
Angeles,Live At Largo,Elliott Smith,,3m
Matches,Live At The Mayan Theatre,The Format,,2m11s
Hold Still,Veckatimest,Grizzly Bear,,2m24s
Coastal Cities,One Full Year,The Secret Handshake,,4m31s
Save Your Generation,Other,Fall Out Boy,,3m37s
This is 2005,mtvU [EP],Dave Melillo,,3m36s
Ten Seconds In Los Angeles,The Always Open Mouth,Fear Before the March of Flames,,2m21s
Bye,Figure 8,Elliott Smith,Elliott Smith,1m53s
Super Soaker,King Of The Beach,Wavves,,2m29s
Haircuts And T-Shirts,Lifetime,Lifetime,,1m59s
Changes (Album Version),Changes (Single),2Pac,,4m27.935s
Salty Eyes,Decomposer,The Matches,,2m39s
Calling All Cops,Even If It Kills Me,Motion City Soundtrack,,3m22s
The Brouhaha,2004,Beastie Boys,,2m14s
Set Off,Hold On Tight,Hey Monday,Rohan Kohli,3m31s
The Ocean Liner Incident,2001,Say Anything,,2m40s
The Grapes Song,These Are Jokes,Demetri Martin,,2m43s
Jennifer's Largo,Live With The Royal Sylvan Philharmonic,Jace Vëk,,4m43s
Laughing With A Mouth Of Blood,Actor,St. Vincent,,3m3s
Wu Tang Clan Ain't Nuthing Ta Fuck Wit,Enter The Wu-Tang (36 Chambers),Wu-Tang Clan,,3m37s
How I Got Here,Think Tank,Henry Rollins,,2m21.316s
Beginners Falafel,Los Angeles,Flying Lotus,,2m28s
Crescendolls,Discovery,Daft Punk,,3m33s
Dog Eat Dog,Polka Party,Weird Al Yankovic,,3m43s
Hoe Cakes,MM....Food,MF Doom,,3m54s
Contact,Citizen Cope - Citizen Cope,Citizen Cope,,4m23s
Amityville feat. Bizarre from D-12,The Marshall Mathers LP,Eminem,,4m15s
People Take Pictures Of Each Other (Original Stereo Mix From12 Track Edition),Village Green Preservation Society (Special Deluxe Edition 2004) (CD1 Stereo),The Kinks,,2m24s
From A Mountain In The Middle Of The Cabins,The String Quartet Tribute to Panic At the Disco's Pretty. Odd,Vitamin String Quartet,,3m2s
Like a Boss,Incredibad,The Lonely Island, ,1m47s
Apologize,Pop Volume II,Silverstein,Punk Goes...,2m55s
here here and here,,Meg and Dia,,4m14s
Accept Yourself,Hatful Of Hollow,The Smiths,Johnny Marr/Morrissey,4m2s
Lemon Meringue Tie,Downtown Battle Mountain,Dance Gavin Dance,,3m51s
This Scene Is Dead,With Love And Squalor,We Are Scientists,"Keith Murray, Chris Cain, Michael Tapper",3m43.77s
Laughing Gas,Psychic Chasms,Neon Indian,,1m44s
Milligram Smile(Live),Bastard Lives Comp.,From Autumn To Ashes,,3m28s
I'm Hot,Like Father Like Son,Lil Wayne & Birdman,,3m50s
Here We Go Again,All We Know Is Falling,Paramore,,3m46.324s
Ya Dig,,Young Jeezy,,3m8.36s
Say It Ain't So (Original Album Mix),Dusty Gems And Raw Nuggets [Bonus Disc],Weezer,Weezer,4m16.928s
the middle,,Dan Frank,,3m10s
Picture This,Hello Nasty,The Beastie Boys,Brooke Williams,2m25.264s
Prairie Fire That Wanders About,Illinois,Sufjan Stevens,,2m13.445s
"Dance, Dance",String Quartet Tribute To Fall Out Boy,Fall Out Boy (String Quartet),,3m10s
"What a Catch, Donnie (Acoustic)",Folie à Deux (Bonus Tracks),Fall Out Boy,,4m
Cemetery Like Stage,Redeemer,Norma Jean,,4m21s
Pork And Beans,Weezer (Red Album),Weezer,,3m10s
Give Me One Good Reason,Take Off Your Pants And Jacket,blink-182,,3m19s
On To The Next One (126-89 Transition),,Jay-Z,,5m58s
Gimme A Chance,Every Second Counts,Plain White T's,,2m58s
Sugar We're Going Down (Acoustic),Vh1 Unplugged,Fall Out Boy,,3m50s
Say 18,E. Von Dahl Killed the Locals,The Matches,Harris/Mike Harwood/The Matches,2m51s
What I Represent (UGK),Trill,Bun-B,,4m41s
Give 'Em Hell (feat. Coi Mattison & Lyfe Jennings),Ear Drum,Talib Kweli,,4m28s
Can't You See,Jay Loves Japan,J Dilla,,2m7s
Jump [February 1984],Van Halen Live: Right Here Right Now,Van Halen,,4m2s
Mirando,LP3,Ratatat,,3m52s
Spores,Live at The Chain Reaction,Max Bemis,,3m52s
DJ Splash - Bass is Kicking (D,2010,VA,,2m33s
U & Dat (Feat. T Pain & Kandi Girl),My Ghetto Report Card,E-40,,3m23s
Down,North,Something Corporate,,3m29.908s
Throw Back Your Head,Power,Q and Not U,,2m58s
Pump Up The Jam (Risk One Big Room Remix),,Technotronic,,3m30s
Punkie ,,Sean Paul,,3m37s
Vices,Daisy,Brand New,,3m26s
Freak-A-Ristic,As the Band Turns,Atlantic Starr,David E. Lewis,4m8s
Fly High,Pioneer The Album Vol.10,Shaggy Feat. Gary Nesta Pine,,3m27s
Think You Know Me,Murs For President,Murs,,4m1s
Cobras Never Say Die,Hot Mess (Deluxe Edition),Cobra Starship,,3m31s
The Comedown,Suicide Season,Bring Me The Horizon,,4m9s
Living In The World Today,Liquid Swords,GZA,,4m23s
dawn of the dead,You Have No Idea What You're Getting Yourself Into,"Does It Offend You, Yeah?",,3m30s
Settling Son,GNV FLA,Less Than Jake,,3m3s
Workin' On A Groovy Thing,Ultimate 5th Dimension,The Fifth Dimension,,3m8s
051 Richie August - Cheers,,,,4m9s
Holdin' It Down For The Underground,Homesick,A Day To Remember,,3m24s
03 Cardopusher - Steppin' Worldwide.mp3,Disc F: The Ruff Step,"Revealomatic - No Bull, More Halfstep",,1m19s
I Kissed A Girl (The Knocks Remix),,Katy Perry,,4m35s
Bought A Bride,Daisy,Brand New,,3m8s
Guts,Dirty Work,All Time Low,,3m39s
Blue Armor,More Fish,Ghostface Killah Feat. Sheek Louch,,3m9s
13 The Raimin,Listen,Emanuel and The Fear,,5m14s
Streetlife (WILDLIFE! Mix),Dubstep Collection 3,Terry Lynn,,3m50s
The Bends,The Bends,Radiohead,Colin Greenwood/Ed O'Brien/Jonny Greenwood/Phil Selway/Thom Yorke,4m6s
Intro / Sidewalk,Infinity +1,John Dahlbäck,,2m6s
Guarding The Gates,The Re-Education of Lauryn Hill,Lauryn Hill,,4m7s
Organ Donor,Endtroducing.....,DJ Shadow,,1m57s
Henrietta Longbottom,Felt 3 (A Tribute To Rosie Perez),Felt (Slug & Murs),,3m35s
Cassie ft.Ray J - Me & You (Remix),,CASSIE FT RAY J,,4m18s
Commercial For Levi,Black Market Music,Placebo,,2m21s
Best I Ever Had (rmx) ,,Drake f. Ma$e,www.digiwaxx.com,4m22s
One Evening (VV Mix),Open Season: Remixes And Collabs,Feist,,4m2s
Cupid's Trick,Either/Or Demos (Disc 2 of 2),Elliott Smith,,3m6s
Papercuts (The Reason For The Les,The Papercut Chronicles,Gym Class Hereos,,3m49s
One & Only (Feat. Fall Out Boy),Presents: Shock Value,Timbaland,,4m17s
Taxi Driver,The Papercut Chronicles,Gym Class Hereos,,2m2s
I Will Follow You Into The Dark,Plans,Death Cab For Cutie,,3m9s
Control Is Dead,Shadows Are Security,As I Lay Dying,As I Lay Dying,2m58.398s
Live In Dreams,Gemini,Wild Nothing,,3m28s
They Might Be Taping,My Ghetto Report Card,E-40,,3m56s
King Midas' Desert,Sleep Without Dreams,2*Sweet,,2m55s
Rank,Lambs Anger,Mr. Oizo,,1m37s
Track 09,EP,Been Bradley,,2m37.826s
Power 2,,Paige,,4m53s
L'Via L'Viaquez,Frances The Mute,The Mars Volta,Omar A Rodriguez-Lopez,12m21.645s
Scratch Tools 6 ,DMS,DJ Whitematic,,2m8s
Instrumentals - Kanye West - Family Business,,,,2m26s
Alameda,Either/Or Demos (Disc 2 of 2),Elliott Smith,,4m15s
Cropduster,The Ultimate Best Of Pearl Jam,Pearl Jam,,3m52s
No Pigeons (Sporty Thievs),Punk Goes Crunk,Brighten,,3m45s
Los Angeles,Lights Out (Advance),Sugarcult,,3m58s
Through Struggle,Shadows Are Security,As I Lay Dying,As I Lay Dying,3m59.606s
Campfire,8 Diagrams,Wu Tang Clan,,4m1s
Lighter's Up-Unreleased Promo Blend Remix,12''Unreleased Promo ,Lil Kim Ft. Jay-z & Notorious Big,,5m16s
I Mostly Copy Other People,Southern Weather,Almost,,3m24s
Thrice - Vheissu - 02 - Between The End And Where We Lie,,,,2m38s
Some L.A. Niggaz,2001,Dr. Dre,Dr. Dre,4m27.331s
More (Feat Kandi & Sean Ceasar),Movie 3: The Burrprint!,Gucci Mane,,4m14s
Fame < Infamy,Infinity On High,Fall Out Boy,,3m6s
072 High Rankin - Sitting In the Wet (Original),,,,4m38s
IOU,"Old World Underground, Where",Metric,,4m22s
Breathe Me [Fourtet Remix],"Chillout Sessions, Vol. 5 Disc 1",Sia,D Carey/Sia Furler,4m16.696s
The Girl Is Mine (2008 Remix),Thriller 25,Michael Jackson Feat. will.i.am,Michael J. Jackson,3m12s
Drive Slow Instrumental,,Kanye West,,4m30s
Wonderwall,(What's The Story) Morning Glory?,Oasis,,4m19s
Being For The Benefit Of Mr. Kite!,Sgt. Pepper's Lonely Hearts Club Band,The Beatles,Lennon/McCartney/Lennon/McCartney,2m37.152s
February Air,Lights,Lights,,3m51s
I'll Be Yours,Sleeping With Ghosts,Placebo,,3m32s
Venus [September 1986],True Confessions,Bananarama,,3m48s
Exit,The Joshua Tree (Remastered / Expanded) (Deluxe Edition) (CD 1),U2,,4m13s
Vivrant Thing,The Anthology,A Tribe Called Quest,,3m11s
Once & for All (Demo),"Echoes, Silence, Patience & Grace",Foo Fighters,Foo Fighters,3m47.973s
Eyes Be Closed,Within And Without,Washed Out,,4m48s
Calling Out,Absolute Music 63 (CD.2),Lazee Feat Apollo Drive,,3m22s
Moth's Wings,Manners,Passion Pit,,4m16s
Fell In Love Without You,Acoustic EP,Motion City Soundtrack,,3m25s
Reckoner (LoveTongueAttack Bmore Remix),Mixtape Vol. 4,Radiohead,,3m56s
Whatever (Folk Song In C),New Moon,Elliott Smith,,2m17.856s
Over It,Farm,Dinosaur Jr,J Mascis,3m47s
So Insane,LP,Discovery,,3m13s
"Hold Up (feat. R.A. The Rugged Man,Lord Lhus & Savage Brothers)",Black Snow,Snowgoons,,3m57s
Umbrella (feat. Jay-Z),Good Girl Gone Bad: Reloaded,Rihanna,,4m36s
But it's better if we do,A Fever You Can't Sweat Out,Panic! At The Disco,Panic! At The Disco,3m25.821s
A Prayer for Michael Vick & T.I.,What The Fuck Is A Jay Electronica,Jay Electronica,,2m33s
Farewell Sky (If Lips Could Kill),demo,Audio Accident,,4m17s
Do Not Fire! [Instrumental],Madvillainy,Madvillain,Madlib,53s
Ponce De Lone Ave.,Sycamore Meadows,Butch Walker,,4m26s
No One Else (Live Acoustic),Dusty Gems And Raw Nuggets [Bonus Disc],Weezer,Weezer,3m26.773s
Ghostface Killah vs Beirut - Save Me Concubine,The Mixtape Volume Four,The Hood Internet,"ABX, STV SLV",2m12s
Yellow Submarine,Revolver,The Beatles,,2m41s
Operating On A Re-Run Episode,Nuclear. Sad. Nuclear,The Number 12 Looks Like You,,2m55.728s
Absolutely (Story of a Girl),Four Year Strong Explains It All,Four Year Strong,,2m57s
TV,Economics II,Jim Gaffigan,,1m26s
Memories,Vices & Virtues,Panic! At the Disco,,3m26s
The Piano Knows Something I Don't Know,Pretty. Odd.,Panic At The Disco,,3m44.002s
Chapter I: Introverting Dimensions,Phantom on the Horizon,The Fall of Troy,,10m51s
Queen Of Apology (Patrick Stump Remix),Snakes On A Plane: The Album,The Sounds,,3m6s
Subject A,Fearless Summer Sampler,The Killing Moon,,4m4s
Stranger - Alessandro Alessandroni,Curb Your Enthusiasm,Curb Your Enthusiasm,,2m22s
Fly Out,Tha Carter II,Lil Wayne,D. Carter & T-Mix,2m25.101s
On The Eve Of War feat. GZA,Legacy Of Blood,Jedi Mind Tricks,,4m
Diamonds aren't forever,Suicide Season,Bring Me The Horizon,,3m48s
The Ice Is Getting Thinner,Narrow Stairs,Death Cab For Cutie,,3m46s
Opening Song (The Sultan's Revenge),Bigger and Blackerer,David Cross,,4m20s
Blue Light,Silent Alarm,Bloc Party,,2m47.23s
All You Can Eat,Sunny 16,Ben Folds,,3m22s
The Nurse,Get Behind Me Satan,The White Stripes,Jack White,3m48s
I Could Rob You,About Love,Plastiscines,"Plastiscines, Jake Sinclair & Butch Walker",3m26s
Time Turned Fragile,Commit This To Memory,Motion City Soundtrack,Motion City Soundtrack,4m15.93s
What You Say,,The Game,,3m8s
Auntie's Lock / Infinitum (Feat. Laura Darlington),Los Angeles,Flying Lotus,,2m45s
So What You Sayin,What The Fuck Is A Jay Electronica,Jay Electronica,,4m21s
The Sidewinder Sleeps Tonite,Automatic For The People,R.E.M.,,4m9.428s
Chains w/Killah Priest and Masta Killa,"Die, Rugged Man, Die",R.A. the Rugged Man,E. Turner/L. Dorrell/R. Thorburn/Waymon Reed,2m50s
Grindin',Lord Willin',Clipse,Chad Hugo/Gene Thornton/Pharrell Williams,4m25s
3,DMS,Britney Spears ,,3m22s
Bulletproof,La Roux,La Roux,,3m27s
My Hood,Let's Get It: Thug Motivation 101,Young Jeezy,"J. Jenkins, C. Quinn, C. Harris, L. Crump",4m0.233s
055 Ackboo - Tatooine,,,,3m17s
Minute By Minute,Night Ripper,Girl Talk,,3m14s
Waiting to Die,Mickey Avalon,Mickey Avalon,,3m55s
Dream Is Collapsing,Inception (OST),Hans Zimmer,,2m24s
Shiver [Acoustic Live],Acoustic At Tower Records (6/15/05),Motion City Soundtrack,,4m30s
I'm Gonna Find Another You,Continuum,John Mayer,,2m44s
Girl You know,Unknown,"Lil' Wayne feat, Gudda Gudda, Nicki Minaj, Drake, Tyga, Jae Millz, & Omarion",,4m51s
Icky Thump,Icky Thump,The White Stripes,,4m18s
Atrium,4x4=12,deadmau5,,3m50s
Meddle (Joker remix),Dubstep Collection 3,Little Boots,,3m48s
Top Gun Anthem,Top Gun - From The Motion Picture Soundtrack,"Harold Faltermeyer, Steve Stevens",,4m10s
The Odd Ball,The Boxed Life,Henry Rollins,,1m25.937s
Bodysnatchers,In Rainbows,Radiohead,,4m2s
Won't Land,DJ Ill Will & DJ Rockstar Present Wiz Khalifa - Burn After Rolling,Wiz Khalifa,,3m5s
Party In The Back,"Party In The Front, Business In The Back",All In Uniform,,3m24.405s
Save The Cheerleader,3D,I See Stars,,3m41s
Papercuts,The Papercut Chronicles,Gym Class Hereos,,3m29s
Harder Better Faster Stronger (Diplo Work Is Never Over Remix),"Decent Work For Decent Pay, Collected Works Volume One",Diplo,,3m48s
Soldier's Poem,Black Holes and Revelations,Muse,,2m10s
Black Panther,Crystal Castles,Crystal Castles,,2m57s
Unusual,Apples And Oranges,Stacy Clark,,3m17s
starter feat sunny valentine and tashmahogany,8 Diagrams,Wu Tang Clan,,4m14s
Brave,ishlab iD Music Licensing,Crystal Kovach,Crystal Kovach,3m38s
Crimewave,Crystal Castles,Henry Rollins,,4m18s
Abuse Pt. 2 (confession),,,,2m43s
Three MCs And One DJ,Hello Nasty,The Beastie Boys,Wendell Fite/Mike Schwartz,2m50.388s
Ritual Union,Ritual Union,Little Dragon,,3m30s
The Ocean,3D,I See Stars,,1m15s
No Name #3,Roman Candle,Elliott Smith,Elliott Smith,3m13s
takk,takk,sigur ros,,1m58s
Clumsy Heart,Decomposer,The Matches,,3m33s
Horseshoes And Handgrenades,21st Century Breakdown,Green Day,,3m15s
Now That We're Done,Metro Station,Metro Station,,3m30s
Now Or Never (Parson Remix) [Explicit],Wu-Tang Meets The Indie Culture Vol. 2: Enter The Dubstep [Explicit],Wu-Tang,,4m4s
The Unknown Soldier,The Best of The Doors,The Doors,,3m22s
Strange Fruit,Blow Your Head Volume 1: Diplo Presents Dubstep,Zomby,,3m45s
Abused,Grand Mal: Studio Rarities,Elliott Smith,,2m46s
We Will Rock You (Scene mashup Edit),www.dj-scene.com,Queen,,1m52s
Christina Aguilera - Hurt 2010,Electro House Music Remixes-WE,VA,,12m4s
The Cab - Take My Hand - Machine Shop Production (featuring Cassadee from Hey Monday),Welcome to the New Administration (mixtape number 60---),CitizensFOB Mixtape,Hosted & Mixed By Clinton Sparks,3m38s
Apple Shampoo,Dude Ranch,Blink 182,blink-182,2m52s
Phenomenal Cat,Village Green Preservation Society (Special Deluxe Edition 2004) (CD1 Stereo),The Kinks,,2m38s
Choir of Young Believers - Patricia's Thirst,KEXP Song of the Day,Choir of Young Believers,,2m39s
A Day Late,Never Take Friendship Personal,Anberlin,,3m26s
Dats The Way You Do It,Real Recognize Real,Project Pat,,3m32s
Attention,Almost Here,The Academy Is...,The Academy Is...,2m53.499s
All in the Family,,KoRn,,4m49s
Fatefully,Equal Vision Digital Sampler 2007,Hot Cross,,4m16s
Angel In the Snow,New Moon,Elliott Smith,,2m37.408s
Trapped,Greatest Hits [Disc 1],2Pac,"T. Shakur, R. Gooden, R. Tyson",4m46s
Peace and Love,Peace & Love,Juliana Hatfield,,3m5s
The One Armed Boxer Vs. The Flying Guillotine,"Dear Diary, My Teen Angst Has A Bodycount",From First To Last,From First To Last,3m17.996s
The Fixer,The Ultimate Best Of Pearl Jam,Pearl Jam,,2m58s
At Sea,Season 2 Flight of the Conchords,Flight of the Conchords,,2m34s
Repeating Yesterday,Shadows Are Security,As I Lay Dying,As I Lay Dying,4m3.855s
07 Caspa - Marmite.mp3,Disc F: The Ruff Step,"Revealomatic - No Bull, More Halfstep",,1m54s
Damien Jurado - Nothing Is The News,KEXP Song of the Day,Damien Jurado,,5m34s
The White Lady Loves You More,Elliott Smith,Elliott Smith,Elliott Smith,2m24s
Dead + Rural,Plague Park,Handsome Furs,,3m1s
White Collar Grime,Dubstep Collection 8,Mistabishi,,5m8s
Your New Aesthetic,Clarity,Jimmy Eat World,,2m41s
A Question Mark (Instrumental demo),Jackpot Demos,elliott smith,,2m50s
Endless Love [September 1981],Endless Love,Diana Ross & Lionel Richie,,4m28s
David Guetta feat. Akon - Sexy Bitch (DJ Cook Remix ),,www.just4dance.fw.hu,www.just4dance.fw.hu,3m27s
Papa Don't Preach [August 1986],True Blue,Madonna,,4m11s
Anthem For Tonight,The Inevitability Of A Strange World,Halifax,Halifax,3m44.374s
Texas Dolly,Nuclear. Sad. Nuclear,The Number 12 Looks Like You,,3m1.789s
Rockaria!,Light Years,Electric Light Orchestra,,3m15s
This Aint A Scene... (Kanye West Remix),Infinity on High,Fall Out Boy,,4m3s
"Baby, Talk to Me (Dick Van Dyke, Quartet, George Blackwell)",Bye Bye Birdie! - Original Broadway Cast,"Susan Watson,Chita Rivera,Dick Van Dyke,Dick Gautier,Paul Lynde,Michael J. Pollard,Kay Medford","Lee Adams, Charles Strouse",2m49s
Drifting,Hello Hello,Midival Punditz,,3m23s
Tune Up,Gone fishing (Mixtape),The Cool Kids and Don Cannon,,3m16s
That 70's Song,Whisper War,The Cab,,3m34s
Quiet,Here We Go Again,Demi Lovato,,2m46s
Battlestar Scralatchtica,Make Yourself,Incubus,,3m50s
Surrender,Cheap Trick At Budokan: The Complete Concert,Cheap Trick,,4m39s
Tearz,Enter The Wu-Tang (36 Chambers),Wu-Tang Clan,,4m19s
Reading in Church,Economics II,Jim Gaffigan,,1m28s
In My Eyes,Complete Discography,Minor Threat,,2m49s
Desecration Smile,Stadium Arcadium ,Red Hot Chili Peppers,,5m2s
The Heart Of Life,Continuum,John Mayer,,3m20s
Bled White,XO,Elliott Smith,Elliott Smith,3m22s
Listen To Your Friends,,New Found Glory,,3m21s
See You Again,Hannah Montana 2/Meet Miley Cyrus,Miley Cyrus,,3m11s
Track 12,EP,Been Bradley,,3m56.75s
RAPPIN.m4a,Rough Cuts,After Play Rewind,,2m41.68s
Method Man (Skunk Mix),Legend Of The Wu-Tang,Wu-Tang Clan,RZA,3m9.172s
Got Money (Featuring T-Pain) (Produced By Play-n-skillz),Tha Carter 3,Lil Wayne,,4m5s
"Honestly Sincere (Dick Gautier, Barbara Doherty, Teenagers)",Bye Bye Birdie! - Original Broadway Cast,"Susan Watson,Chita Rivera,Dick Van Dyke,Dick Gautier,Paul Lynde,Michael J. Pollard,Kay Medford","Lee Adams, Charles Strouse",3m24s
Vegas Nights,Whisper War,The Cab,,4m38s
Bedroom Talk,Based On A True Story,The Starting Line,,4m6s
Epiphany,The Great Burrito Extrtion Case,Bowling For Soup,Bowling For Soup,4m12.006s
Boom,Flight of the Conchords,Flight of the Conchords,,2m17.555s
Burritos,Sublime,Sublime,Sublime,3m55s
Gossip Folks Feat Ludacris (Acappella),Gossip Folks CDS,Missy Elliott Feat Ludacris,,3m59s
06 06 Don't Forget,Demi Lovato - Don't Forget,Demi Lovato,,3m45s
Lay it Down,Living Thing,Peter Bjorn and John,,3m26s
Me Ne Sballo,Legacy Of Blood,Jedi Mind Tricks,,3m54s
World Outside,Maths And English,Dizzee Rascal,,3m8s
Future Thugs (Featuring Redman & Ghostface Killah),Release Therapy (Advance),Ludacris,,4m19s
Ain't Talkin' 'bout Love,The Moog Cookbook,The Moog Cookbook,,3m56s
Re-Up,Dubstep Collection 8,Ginz & Joker,,4m24s
Fountain Stairs,Halcyon Digest,Deerhunter,,2m38s
Sugar Hill.,Doe Or Die.,AZ.,,4m10s
Moving For The Sake Of Motion,Define The Great Line,Underoath,,3m16s
The Red (Instrumental),Champion Sound,Jaylib,,3m1s
Country Cousins (feat. U.G.K. & Raheem Devaughn),Ear Drum,Talib Kweli,,4m32s
"We Change, We Wait",The Way We Talk,The Maine,,3m27s
Playin’ With Fire (Produced By Streetrunner),Tha Carter 3,Lil Wayne,,4m21s
Cult of Personality,Vivid,Living Colour,,5m
Space Baby,Where The Boys Are,Best Coast,,2m19s
Always A Catch,The Dark Knight,The Dark Knight,,1m40s
204 Socks and Shoes,Shut Up You Fucking Baby!,David Cross,,3m58s
Little Weapon (feat. Bishop G. and Nikki Jean),Lupe Fiasco's The Cool,Lupe Fiasco,,2m50s
Light Speed,2001,Dr. Dre,Dr. Dre,2m43.05s
The Telephone Hour (Teenagers),Bye Bye Birdie! - Original Broadway Cast,"Susan Watson,Chita Rivera,Dick Van Dyke,Dick Gautier,Paul Lynde,Michael J. Pollard,Kay Medford","Lee Adams, Charles Strouse",3m2s
The Biggest Lie,Elliott Smith,Elliott Smith,Elliott Smith,2m39s
06 Free Life,Listen,Emanuel and The Fear,,3m52s
Inches and Falling,Dog Problems,The Format,Nate Ruess/Sam Means,3m30s
Snakecharmer,Evil Empire,Rage Against The Machine,,3m56s
New Cash Money,Da Drought 3 [Disc 1],Lil Wayne,,4m17s
crushcrushcrush,"Live at Norwegian Wood - June 14, 2008",Paramore,,3m27s
R. Kelly - Best Friend [Feat Keyshia Cole And Polow Da Don],Double Up,R. Kelly,,4m41s
(Nice Dream),The Bends,Radiohead,Colin Greenwood/Ed O'Brien/Jonny Greenwood/Phil Selway/Thom Yorke,3m52s
There's No 'I' In Team,Tell All Your Friends,Taking Back Sunday,John Nolan,3m48.577s
Of Dust And Nations,Vheissu,Thrice,Dustin Kensrue/Thrice,4m50s
Lovely Day,Snakes On A Plane: The Album,Donavon Frankenreiter,,3m3s
She Takes Me High,Smile Kid (Deluxe Edition),We The Kings,,4m6s
Pusuit of Happiness (Ft. MGMT & Ratatat),Man On The Moon: The End Of Day,KiD CuDi,,4m55s
Cola Bottle Baby (Todd Terje Rekutt),,Edwin Birdsong,,4m8s
Good Girl - Vanessa Marquez,Neptunes Present... Clones,The Neptunes,The Neptunes,4m15s
Phat Rabbit,Back For The First Time,Ludacris,Timbaland,4m58s
Get Fly,You Can't Imagine How Much Fun We're Having,Atmosphere,,4m49s
Bury Me Standing,Sound Kapital,Handsome Furs,,4m7s
Can’t Think About It Now,Lifetime,Lifetime,,2m45s
One Day Women Will All Become ,2005,Chiodos,,3m33s
"Brooklyn (If You See Something, Say Something)",Louder Now: Parttwo,Taking Back Sunday,,4m32s
Boyz,Kala,M.I.A.,M.I.A.,3m28s
Runnin',Labcabincalifornia,The Pharcyde,Jay Dee,4m56s
Last Chance to Lose Your Keys,Your Favorite Weapon,Brand New,,3m27s
Wanna Love You Girl (Full Song),The Evolution of Robin Thicke,Robin Thicke Ft Pharrell,,4m28s
Gun (feat. Sheisty Khrist),Dirty Acres,CunninLynguists,,3m15s
Runaway,It's Blitz!,Yeah Yeah Yeahs,,5m13s
Lambs Anger,Lambs Anger,Mr. Oizo,,1m14s
"Ma, I Don't Love Her (feat. Faith Evans)",Lord Willin',Clipse,Chad Hugo/Gene Thornton/Pharrell Williams,4m18s
Biggest Movie Ever (Ft JDubb Boo Rossini),Trappin Ain't Dead,Young Jeezy,,4m14s
C-C-C-Cinnamon Lips,OK Go,OK Go,,3m26s
Autography,Based On A True Story,The Starting Line,,3m40s
Still,"Supersunnyspeedgraphic, The LP",Ben Folds,,7m47s
I'm Gonna Ride (Produced by ID Labs),Show And Prove,Wiz Khalifa,,3m23.639s
We're So Starving,Pretty. Odd.,Panic At The Disco,,1m21.478s
Sugar We're Goin Down,From Under The Cork Tree,Fall Out Boy,Franz Ferdinand,3m49.134s
Nocturnal,Dubstep Collection 8,Caper feat. Sweetie Irie,,5m33s
Bring Back Pluto,None Shall Pass,Aesop Rock,I. Bavitz,4m30s
All My Rowdy Friends Have Settled Down,Live At Largo,Elliott Smith,,3m41s
Detroit Playaz (Gator Walk),Beat Konducta Vol. 6: Dil Withers Suite,Madlib,,2m21s
I Hate Everything About You,Rock (Hip Cuts),Three Days Grace,,3m50s
29 Triky12 - Codename Denial.mp3,Disc F: The Ruff Step,"Revealomatic - No Bull, More Halfstep",,2m46s
Atomizer,Hello Hello,Midival Punditz,,4m25s
The Widows Peak,The Shade Of Poison Trees,Dashboard Confessional,,2m59s
Friday Night,After The Room Clears,Permanent Me,,2m45s
Radiation Boy (Original Composition),String Quartet Tribute To Fall Out Boy,Fall Out Boy (String Quartet),,4m16s
I'm A Wonder,Whisper War,The Cab,,3m34s
Centrefolds,Sleeping With Ghosts,Placebo,,5m1s
Permanent Heartbreak,Off The Deep End,The Friday Night Boys,,3m16s
Wish I Didn't Miss You,Mahogany Soul,Angie Stone,,4m36s
Unconditional Love,Greatest Hits [Disc 1],2Pac,T. Shakur & Johnny Jackson,4m
Head On Collision,Hits,New Found Glory,,3m46.905s
Instrumental,Basement Demos,Elliott Smith,,4m27s
Elevators Are Matchmakers,If You Speak Any Faster,June,,4m3s
Levitate Me,Surfer Rosa & Come On Pilgrim,Pixies,,2m38s
Get It Popping,,Fat Joe ft. Nelly,,3m33s
Peggy Sue,The Mark Tom And Travis Show [,Blink 182,,3m49s
The Past Should Stay Dead,Relativity,Emarosa,,4m34s
Red Sky,Vheissu,Thrice,Dustin Kensrue/Thrice,4m17s
Overrated (Everything Is),In With The Out Crowd,Less Than Jake,,3m11s
Gym Class Heroes - Cookie Jar (snippet),Welcome to the New Administration (mixtape number 60---),CitizensFOB Mixtape,Hosted & Mixed By Clinton Sparks,2m2s
09 - New York City Cops,,,,3m37s
Keep Holding On,,Avril Lavigne,,3m44s
Call That Girl Margherita,Dirty South Dance CD,A-Trak,,3m27.052s
Angelface,You Can't Imagine How Much Fun We're Having,Atmosphere,,4m3s
Dr. Dre - Chronic 2001 - 06 - XXplosive,,Dr Dre,,3m35s
Heartattack,After The Room Clears,Permanent Me,,3m45s
Mach 5,II,The Presidents of the United States of America,,3m16s
Shake It Out,Mean Everything To Nothing,Manchester Orchestra,,5m12s
No It Isn't(demo)             ,    ,Plus 44                       ,,3m
Something That Produces Results,The Room's Too Cold,The Early November,,2m42.284s
Crackheads And Chocolate,For What It's Worth,Dave Chappelle,,3m51s
Brielle,An Airplane Carried me to Bed,Sky Sailing,,4m6s
"(If I knew, I'd tell you)",Psychic Chasms,Neon Indian,,48s
A Fond Farewell,From a Basement on the Hill,Elliott Smith,Elliott Smith,3m57s
Of All The Gin Joints In All The World,From Under The Cork Tree,Fall Out Boy,Franz Ferdinand,3m11.216s
10 Gallon Shakedown,,Unnamed,,3m44.467s
Breathing In A New Mentality,Lost In The Sound Of Separation,Underoath,Underoath,2m37s
Best Beating Heart,Sing It Loud,Sing It Loud,,3m44s
Lifestyles of the Rich & Famous,The Anthem,Good Charlotte,,3m9s
Brick,Rock (Hip Cuts),Ben Folds Five,,4m30s
Blackbird / Yesterday,Love,The Beatles,,2m32s
Technologic,Human After All,Daft Punk,"Thomas Bangalter, Guy-Manuel de Homem-Christo",4m44s
05 05 Sucker Bait,Run It Up The Flagpole,Farewell,,3m3s
Unstoppable (Got Now Rmx),The Carter Meets The Cartel 2: Lil Wayne & Drake,Lil Wayne & Drake,,2m29s
Thirteen,Grand Mal: Studio Rarities,Elliott Smith,,2m40s
Pretty Mary K,Figure 8,Elliott Smith,Elliott Smith,2m36s
Hate It Or Love It Remix (Feat. G-Unit) (Produced By Cool & Dre),The Massacre,50 Cent,,4m25s
Best Rapper Alive,Tha Carter II,Lil Wayne,D. Baker & D. Carter,4m53.732s
Smith Hill,Born on Flag Day,Deer Tick,,3m41s
"Andy, You're A Star",Hot Fuss [Bonus Tracks],The Killers,,3m14s
Game Over,Doomtree,Doomtree,,3m30s
Escapist,A Refreshing Glass Of Music For A Summer Afternoon,Brandtson,,3m31.882s
Approach The Bench,Controversy Loves Company,The Audition,,2m50s
Climbing Up The Walls,OK Computer,Radiohead,Colin Greenwood/Ed O'Brien/Jonny Greenwood/Phil Selway/Thom Yorke,4m45s
Cross Your Fingers,Love The Love You Have (EP),The Summer Set,,3m14s
Busy,UNFUN,JAWBREAKER,,4m26s
Breathe . Something / Stellar Star,Los Angeles,Flying Lotus,,3m22s
The Official (Rap Circle Mix),Champion Sound,Jaylib,,3m
Secrets Don't Make Friends,"Dear Diary, My Teen Angst Has A Bodycount",From First To Last,From First To Last,4m7.571s
Mic Check,The Battle Of Los Angeles,Rage Against The Machine,Rage Against The Machine,3m33.786s
Maui Wowie,Plain Pat & Emile Presents a KiD named CuDi,KiD CuDi,,2m24s
Wu-Tang (DZ Remix) [Explicit],Wu-Tang Meets The Indie Culture Vol. 2: Enter The Dubstep [Explicit],Wu-Tang,,4m22s
Keep It Simple,"While The City Sleeps, We Rule The Streets",Cobra Starship,,4m11s
Oh! You Pretty Things,The Life Aquatic - Studio Sessions,Seu Jorge,,3m33s
Future Markets,2008,Jonny Greenwood,,2m42s
Set It Off Like Napalm,Relativity,Emarosa,,3m8s
INXS - I Need You Tonight,<Onbekend>,INXS,,3m2s
Welcome To The Family,Homesick,A Day To Remember,,3m
Your Body Is A Wonderland,Room For Squares,John Mayer,,4m10s
One Higher Soul (Outro),The Re-Education of Lauryn Hill,Lauryn Hill,,1m45s
The Approaching Curve,The Sufferer And The Witness,Rise Against,,3m46s
Dead!,The Black Parade,My Chemical Romance,,3m16s
1 Day,Definition Of Real,Plies,,3m51s
Method Man,Enter The Wu-Tang (36 Chambers),Wu-Tang Clan,,5m51s
You Can't Be Missed If You Never Go Away,"While The City Sleeps, We Rule The Streets",Cobra Starship,,3m21s
Jane,Ben Folds Live,Ben Folds,"Folds, Ben",2m34s
Stay Awake (Dreams Only Last For A Night),"So Wrong, It's Right",All Time Low,,3m34s
New Orleans,I Am A Wonderful Man,Michael Ian Black,,4m15s
Great Disappointment,Sing the Sorrow,AFI,AFI,5m27.517s
Hostile Gospel Pt. 1 (Deliver Us),Ear Drum,Talib Kweli,,5m24s
Octopus's Garden,Love,The Beatles,,3m20s
A Dark Knight,The Dark Knight,The Dark Knight,,16m15s
03 03 A Collect Call To Arms,Run It Up The Flagpole,Farewell,,2m37s
Pleasant Overthinking,My Brain Is Alive,Charles Hamilton,C. Hamilton,4m55s
LOVE BARGE,SLAM,Big Dipper,,3m35s
yea yeah,S/T mp3,Matt & Kim,,3m26s
Lex,Classics,Ratatat,,4m31s
Rickety Rackety (Featuring El-P and Camu Tao),"Fast Cars, Danger, Fire and Knives - EP",Aesop Rock,,4m32s
I Make,Dubstep Collection 5,Stenchman,,5m22s
Let's Spend The Night Together,Between The Buttons [US],The Rolling Stones,,3m37s
Little Black Heart,"The Mother, The Mechanic, And The Path",The Early November,,3m58s
Starlight,Black Holes and Revelations,Muse,,4m
Down the Line,Doomtree,Doomtree,,3m20s
In Heat (Javelin Remix),Get Free Music at RCRD LBL.com,HEALTH,,3m17s
Faith [December 1987],Faith,George Michael,,3m16s
New Monkey,New Moon,Elliott Smith,,3m12.586s
OMG (Phase Club Refix),twitter.com/djphase,Usher ft Will I Am,,2m57s
Ransom,The Carter Meets The Cartel 2: Lil Wayne & Drake,Lil Wayne & Drake,,4m34s
Give It Up,Greatest Hits,ZZ Top,Hill/Gibbons,3m30s
The Radio Dept. - David,KEXP Song of the Day,The Radio Dept. - David,,3m32s
From A Balance Beam,"Lifted Or The Story Is In The Soil, Keep Your Ear To The Ground",Bright Eyes,Conor Oberst,3m40.125s
Waves Goodbye,Heroine,From First To Last,,4m22.222s
Bellhead,DFA Compilation #2 [Disc 3],Liquid Liquid,Liquid Liquid,2m41s
Feel Like Rain,Commit This To Memory,Motion City Soundtrack,Motion City Soundtrack,3m34.366s
March Of The Meanies,Yellow Submarine,The Beatles,George Martin,2m22s
Big Boss,,Doctor P,,1m15s
Kill Caustic,Decemberunderground,AFI,,2m40s
Translating The Name,Translating The Name,Saosin,,3m27s
MVP,Theater Of The Mind,Ludacris,,3m51s
Everything's Okay,Basement Demos,Elliott Smith,,4m39s
Waiting,There for Tomorrow,There For Tomorrow,,3m46.417s
Scared Of Girls,Without You I'm Nothing,Placebo,,3m1s
Saturday (AOL Live),Live @ The Roxy,Fall Out Boy,,3m19s
We Laugh Indoors,The Photo Album,Death Cab For Cutie,Ben Gibbard/Christopher Walla/Nick Harmer,4m58.446s
"That's My Shit (Featuring Field Mobb, Playaz Circle & Perfect)",Release Therapy (Advance),Ludacris,,4m55s
All I Want For Christmas Is You,All I Want For Christmas,Mariah Carey,,4m2s
The Great London Traffic Warden Massacre Ft. GZA,Get Mashed,Morcheeba,,1m21s
Story Of My Life,Social Distortion,Social Distortion,,5m46s
Problem Solver,Like Father Like Son,Lil Wayne & Birdman,,4m50s
Some Sense Of Security,Saosin,Saosin,,4m1s
Freak Out/Starry Eyes,45:33,LCD Soundsystem,James Murphy,12m22s
Don't Stop Believing (eli mix),,Journey,,4m31s
If You Leave [May 1986],"""Pretty In Pink"" Soundtrack",OMD,,4m27s
Intro,Just Do It: A Mixtape Ode To Nike,6th Sense & Mick Boogie,,1m48s
Girls On Film,Decade,Duran Duran,,3m30s
Sugar We are Goin Down,Live in Phoenix,Fall Out Boy,,3m38s
Shine A Little Love,Light Years,Electric Light Orchestra,,4m13s
Good Enuff (Cash Flow Dub),Lazers Never Die - EP,"Major Lazer, Collie Buddz & Lindi Ortega","T. Pentz, D. Taylor, C. HARPER & L. Ortega",2m51.061s
Poppies (Substance D Dub Version),Dubstep Collection 5,Scuba,,6m4s
Effect & Cause,Icky Thump,The White Stripes,"White Stripes, The",3m
I Never Met Another Gemini,Pass The Flask,The Bled,,4m11s
Bria's Interlude (feat. Omarion),So Far Gone,Drake,,2m19s
Conversation 16,High Violet,The National,,4m19s
Once Again,Night Ripper,Girl Talk,,2m41s
Boom Boom Pow (remix) [4] MP3,HotNewHipHop.com,"Black Eyed Peas, Fatman Scoop",,4m30s
Chillin' Wiv Da Man Dem,Tounge N' Cheek,Dizzee Rascal,,4m40s
Off That (Dirty),,Jay Z ft Drake,www.franchiserecordpool.com,4m23s
My Money,Real Recognize Real,Project Pat,,4m1s
101 Lunch With Frankenstein,Shut Up You Fucking Baby!,David Cross,,1m39s
065 Dawa HiFi - Dangerous (Skywalker mix),,,,3m56s
No Name #4,Roman Candle,Elliott Smith,Elliott Smith,2m30s
Down By The Seaside,Physical Graffiti,Led Zeppelin,,5m16s
Pose ft Snoop Dogg,FutureSex/LoveSound,Justin Timberlake,,4m47s
Hideaway,Fearless Summer Sampler,Rock Kills Kid,,4m1s
The sadness will never end,Suicide Season,Bring Me The Horizon,,5m22s
Out From Under,Make Yourself,Incubus,,3m30s
Do It Alone,Lights Out (Advance),Sugarcult,,3m8s
Hiro's Song,Songs For Goldfish,Ben Folds,,4m32s
Beat it,Live in Phoenix,Fall Out Boy,,3m51s
Blowin' In the Wind,The Essential: Bob Dylan,Bob Dylan,Bob Dylan,2m50.504s
Heater (Diplo Extended Edit),"Decent Work For Decent Pay, Collected Works Volume One",Diplo,,4m32s
Party in The USA,,Miley Cyrus,,3m24s
Black Plastic Bag,Different Damage,Q And Not U,Q And Not U,2m17.369s
Because,Abbey Road,The Beatles,,2m45s
Inner Light Spectrum,Transistor,311,C. Sexton/D. Martinez,3m42.191s
Grand Theft Autumn (Where Is Your Boy),Take This To Your Grave,Fall Out Boy,,3m11.425s
Accident,Doomtree,Doomtree,,3m39s
Te Te (Shake That Heaven),The Ultimate Dance Top 100 2009,The Sunclub,,2m58s
Hit & Run,,After Play Rewind,,3m30s
Hard Row,Thickfreakness,The Black Keys,,3m18s
Married With Children,I Am A Wonderful Man,Michael Ian Black,,4m51s
Life Of The Party,On Your Side,A Rocket To The Moon,,2m46s
California,Metro Station,Metro Station,,2m45s
Walk Around,The Big Doe Rehab,Ghostface Killah,,3m33s
Baba O'Riley,Baba O'Reiley,The Who,,5m9s
Dead Living,Lights Out (Advance),Sugarcult,,3m39s
Dark Blue,Everything In Transit,Jack's Mannequin,Andrew McMahon,4m11.982s
Bang The Doldrums,Infinity On High,Fall Out Boy,,3m32s
"Do You Want To (Erol Alkans Glam Racket Remix, With Franz Ferdinand)",Pillowface And His Airplane Chronicles,Steve Aoki,,2m51s
The Heist (Instrumental),Champion Sound,Jaylib,,2m52s
in a Sweater Poorly Knit,"Brother, Sister",mewithoutYou,,5m27s
Ma Ma Ma Belle (7' Edit),Light Years,Electric Light Orchestra,,3m22s
How We Are,Jersey's Best Dancers,Lifetime,,1m28s
Hedd Banger,Dubstep Collection 1,Skream,,5m30s
Why Georgia,Where The Light Is Live In Los Angeles [Disc 2],John Mayer,John Mayer,4m27s
45:33 (I),45:33,LCD Soundsystem,James Murphy,2m51s
None Shall Pass,None Shall Pass,Aesop Rock,I. Bavitz,4m3s
The Youth,Oracular Spectacular,Mgmt,,3m48s
Knuckle Up (Matt U Remix) [Explicit],Wu-Tang Meets The Indie Culture Vol. 2: Enter The Dubstep [Explicit],Wu-Tang,,4m34s
Chokechain,Want,3OH!3,,3m33s
The Waitress,"When Life Gives You Lemons, You Paint That Shit Gold",Atmosphere,,3m
Track 14,,,,4m43.817s
Strip My Mind,Stadium Arcadium ,Red Hot Chili Peppers,,4m21s
I Remember Painfully,Yip/Jump Music,Daniel Johnston,,2m46s
"Hymn for a Sunday Evening (Ed Sullivan) (Paul Lynde, Marijane Maricle, Susan Watson, Johnny Borden)",Bye Bye Birdie! - Original Broadway Cast,"Susan Watson,Chita Rivera,Dick Van Dyke,Dick Gautier,Paul Lynde,Michael J. Pollard,Kay Medford","Lee Adams, Charles Strouse",2m4s
Good Life (Ft. T-Pain),Graduation,Kanye West,,3m28s
Injection,The Sufferer And The Witness,Rise Against,,3m22s
criminal (featuring saigon & truck north),Rising Down,The Roots,,4m13s
I'm A G (Feat. T.I.),Trill,Bun-B,,4m11s
The Best In Me,A Different Light,Sherwood,,4m21s
Television,King Vs Queen,Brighten,,4m24s
Dynasty (Extended Mix),Promo Only Mainstream Club July,Kaskade Ft. Haley,,4m35s
Prayer Of The Refugee,The Sufferer And The Witness,Rise Against,,3m20s
Pon de Floor (Steve Caporal remix),,Major Lazer,,4m17s
Animal,Animal,Ke$ha,,3m4s
In Her Music Box,"When Life Gives You Lemons, You Paint That Shit Gold",Atmosphere,,4m22s
Girl From Codeine City,2009,L-Wiz,,5m44s
Phil,Do You Believe In Gosh,Mitch Hedberg,,3m24s
I Want To Save You,Leaving Through The Window,Something Corporate,Andrew McMahon,4m22.315s
She's So High,Explains It All,Four Year Strong,,3m21s
Empty House,Bend To Break,The Color Fred,,3m9s
The Verona Kings,Jersey's Best Dancers,Lifetime,,2m8s
POWER,My Beautiful Dark Twisted Fantasy,Kanye West,,4m52s
Kids,Treats,Sleigh Bells,,2m46s
Keri Hilson vs The Glitch Mob vs TV On The Radio - Red Dress Turnin Me On,The Mixtape Volume Four,The Hood Internet,"ABX, STV SLV",2m8s
Goodbye Yellow Brick Road,Greatest Hits 1970-2002 [Disc 1],Elton John,Bernie Taupin/Elton John,3m16.046s
Track 08,Austin Mix (TOP SECRET),Austin,,2m4.389s
I Don't Like To Turn Around,Dirty South Dance CD,A-Trak,,1m50.55s
21st Century,Stadium Arcadium ,Red Hot Chili Peppers,,4m24s
Changes,The Life Aquatic - Studio Sessions,Seu Jorge,,3m42s
Never As Tired As When I'm Waking Up,LCD Soundsystem (Disc 1),LCD Soundsystem,,4m50s
The Course Of Human Life,The Room's Too Cold,The Early November,,5m25.172s
Remote Control,Hello Nasty,The Beastie Boys,Beastie Boys,2m58.863s
Nights Like These,Playing For Keeps,The Flipside,,3m20s
Get Back,Love,The Beatles,,2m6s
Ophidiophobia,Snakes On A Plane: The Album,Cee-Lo Green,,3m56s
The Sharpest Lives,The Black Parade,My Chemical Romance,,3m22s
01 01 01 01 01 We All Fall Down,Run It Up The Flagpole,Farewell,,3m16s
Rebel Without Applause,The Big Dirty,Every Time I Die,Every Time I Die,3m23s
Dance Inside,Move Along,The All-American Rejects,,4m2s
Black Mags,The Bake Sale,The Cool Kids,,3m11.169s
"Dance, Dance (Live)",Leaked In London EP,Fall Out Boy,,3m15s
Dancing Machine  (Steve Aoki Mix),,Jackson 5,,4m43s
The Church Of Hot Addiction,"While The City Sleeps, We Rule The Streets",Cobra Starship,,3m41s
North By Northwest,2007,Blue Scholars,,4m29s
Temecula Sunrise,Bitte Orca,Dirty Projectors,,5m6s
Lil Wayne (feat. Babyface) vs Royksopp - Comfortable Up Here,The Mixtape Volume Four,The Hood Internet,"ABX, STV SLV",2m19s
No Reason,Complete Discography,Minor Threat,,1m58s
My Blue Heaven,Louder Now,Taking Back Sunday,Taking Back Sunday,4m9.266s
F*** That S***,Da Unbreakables,Three 6 Mafia,,4m1s
Q-Tip-We FightWe Love (Ft. Raphael Saadiq),Q-Tip-The.Renaissance-Retail-2008-[NoFS],Q-Tip,,4m47s
Excuse Me Please,Maths And English,Dizzee Rascal,,3m40s
Ride The Wings Of Pestilence,"Dear Diary, My Teen Angst Has A Bodycount",From First To Last,From First To Last,3m44.536s
Game Got Switched,Back For The First Time,Ludacris,"Fat Wilson, Infamous 2-0, Ludacris",4m9s
Intro (ft. Dave Chapelle),Quality ,Talib Kweli,,2m18s
Pull Up The People,Arular,M.I.A.,,3m45.233s
Rebel Without A Pause,1988,Public Enemy,,5m3s
Resolution,Commit This To Memory,Motion City Soundtrack,Motion City Soundtrack,3m48.089s
The Church Channel,In Defense Of The Genre,Say Anything,,3m4s
Cold Pillow          [ibootleggedyourmum.wordpress.com],I Bootlegged Your Mum's Mastertape 2008,Theophilus London ft. Jesse Boykins III,Your Mum,4m30s
And So It Burns,Legacy Of Blood,Jedi Mind Tricks,,4m26s
First Class (The Best Catalogue),Beat Konducta Vol. 6: Dil Withers Suite,Madlib,,1m29s
Pitbull feat Lil'Jon - The anthem (Calabria Remix),,,,4m10s
This Modern Love,Silent Alarm,Bloc Party,,4m25.682s
Last Of American Girls,21st Century Breakdown,Green Day,,3m51s
094 Caspa - Big Headed Slags,,,,4m42s
Letterbomb,American Idiot,Green Day,,4m7s
Mercury,Intimacy,Bloc Party,,3m53s
Here Comes The....,Sycamore Meadows,Butch Walker,,4m11s
Devil in Jersey City,Dew Music Showcase,Coheed and Cambria,,4m48s
Erreur Jean,Lambs Anger,Mr. Oizo,,2m49s
Only Time Will Tell (Feat. Tech N9ne & Everlast) (Prod. By DJ Muggs),The Hour Of Reprisal,Ill Bill,,4m38s
Selah,The Re-Education of Lauryn Hill,Lauryn Hill,,5m57s
Posthuman,Mechanical Animals,Marilyn Manson,M.W. Gacy/Marilyn Manson/Twiggy Ramirez,4m20s
Stay Where I Can See You,Based On A True Story,The Starting Line,,2m49s
Cross The Dancefloor (Laidback Luke Remix),DMS,Treasure Fingers,,3m40s
Billie Jean,Number Ones,Michael Jackson,Epic,4m53.616s
Pretty Mary K (early version of Everything's Okay),Grand Mal: Studio Rarities,Elliott Smith,,3m21s
It Takes Time to Build,2004,Beastie Boys,,3m12s
Sound Of The Underground,Saxophonic,Dave Koz Feat. Chris Botti,Carl Sturken/Evan Rogers/Lee Morgan,4m5.922s
Helpless (feat. Equinox),Black Snow,Snowgoons,,3m40s
"8th Period: It's OK, But Just This Once!",As Cruel As School Children,Gym Class Heroes,,3m8s
Waiting For The 7:18,A Weekend In The City,Bloc Party,"Kele Okereke, Russell Lissack, Gordon Moakes, Matt Tong",4m17.369s
Prelude,The Party Scene,All Time Low,,44s
Our Time Now,Every Second Counts,Plain White T's,,2m51s
Unforget You,Off The Deep End,The Friday Night Boys,,3m22s
Mighty Healthy,Supreme Clientele,ghostface killah,,3m22s
058. Ludwig van Beethoven - Mondscheinsonate (Op. 27),Classical Music Top 100,VA,,6m6s
Let Love Rule (Justice Remix),,Lenny Kravitz,,5m55s
Come Back to Me,David Cook,David Cook,,4m8s
075 Rob Sparx - What U Gonna Do (Ft. Zurcon)(Numbernin6 Rmx),,,,5m11s
Nice Guys Finish Last,Hot Mess (Deluxe Edition),Cobra Starship,,3m37s
Take Care,Teen Dream,Beach House,,5m50s
Heads Will Roll,It's Blitz!,Yeah Yeah Yeahs,,3m42s
Cry,Mandy Moore,Mandy Moore,,3m43s
Dear Avery,The King Is Dead,The Decemberists,Colin Meloy,4m52s
Bruce Willis Is Dead,Lambs Anger,Mr. Oizo,,3m20s
Never Take Friendship Personal,Never Take Friendship Personal,Anberlin,,3m32s
The Torture Papers,Army Of The Pharaos: The Torture Papers,Jedi Mind Tricks,Jedi Mind Tricks,3m32s
She Lives in My Lap,Speakerboxxx/The Love Below,Outkast,,4m27s
Roxanne,Take This To Your Grave,Fall Out Boy,,3m14.211s
You To Thank,Songs For Goldfish,Ben Folds,,3m36s
Carousel,2000,Blink 182,,3m41s
Kick Push II,Lupe Fiasco's Food & Liquor,Lupe Fiasco,Brandon Howard,4m11.75s
Mash,Donuts,J Dilla,,1m31s
As The World Turns,The Slim Shady LP,Eminem,,4m27s
You Make It Worse,Apples And Oranges,Stacy Clark,,3m26s
Hidden Throat,"Dear Diary, My Teen Angst Has A Bodycount",From First To Last,From First To Last,5m16.604s
Down,Dubstep Collection 1,Dz,,5m32s
Light Of Local Eyes,Chasing Hamburg,Polar Bear Club,,3m20s
06 Deep Vein - Summer Breemix.mp3,Disc E: The Nice Move,"Revealomatic - No Bull, More Halfstep",,2m41s
Roll Over Beethoven (7' Edit),Light Years,Electric Light Orchestra,,4m35s
Passion's Killing Floor,Venus Doom,H.I.M.,,5m12s
Discofreunde - Speed Up (Harry K. Version),,www.just4dance.fw.hu,www.just4dance.fw.hu,5m
Strip Club (Instrumental),Champion Sound,Jaylib,,2m56s
Galang,Arular,M.I.A.,,7m21.179s
The Ascent Of Stan,Rockin' The Suburbs,Ben Folds,Ben Folds,4m15s
Being From Jersey Means Never Having To Say You're Sorry,"While The City Sleeps, We Rule The Streets",Cobra Starship,,2m7s
Miss It So Much,Junior,Röyksopp,,5m2s
Dont Forget Where U Came From,Revolutionary But Gangsta (Retail),Dead Prez,,1m15s
Lean On Me [March 1987],"Life, Love & Pain",Club Nouveau,,3m59s
Justice,Dubstep Collection 5,Grimelock,,4m6s
Seen How Things Are Hard,Grand Mal: Studio Rarities,Elliott Smith,,3m22s
Alabama Song (Whiskey Bar),The Best of The Doors,The Doors,,3m19s
Put Your Hand In The Hand,Elvis Inspirational,Elvis Presley,,3m16s
"You're Crashing, But You're No Wave",Infinity On High,Fall Out Boy,,3m43s
Up Up & Away,Man On The Moon: The End Of Day,KiD CuDi,,3m48s
Shuffle A Dream,Ritual Union,Little Dragon,,2m55s
L.A. Driving,Live At Luna Park,Henry Rollins,,4m2s
Freek-A-Leek ,Still Writing In My Diary:2nd Entry,Petey Pablo,,3m52s
Genesis,Razia's Shadow: A Musical,Forgive Durden,,4m19s
Bubba Dub Bossa,Curb Your Enthusiasm,Robby Poitevin,,1m48s
Everything I Ask For,Can't Stop Won't Stop,The Maine,,2m38s
Bury Your Head,Saosin,Saosin,,3m30s
As If By Magic,La Roux,La Roux,,3m52s
Real Talk,Double Up,R. Kelly,,3m1s
Let It Enfold You,Let It Enfold You,Senses Fail,,5m3.786s
Cap Back,Run The Road,Wonder & Plan B,,4m22s
it's not your fault,Coming Home,New Found Glory,,3m38s
Dead To The World,The Understanding (Disc 1),Röyksopp,,5m23s
Silver And Gold (Sun City),The Joshua Tree (Remastered / Expanded) (Deluxe Edition) (CD 2),U2,,4m43s
Take It Away,In Love And Death,The Used,The Used,3m37.617s
Pinocchio Story (Freestyle Live From Singapore) (Bonus),808's And Heartbreaks,Kanye West,,6m4s
Put On (feat. Kanye West),The Recession,Young Jeezy,,5m21s
043 Teksteppa - Welcome To Babylon,,,,5m46s
Solo,Here We Go Again,Demi Lovato,,3m15s
Bright Lights,We Come In Pieces,Placebo,,3m31s
Slow on the Uptake,Curb Your Enthusiasm,Luis Bacalov,,2m59s
What About Us?,Sound Kapital,Handsome Furs,,5m18s
M-80,Equal Vision Digital Sampler 2007,Olympia,,3m23s
Stephen,Animal,Ke$ha,,3m17s
Dance Halls Turn To Ghost Towns,Controversy Loves Company,The Audition,,3m19s
Let's Start a Riot,Da Unbreakables,Three 6 Mafia,,4m47s
One Beer,MM....Food,MF Doom,,4m19s
Interlude,When Your Heart Stops Beating,+44,"Mark Hoppus, Travis Barker",1m12.353s
"So Rich, So Pretty",Mickey Avalon,Mickey Avalon,,3m1s
Heaven For The Weather,Champion,The Audition,,3m10s
Overtime,Night Ripper,Girl Talk,,2m16s
Meet Me In The VIP,,After Play Rewind,,4m1s
Everybody Hates Chris (Co-Starring Chris Rock),Theater Of The Mind,Ludacris,,4m55s
Los Chicharrons - Kounandi,KEXP Song of the Day,Los Chicharrons,,5m25s
The New Workout Plan,The College Dropout,Kanye West,,5m24s
You Don't Know Me,Visionary Soul,Ray Charles,Walker-Arnold,3m17.276s
Computer Talk,ishlab iD Music Licensing,Wesley Jefferson,,3m28s
Casino,This Is Dubstep Vol.2,Rob Sparx,,4m34s
Let's Turn the Record Over,Basement Demos,Elliott Smith,,1m38s
Let's Get It (Evol Intent Remix) [Explicit],Wu-Tang Meets The Indie Culture Vol. 2: Enter The Dubstep [Explicit],Wu-Tang,,4m36s
Homesick at Space Camp (Live),Q101 Twisted 12,Fall Out Boy,,3m8.313s
Love.,Love The Love You Have (EP),The Summer Set,,2m52s
042 Joint Forces - Turn Me Up,,,,4m43s
P.I.M.P. (Acapella)           ,                              ,50 Cent                       ,,4m4s
Put It In the Air,Quality ,Talib Kweli ,,5m
Up & Go,Say It Like You Mean It,The Starting Line,,3m37s
Rock You Like A Hurricane [May 1984],Love at First Sting,Scorpions,,4m13s
Let The Flames Begin (Live In London),Riot! MVI DVD Tracks,Paramore,,4m33s
Virus,Deltron 3030: The Instrumentals,Deltron 3030,,4m14s
Bling (Confessions Of A King),Sam's Town,The Killers,,4m9s
Paul (Skit),The Slim Shady LP,Eminem,,16s
Extra Extra Credit,Flight School,Wiz Khalifa,,4m6s
La Grange,Greatest Hits,ZZ Top,Hill/Gibbons,3m52s
Grown Man Ft. Currency,The Carter II (Chopped And Scr,Lil Wayne,,4m40s
Last Words,2003,Nas and MF Doom,,4m2s
Adrenaline,J. Period - Best Of The Roots,The Roots,J.Period,2m11s
Lessons,"Die, Rugged Man, Die",R.A. the Rugged Man,K.O. Thomas/R. Thorburn,3m54s
my hopes and dreams,jj n° 2,jj,,2m43s
Kids,Oracular Spectacular,Mgmt,,5m3s
Gold and a Pager,The Bake Sale,The Cool Kids,,3m47.648s
Black Country Woman,Physical Graffiti,Led Zeppelin,,4m33s
Say Yeah (Instrumental),Say Yeah,Wiz Khalifa,,4m5s
Wind Below,Evil Empire,Rage Against The Machine,,5m51s
The Reeling,,Passion Pit,,4m48s
Momma's Boy,Fancy Footwork,Chromeo,Chromeo,2m50s
The One That You Hated,"The Mother, The Mechanic, And The Path",The Early November,,3m53s
Paparazzi (Stuart Price Remix),Paparazzi (The Remixes) - EP,Lady GaGa,Lady GaGa & Rob Fusari,3m19.273s
Riders On The Storm,The Best of The Doors,The Doors,,7m16s
Dragon Backpack,3oh!3,3oh!3,,2m9s
Ken Kaniff (Skit),The Slim Shady LP,Eminem,,1m17s
078. Niccol√≤ Paganini - Concerto Pour Violon No. 1 (Op. 6).mp3,Classical Music Top 100,VA,,4m58s
Photograph,We Are Pilots,Shiny Toy Guns,,7m2s
Language,A Rollins In The Wry,Henry Rollins,,3m24.591s
Love Is Not Enough,Trunk Muzik,Yelawolf,Produced By Will Power For SupaHot Beats/Ghet-O-Vision Entertainment,3m47s
3,3 - Single,Britney Spears,"Max Martin, Tiffany Amber & Shellback",3m33.159s
Theme Song,Sir Lucious Left Foot: The Son of Chico Dusty,Big Boi,,3m48s
Jersey,A Lesson In Romantics,Mayday Parade,,3m31s
Future Reflections,Oracular Spectacular,Mgmt,,4m1s
Piranha,Dubstep Collection 1,The Subdivision,,5m23s
Wouldn't Mama Be Proud?,Place Pigalle Demos,Elliott Smith,,3m18s
Masterpiece,Something Real,Meg & Dia,Meg Frampton,3m30s
Rat A Tat (feat Courtney Love),Save Rock and Roll,Fall Out Boy,,4m3s
Ready To Go (Get Me Out Of My Mind),Vices & Virtues,Panic! At the Disco,,3m38s
"The Tallest Man, the Broadest Shoulders",Illinois,Sufjan Stevens,,7m2s
Say Yes,Live at Crystal Ballroom,Elliott Smith,,3m13s
Every You Every Me,We Come In Pieces,Placebo,,4m17s
Promise Freestyle,Da Drought 3 [Disc 1],Lil Wayne,,4m31s
Big Dirty Desert.mp3,,,,3m52s
Beat Street/B-Boy Interlude,J. Period - Best Of The Roots,The Roots,J.Period,54s
Bloom,The King of Limbs,Radiohead,,5m14.723s
A Boy Brushed Red Living In Black And White,"Survive, Kaleidoscope",Underoath,,4m57s
Jobless (Original Mix),Dubstep Collection 4,Randomer,,5m32s
42,Viva La Vida Or Death And All His Friends (Japan Edition),Coldplay,,3m58s
Bring It On Home,Led Zeppelin II,Led Zeppelin,,4m20s
Be Still (Ft. Janelle Monáe),Sir Lucious Left Foot: The Son of Chico Dusty,Big Boi,,5m10s
Operation Lifesaver AKA Mint Test,Madvillainy,Madvillain,Madlib,1m30s
Beautiful,Deep Shadows And Brilliant Highlights,H.I.M.,Ville Valo,4m33.461s
Sugar Rush,Take It to the Floor,Cash Cash,"Jean Paul Makhlouf, Alexander Luke Makhlouf, Samuel Frisch & Anthony Villacari",3m4.691s
Ring The Alarm,DMS,Tenor Saw,,4m28s
Neck Sprain,Dubstep Collection 4,Ebola,,4m55s
Party Poison,Danger Days: The True Lives Of The Fabulous Killjoys,My Chemical Romance,,3m36s
Echoes,Within And Without,Washed Out,,4m8s
She Came in Through the Bathroom Window,Abbey Road,The Beatles,,2m23s
Different Names For The Same Thing,Plans,Death Cab For Cutie,,5m9s
Not Too Far From Nothing,Scratches & Demo Tape Volume I,Jay Electronica,Beat Autopsy,3m48s
Queen Bitch,The Life Aquatic - Studio Sessions,Seu Jorge,,3m43s
Wild Young Heart   [ibootleggedyourmum.wordpress.com],Your Mum's Phat Titz January '09 Part 1,Noisettes,Your Mum,3m4s
It's Over Now - Kool Keith,A Much Better Tomorrow,Dan the Automator,Dan the Automator/Kool Keith,5m32s
Don't Dink And Drance,Plagues,The Devil Wears Prada,,2m59s
30 Calenda - Forever.mp3,Disc E: The Nice Move,"Revealomatic - No Bull, More Halfstep",,1m46s
The Kids Are All Fucked Up,"While The City Sleeps, We Rule The Streets",Cobra Starship,,4m17s
California Brown And Blue,A Refreshing Glass Of Music For A Summer Afternoon,Denison Witmer,,5m4.204s
Growing Up (Acoustic),Live on New Year's Eve,Fall Out Boy,,2m55s
Feel Me,2006,Lil Wayne,,4m39s
Miss Murder,Decemberunderground,AFI,,3m27s
Holograms,Dubstep Collection 8,Reso,,5m36s
Why Not Minot? Part 2,"Spoken Word Guy (Alexandria, VA 11/03/08) [Disc 1]",Henry Rollins,Henry Rollins,8m56.264s
Don of the Dons - Jadakiss & Supercat,Neptunes Present... Clones,The Neptunes,The Neptunes,4m15s
Lady Gaga SECTR 24 Final Mi,,,,3m44s
Terminally Chill,Psychic Chasms,Neon Indian,,3m34s
Hardback (Industry),Maths And English,Dizzee Rascal,,4m12s
A Far Cry,The Last Place You'll Look,We Were Promised Jetpacks,,4m52s
The Rockafeller Skank (1998),"You've Come A Long Way, Baby",Fatboy Slim,,3m57s
Session 8,"The Mother, The Mechanic, And The Path",The Early November,,3m3s
Franky Miller - Talking To Shout (Sound Access Remix),,www.just4dance.fw.hu,www.just4dance.fw.hu,4m15s
Grew Up A Screw Up (Ft. Young Jeezy),Release Therapy,Ludacris,,4m
Each & Everyday,Crazy For You,Best Coast,Best Coast,2m52s
Don't Cry,Donuts,J Dilla,,2m
Rise Above,Damaged & Jealous Again,Black Flag,,2m26s
will_smith_-_gettin_jiggy_with_it_(acapella).mp3,,,,2m53s
Left Coast Envy,,The Starting Line,,4m26s
Plenty Money,,Plies,,3m53s
Hold Up,Night Ripper,Girl Talk,,2m51s
Parallels,Controller,Misery Signals,,3m42s
High School Reunion_Collide A Scope,My Brain Is Alive,Charles Hamilton,C. Hamilton,6m21s
Already Home (feat. Kid Cudi) ,The Blueprint 3 [Soul Assassin Special Edition],Jay-Z,,4m30s
Photon Inc. feat Paula Brion - Generate Power (Soul Avengerz Club Soda Remix),,www.just4dance.fw.hu,www.just4dance.fw.hu,6m54s
Big Green [Feat Neil Young],The Ultimate Best Of Pearl Jam,Pearl Jam,,5m8s
Middleman,Cassadaga,Bright Eyes,,4m50s
Opening Titles,Live At The Mayan Theatre,The Format,,1m55s
99 With an Anchor,Things Aren't So Beautiful Now,A Thorn for Every Heart,A Thorn for Every Heart,3m33s
Sexy back (Justin Timberlake),Punk Goes Crunk,Just Surrender,,4m19s
Belt,...Is A Real Boy,Say Anything,Max Bemis,5m
Piano Sonata No 11 In A Major K 331 Alla Turca,The Best Of Mozart,Mozart,,3m44s
Softcore,UNFUN,JAWBREAKER,,3m29s
Block Boi (Feat. Mike & Stressmatic Of The Federation),My Ghetto Report Card,E-40,,3m47s
Hard (DIRTY-Jason Bee Intro),2009,Rihanna ft Young Jeezy,,4m10s
Exo-Polotics,Black Holes and Revelations,Muse,,3m54s
13 Turboweekend - Trouble Is (Joker RMX).mp3,Disc E: The Nice Move,"Revealomatic - No Bull, More Halfstep",,3m10s
Love & Appreciate,Murray's Revenge,Murs,,4m31s
Stand And Feel Your Worth,Vheissu,Thrice,Dustin Kensrue/Thrice,5m53s
Shake It To The Ground (defftonn Metro Edit),defftonn.com,Blaqstarr VS Metro Area,,3m40s
Lyrical Lies,The Same Old Blood Rush With A New Touch,Cute Is What We Aim For,Cute Is What We Aim For,3m33.368s
Sunset,Blow Your Head Volume 1: Diplo Presents Dubstep,Borgore feat. Diplo,,4m12s
Gettin' Jiggy Wit It,Big Willie Style,Will Smith,,3m48s
It Had to Be You,Acoustic EP,Motion City Soundtrack,,3m40s
Can't Stop Now (K.L.A.M. Remix),Lazers Never Die - EP,"Major Lazer, Mr. Vegas, Jovi Rockwell & Azealia Banks",Diplo & Switch,5m15.118s
It's Nice To Know You Work Alone,Swoon,Silversun Pickups,,4m47s
Instrumental (XO era),Grand Mal: Studio Rarities,Elliott Smith,,2m51s
Outwork - Electro (Mehmetakkus,2010,VA,,4m47s
The Rock Show,2001,blink-182,,2m52s
Wake Up Call,The Silence In Black And White,Hawthorne Heights,Hawthorne Heights,4m2.532s
Tomorrow Tomorrow,XO,Elliott Smith,Elliott Smith,3m7s
Nerve,Power,Boys Noize,,5m7s
Cameltosis,,KoRn,,4m39s
Rescue Me,Fragile Future,Hawthorne Heights,,3m9s
Figure It Out,Every Second Counts,Plain White T's,,2m46s
Forever (DIRTY-Short Edit),Dj Phase Edit,Drake ft Lil Wayne & Eminem,,3m51s
Harlem Hustlers & Linda Lee Hopkins - All About The Paper (Rivaz Club Remix),,www.just4dance.fw.hu,www.just4dance.fw.hu,5m22s
Practice Makes Perfect,Practice Makes Perfect,Cute Is What We Aim For,,3m40s
Pet Sounds,,,,2m22s
Intro,Who Is Mike Jones?,Mike Jones,,25s
ishlab 72 - Son Del Sol 30s,,,,34s
Kiddie Grinder,,,,4m46s
GET DOWN FT PHARRELL,DEEPER THAN RAP,RICK ROSS,,4m34s
A Passing Feeling,From a Basement on the Hill,Elliott Smith,Elliott Smith,3m32s
The Widow,Frances The Mute,The Mars Volta,Omar A Rodriguez-Lopez,5m50.923s
Control,Metro Station,Metro Station,,3m22s
Intro - Roscoe P Coldchain,Neptunes Present... Clones,The Neptunes,The Neptunes,31s
Didi (My Doe Part 2),Decomposer,The Matches,,3m12s
Robots,Flight of the Conchords,Flight of the Conchords,,3m43.422s
Call Me [March 1980],"""American Gigolo"" Soundtrack",Blondie,,3m35s
2:45 AM,Either/Or,Elliott Smith,Elliott Smith,3m18s
Pray,L Train According To Dame,Damion,,3m46s
Ballad of Big Nothing,Either/Or Demos (Disc 1 of 2),Elliott Smith,Elliott Smith,2m46s
Gettin Up,DJ Ill Will & DJ Rockstar Present Wiz Khalifa - Burn After Rolling,Wiz Khalifa,,2m15s
The Only Song,A Different Light,Sherwood,,3m15s
Riot,Los Angeles,Flying Lotus,,4m2s
Waltz #2 (XO),Waltz #2 (XO),Elliott Smith,Elliott Smith,3m58s
I'm In Love With A Ripper,See Mystery Lights,YACHT,,4m15s
Hey Catrine,Jersey's Best Dancers,Lifetime,,2m14s
FutureSex/LoveSound,FutureSex/LoveSound,Justin Timberlake,,4m2s
DESTROYA,Danger Days: The True Lives Of The Fabulous Killjoys,My Chemical Romance,,4m33s
Say Whats Real,So Far Gone,Drake,,3m51s
Fillet-O-Rapper,MM....Food,MF Doom,,1m4s
Hot Lava ,Jamin Studio Artist,Betty Black,,4m54s
Everyone Nose ,Seeing Sounds,N.E.R.D.,,3m27s
Morder Dem (JSL Remix),Dubstep Collection 8,Eagger & Stunn Gunn,,4m23s
Dracula Skit,2008,T-Pain,,41s
More rhymin' feat Kurious,Born like this,DOOM,,1m39s
Still Dont Give a Fuck,The Slim Shady LP,Eminem,,4m16s
She Loves Me So (Demo),Avalon,Anthony Green,,3m34s
Got Dynamite,Here We Go Again,Demi Lovato,,3m25s
Jacksonville,Illinois,Sufjan Stevens,,5m26.797s
Don't Ask Me,OK Go,OK Go,,2m46s
Ms. Rightfernow,Flight School,Wiz Khalifa,,2m54s
Rockers East Vancouver,Post-Nothing (Promo),Japandroids,Japandroids,4m33s
The Truth About Heaven,What To Do When You Are Dead,Armor For Sleep,Ben Jorgenson & Armor For Sleep,3m30.813s
Ch-Check it Out,2004,Beastie Boys,,3m14s
Crab,Weezer (Green Album),Weezer,,2m35s
Snails,Dog Problems,The Format,Nate Ruess/Sam Means,4m9s
Roc Boys (And the Winner is...),American Gangster,Jay-Z,,4m14s
Rested Eyes Tell No Lies,Sleep Without Dreams,2*Sweet,,3m6s
Detention: Sloppy Love Jingle ,UUUU,Gym Class Hereos              ,,2m9s
Kolombo - I'm On Your Side (Kruse And Nuernberg Remix),,www.just4dance.fw.hu,www.just4dance.fw.hu,6m38s
Cubicles,"I Brought You My Bullets, You Brought Me Your Love",My Chemical Romance,My Chemical Romance,3m52s
Stick W/ Me Kid,Degeneration Street,The Dears,Murray Lightburn/Natalia Yanchak/Patrick Krief/Rob Benvie,3m29s
City Lights and Eyes So Bright,Dan Frank's Album,Dan Frank,Dan Frank,3m4s
Guess What,"The Mother, The Mechanic, And The Path",The Early November,,1m10s
Lycanthrope,When Your Heart Stops Beating,+44,"Mark Hoppus, Travis Barker",3m57.586s
in a Market Dimly Lit,"Brother, Sister",mewithoutYou,,4m28s
Happy Home featuring Candice Anderson,Liberation,Talib Kweli & Madlib,,5m50s
Mobb Deep ft. Kanye West - Throw Your Hands Up,Amerikaz Nightmare,Mobb Deep,,3m57s
You Are A Tourist,treeswingers.com,Death Cab for Cutie,,4m58s
99  Red/Luftballoons [March 1984],99 Luftballons,Nena,,3m53s
Say You Will,808's And Heartbreaks,Kanye West,,6m20s
Swim Until You Can't See Land,The Winter of Mixed Drinks,Frightened Rabbit,,4m19s
Can You See Me,Are You Experienced?,Jimi Hendrix,,2m34s
Q-Tip-Believe (Ft. D'Angelo),Q-Tip-The.Renaissance-Retail-2008-[NoFS],Q-Tip,,2m57s
Roots,ishlab iD Music Licensing,David Nelson,,2m5s
Theme from Vicarious Bliss (Justice rmx),Ed Rec Vol. 1,Vicarious Bliss,,5m1s
Boy,Where The Boys Are,Best Coast,,2m54s
Across The Universe,Pleasantville -Music From The Motion Picture,Fiona Apple,,5m7s
Belt,Live at The Chain Reaction,Max Bemis,,8m26s
the show (featuring common),Rising Down,The Roots,,3m49s
056 Sonde - Digital sun,,,,5m35s
Sucker M.C.'s,Legend Of The Wu-Tang,Wu-Tang Clan,"RZA, Goldfinghaz & T-Smoov",3m44.49s
Encore,A Rollins In The Wry,Henry Rollins,,2m19.482s
Interface-Finalmix,,,,3m16.812s
Rock Is Dead,Mechanical Animals,Marilyn Manson,Madonna Wayne Gacy/Marilyn Manson/Twiggy Ramirez,3m12s
Rainbows,Madvillainy,Madvillain,Madlib,2m52s
Black Rainbow,Actor,St. Vincent,,4m12s
Light A Roman Candle With Me,2009,fun.,,3m5s
My Poor Lover,Howl,Empires,,3m31s
Midnight Movie,One Full Year,The Secret Handshake,,4m4s
Where I Want To Be,,The Dangerous Summer,,3m39s
Guinnesses [feat. Angelika and 4ize],MM....Food,MF Doom,,4m42s
Keep On Rockin' (original mix),2010,Christopher S & Mike Candys Ft,,5m35s
Little One,From a Basement on the Hill,Elliott Smith,Elliott Smith,3m14s
Plea,In Defense Of The Genre,Say Anything,,4m31s
No More Mr. Nice Guy,Alice Cooper Classicks,Alice Cooper,,3m10s
The Sound of Settling,Transatlanticism,Death Cab for Cutie,,2m13s
Mickey [December 1982],The Best of Tony Basil,Tony Basil,,3m36s
Home,"Echoes, Silence, Patience & Grace",Foo Fighters,Foo Fighters,4m52.757s
Too Much,Nothing Personal,All Time Low,,7m22s
Change Clothes,The Grey Album,DJ Danger Mouse,"John Lennon, Paul McCartney, Jay-Z",4m7s
Little Devotional,Where You Want To Be,Taking Back Sunday,Taking Back Sunday,3m7.547s
Introduction to Ice Fishing,Gone fishing (Mixtape),The Cool Kids and Don Cannon,,2m48s
Members Of The Band (Proceed Interlude),J. Period - Best Of The Roots,The Roots,J.Period,1m4s
Needle in the Hay,Elliott Smith,Elliott Smith,Elliott Smith,4m16s
Early Sunsets Over Monroeville,"I Brought You My Bullets, You Brought Me Your Love",My Chemical Romance,My Chemical Romance,5m5s
Riot Rhythm,Treats,Sleigh Bells,,2m37s
Blackbird,The Beatles [White Album] (Disc 1),The Beatles,John Lennon/Paul McCartney,2m18.321s
We All Roll Along,Can't Stop Won't Stop,The Maine,,3m49s
I Am Made of Chalk,Crystal Castles,Crystal Castles,,3m10s
Family Business,The Score,The Fugees,"Wyclef Jean, Prakazrel ""Pras"" Michel, Lauryn Hill, John Forte, Omega",5m43.748s
Dead Prez vs Grizzly Bear - Two Weeks Of Hip Hop,The Mixtape Volume Four,The Hood Internet,"ABX, STV SLV",2m8s
Surf Wax America (Live),Dusty Gems And Raw Nuggets [Bonus Disc],Weezer,Weezer,4m1.905s
Swimming In the Flood,Manners,Passion Pit,,4m59s
Say It Ain't So,Weezer,Weezer,Weezer,4m18.902s
Vacation in England,The Boxed Life,Henry Rollins,,5m49.924s
Track 09,Austin Mix (TOP SECRET),Austin,,3m7.849s
Damage,Return To The 36 Chambers: The Dirty Verson,Ol' Dirty Bastard,,2m48s
Our Composition Book,Gemini,Wild Nothing,,3m46s
"Like a Pimp [Remix] - Pimp C, Project Pat, Three 6 Mafia",Da Unbreakables,Three 6 Mafia,,3m53s
Let's Get Lost,From a Basement on the Hill,Elliott Smith,Elliott Smith,2m27s
Incomplete,UNFUN,JAWBREAKER,,2m43s
"Tonight, Where We Dream to Be",Break The Ice,After Play Rewind,,3m6.943s
Fine Young Cannibals,At Mount Zoomer,Wolf Parade,Wolf Parade,6m34s
Spinning Wheel,60's Greatest Hits,"Blood, Sweat & Tears",,4m7s
What Happened To TV?,What Happened To Television?,The Greyboy Allstars,,3m30s
GCOD Intro,BC13,Brokencyde,,50s
Cellz,Born like this,DOOM,,4m21s
Purified Thoughts (Ft. Gza and Killah Priest),Apollo Kids,Ghostface Killah,GUTTAHIPHOP.COM,3m33s
Gucci Speaks,Movie 3: The Burrprint!,Gucci Mane,,25s
Dance N Chant (Todd Terje Tangoterje Remix),    ,Sam-Jam,,5m32s
Richard II,The Monitor,Titus Andronicus,,5m7s
057. Anton√≠n Dvo≈ô√°k - Rusalka - Mƒõs√≠ƒçku Na Nebi Hlubok√©m.mp3,Classical Music Top 100,VA,,5m56s
Lovers In Japan,Viva La Vida Or Death And All His Friends (Japan Edition),Coldplay,,6m53s
stick me for my riches,8 Diagrams,Wu Tang Clan,,6m10s
045. Charles Camille Saint-Saëns - Danse Macabre.mp3,Classical Music Top 100,VA,,7m10s
Wild Mountain Nation,Wild Mountain Nation,Blitzen Trapper,,2m42s
49 Percent,The Understanding (Disc 1),Röyksopp,,5m13s
Run This Town Clean,2009,Jay-Z Rihanna Kanye West,,4m35s
A City In Florida,4x4=12,deadmau5,,5m38s
Wild Honey Pie,The Beatles [White Album] (Disc 1),The Beatles,John Lennon/Paul McCartney,1m1.37s
Uphill Battle,Instrumental Demos,Saosin,,4m26s
"Endlessly, She Said",Decemberunderground,AFI,,4m28s
The Last Hour,From a Basement on the Hill,Elliott Smith,Elliott Smith,3m27s
Stunt Hard (Instrumental),,Drake,,2m6s
Hustlaz Ambition,The Recession,Young Jeezy,,3m40s
The Fix Is In,OK Go,OK Go,,3m54s
Hands In The Air,Feed The Animals,Girl Talk,,4m20s
Last Words (Radio Edit),Last Words (Radio Edit),The Real Tuesday Weld,,3m47s
Carousel,Greatest Hits,Blink 182,,3m12s
Good Woman,You Are Free,Cat Power,,4m
Fences,The Final Riot!,Paramore,,3m31s
Brazil,Think Tank,Henry Rollins,,9m20.947s
Exia,Dubstep Collection 8,Bombaman,,5m40s
Body Language,Pacha Vol 3,M.A.N.D.Y.,,7m11s
Even Flow,The Ultimate Best Of Pearl Jam,Pearl Jam,,4m55s
Wake Up,Good Apollo I'm Burning Star IV: Volume 1,Coheed and Cambria,,3m44s
Sugar,DMS,Flo Rida ft Wynter,,4m4s
Black Ice (Hymn 4 Disco),Atlantis: Hymns for Disco,k-os,,5m6s
Breathe,Fearless,Taylor Swift,,4m26s
Same Ghost Every Night,Apologies To The Queen Mary,Wolf Parade,Wolf Parade,5m44s
Work ,arroqant.6x.to,Ciara,arroqant.6x.to,4m22s
Follow And Feel,Saosin,Saosin,,3m19s
OMFG,You Are The Night,Deluka,Not Documented,2m55s
Lose You Tonight,Deep Shadows And Brilliant Highlights,H.I.M.,Ville Valo,3m41.727s
Public Service Announcement,The Grey Album,DJ Danger Mouse,"John Lennon, Paul McCartney, Jay-Z",2m47s
Friends 'Til The Weekend,Sleep Without Dreams,2*Sweet,,3m13s
The Other Side Of Summer,The Very Best Of Elvis Costello [Disc 1],Elvis Costello,MacManus,3m53.36s
The Good Left Undone,The Sufferer And The Witness,Rise Against,,3m
Heroes,Dirty Work,All Time Low,,3m48s
Breakadawn,Buhloone Mind State,De La Soul,,4m15s
Champagne Supernova,Time Flies...1994-2009,Oasis,,7m33s
Gotta Be A Star (Remix) Featuring Juliano & S. Money (Produced by Juliano),Show And Prove,Wiz Khalifa,,4m32.648s
Chapa Quente,Rio Baile Funk - Favela Booty Beats,Baile- Favela On Blast,,3m15s
Summer's End,"Echoes, Silence, Patience & Grace",Foo Fighters,Foo Fighters,4m38.035s
Twentyfourseven,Doomtree,Doomtree,,3m30s
¿Viva La Gloria? (Little Girl),21st Century Breakdown,Green Day,,3m49s
Gold Teeth,Real Recognize Real,Project Pat,,3m17s
We're So Far Away,The Everglow,Mae,Mae,3m52.153s
An Orgy of Critics (Demo),Is A Real Boy (demo),Say Anything,,4m1s
Track 09,,,,3m55s
Lost Valley,Dubstep Collection 4,L-OW,,5m35s
Truck Stop Blues,Not Without A Fight,New Found Glory,,2m16s
Bullet With Butterfly Wings,Explains It All,Four Year Strong,,3m6s
No Intention,Bitte Orca,Dirty Projectors,,4m18s
I Do It For Hip Hop (Co-Starring Nas and Jay-Z),Theater Of The Mind,Ludacris,,5m23s
The Afterlife,See Mystery Lights,YACHT,,5m
Table Tennis,Cosmogramma,Flying Lotus,Flying Lotus,3m2s
Faust Arp,In Rainbows,Radiohead,,2m10s
Hero/Heroine,Boys Like Girls,Boys Like Girls,,3m52s
Maps,Fever to Tell,Yeah Yeah Yeahs,,3m39.823s
Felt Chewed Up,Felt 3 (A Tribute To Rosie Perez),Felt (Slug & Murs),,3m43s
In Da Club (The Stroke) revised,Mash Ups,50 Cent,,4m6s
Never Let Me Down (ft. Jay-Z & J-Ivy),The College Dropout,Kanye West,,5m26s
Poisoned Tears,Dubstep Collection 4,Formal Mutation,,5m43s
Hurricane,Vices & Virtues,Panic! At the Disco,,4m26s
I Just Don't Know What To Do W,Elephant,The White Stripes,,2m44s
I Want to Hold Your Hand,Love,The Beatles,,1m23s
Dreaming (D.O.N Tekk Remix Edit),2008,Stereo Palma,,3m17s
Anna Maria (All We Need),Smile Kid (Deluxe Edition),We The Kings,,3m22s
The Greatest Fall (Of All Time),Stories And Alibis,Matchbook Romance,,4m4s
Time Keeps on Slipping,Deltron 3030,Deltron 3030,,4m59s
Dolly,Tripper,Fruit Bats,,2m36s
This Is Love,"The Mother, The Mechanic, And The Path",The Early November,,1m18s
Thnks Fr Th Mmrs,Live at Voodoo Fest '07,Fall Out Boy,,3m16s
Stand to the Side (ft. Novel),Quality ,Talib Kweli ,,6m35s
One Hundred Times,This is A Stick Up...Don't Make it A Murder,Hit The Lights,,3m45s
Song In My Head,A Different Light,Sherwood,,3m50s
The Predatory Wasp Of The Palisades Is Out To Get Us,Illinois,Sufjan Stevens,,5m25.079s
Casual Friday,DFA Compilation #2 [Disc 1],Black Leotard Front,Christian Holstad/Delia Gonzalez/Gavin Russom/Tim Goldsworthy,15m7s
Who Would You Fuck,Supreme Clientele,Ghostface Killah,,2m44s
Steve Wonder - Song Review - 17 - For Once In My Life,,,,2m48s
There's No Here,Farm,Dinosaur Jr,J Mascis,3m39s
Secret Valentine,We The Kings,We The Kings,,3m29s
Track 16,,,,2m37.802s
Murray's Revenge (The End),Murray's Revenge,Murs,,2m40s
I Will Possess Your Heart,"Live on NPR's The Bryant Park Project, May 15, 2008",Death Cab For Cutie,,3m54s
Make Tonight(Live),Bastard Lives Comp.,Emanuel,,3m20s
Independence Day,Live at Crystal Ballroom,Elliott Smith,,4m50s
Hazel (Ewan Pearson Extended Disco Edit),Hazel,Junior Boys,,8m28s
The Robot With Human Hair Pt. 3,Equal Vision/Rise Records 2008 Sampler,Dance Gavin Dance,,3m45s
battle royale,You Have No Idea What You're Getting Yourself Into,"Does It Offend You, Yeah?",,3m39s
Ludacris- Whats Your Fantasy,,,,4m36s
Infra-Red,We Come In Pieces,Placebo,,3m53s
Blinded By the Light (Electro Remix),Dirty Electro House,Michael Mind featuring Manfred Mann's Earth Band,,5m6s
Haemoglobin,Black Market Music,Placebo,,3m46s
American Boy (Featuring Kanye West),Shine,Estelle,,4m45s
Keep Hustlin (Trillbass Remix) [Explicit],Wu-Tang Meets The Indie Culture Vol. 2: Enter The Dubstep [Explicit],Wu-Tang,,4m45s
Village Green,Village Green Preservation Society (Special Deluxe Edition 2004) (CD1 Stereo),The Kinks,,2m10s
People Of The Sun,Evil Empire,Rage Against The Machine,,2m30s
The Enemy Is You,Grand Mal: Studio Rarities,Elliott Smith,,2m22s
"I'm A Pirate, You're A Princess",Texas,Playradioplay!,,5m8s
2 Minutes Maher (Originally Aired 1/13/12),Real Time with Bill Maher,HBO Podcasts,,7m19s
Child Of The Night (feat. Nate Dogg),The Red Light District,Ludacris,,5m2s
My Generation,Chocolate Starfish And The Hot Dog Flavored Water,Limp Bizkit,"Fred Durst, Wes Borland, Sam Rivers, John Otto",3m41.193s
Robot Oeuf,Ed Banger Rec Vol. 3,Uffie,,3m31s
I'll Cry Instead,A Hard Day's Night,The Beatles,,1m50s
10 Galllon Shakedown,demo,Audio Accident,,3m48.948s
There's Always Someone Cooler Than You,"Supersunnyspeedgraphic, The LP",Ben Folds,,4m12s
rise,,herb alpert,,7m37s
No Brains,Does This Look Infected?,Sum 41,Sum 41,2m47s
Where We Went Wrong,Like Vines,The Hush Sound,,3m33s
Around the World/Harder Better Faster Stronger,Alive 2007 [Deluxe Edition],Daft Punk,,39m3s
Appetite (Chicken Lips Extended Vocal Mix),Appetite - EP,Chin Chin,,6m45.513s
Armour Love,La Roux,La Roux,,3m53s
Playing Favorites(Live),Bastard Lives Comp.,The Starting Line,,4m12s
Soap,The Hour Of Reprisal,Ill Bill,,49s
In The Club (DJ Create's N.I.N Remix),Pretox - CD2 - In the Club,50 cent,,4m5s
Apple Blossom,De Stijl,The White Stripes,Jack White/Meg White,2m13s
Curis,Album,Girls,Www.DepoDepo.Fr By Orko61,2m8s
The Words 'best Friend' Become,All's Well That Ends Well,Chiodos,,3m37s
The Artificial,Sky Eats Airplane,Sky Eats Airplane,,6m3s
A Cold Day In Hell,Killing With A Smile,Parkway Drive,Parkway Drive,4m2s
Yesterday's Papers,Between The Buttons [US],The Rolling Stones,,2m5s
Oye Como Va,Ultimate Santana,Santana,,3m36s
Just Dance,,Lady Gaga,,4m39s
The Illest Villains,Madvillainy,Madvillain,Madlib & Doom,1m55s
Just Dance,BluecityPartyMix.vol 25. 2008,Lady GaGa,Bluecity85/deejayb2m,4m4s
Perfect Teeth,I Am The Movie,Motion City Soundtrack,,3m29s
Twilight,1997,Electric Light Orchestra,,3m38s
Madness,Deltron 3030,Deltron 3030,,4m39s
Nelly Furtado - Do it (Jolyon,Electro House Music Remixes-WE,VA,,7m54s
Wendy Clear                   ,1999,Blink 182                     ,,2m53s
"D.A.N.C.E. (MSTRKRFT Remix, With Justice)",Pillowface And His Airplane Chronicles,Steve Aoki,,4m21s
Disenchanted,The Black Parade,My Chemical Romance,,4m56s
"Decisions, Decisions",Say It Like You Mean It,The Starting Line,The Starting Line,3m51s
She's A Lady,"Televison Off, Party On",Forever The Sickest Kids,,4m1s
Holler Til You Pass Out,3oh!3,3oh!3,,3m35s
Since You've Been Gone (Club Remix),,Kelly Clarkson,,5m41s
My Sweet Prince,Without You I'm Nothing,Placebo,,5m46s
J.B. and J.D. (Interlude),Beat Konducta Vol. 6: Dil Withers Suite,Madlib,,42s
Get Sum,Flight School,Wiz Khalifa,,3m42s
The Prince of Parties,Flight of the Conchords,Flight of the Conchords,,1m48.53s
We Are Broken,The Final Riot!,Paramore,,5m26s
Murs Day,Murray's Revenge,Murs,,2m1s
Phone Home (Produced By David Banner),Tha Carter 3,Lil Wayne,,3m12s
Superlyricism,J. Period - Best Of The Roots,The Roots,J.Period,49s
Beer,Our Live Album Is Better Than Your Live Album (Live),Reel Big Fish,,4m8.012s
Sooner Than Later,So Far Gone,Drake,,4m22s
Every Road,Love Alive (Bonus Track Version),"Jay-J, Big Brooklyn Red",,3m47s
Working Class Hero,Plastic Ono Band,John Lennon,John Lennon,3m51s
A Rapid Series of Comical Noises!,It's Not Funny,David Cross,,3m58s
Just A Quiet Evening,Lifetime,Lifetime,,2m17s
Rather Unique.,Doe Or Die.,AZ.,,4m50s
201 My Wife's Crazy!,Shut Up You Fucking Baby!,David Cross,,3m53s
A Moment Suspended In Time,Define The Great Line,Underoath,,4m1s
Total Eclipse of The Heart [October 1983],Faster Than the Speed of Night,Bonnie Tyler,,6m58s
Power,Exclusive Audio Footage,Clipse,,3m58s
Neighborhood #3 (Power Out),Funeral,The Arcade Fire,,5m14s
Charlie,Stadium Arcadium ,Red Hot Chili Peppers,,4m39s
It Don't Move Me,Living Thing,Peter Bjorn and John,,3m22s
I Don't Live Today,Are You Experienced?,Jimi Hendrix,,3m56s
Midnight Thud,"Die, Rugged Man, Die",R.A. the Rugged Man,K. Hertzog/M. Niles/R. Thorburn,3m41s
Music From 'Kill The House Lights',Kill The House Lights,Thursday,,1m20.41s
Five Fingers,None Shall Pass,Aesop Rock,I. Bavitz,4m7s
Let Me Think About It (Fedde le Grand remix),,Ida Corr,,5m47s
13 Optimuz & Droid - Area.mp3,Disc F: The Ruff Step,"Revealomatic - No Bull, More Halfstep",,2m2s
021 Mr Gasparov - 1975,,,,6m40s
Baby Be Mine,Thriller 25,Michael Jackson,R. Temperton,4m20s
Aqueous Transmission,Morning View,Incubus,Incubus,7m46.837s
Whoa Oh! (Me vs. Everyone),Whoa Oh! (Me vs. Everyone) (feat. Selena Gomez) - Single,Forever the Sickest Kids,,3m30s
Hustle Blood (Ft. Jamie Foxx),Sir Lucious Left Foot: The Son of Chico Dusty,Big Boi,,4m1s
Tell Me Why,Fearless,Taylor Swift,,3m22s
Bassline Time,,AC Slater,,5m16s
Get Out Clause,Dubstep Collection 5,MRK1,,5m32s
Brown Eyes,The Fame,Lady GaGa,,4m4s
Noro,Daisy,Brand New,,6m28s
Tainted Love [July 1982],Non-Stop Erotic Cabaret,Soft Cell,,2m42s
Watch The Sunrise,Electrohouse Pack 26.02.2010,Real Booty Deejays,,6m10s
What I Like About You,What I Like About You (Digital 45),The Romantics,,2m56s
Damn You Look Good And I'm Drunk (Scandalous),¡Viva La Cobra!,Cobra Starship,,3m53s
Summerboy,The Fame,Lady GaGa,,4m14s
032 Pangaea - Router,,,,6m31s
Hollow,Off The Deep End,The Friday Night Boys,,3m27s
Tortures Of The Damned,Bayside,Bayside,,3m29s
Ghosts 'n Stuff (Featuring Rob Swire),For Lack Of A Better Name,Deadmau5,,3m15s
Understanding In A Car Crash,Bastard Lives Comp.,Thursday,,4m47s
Give Me Novocaine,American Idiot,Green Day,,3m27s
Once Again (Here To Kick One For You) (feat. Grand Puba & Sadat X of Brand Nubian),So... How's Your Girl?,Handsome Boy Modeling School,,4m2s
Get Off (Jack Beats Remix),raketa4000.blogspot.com,Diplo & Blaqstarr,,4m50s
Cute Without The E ,,Never Shout Never,,4m3s
Electricity,Transistor,311,N. Hexum,2m34.598s
"Build God, then we'll talk",A Fever You Can't Sweat Out,Panic! At The Disco,Panic! At The Disco,3m40.775s
Moment Of Clarity,The Black Album,Jay-Z,9th Wonder/Jay-Z,4m24.126s
Unnamed 2,Louder Now Live Tracking,Taking Back Sunday,,3m19s
Electronic Renaissance,Tigermilk,Belle & Sebastian,,6m59s
I Wanna Be Your Boyfriend (ft. Angel Deradoorian),LP,Discovery,,2m40s
Immortality,The Ultimate Best Of Pearl Jam,Pearl Jam,,5m29s
Can't Knock The Hustle,MTV Unplugged,Jay-Z,,6m7s
Metal Now,...Is A Real Boy [Disc 2],Say Anything,Kevin Sachs,2m44.559s
Javi Mula- Come on (DJ Mocky 2,2010,VA,,4m50s
Smackie the Frog,Strategic Grill Locations,Mitch Hedberg,,3m12s
Desperation,Fragile Future,Hawthorne Heights,,3m28s
Annie Waits,Rockin' The Suburbs,Ben Folds,Ben Folds,4m17s
Samurai,Beats And Pieces Vol. 3 (Disc 1),Jazztronik,Peter Adarkwah,11m14s
Point Me Toward The Morning,A Band In Hope,The Matches,,2m56s
Lately,One Full Year,The Secret Handshake,,4m56s
Gun Love,Greatest Hits,ZZ Top,Hill/Gibbons,3m40s
Careful,brand new eyes,Paramore,,3m50s
Street Life (Feat. Lloyd),Port Of Miami,Rick Ross,,4m8s
Babylon (Feat. Howard Jones) (Prod. By T-Ray),The Hour Of Reprisal,Ill Bill,,5m16s
Gives You Hell,When The World Comes Down,The All-American Rejects,,3m38s
I Woke Up In A Car,Leaving Through The Window,Something Corporate,Andrew McMahon,4m13.051s
III: Mt. Hood Meadows - Powder,Idea Soundtrack,Idea,,6m18s
In My Head,,Mayday Parade,,3m9s
Wish You Were Here,Beneath It All,Hey Monday,,3m18s
And When I Die,Super Hits,"Blood, Sweat & Tears",,4m3s
Little's Enough,We Don't Need to Whisper,Angels & Airwaves,,4m46s
intermezzo,jj n° 2,jj,,2m48s
"Helicopter (Weird Science Remix, Feat. Peaches, With Bloc Party)",Pillowface And His Airplane Chronicles,Steve Aoki,,4m23s
Clouds Crash,A Band In Hope,The Matches,,2m16s
Cardigan Weather (Live),MTV - Discover & Download,Meg & Dia,,2m58s
Fluorescent Half Dome,Bitte Orca,Dirty Projectors,,5m47s
044 Doko - H7,,,,5m36s
Half On A Sack,2005,Three 6 Mafia,,3m27s
Lights,... In Color,The Summer Set,,2m57s
Boston,The Hills-The Soundtrack,Augustana,,4m7s
The Exclusive (Instrumental),Champion Sound,Jaylib,,1m32s
This Wasn't In Our Plan,"The Mother, The Mechanic, And The Path",The Early November,,4m5s
Busted Crunk,Dubstep Collection 8,Reso,,5m26s
Photography,Somebody's Gonna Miss Us,The Starting Line,,6m22s
Wu-Tang: 7th Chamber - Part II,Enter The Wu-Tang (36 Chambers),Wu-Tang Clan,,5m9s
"Long, Long, Long",The Beatles [White Album] [Disc 2],The Beatles,George Harrison,3m4.389s
Children of the Korn,,KoRn,,3m54s
Scratch Tools 5 ,DMS,DJ Whitematic,,2m7s
Cirrus,A Certain Distance - ghostly.rcrdlbl.com,Lusine,,6m39s
The Proud,Quality ,Talib Kweli ,,5m9s
Soft Shock,It's Blitz!,Yeah Yeah Yeahs,,3m53s
Ahhhh...Men,Live at The Chain Reaction,Max Bemis,,4m20s
Poker Face,The Fame,Lady GaGa,,3m58s
Anything goes feat. Turbulance,Guns Don't Kill People... Lazers Do,Major Lazer,,3m16s
Andrea Mattioli & Microsize - Beat Park (Dandi & Ugo Remix),,www.just4dance.fw.hu,www.just4dance.fw.hu,6m27s
The Prodigy - Warriors Dance (,Electro House Music Remixes-WE,VA,,8m7s
Rise,DFA Compilation #2 [Disc 3],Delia Gonzalez & Gavin Russom,Delia Gonzalez/Gavin Russom,5m29s
Don't Violate (Ft. Frayser Boy,2005,Three 6 Mafia,,3m50s
Just Dance (DJ Barletta Crunk Remix),DMS,Lady Gaga,,4m24s
Big Bad Mean Motherfucker,Album,Girls,Www.DepoDepo.Fr By Orko61,2m16s
Stupidity Tries,Figure 8,Elliott Smith,Elliott Smith,4m23s
American Boy (TS7 Remix),American Boy,Estelle,,3m52s
Slowdive (XFM Session),Introns,LCD Soundsystem,,4m10s
Stupid Freestyle (Ft. Playaz Circle),Trappin Ain't Dead,Young Jeezy,,4m21s
Frank Caliendo - Madden Loves Favre,Louder. Harder. Sicker,WDVE Morning Show,,2m11.773s
I Think I Smell a Rat,White Blood Cells,The White Stripes,Jack White/Meg White,2m5s
Our Lawyers... (Live),Q101 Twisted 12,Fall Out Boy,,3m35.272s
Believe Me I'm Lying,Underdog Alma Mater,Forever The Sickest Kids,,3m6s
Oggi Si Cambia (I Kissed a Girl),Le Mie Favole,Syria,,4m5s
They're Real & They're Spectacular,"Party In The Front, Business In The Back",All In Uniform,,4m56.542s
Self-Trepanation,Happiness,Dance Gavin Dance,Oblivians,3m14s
"Beat It B-more (Dj Sega, Dj JD & Dj Excel Remix) (ACA IN)",www.whitefolksgetcrunk.com,Michael Jackson,,2m38s
Ocean And Atlantic,A Lesson In Romantics,Mayday Parade,,3m31s
You're Not Sorry,Fearless,Taylor Swift,,4m24s
Drug Ballad,The Marshall Mathers LP,Eminem,,5m2s
Talk Dat Gangsta,Real Recognize Real,Project Pat,,3m21s
Drones,The Sufferer And The Witness,Rise Against,,3m
Soulmates,We Come In Pieces,Placebo,,3m53s
Love Boat Captain,The Ultimate Best Of Pearl Jam,Pearl Jam,,4m37s
Jigsaw Falling Into Place,In Rainbows,Radiohead,,4m9s
Death Breath,Suicide Season,Bring Me The Horizon,,4m20s
One More Cup of Coffee,The White Stripes,The White Stripes,,3m15s
Big Boys (Dirty),Big Wy Presents: The Soo-Woop Movement,"Big Wy, Mack 10, Jim Jones, The Game",,3m41s
Screw Dat,Who Is Mike Jones?,Mike Jones,,3m19s
Take It Off,Animal,Ke$ha,,3m44s
When U Find,DJ Ill Will & DJ Rockstar Present Wiz Khalifa - Burn After Rolling,Wiz Khalifa,,2m46s
Peter Frampton - Frampton Comes Alive  - 04 - It's a Plain Shame.mp3,Frampton Comes Alive,Peter Frampton,,4m18s
Between Halloweens,A Band In Hope,The Matches,,4m
3030,Deltron 3030,Deltron 3030,,7m30s
Twin Peaks,Astrocoast,Surfer Blood,,3m38s
Nose Art,Cosmogramma,Flying Lotus,Flying Lotus,1m58s
Coke (DZ Remix) [Explicit],Wu-Tang Meets The Indie Culture Vol. 2: Enter The Dubstep [Explicit],Wu-Tang,,4m18s
Hurt Like Mine,Thickfreakness,The Black Keys,,3m29s
Avicii Vs. Empire of the Sun -,Electro House Music Remixes-WE,VA,,7m6s
"063. Wolfgang Amadeus Mozart - Exsultate, Jubilate (K. 165)",Classical Music Top 100,VA,,5m5s
Laugh About It,Seeing Sounds,N.E.R.D.,,4m4s
One Hit Back,Chasing Hamburg,Polar Bear Club,,2m53s
Titus Andronicus Forever,The Monitor,Titus Andronicus,,1m55s
24 Albert - Start Of Something New.mp3,Disc E: The Nice Move,"Revealomatic - No Bull, More Halfstep",,2m34s
American Gangster,American Gangster,Jay-Z,,3m41s
Guetta & Sidekick Vs. Julian t,Electro House Music Remixes-WE,VA,,5m32s
45:33 (Pilooski Remix),45:33 Remixed,LCD Soundsystem,,7m34s
Change Your Mind,Hot Fuss [Bonus Tracks],The Killers,,3m12s
Based On Feeling,My Brain Is Alive,Charles Hamilton,C. Hamilton,5m54s
Straitjacket Feeling,Move Along,The All-American Rejects,,3m38s
Everytime I See You I Go Wild,Animal House,Rivington,,7m4s
I Want To Hold Your Hand,Green Is Blues,Al Green,,2m20s
Gravity Rides Everything,Accepted: Original Motion Picture Soundtrack,Modest Mouse,,4m20s
"Die, Rugged Man, Die!!","Die, Rugged Man, Die",R.A. the Rugged Man,M. Niles/R. Thorburn,4m2s
Sending Postcards From A Plane Crash Wish You Were Here,Take This To Your Grave,Fall Out Boy,,2m57s
Kiss And Sell,Can't Stop Won't Stop,The Maine,,3m7s
Licky (Under The Covers) (Chew Fu Club Mix),Promo Only Mainstream Club July,Shontelle,,5m16s
B.A.R.,DJ Ill Will & DJ Rockstar Present Wiz Khalifa - Burn After Rolling,Wiz Khalifa,,4m28s
"Never Say, ""I Told You So""",Southern Weather,Almost,,3m
Au Vieux,Curb Your Enthusiasm,Christian Toucas,,2m31s
"Down, Down, Down To Mephisto's Cafe",Somewhere in the Between,Streetlight Manifesto,,5m5s
Crazy Little Thing Called Love [March 1980],Queen - Greatest Hits,Queen,,2m43s
Perfectly Lonely,Battle Studies,John Mayer,,4m29s
Beefbud,Scared Famous,Ariel Pink's Haunted Graffiti,,1m53s
It's So Simple,Saosin,Saosin,,2m49s
Virgo (feat. Nas & Doug E. Fresh),The Red Light District,Ludacris,,3m31s
Smoke 'Em If Ya Got 'em,Killing With A Smile,Parkway Drive,Parkway Drive,3m41s
Shy,Ashes Grammar,A Sunny Day In Glasgow,,5m44s
Building Steam With a Grain of Salt,Endtroducing.....,DJ Shadow,,6m42s
Flashback (Beat Thrillerz Remix),,www.just4dance.fw.hu,www.just4dance.fw.hu,6m14s
Drips (Featuring Obie Trice),The Eminem Show,Eminem,,4m46s
The Instrumental,Lupe Fiasco's Food & Liquor,Lupe Fiasco Feat. Jonah Matranga,Mike Shinoda/Brandon Howard,3m26.471s
Steve Wonder - Song Review - 10 - You Are The Sunshine Of My Life,,,,2m56s
Broken Face,Surfer Rosa & Come On Pilgrim,Pixies,,1m31s
Silver Tiles,Sidewalks,Matt & Kim,Kim Schifino/Matt Johnson,3m37s
Bang Smack,Real Recognize Real,Project Pat,,3m26s
Stranded The Line,2008,Jonny Greenwood,,2m22s
Throw Your Hands Up,DMS,LV,,4m55s
104 Phone Call from a Cranky Terrorist,Shut Up You Fucking Baby!,David Cross,,5m41s
Exaltation,Live At Stubb's,Matisyahu,,6m57.726s
Hollywood Divorce,Blow: The 'I Can't Feel My Face' Prequel,Juelz Santana & Lil Wayne,,5m23s
Nobody Puts Baby In The Corner,My Heart Will Always Be The B-Side To My Tongue,Fall Out Boy,Fall Out Boy,3m33.461s
As You Sleep,North,Something Corporate,,3m11.03s
Some of Us Have Angels,Nastradoomus,M.F. Doom,,4m21s
I Think I Love You,The Definitive Collection,David Cassidy & The Partridge Family,,2m53s
Leatherneck,The Big Dirty,Every Time I Die,Every Time I Die,2m8s
Hustle Rose,"Old World Underground, Where",Metric,,5m33s
Back To Back (Active Child Remix),Back To Back - Get Free Music at RCRD LBL.com,Wolf Gang,,4m4s
Dead As History,Ire Works,The Dillinger Escape Plan,,5m30s
The Best Day,Fearless,Taylor Swift,,4m7s
Pour Me Another,You Can't Imagine How Much Fun We're Having,Atmosphere,Atmosphere,4m55s
Tourniquet Man,Bedlam in Goliath,The Mars Volta,,2m38s
Vibrate,Speakerboxxx/The Love Below,Outkast,,6m34s
Q-Tip-You,Q-Tip-The.Renaissance-Retail-2008-[NoFS],Q-Tip,,3m2s
Birds,Crystal Castles,Crystal Castles,,2m31s
Saturday,Take This To Your Grave,Fall Out Boy,,3m42s
Comfy in Nautica,Person Pitch,Panda Bear,,4m5s
glosoli,takk,sigur ros,,6m16s
Show Me Love vs Be (Hardwell Bootleg),,Robin S vs Steve Angello & Laidback Luke,,5m18s
Walking On Sunshine [June 1985],Walking On Sunshine,Katrina & The Waves,,3m59s
Something About Us,Discovery,Daft Punk,,3m52s
Kumon Kumon,O.M.G.!,Rusko,,3m27s
Sexual,demo,Audio Accident,,3m9s
Taxi Part 2,"Spoken Word Guy 2 10-13-07 Ann Arbor, Mi",Henry Rollins,,6m52s
When Love Takes Over (Feat.Kelly Rowland) (Laidback Luke Remix) MP3,When Love Takes Over (Remixes),David Guetta - Kelly Rowland,Frédéric Rister,6m9s
The Truth of My Perception,Shadows Are Security,As I Lay Dying,As I Lay Dying,3m7.733s
Sillygirl (Featuring Joe Scudda),Murray's Revenge,Murs,,3m52s
???,Attack Of The Clones,Jay Electronica,andres reyes,49s
Do You Mind (Controls Remix),Do You Mind,DJ Paleface Ft. Kayla,,5m24s
Jaws Theme Swimming,Deja Entendu,Brand New,,4m35s
"(You're So Square) Baby, I Don't Care",Rave On Buddy Holly,Cee Lo Green,Jerry Leiber/Mike Stoller,1m33s
An Exercise In Self Portraiture: Go Shoot Yourself,Nuclear. Sad. Nuclear,The Number 12 Looks Like You,,1m55.751s
Too Much Love,LCD Soundsystem (Disc 1),LCD Soundsystem,,5m43s
Fancy Footwork (DJ Beebs Chiller Mix),www.whitefolksgetcrunk.com,Chromeo,,4m13s
Gasoline,Daisy,Brand New,,3m33s
Streetcar,Things Aren't So Beautiful Now,A Thorn for Every Heart,A Thorn for Every Heart,3m
Alley Cat,A Different Light,Sherwood,,4m10s
Cold Dark World,Pork And Beans,Weezer,,3m53s
Nothing Like You,The Winter of Mixed Drinks,Frightened Rabbit,,3m4s
04. GERMS - Manimal,VA - The Decline Of Western Ci,,,2m58s
too good to be,Coming Home,New Found Glory,,3m
Heads Will Roll (A-Trak Remix) club edit,2009,Yeah Yeah Yeahs,,6m25s
Everything To Nothing,Mean Everything To Nothing,Manchester Orchestra,,5m38s
057 InaDubState - Black hole,,,,4m16s
Young And Aspiring,"Survive, Kaleidoscope",Underoath,,2m50s
Shrimp Shack,That Thing You Do,Original Soundtrack,,2m22s
Bad Trip,Dubstep Collection 2,Nero,,6m15s
Slow Down (feat. Chrisette Michele)  (Bonus Track),The Big Doe Rehab,Ghostface Killah,,2m36s
End Of Time,Dubstep Collection 8,Sook,,5m48s
Galaxy In Janaki,Cosmogramma,Flying Lotus,Flying Lotus,2m28s
Over My Head (Better off Dead),Does This Look Infected?,Sum 41,Sum 41,2m30s
Voices,Saosin,Saosin,,3m38s
Everything Changes,,C Trip ft. Aceyalone & Mystic,,5m29s
Menina que Corre,Undersea Poem,Undersea Poem,,3m28s
Taste,Merriweather Post Pavilion,Animal Collective,,3m54s
Ignoreland,Automatic For The People,R.E.M.,,4m27.517s
Matches,Dog Problems,The Format,Nate Ruess/Sam Means,2m10s
Playing the Villain,Who Are You Now?,This Providence,,2m4s
SOS Band - Don't Stop The Music,,,,4m10s
Death Falls Silent (Interlude),Legacy Of Blood,Jedi Mind Tricks,,23s
This Must Be It,Junior,Röyksopp,,4m42s
Darling Nicotine,King Vs Queen,Brighten,,4m36s
I Cant Help It (Todd Terje Edit),Disco Re-Adventures,Michael Jackson,,9m38s
Real Love (Remix),What's The 411- Remix,Mary J. Blige featuring B.I.G.,,5m2s
Cecelia/Amanda,"""Basement II"" Demos",Elliott Smith,,3m10s
What If,X&Y,Coldplay,"Chris Martin, Guy Berryman, Jon Buckland, Will Champion",4m57.076s
Can't Get It Out Of My Head,1997,Electric Light Orchestra,,3m8s
Hot - Roscoe P Coldchain & Pusha T,Neptunes Present... Clones,The Neptunes,The Neptunes,3m40s
Stop Whispering,Pablo Honey,Radiohead,Colin Greenwood/Ed O'Brien/Jonny Greenwood/Phil Selway/Thom Yorke,5m26s
Ghost Ride It,Yellow Bus Rydah,Mistah F.A.B.,,3m52s
Sports – Prizefighter,KEXP Song of the Day,Sports – Prizefighter,,5m47s
Morning Comes,You Are The Night,Deluka,Not Documented,3m24s
Show Me What You Got,Kingdom Come,Jay-Z,,3m45s
Bad News,808's And Heartbreaks,Kanye West,,3m59s
Do It Again,Songs For The Deaf,Queens Of The Stone Age,"Josh Homme, Nick Oliveri",4m4.506s
The Grasshopper Unit (Keep Movin'),Hello Nasty,The Beastie Boys,Sylvia Robinson/Melvin Glover,3m1.301s
Im Not Your Boyfriend Baby,Want,3OH!3,,3m46s
Station,"Shame, Shame",Dr. Dog,,3m12s
Eagle Eyez,Ed Rec Vol. 2,Mr Flash,,1m45s
'Till I Collapse (Featuring Nate Dogg),The Eminem Show,Eminem,,4m59s
Whats My Age Again            ,    ,Blink 182                     ,,3m24s
Driven,UNFUN,JAWBREAKER,,3m33s
We No Speak Americano - Original Mix,We No Speak Americano,"Yolanda Be Cool, Dcup",,4m30s
Raise Your Hands (Christopher S & Mike Candys Remix),60 ЛКК,07 Jack Holiday Feat. Roby Rob,,4m10s
White Minority,Damaged & Jealous Again,Black Flag,,1m3s
Mr. Amsterdam,Does This Look Infected?,Sum 41,Sum 41,2m57s
Calling All Cars,Big Black Hole And The Little Baby Star,Sean Hayes,,4m2s
"Theme From ""Cheers""",The Monitor,Titus Andronicus,,5m2s
Sea Legs,Wincing the Night Away,The Shins,,5m23s
Sucka N***a,The Anthology,A Tribe Called Quest,,3m56s
Gucci Speaks 3,Movie 3: The Burrprint!,Gucci Mane,,36s
Bart So So Krispy,,Diplo,,4m30s
Do Ya Head Like This,My Ghetto Report Card,E-40,,4m45s
Solid Gold,Infinity +1,The Golden Filter,,3m23s
Anywhere,,Stacy Clark,,3m16s
Landed,Songs For Silverman,Ben Folds,,4m25s
Move Along,Move Along,The All-American Rejects,,4m1s
Lady Gaga Vs. Coldplay - Viva ,2010,VA,,6m2s
Toney Sigel a.k.a. The Barrel Brothers (feat. Beanie Sigel),The Big Doe Rehab,Ghostface Killah,,3m3s
Headless Horseman,Do You Believe In Gosh,Mitch Hedberg,,2m57s
Cookies,Strategic Grill Locations,Mitch Hedberg,,3m15s
Buried A Lie,Let It Enfold You,Senses Fail,,3m0.024s
R.I.O. - Shine on (DJ Angel Wa,2010,VA,,2m37s
Epileptic Dogs (Live),Season 2 Flight of the Conchords,Flight of the Conchords,,1m10s
Side 2 Side,2005,Three 6 Mafia,,3m39s
Enterlude,Sam's Town,The Killers,,50s
Blow Out,Pablo Honey,Radiohead,Colin Greenwood/Ed O'Brien/Jonny Greenwood/Phil Selway/Thom Yorke,4m42s
Mutiny,Killing With A Smile,Parkway Drive,Parkway Drive,3m18s
Ready Or Not,The Score,The Fugees,"Wyclef Jean, Prakazrel ""Pras"" Michel, Lauryn Hill, W. Hart, T. Bell",3m47.067s
W,Lambs Anger,Mr. Oizo,,2m12s
Bullet The Blue Sky,The Joshua Tree (Remastered / Expanded) (Deluxe Edition) (CD 1),U2,,4m32s
Stuntin' Like My Guitar,Dirty South Dance CD,A-Trak,,3m39.521s
On Top,Hot Fuss [Bonus Tracks],The Killers,,4m19s
Smelyalata,The Yippee,Never Shout Never,,2m36s
Trappin Aint Dead (I'm The Truth) (Produced by MegaMan),Trappin Ain't Dead,Young Jeezy,,3m31s
"Audrey, Start the Revolution",Never Take Friendship Personal,Anberlin,,3m25s
True Love,Basement Demos,Elliott Smith,Bruce Gowdy/Mark Free,5m45s
Story Of A Lonely Guy,2001,blink-182,,3m40s
You Yes You,W H O K I L L,Tune-Yards,,3m35s
02 Guatemala,Listen,Emanuel and The Fear,,3m38s
046 Kirkus - Dirt Box,,,,4m38s
Down Rodeo,Evil Empire,Rage Against The Machine,,5m21s
Two Weeks,Veckatimest,Grizzly Bear,,4m4s
Outkast Ft Sean Paul - Hey Ya - remix,,,,3m48s
"Walking At Night, Alone",What To Do When You Are Dead,Armor For Sleep,Ben Jorgenson & Armor For Sleep,4m14.444s
Porn Star,T.I.-Paper.Trail.Retail-2008-[NoFS],T.I.,,3m32s
Get Out (Album Version),Blue Sky Noise (Deluxe Edition),Circa Survive,,3m5s
"Who Need A ""B"" (Feat. Too Short & Juvenile)",Trill,Bun-B,,4m42s
Honey-Dipped,Saxophonic,Dave Koz,Jeff Lorber,4m23.453s
Lack Of A Better Name,For Lack Of A Better Name,Deadmau5,,6m58s
Another Bag Of Bomb (No Seeds),Beat Konducta Vol. 6: Dil Withers Suite,Madlib,,1m7s
The Recession (intro),The Recession,Young Jeezy,,4m38s
I Wanna Disappear,Mechanical Animals,Marilyn Manson,,2m59s
The Scorpion Deathlock,Plagues,The Devil Wears Prada,,3m51s
04 Little Boots - Meddle (Joker RMX).mp3,Disc E: The Nice Move,"Revealomatic - No Bull, More Halfstep",,1m48s
Outro,Real Recognize Real,Project Pat,,5m46s
Daft Punk Is Playing At My House,Introns,LCD Soundsystem,,6m33s
Colourful,Skream!,Skream,,5m15s
Plans,Farm,Dinosaur Jr,J Mascis,6m42s
Find Me in the World,Ed Banger Rec Vol. 3,DSL,,4m41s
Blood and Fire,Dubstep Collection 2,"DJ Dore, CONstruct",,6m10s
'Cross the Breeze,Daydream Nation,Sonic Youth,Sonic Youth,6m59s
Dory,Veckatimest,Grizzly Bear,,4m26s
Steppin' Stone,Complete Discography,Minor Threat,,2m12s
How Many Mics,The Score,The Fugees,"Wyclef Jean, Prakazrel ""Pras"" Michel, Lauryn Hill",4m29.003s
AZ (feat. Ghostface Killah) vs The Golden Filter - Solid Gold From New York,The Mixtape Volume Four,The Hood Internet,"ABX, STV SLV",1m40s
Poppin' Champagne,"So Wrong, It's Right",All Time Low,,4m56s
Commander (David Guetta Extended Mix),Promo Only Mainstream Club July,Kelly Rowland,,5m58s
"Come One, Come All","So Wrong, It's Right",All Time Low,,3m33s
Keith B-Real I (Interlude),Big Willie Style,Will Smith,,1m7s
Cockney Thug (Caspa Remix),Blow Your Head Volume 1: Diplo Presents Dubstep,Rusko,,4m14s
Paul Rosenberg (Skit),The Eminem Show,Eminem,,23s
Six Shooter,Songs For The Deaf,Queens Of The Stone Age,"Josh Homme, Nick Oliveri",1m19.365s
Purple Stuff,For What It's Worth,Dave Chappelle,,3m47s
My 1st Song,The Grey Album,DJ Danger Mouse,"John Lennon, Paul McCartney, Jay-Z",4m45s
Bitemarks And Bloodstains,Say Hello To Sunshine,Finch,"Nate Barcalow, Randy Strohmeyer, Alex Linares, Derek Doherty, Marc Allen",4m41.263s
Someone Like Me,The Understanding (Disc 1),Röyksopp,,5m24s
Bowtie (Featuring Sleepy Brown & Jazze Pha),Speakerboxxx,Outkast feat. Big Boi,Antwon Patton,3m56.704s
The Cincinnati Kid,Visionary Soul,Ray Charles,Cochran-Schifrin,2m25.356s
Night and day,Only Dancehall,Lyricson,,3m38s
california_girls              ,                              ,beach_boys                    ,,2m33s
Fantasy,xx,The xx,,2m38s
Propozuda R n'Roll,Rio Baile Funk - Favela Booty Beats,Baile- Favela On Blast,,2m39s
Third Engine,Through Being Cool,Saves the Day,Chris Conley,3m40s
Party In Your Bedroom,Take It to the Floor,Cash Cash,"Cash Cash, Sam Hollander & Dave Katz",3m18.995s
pyromania (spencer & hill airplay remix)-fbe,2010,cascada,,5m39s
Galactic Tides,Degeneration Street,The Dears,Murray Lightburn/Natalia Yanchak/Patrick Krief/Rob Benvie,4m38s
Hive Mind,Dubstep Collection 8,Sick Cycle,,5m14s
I Have Become What I've Always Hated,Instrumental Demos,Saosin,,3m42s
Brooke's Lullaby,Live With The Royal Sylvan Philharmonic,Jace Vëk,,5m9s
I Have Friends In Holy Spaces,Pretty. Odd.,Panic At The Disco,,1m56.215s
"Phantom, Pt. 2 (Live)",A Cross the Universe (Live),Justice,,9m54.128s
The Reeling,Manners,Passion Pit,,4m48s
Drunk And Hot Girls (Ft. Mos Def),Graduation,Kanye West,,5m15s
Yelp I Got All Of That,Movie 3: The Burrprint!,Gucci Mane,,4m39s
Maneater (Live on Jo Whitley's LiveLounge),Covers,Panic! At the Disco,,2m36s
01 The Introduction,Listen,Emanuel and The Fear,,2m12s
There Can Only Be One,,Consequence,,1m45s
Track 05,,Remember Thy Name,,3m9.056s
Boys,The Understanding (Disc 2),Röyksopp,,4m46s
Blues,The Boxed Life,Henry Rollins,,4m3.948s
Skulltaste,Skulltaste,Mux Mool,,3m40s
The Hardest Part,X&Y,Coldplay,"Chris Martin, Guy Berryman, Jon Buckland, Will Champion",4m25.079s
So Much For The Afterglow,Explains It All,Four Year Strong,,2m54s
Silver And Gold,The Joshua Tree (Remastered / Expanded) (Deluxe Edition) (CD 2),U2,,4m38s
Bring Me Down ft. Brandy,Late Registration,Kanye West,Kanye West,3m19.041s
King Kong,Yip/Jump Music,Daniel Johnston,,5m46s
HW\Hope Of New Fields,2008,Jonny Greenwood,,2m31s
On More Chance,Used And Abused,Danger Radio,,3m23s
32 Skream feat. Sam Frank - Under The City Lights.mp3,Disc E: The Nice Move,"Revealomatic - No Bull, More Halfstep",,2m3s
S.O.S. (Let The Music Play) (Buzz Junkies Remix Radio Edit),Absolute Dance Winter 2010 (CD.2),Jordin Sparks,,3m26s
Mother Nature,"Spoken Word Guy 2 10-13-07 Ann Arbor, Mi",Henry Rollins,,10m31s
Bayani,2007,Blue Scholars,,2m18s
Funkerman - Speed Up (Ryan Riback's Try To Keep Up Remix),,www.just4dance.fw.hu,www.just4dance.fw.hu,5m14s
All I Want,This Is Happening,LCD Soundsystem,,6m43.446s
W 4,Revolutionary But Gangsta (Retail),Dead Prez,,4m5s
1nce Again ,DMS,A Tribe Called Quest,,4m9s
12th Period: Scandalous Scholastics,As Cruel As School Children,Gym Class Heroes,,4m4s
Chapter III: Nostalgic Mannerisms,Phantom on the Horizon,The Fall of Troy,,7m52s
Thumbing My Way [Live],The Ultimate Best Of Pearl Jam,Pearl Jam,,4m30s
Sink into Me,BE,Taking Back Sunday,,3m4s
041. Giovanni Battista Pergolesi - Stabat Mater.mp3,Classical Music Top 100,VA,,4m19s
Chamber The Cartridge,The Sufferer And The Witness,Rise Against,,3m20s
One More Chance,Number Ones,Michael Jackson,Epic,3m49.25s
It Hurts,We Don't Need to Whisper,Angels & Airwaves,,4m16s
You Know What They Do To Guys Like Us In Prison ,Three Cheers For Sweet Revenge,My Chemical Romance,,2m53.801s
Limousine (MS Rebridge),The Devil And God Are Raging Inside Me,Brand New,Jesse Lacey,7m42.355s
The Last Thing On Your Mind,Lights,Lights,,3m22s
Spina Bifida Boy,"Talk Is Cheap, Vol. 4",Henry Rollins,,8m22.781s
Talent Entrance,My Brain Is Alive,Charles Hamilton Feat. Show Tufli,C. Hamilton,4m55s
Padded Cell,Damaged & Jealous Again,Black Flag,,1m47s
Marching Through Your Head,Say Us,Zeus,,2m24s
Workin' Day And Night (Morsy Mix),Morsy : Dont Hate The 808,Michael Jackson,Motown Club,3m49s
Nothing Gets Crossed Out,"Lifted Or The Story Is In The Soil, Keep Your Ear To The Ground",Bright Eyes,Conor Oberst,4m34.575s
Charles Bradley - The World (Is Going Up In Flames),KEXP Song of the Day,Charles Bradley,,3m23s
Another Batch (Play It Again),Beat Konducta Vol. 6: Dil Withers Suite,Madlib,,1m23s
Candy Shop (Remix),,50 Cent ft. Olivia & Mannie Fresh ,,4m22s
More (AC Slater Remix),www.myspace.com/theacslater,Lismore,,4m36s
Security Part 2,"Spoken Word Guy (Alexandria, VA 11/03/08) [Disc 2]",Henry Rollins,Henry Rollins,3m57.609s
So Hot You Sweat On It (Demo),Demo 2005,Four Year Strong,,3m26s
Baby Comes Around,Scared Famous,Ariel Pink's Haunted Graffiti,,2m29s
Comic-Con,"Spoken Word Guy 2 10-13-07 Ann Arbor, Mi",Henry Rollins,,9m17s
Song Cry,MTV Unplugged,Jay-Z,,7m4s
Damage,Sound Kapital,Handsome Furs,,3m19s
Walkin' On The Moon [Explicit],Love Vs Money [Explicit],The-Dream,Kanye West,4m15s
Last Song,All-American Rejects,The All-American Rejects,,5m1s
Headache,Album,Girls,Www.DepoDepo.Fr By Orko61,4m1s
Make War,"Lifted Or The Story Is In The Soil, Keep Your Ear To The Ground",Bright Eyes,Conor Oberst,6m16.72s
Between You and I,Shh. Just Go with It,Every Avenue,,4m38s
Don't Call Me Peanut,Bayside,Bayside,,3m57s
Valkyrie Missle,We Don't Need to Whisper,Angels & Airwaves,,6m40s
Alligator,Sainthood,Tegan & Sara,,2m44s
Carry On Wayward Son,Kansas,Kansas,,5m23s
A Lifeless Ordinary (Need A Little Help),http,Motion City Soundtrack,,3m26s
D.O.N.S. Dbn Kadoc - The Night,Electro House Music Remixes-WE,VA,,9m36s
Q-Tip-Shaka,Q-Tip-The.Renaissance-Retail-2008-[NoFS],Q-Tip,,3m33s
013 Ld - Primal Instinct,,,,5m9s
Teenage Crime - Axwell & Henrik B Remode,Teenage Crime,Adrian Lux,,7m4s
Security of the First World,1988,Public Enemy,,1m20s
Suffer (Concentration),Beat Konducta Vol. 6: Dil Withers Suite,Madlib,,1m43s
Drug Dealer,Avalon,Anthony Green,,2m52s
Jamie (Live Acoustic),Dusty Gems And Raw Nuggets [Bonus Disc],Weezer,Weezer,4m3.948s
"Timberlake, Justin - Senorita",,,,4m57s
065. Fr√©d√©ric Fran√ßois Chopin - Concerto Pour Piano No. 2 (Op. 21).mp3,Classical Music Top 100,VA,,9m42s
Bodysnatchers (feat. Pharrell),Exclusive Audio Footage,Clipse,,4m51s
Which Way Is Up?,It's Time - Singles and EPs 2005-08,Cause Co-Motion!,,1m32s
Damage Is Done,The Carter Meets The Cartel 2: Lil Wayne & Drake,Lil Wayne & Drake,,2m8s
Just,The Bends,Radiohead,Colin Greenwood/Ed O'Brien/Jonny Greenwood/Phil Selway/Thom Yorke,3m53s
Axe Is Forever,More Fuel for the Fire - EP,Deer Tick,,3m37s
Grand Theft Autumn (Where Is Your Boy?),Live at Voodoo Fest '07,Fall Out Boy,,3m45s
Three Piece Suits,Fl Studio,Nathan King,,5m23s
Symphony No 41 In C Major K 551,The Best Of Mozart,Mozart,,4m45s
Intra,Ed Rec Vol. 2,Mr. Oizo,Quentin Dupieux,1m2s
Hey Stephen,Fearless,Taylor Swift,,4m17s
Flex,Maths And English,Dizzee Rascal,,3m31s
085 Skream - Sandsnake (feat. Cluekid),,,,6m
Run This Town,No Ceilings [illRoots.com],Lil' Wayne,,2m50s
The Head    [ibootleggedyourmum.wordpress.com],Your Mum's Phat Titz January '09 Part 1,The Cock N Bull Kid,Your Mum,3m30s
XO,From Under The Cork Tree,Fall Out Boy,Fall Out Boy,3m41.007s
Superheroes/Human After All Rock'n'Roll,Alive 2007 [Deluxe Edition],Daft Punk,,31m23s
055. Sergej Vassiljevitsj Rachmaninoff - Piano Concerto No. 2 (Op. 18) - Moderato.mp3,Classical Music Top 100,VA,,11m8s
Persian Spheres,Dubstep Collection 4,Raadz,,5m28s
Another Excuse,The DFA Remixes: Chapter One,Soulwax,D. Dewaele/S. Dewaele,7m58s
Outta Sight (Luke Vibert Remix),The Ghostly Remixes,Osborne,,5m7s
I Want To Hear You Sad,The Acoustic EP,The Early November,,3m24.428s
Sunshine,Lupe Fiasco's Food & Liquor,Lupe Fiasco,Soundtrakk,3m55.589s
098. Max Christian Friedrich Bruch - Violinkonzert Nr. 1 (Op. 26) - Adagio.mp3,Classical Music Top 100,VA,,8m41s
Slowly Through A Vector (Demo),Is A Real Boy (demo),Say Anything,,4m56s
"You're A Woman, I'm A Machine","You're A Woman, I'm A Machine",Death From Above 1979,"Jesse F. Keeler, Sebastien Grainger",2m53.29s
You Don't Have A Clue,Junior,Röyksopp,,4m34s
Mixin Dem DRNKS,,After Play Rewind,,1m55.263s
New Orleans Instrumental No. 1,Automatic For The People,R.E.M.,,2m15.72s
Unite,Hello Nasty,The Beastie Boys,Beastie Boys,3m31.789s
Wait Up (Boots of Danger),Champ,Tokyo Police Club,,3m9s
Little Thoughts,Silent Alarm,Bloc Party,,3m27.586s
Disco Sirens (Chicken Lips Dub),Disco Sirens,Midfield General,,7m10s
Lillaby,The Glass Passenger,Jack's Mannequin,,4m45s
New York City                   +6,Glory                         ,Gil Scott-Heron               ,,4m47s
Pass Out,The Red Light District,Ludacris,,4m21s
Youth Blood (12th Planet & Flinch Remix),Blow Your Head Volume 1: Diplo Presents Dubstep,Little Jinder,,4m22s
My Heart,All We Know Is Falling,Paramore,,3m59.211s
023. Wolfgang Amadeus Mozart - Ave Verum Corpus (K. 618).mp3,Classical Music Top 100,VA,,3m25s
We Are Broken,Riot!,Paramore,,3m39s
Decode ,Twilight Soundtrack,Paramore,,4m25s
Weekend,Dye It Blonde,Smith Westerns,,3m20s
Plasticine,Sleeping With Ghosts,Placebo,Placebo,3m27s
Signs,Intimacy,Bloc Party,,4m40s
Given The Chance,Somebody's Gonna Miss Us,The Starting Line,,3m9s
Why I Love You (feat. Mr. Hudson),Watch the Throne  (Deluxe Version),Jay-Z and Kanye West,"Kanye West, Shawn Carter, Mike Dean, Philippe Cerboneschi, Hubert Blanc Francard, Tony Camillo & Mary Sawyer",3m21s
Madonna - Hung Up (Mix Abba - Gimme gimme gimme).mp3,,,,2m54s
Turbulence (Remix) - Mark Bell,Deltron 3030: The Instrumentals,Deltron 3030,,4m19s
Sames and Opposites,These Are Jokes,Demetri Martin,,8m5s
The Final Countdown,The Final Countdown,Europe,,5m12s
Black Out (feat. DJ G.I. Joe),The In Crowd,Kidz In The Hall,,2m39s
Sweet Shop,Blow Your Head Volume 1: Diplo Presents Dubstep,Doctor P,,3m14s
Jeremy,The Ultimate Best Of Pearl Jam,Pearl Jam,,5m22s
You Belong With Me,Fearless,Taylor Swift,,3m53s
"Get Up You Son of a Bitch, Cause Mickey Loves Ya",Pass The Flask,The Bled,,1m31s
Believe Me I'm Lying,"Televison Off, Party On",Forever The Sickest Kids,,3m4s
Supervillainz,Born like this,DOOM,,2m49s
Say Anything (Else),Chroma,Cartel,Will Pugh,3m48.855s
Who Did You Think I Was,Where The Light Is Live In Los Angeles [Disc 1],John Mayer,John Mayer,4m23s
Provoked,"Spoken Word Guy 2 10-13-07 Ann Arbor, Mi",Henry Rollins,,8m6s
Take Yo Bitch,DJ Ill Will & DJ Rockstar Present Wiz Khalifa - Burn After Rolling,Wiz Khalifa,,4m23s
Magic (Falling Soldiers Dub),Lazerproof,Major Lazer & La Roux,,3m33s
095. Erik Alfred Leslie Satie - Gymnop√©die No.1.mp3,Classical Music Top 100,VA,,3m37s
Calypso Blues    [ibootleggedyourmum.wordpress.com],Your Mum's Phat Titz March '09 Mixtape Part 2,Nat King Cole ft. Stephen & Damian Marley,,4m32s
Sweet Child Of Mine 2009 - Dario Nunez Remix,Sweet Child Of Mine 2009,Julian The Angel,,6m2s
Cannot Get Started,Plague Park,Handsome Furs,,3m
Friends,Farm,Dinosaur Jr,J Mascis,4m32s
The Game,Quality Control,Jurassic 5,,4m35s
All Lifestyles,2004,Beastie Boys,,2m34s
Long Train Runnin',Best Of The Doobies,The Doobie Brothers,Tom Johnston,3m27.934s
Passenger Seat,Transatlanticism,Death Cab for Cutie,,3m42s
Half Right,New Moon,Elliott Smith,,3m50.643s
Starstruck,Village Green Preservation Society (Special Deluxe Edition 2004) (CD1 Stereo),The Kinks,,2m22s
Lady Stardust,The Life Aquatic - Studio Sessions,Seu Jorge,,3m32s
Can't Stop Looking,Take It to the Floor,Cash Cash,"Jean Paul Makhlouf, Alexander Luke Makhlouf, Samuel Frisch & Anthony Villacari",2m47.23s
Holy Calamity (Bear Witness II) (feat. DJ Shadow & DJ Quest),So... How's Your Girl?,Handsome Boy Modeling School,,4m3s
Sexy Ladies/Let Me Talk To You Prelude,FutureSex/LoveSound,Justin Timberlake,,5m33s
Dreams Of Psilocybin,Say Hello To Sunshine,Finch,"Nate Barcalow, Randy Strohmeyer, Alex Linares, Derek Doherty, Marc Allen",3m53.267s
Mr. Goodmorning (instrumental),Grand Mal: Studio Rarities,Elliott Smith,,3m33s
Arkestry,Cosmogramma,Flying Lotus,Flying Lotus,2m16s
Killa,W H O K I L L,Tune-Yards,,3m12s
True Love,Live at Crystal Ballroom,Elliott Smith,,6m3s
Casting Such A Thin Shadow,Define The Great Line,Underoath,,6m14s
Grenade Jumper (Acoustic),Live on New Year's Eve,Fall Out Boy,,3m2s
Revolver,Evil Empire,Rage Against The Machine,,5m30s
Goodies,DMS,Ciara Feat Petey Pablo,,6m38s
My Direction,Does This Look Infected?,Sum 41,Sum 41,2m3s
Dirty Beaches - Lord Knows Best,KEXP Song of the Day,Dirty Beaches,,3m24s
Statues,"Skip School, Start Fights",Hit The Lights,,3m5s
On Repeat (XFM Session),Introns,LCD Soundsystem,,6m48s
Strapped (Four-4 Mix) Ft Guilty Simpson,Champion Sound,Jaylib,,2m46s
45:33 (V),45:33,LCD Soundsystem,James Murphy,9m18s
Smells Like Teen Spirit,Crucify,Tori Amos,Dave Grohl/Krist Novoselic/Kurt Cobain,3m11s
Cosmic Girl,Travelling Without Moving,Jamiroquai,Derrick McKenzie/Jason Kay,4m4s
On,A Weekend In The City,Bloc Party,"Kele Okereke, Russell Lissack, Gordon Moakes, Matt Tong",4m47.021s
She Had The World,Pretty. Odd.,Panic At The Disco,,3m47.3s
Teenage Angst,We Come In Pieces,Placebo,,3m41s
That's What She Said,That's What She Said,The Friday Night Boys,,3m13s
While You Wait for the Others,Veckatimest,Grizzly Bear,,4m30s
As Ugly as I Seem,Get Behind Me Satan,The White Stripes,Jack White,4m11s
Diary of a Dope Fiend,Smells Like Children Recalled,Marilyn Manson,,5m57s
093 Ramadanman - Blimey,,,,6m43s
Supervillain intro,Born like this,DOOM,,54s
39 Caspa & Rusko - Rock Bottom.mp3,Disc E: The Nice Move,"Revealomatic - No Bull, More Halfstep",,1m43s
Insomniatic Meat,Say Hello To Sunshine,Finch,"Nate Barcalow, Randy Strohmeyer, Alex Linares, Derek Doherty, Marc Allen",4m26.657s
remorse is for the dead,Ashes Of The Wake,Lamb of God,,5m40s
How Do U Want It,Greatest Hits [Disc 1],2Pac Feat. K-Ci & JoJo,"T. Shakur, J. Jackson",4m49s
One After 909,Let It Be,The Beatles,,2m56s
Ol' Lady,Definition Of Real,Plies,,3m35s
Not A Disturbance.mp3,Act II,Jay Electronica,,2m1s
Ferret,Jersey's Best Dancers,Lifetime,,3m6.456s
Last Night In Miami - Original Mix,www.beatjunks.com,Dave Kurtis,,6m17s
Bricks,The Sufferer And The Witness,Rise Against,,1m31s
Bury Me In The Lovers' Graveyard,Sleep Without Dreams,2*Sweet,,3m29s
Shameless,"So Wrong, It's Right",All Time Low,,3m42s
Venus Doom,Venus Doom,H.I.M.,,5m10s
Let The World Hurry By,Spilling Over Every Side,Pretty Lights,,7m34s
I Want You To Want Me,The Hits Of........,Cheap Trick,,3m44s
Feel So High (Extended Mix),Feel So High,Hardwell Feat. I-fan,,5m56s
Goats On A Boat,Plagues,The Devil Wears Prada,,4m23s
They Call Me (Interlude),Dirty Acres,CunninLynguists,,44s
How The Hell (Featuring I-20 & Young Buck),Release Therapy (Advance),Ludacris,,4m33s
The Ghost Of You,Three Cheers For Sweet Revenge,My Chemical Romance,,3m23.476s
Only This Moment,The Understanding (Disc 1),Röyksopp,,3m57s
Special Needs,We Come In Pieces,Placebo,,4m42s
I'll Never Know,Bend To Break,The Color Fred,,3m53s
Putting Shame In Your Game,Hello Nasty,The Beastie Boys,Beastie Boys,3m37.153s
Matter Of Time,Apples And Oranges,Stacy Clark,,2m35s
"091. Johann Strauss, Jr. - An Der Sch√∂nen Blauen Donau (Op. 314).mp3",Classical Music Top 100,VA,,10m10s
Heres Your Letter,Blink 182,Blink 182,blink-182,2m57s
Walk Through Walls (LV Remix),Dubstep Collection 5,Untold,,5m4s
windmill,8 Diagrams,Wu Tang Clan,,4m32s
Skeletons,It's Blitz!,Yeah Yeah Yeahs,,5m2s
Transmission,Power,Boys Noize,,6m13s
Hello/Goodbye (Uncool) (feat. UNKLE),Lupe Fiasco's The Cool,Lupe Fiasco,,4m26s
Midnight In Her Eyes,Thickfreakness,The Black Keys,,4m6s
The Same Boy You've Always Known,White Blood Cells,The White Stripes,Jack White/Meg White,3m11s
Orphans,The Glass Passenger,Jack's Mannequin,,2m38s
Island In The Sun,Weezer (Green Album),Weezer,,3m20s
Firewall,The People's Key,Bright Eyes,,7m17s
Fuckingham Palace (Modeselektor Remix),Dubstep Collection 2,Alter Ego,,4m29s
Pop You (Featuring Juvenile),Release Therapy (Advance),Ludacris,,2m38s
High School Never Ends,The Great Burrito Extrtion Case,Bowling For Soup,Bowling For Soup,3m31.139s
Dancing Through Sunday,Sing the Sorrow,AFI,AFI,2m26.959s
Alive With the Glory of Love (Demo),Is A Real Boy (demo),Say Anything,,4m22s
Lost In Stereo,Nothing Personal,All Time Low,,3m50s
"Southern Gangsta (Co-Starring Rick Ross, Playaz Circle and Ving Rhames)",Theater Of The Mind,Ludacris,,4m35s
Handsome Furs Hate This City,Plague Park,Handsome Furs,,4m59s
Statues,"Echoes, Silence, Patience & Grace",Foo Fighters,Foo Fighters,3m47.88s
"Mosh Pit - Lil Wyte, Josey Scott, Three 6 Mafia",Da Unbreakables,Three 6 Mafia,,3m38s
In Bloom,Explains It All,Four Year Strong,,3m35s
Big Knowledge,The Boxed Life,Henry Rollins,,14m46.212s
Handcuffin Them Hoes (Ft. Jim Jones),Apollo Kids,Ghostface Killah,GUTTAHIPHOP.COM,2m30s
Best I Ever Had Around,Gooch and DJ George Bailey,Drake and Joe Esposito,,1m29s
Centerfold [February 1982],Freeze Frame,J. Geils Band,,3m38s
Blitz Inc. w/ King Syze and 7L & Esoteric,"Servants In Heaven, Kings In Hell",Jedi Mind Tricks,,3m14.792s
The Drama Summer,Somebody's Gonna Miss Us,The Starting Line,,3m35s
Stranger,"Shame, Shame",Dr. Dog,,3m46s
2 Tyme feat. Jennyfer Jones - Missing You (Thomas Gold Mix),,www.just4dance.fw.hu,www.just4dance.fw.hu,6m28s
What Gets You Off,The Glass Passenger,Jack's Mannequin,,5m8s
Turn To Stone,Light Years,Electric Light Orchestra,,3m51s
My Favorite Accident [Acoustic Live],Acoustic At Tower Records (6/15/05),Motion City Soundtrack,,4m18s
Boarding Pass,Flight School,Wiz Khalifa,,2m39s
Can It Be (Half A Million Dollars and 18 Months Later),Murs For President,Murs,,3m44s
The Official (Instrumental),Champion Sound,Jaylib,,3m8s
Camisado,A Fever You Can't Sweat Out,Panic! At The Disco,Panic! At The Disco,3m11.936s
Star Me Kitten,Automatic For The People,R.E.M.,,3m16.255s
I Shall Grow (Demo),Is A Real Boy (demo),Say Anything,,5m
Misery Business,Riot!,Paramore,,3m32s
The Fallen Interlude,Blink 182,Blink 182,blink-182/Jack Gonzalez,2m15s
You Make Me,Permanent Record: Al In The Box,Weird Al Yankovic,,3m7s
Forever And Always,Fearless,Taylor Swift,,3m47s
Don't Dance,3oh!3,3oh!3,,3m18s
Leash,The Ultimate Best Of Pearl Jam,Pearl Jam,,3m11s
Miami,Louder Now,Taking Back Sunday,Taking Back Sunday,3m41.564s
The Beast,Right About Now (The Official Sucka Free Mix CD),Papoose,,3m50s
Abandon Ship Or Abandon All Hope (Live),"Live @ Chain Reaction, Anaheim CA 10.13.07",Four Year Strong,,3m17s
Love Me Or Hate Me,Queen of Country Music [Box Set] Disc 1,Lady Sovereign,Jack Anglin/Johnnie Wright,3m32s
Narcolepsy,Ben Folds Live,Ben Folds,"Folds, Ben",6m4s
Hold Me In Your Arms,Thickfreakness,The Black Keys,,3m22s
Fall Out Boy - Catch Me if You Can/Proclamation of Emaciation (featuring Travis from Gym Class Heroes) (demo mashup),Welcome to the New Administration (mixtape number 60---),CitizensFOB Mixtape,Hosted & Mixed By Clinton Sparks,2m51s
Bitch (Skit),The Slim Shady LP,Eminem,,20s
Control (Kid Sister),Dirty South Dance CD,A-Trak,,2m33.669s
Discofreunde - Speed Up (Club Mix),,www.just4dance.fw.hu,www.just4dance.fw.hu,6m6s
Tulips Are Better,Suicide Notes And Butterfly Kisses,Atreyu,Alex Varkatzas/Brandon Saller/Dan Jacobs/Travis Miguel,3m27s
"Rosie (Dick Van Dyke, Chita Rivera)",Bye Bye Birdie! - Original Broadway Cast,"Susan Watson,Chita Rivera,Dick Van Dyke,Dick Gautier,Paul Lynde,Michael J. Pollard,Kay Medford","Lee Adams, Charles Strouse",3m47s
Burn Rubber (Dam Funk Remix)  [ibootleggedyourmum.wordpress.com],,Baron Zen,Your Mum,4m54s
Daft Punk Vs. Rolvario Vs. SHM,2010,VA,,7m37s
Before The Lobotomy,21st Century Breakdown,Green Day,,4m37s
The End,The Best of The Doors,The Doors,,11m43s
Intro,Movie 3: The Burrprint!,Gucci Mane,,27s
Turn It Again,Stadium Arcadium ,Red Hot Chili Peppers,,6m7s
Hammer Bros.,Gone fishing (Mixtape),The Cool Kids and Don Cannon,,4m23s
Convertable Balloon,King Of The Beach,Wavves,,2m23s
I Just Wanna Whole Lotta Love,Mash Up,Led Zeppelin vs Jay-Z,,4m40s
A Star is Bortn (feat. J. Cole) ,The Blueprint 3 [Soul Assassin Special Edition],Jay-Z,,3m48s
Guy Ripley (intro),Welcome to the New Administration (mixtape number 60---),CitizensFOB Mixtape,Hosted & Mixed By Clinton Sparks,40s
Ford Fiesta,2009,16 Bit,,4m12s
Draped Up (H-Town Mix) (Feat. The H-Town All Starz),Trill,Bun-B,,38s
14 Same Way,Listen,Emanuel and The Fear,,3m33s
World Of Chances,Here We Go Again,Demi Lovato,,2m51s
12.23.95,Clarity,Jimmy Eat World,,3m44s
Baby Blue        [ibootleggedyourmum.wordpress.com],I Bootlegged Your Mum's Mastertape 2008,Martina Topley-Bird,Your Mum,2m30s
Girl You Have No Faith In Medi,Elephant,The White Stripes,,3m16s
Kid Gloves,Doomtree,Doomtree,,3m35s
Piano Player,We're New Here,Gil Scott-Heron & Jamie XX,Jamie Smith/Gil Scott-Heron,1m16s
Capella - U Got 2 Know [dj Cho,2010,VA,,3m47s
07 07 Gonna Get Caught,Demi Lovato - Don't Forget,Demi Lovato,,3m13s
The Exclusive Ft Percee P,Champion Sound,Jaylib,,1m24s
Congratulations,,Mgmt,,3m59s
Internally Bleeding,Revolutionary Vol. 2,Immortal Technique,,2m45s
Suicide season,Suicide Season,Bring Me The Horizon,,8m18s
The Future,This Is Dubstep Vol.2,Benga,,4m38s
Step Back,Gone fishing (Mixtape),The Cool Kids and Don Cannon,,2m22s
All My Friends,,Say Anything,,2m48s
Hold Tight (Original Edit Mix),Progressive Attack-Chapter 2,Chris Decay,,3m7s
3030,Deltron 3030: The Instrumentals,Deltron 3030,,6m56s
Allure,The Grey Album,DJ Danger Mouse,"John Lennon, Paul McCartney, Jay-Z",4m9s
Mad Kidz,Mad Kidz,Crookers,,5m1s
The bomb,"12"" Vinyl",The Bucketheads,,14m50s
Love Czars (Remix) (Snippet),B-Sides,Jay Electronica,,1m55s
Things Aren't So Beautiful Now (Pt. II),Things Aren't So Beautiful Now,A Thorn for Every Heart,A Thorn for Every Heart,3m23s
Strawberry Fields Forever,Love,The Beatles,,4m33s
Infinity (Klass Edit),Pioneer The Album Vol.10,Guru Josh Project,,3m10s
Silver Bullet,The Silence In Black And White,Hawthorne Heights,Hawthorne Heights,4m3.438s
Sweet Adeline,XO,Elliott Smith,Elliott Smith,3m15s
Let's Do It (prod. 6th Sense & Frequency),Just Do It: A Mixtape Ode To Nike,6th Sense & Mick Boogie,,3m40s
I'll Let You Live,Louder Now Live Tracking,Taking Back Sunday,,4m41s
Final (Live),A Cross the Universe (Live),Justice,,2m55.612s
Whenever,Plain Pat & Emile Presents a KiD named CuDi,KiD CuDi,,2m4s
Justice In Murder,No World For Tomorrow,Coheed & Cambria,,4m29s
Trampled Under Foot,Physical Graffiti,Led Zeppelin,,5m37s
Sweet Home Alabama Vs. Country Grammar (Mash-Up),Mash Up,Lynyrd Skynyrd Vs. Nelly ,,4m27s
Dog,Ed Banger Rec Vol. 3,SebastiAn,,3m37s
Runaway,North,Something Corporate,,3m5.248s
Debate Part 1,"Spoken Word Guy (Alexandria, VA 11/03/08) [Disc 1]",Henry Rollins,Henry Rollins,8m30.235s
Dakota,On Your Side,A Rocket To The Moon,,3m23s
Pressure,Lupe Fiasco's Food & Liquor,Lupe Fiasco Feat. Jay-Z,Profylic,4m47.091s
A Beautiful Green             ,2004,Punchline                     ,,3m56s
Strings Of Death,Ed Rec Vol. 2,Krazy Baldhead,,4m3s
Freakin,Infinity +1,Soundstream,,1m35s
First Love,Suited and Looted,Uffie,V. Sedbohape,5m
We Built Another World,Apologies To The Queen Mary,Wolf Parade,Wolf Parade,3m15s
"Gravity's Rainbow (Soulwax Remix, With Klaxons)",Pillowface And His Airplane Chronicles,Steve Aoki,,5m4s
Dead Songs,Kill The House Lights,Thursday,,2m54.219s
Lorelei,Live With The Royal Sylvan Philharmonic,Jace Vëk,,6m28s
Surgically Removing The Tracking Device,In Defense Of The Genre,Say Anything,,2m31s
"Men Are From Mars, Women Are From Hell (Live)","Live @ Chain Reaction, Anaheim CA 10.13.07",Four Year Strong,,2m40s
Where Is My Mind (Bassnectar Remix),http://salacioussound.com,Pixies,,4m20s
Piggies,The Beatles [White Album] (Disc 1),The Beatles,George Harrison,2m4.412s
Glamorous (Feat. Ludacris),The Dutchess,Fergie,,4m7s
Shake It,Metro Station,Metro Station,,3m2s
Barbership (Featuring Big Pooh),Murray's Revenge,Murs,,5m2s
ForeverAndAlways,,A Rocket To The Moon,,3m42s
Skyway Avenue,We The Kings,We The Kings,,3m27s
Track 04,EP,Been Bradley,,4m16.348s
Less Than Human,DFA Compilation #2 [Disc 2],The Juan Maclean,The Juan Maclean,4m14s
Still Fighting It,Rockin' The Suburbs,Ben Folds,Ben Folds,4m26s
We Are One,A Band In Hope,The Matches,,3m5s
Baby C'mon,Return To The 36 Chambers: The Dirty Verson,Ol' Dirty Bastard,,3m26s
The Unmanageable Superstate,The Animal Strings Album,Call It Arson,,5m17.695s
Are We The Waiting,American Idiot,Green Day,,2m44s
1st & 10 (feat. I-20 & Lil' Fate),Back For The First Time,Ludacris,Bangladesh,3m43s
First Place Winner (Ft. Swizz Beatz),The Carter Meets The Cartel 2: Lil Wayne & Drake,Lil Wayne & Drake,,1m57s
Know Your Enemy,21st Century Breakdown,Green Day,,3m11s
Steve Wonder - Song Review - 04 - Sir Duke,,The Strokes,,3m52s
Waltz #1,XO,Elliott Smith,Elliott Smith,3m22s
She Had The World,The String Quartet Tribute to Panic At the Disco's Pretty. Odd,Vitamin String Quartet,,3m45s
Say This Sooner,Southern Weather,Almost,,3m15s
Spur Of The Moment (feat. DJ Quik),The Red Light District,Ludacris,,4m16s
In The Background,This Is Dubstep Vol.2,Cyrus,,5m5s
Holy Moly,Ear Drum,Talib Kweli,,2m10s
Gate C-61,Live With The Royal Sylvan Philharmonic,Jace Vëk,,3m1s
Come Back Home (Reprised),Fragile Future,Hawthorne Heights,,4m13s
We Got It for Cheap (Intro),Hell Hath No Fury,Clipse,G. Thornton/P. Williams/T. Gozney Thornton,3m42s
I Am Mine,The Ultimate Best Of Pearl Jam,Pearl Jam,,3m36s
& Pete Krebs - Shytown/No Confidence Man Single - 01 - Shytown,Shytown,Elliott Smith,,4m11s
Emerge,The DFA Remixes: Chapter One,Fischerspooner,Casey Spooner/Warren Fischer,4m16s
House Of Cards,In Rainbows,Radiohead,,5m28s
CrushCrushCrush,The Final Riot!,Paramore,,3m15s
La Rivalita,Controversy Loves Company,The Audition,,2m37s
Abandon Ship,GNV FLA,Less Than Jake,,3m32s
Freeze (Feat. Chris Brown),2008,T-Pain,,3m40s
Knockin' Erol Down,Dirty South Dance CD,A-Trak,,3m32.3s
Too Much Love (Rub 'N' Tug Mix),Introns,LCD Soundsystem,,8m32s
Spit the Dark,Howl,Empires,,5m35s
Hora Zero,11:11,Rodrigo y Gabriela,,5m25s
"Tiny Portions, Artful Abortions (Demo)",Is A Real Boy (demo),Say Anything,,2m48s
Purexed,Never Better,P.O.S.,,3m14s
Thank You For The Venom,Three Cheers For Sweet Revenge,My Chemical Romance,,3m41.146s
Simple As...,Man On The Moon: The End Of Day,KiD CuDi,,2m31s
Second Chance,Gimme Some,Peter Bjorn and John,,4m13s
Telephone (Feat. Beyoncé),The Fame Monster,Lady GaGa,,3m41s
True to Me,Metro Station,Metro Station,,2m54s
So Far So Great,Here We Go Again,Demi Lovato,,2m15s
Caffeinated Consciousness,Nine Types Of Light,TV On The Radio,,3m22s
Her Majesty,Abbey Road,The Beatles,,38s
Ask Me Anything,First Impressions Of Earth,The Strokes,"Julian Casablancas, Nick Valensi",3m12.563s
Soulja Boy vs Joe Jackson - Swaggin' Out,The Mixtape Volume Four,The Hood Internet,"ABX, STV SLV",1m14s
I'm Ballin' (Feat. Jazze Pha),Trill,Bun-B,,4m22s
"Super Poderosas, Danadao,Chaparral Rap Pantanal",I Luv Baile Funk,Baile- Favela On Blast,Nossa,1m37s
We Like the Cars That Go Boom,,LeTigre,,3m54s
...As A Result of Signals Being Crossed,The Always Open Mouth,Fear Before the March of Flames,,4m3s
Can You Let Me Know,Xtreme,Lupe Fiasco,,1m52s
L.G. Fuad [Acoustic Live],Acoustic At Tower Records (6/15/05),Motion City Soundtrack,,4m30s
Old Souls,Inception (OST),Hans Zimmer,,7m44s
California English,Contra,Vampire Weekend,,2m30s
Dirty Little Secret,Move Along,The All-American Rejects,,3m14s
I Want to Hear You Sad,Bastard Lives Comp.,The Early November,,3m36s
...But Home Is Nowhere,Sing the Sorrow,Fi,AFI,15m6.669s
Diamonds from Sierra Leone (Bonus Track),Late Registration,Kanye West,Kanye West,3m58.794s
November 18th,So Far Gone,Drake,,3m7s
Out In The Woods (Woodsorama Remix),Out In The Woods (Woodsorama Remix) - Get Free Music at RCRD LBL.com ,"Birds and Batteries
Birds and Batteries
",,6m46s
Footloose [April 1984],"""Footloose"" Soundtrack",Kenny Loggins,,3m50s
Henry The 8th,Army Of The Pharaos: The Torture Papers,Jedi Mind Tricks,E. Littlepage/M. Collazo/M. Henzey/S. Lacey/V. Luviner,3m40s
"Desolation Row (From ""Watchmen"")","Desolation Row (From ""Watchmen"") - Single",My Chemical Romance,,2m59.35s
100 Cotti Vs. Mr. Party - Dem Fi Know (feat. Jammer),,,,5m6s
Quicksand [mad decent remix no.1],Quicksand,La Roux,,5m9s
The Sadness Will Never End VS. Skrillex,Myspace,Skrillex,,6m1s
Face To Face,Discovery,Daft Punk,,4m
Wonderful (feat. Devin The Dude),Dirty Acres,CunninLynguists,,3m28s
My Fault,The Slim Shady LP,Eminem,,4m3s
The Crawl,Without You I'm Nothing,Placebo,,2m59s
Session 2,"The Mother, The Mechanic, And The Path",The Early November,,40s
Look Back And Laugh,Complete Discography,Minor Threat,,3m17s
Broken Silence,Pangaea,Visionaries,KeyKool,5m21.039s
One For The Head Skit,Arular,M.I.A.,,29.559s
Green Eyes,King Of The Beach,Wavves,,3m47s
Q-Tip-Manwomanboogie (Ft. Amanda Diva),Q-Tip-The.Renaissance-Retail-2008-[NoFS],Q-Tip,,3m6s
Frogs and Bears,Strategic Grill Locations,Mitch Hedberg,,3m
OJ Da Juiceman (feat. Gucci Mane) vs Discovery - Make The Loop Say Aye,The Mixtape Volume Four,The Hood Internet,"ABX, STV SLV",2m3s
Trick Daddy - Sugar On My Tongue ft Ludacris Lil Kim,,Trick Daddy,,4m1s
16 Vex'd - Thunder.mp3,Disc F: The Ruff Step,"Revealomatic - No Bull, More Halfstep",,2m13s
Disco Infiltrator (FK's Infilt,Introns,LCD Soundsystem,,7m18s
Sweet Tangerine,Like Vines,The Hush Sound,,3m5s
Come Back To Me,Every Second Counts,Plain White T's,,3m24s
This Is Where The Fun Stops (feat. Reef The Lost Cauze),Black Snow,Snowgoons,,4m40s
The Spirit Of Hate (Interlude),Legacy Of Blood,Jedi Mind Tricks,,1m
Showdown At P-Town,Baseball,Say Anything,,3m3s
Break Up (Ft. Short Dawg & Gudda Gudda) ,No Ceilings [illRoots.com],Lil' Wayne,,3m53s
Good News,Leaving Through The Window,Something Corporate,Andrew McMahon,3m51.967s
"Rum Is For Drinking, Not For Burning",Let It Enfold You,Senses Fail,,2m43.282s
Creature Feature,Transistor,311,"A. Willis, A. Wills, D. Martinez, S.A. Martinez",2m39.265s
Cobra Starship - I Kissed a Boy,Welcome to the New Administration (mixtape number 60---),CitizensFOB Mixtape,Hosted & Mixed By Clinton Sparks,3m1s
Bongo song (Jackos remix),Ed Rec Vol. 1,Zongamin,,5m46s
The Main Inspiration (Coltrane of Beats),Beat Konducta Vol. 5: Dil Cosby Suite,Madlib,,2m17s
Track 07,EP,Been Bradley,,3m45.071s
Illusions,Shadows Are Security,As I Lay Dying,As I Lay Dying,5m47.416s
Emergency,The Final Riot!,Paramore,,5m23s
"""Whoa"" Intro","Live at Norwegian Wood - June 14, 2008",Paramore,,49s
I Like What I See (Joker Mix),2009,The Body Snatchers feat. Goldmouf,,4m9s
You Can Do Better Than Me,Narrow Stairs,Death Cab For Cutie,,2m
Chapter V: The Walls Bled Lust,Phantom on the Horizon,The Fall of Troy,,8m8s
Wassup,Flight School,Wiz Khalifa,,1m44s
Talking Bird,"Live on NPR's The Bryant Park Project, May 15, 2008",Death Cab For Cutie,,3m27s
Liar (It Takes One To Know One),Louder Now,Taking Back Sunday,Taking Back Sunday,3m9.892s
"Let Me Tell You, Baby",Doomtree,Doomtree,,3m19s
The Scientist,A Rush Of Blood To The Head,Coldplay,Buckland/Champion/Martin,5m9.266s
The Big Three Killed My Baby,The White Stripes,The White Stripes,,2m31s
The Next Episode,DMS,Dr Dre,,4m3s
Beautiful Ghost / Introduction To Songs Of Experience,The Joshua Tree (Remastered / Expanded) (Deluxe Edition) (CD 2),U2,,3m57s
Secondary,Your Favorite Weapon,Brand New,,2m52s
The After Dinner Playback(Live),Bastard Lives Comp.,From Autumn To Ashes,,4m51s
Speed Trials,Either/Or,Elliott Smith,Elliott Smith,3m1s
Break Myself,North,Something Corporate,,3m18.251s
Take It Slow,The Weekend: Friday,Forever The Sickest Kids,,2m44s
90s_FINALMIX,,,,3m46s
I Might Be Wrong,Amnesiac,Radiohead,,4m53s
Chapter IV: Enter The Black Demon,Phantom on the Horizon,The Fall of Troy,,5m36s
Snakes On A Plane - The Theme (Score),Snakes On A Plane: The Album,Trevor Rabin,,4m16s
Can't Stop Now (Armor Love Remix),Lazerproof,Major Lazer & La Roux,,3m40s
049 Teksteppa - Original Ruffnex,,,,6m41s
Love Story,Deltron 3030,Deltron 3030,,3m26s
You Are The Moon,Like Vines,The Hush Sound,,3m28s
Matters of Blood and Connection,The Shade Of Poison Trees,Dashboard Confessional,,2m24s
Girls Night Out (Andy Harding Extended Club Mix),Promo Only Mainstream Club July,Jenna Drey,,5m46s
Sweet,American Gangster,Jay-Z,,3m28s
anything new mix with cymblies,,,,5m51s
Yellow Submarine,Yellow Submarine,The Beatles,John Lennon/Paul McCartney,2m43s
Cemetery Drive,Three Cheers For Sweet Revenge,My Chemical Romance,,3m8.128s
Dear Maria,"So Wrong, It's Right",All Time Low,,3m3s
Brothers On A Hotel Bed,Plans,Death Cab For Cutie,,4m31s
Disco Infiltrator,LCD Soundsystem (Disc 1),LCD Soundsystem,,4m56s
Roll The Credits,Writer's Block,Peter Bjorn And John,,6m33s
Alexander Kowalski - Puesta De Sol (Stimming Remix),,www.just4dance.fw.hu,www.just4dance.fw.hu,6m55s
I Feel Good,,James Brown,,2m47s
Folkin' Around,Pretty. Odd.,Panic At The Disco,,1m55.519s
Homecoming  (Ft. Chris Martin),Graduation,Kanye West,,3m24s
A River In Egypt,"Talk Is Cheap, Vol. 1",Henry Rollins,,15m27s
Gone ,Late Registration,Kanye West,,6m4s
Interview,Decemberunderground,AFI,,4m18s
Their City,A Band In Hope,The Matches,,4m16s
Rarely,Yip/Jump Music,Daniel Johnston,,52s
Leaving,,The Starting Line,,3m34s
Our Lady Of Sorrows,"I Brought You My Bullets, You Brought Me Your Love",My Chemical Romance,My Chemical Romance,2m6s
Middle Of The Night,A Different Light,Sherwood,,3m31s
Gotta Be Somebody's Blues,Chase This Light,Jimmy Eat World,,4m48s
Everlasting Cocksucker 2,Smells Like Children (Recalle,Marilyn Manson,,5m8s
Sexual Man Chocolate,Shazam!,Attack Attack!,,3m17s
Miss You,Some Girls,The Rolling Stones,"M. Jagger, K. Richards",4m50s
Pretend. Release. The Close,Relativity,Emarosa,,3m1s
The More You Talk The Less I Hear,What To Do When You Are Dead,Armor For Sleep,Ben Jorgenson & Armor For Sleep,4m4.877s
Public Service Announcement,The Slim Shady LP,Eminem,,33s
Xxplosive (Instrumental),RnB and Hip Hop Instrumentals,Dr Dre,,3m35s
Anyone's Ghost,High Violet,The National,,2m54s
Therapy (Feat. Kanye West),2008,T-Pain,,3m37s
Don't Get Caught,Let's Get It: Thug Motivation 101,Young Jeezy,"J. Jenkins, K. Crowe, E. Oritz, C. Brown",4m17.439s
(Not The) Greatest Rapper,(Not The) Greatest Rapper,1000 Clowns,,3m52s
Where Eagles Dare,Collection,The Misfits,,2m8.476s
Black Steel in the Hour of Cha,It Takes A Nation Of Millions ,Public Enemy,,6m24s
Spitshine Sonata,Pass The Flask,The Bled,,3m31s
Kid A,Strung Out On Kid A,The Tallywood Strings,Radiohead,4m54s
The Hong Kong Triad,The Mirror Conspiracy,Thievery Corporation,,3m
Oh Word?,2004,Beastie Boys,,3m
DLZ,"Dear Science,",TV on the Radio,,3m49s
All My Friends (Franz Ferdinan,A Bunch Of Stuff EP,LCD Soundsystem,,5m55s
11 Excision & Datsik - Swagga.mp3,Disc F: The Ruff Step,"Revealomatic - No Bull, More Halfstep",,1m48s
Broadcasting Live,Gone fishing (Mixtape),The Cool Kids and Don Cannon,,2m29s
"This Ain't a Scene, It's an Arms Race",Live in Phoenix,Fall Out Boy,,3m46s
Photographic Memory,Sky Eats Airplane,Sky Eats Airplane,,4m37s
Monster,Something Real,Meg & Dia,Dia Frampton/Meg Frampton,2m40s
"Riffs and Variations on a Single Note for Jelly Roll, Earl Hines, Louis Armstrong, Baby Dodds, and t",Illinois,Sufjan Stevens,,47s
Hustler Musik,Tha Carter II,Lil Wayne,D. Carter & T-Mix,5m3.786s
Severed Hand,The Ultimate Best Of Pearl Jam,Pearl Jam,,4m30s
Everybody's Got Something To Hide Except Me And My Monkey,The Beatles [White Album] [Disc 2],The Beatles,John Lennon/Paul McCartney,2m24.729s
You & I (Original Mix),Dubstep Collection 3,Pangaea,,5m57s
Get Ya Mind Right,Let's Get It: Thug Motivation 101,Young Jeezy,"J. Jenkins, D. Stewart",3m41.286s
I Feel Good,What The Fuck Is A Jay Electronica,Jay Electronica,,3m47s
The Writhing South (Demo),Is A Real Boy (demo),Say Anything,,4m45s
Act Too...Love Of My Life,J. Period - Best Of The Roots,The Roots,J.Period,1m46s
Smart Went Crazy,You Can't Imagine How Much Fun We're Having,Atmosphere,,3m39s
You Are Not Alone,Number Ones,Michael Jackson,Epic,4m34.436s
Satelllliiiiiteee,Cosmogramma,Flying Lotus,Flying Lotus,2m13s
When The Lines Go Down,Different Damage,Q And Not U,Q And Not U,2m28.979s
Less Cute,Say Anything,Say Anything,,3m6s
Breathe In,"Skip School, Start Fights",Hit The Lights,,3m9s
Vultures,Where The Light Is Live In Los Angeles [Disc 1],John Mayer,John Mayer,5m20s
Moth's Wings,Manners,Passion Pit,,4m16s
This Is Who I Am (Prod. By DJ Muggs),The Hour Of Reprisal,Ill Bill,,3m20s
Nevada,You Are The Night,Deluka,Not Documented,2m47s
Lost,Break The Ice,After Play Rewind,,3m1.742s
Division Day,Live at Crystal Ballroom,Elliott Smith,,3m26s
I Can Hear Your Feet (Sunrise),I AM JUST A RAPPER ,Childish Gambino,,2m57s
Failure's Not Flattering,Hits,New Found Glory,,3m51.34s
Pick Me Up,Dog Problems,The Format,Nate Ruess/Sam Means,3m47s
Passing the Petal 2 You,Scared Famous,Ariel Pink's Haunted Graffiti,,2m51s
Sunday¿s Best,Forever Comes Too Soon,The Years Gone By,,4m18s
Love Me Girl,Odd Blood,Yeasayer,,5m3s
The Dufrenes,Strategic Grill Locations,Mitch Hedberg,,1m22s
I Don't Love You,The Black Parade,My Chemical Romance,,4m
035. Ludwig van Beethoven - Für Elise (WoO 59).mp3,Classical Music Top 100,VA,,2m53s
Man Fading,New Sacred Cow,Kenna,,4m5.76s
Breakdown,Underdog Alma Mater,Forever The Sickest Kids,,3m38s
I Know There's An Answer,,The Beach Boys,,3m9s
Sound Is Vibration            ,    ,Atmosphere                    ,,3m57s
Tony The Tiger,Mean Everything To Nothing,Manchester Orchestra,,3m10s
Here Comes the Sun / the Inner Light,Love,The Beatles,,4m18s
Bloodbuzz Ohio,High Violet,The National,,4m37s
Wise Word by GLC,Gone fishing (Mixtape),The Cool Kids and Don Cannon,,56s
"Sugar, We're Goin' Down",String Quartet Tribute To Fall Out Boy,Fall Out Boy (String Quartet),,4m7s
The End,Crazy For You,Best Coast,Best Coast,2m42s
Either/Or,Grand Mal: Studio Rarities,Elliott Smith,,2m28s
Y'All Know,Big Willie Style,Will Smith,,3m57s
Tenderness [February 1985],All The Rage,General Public,,3m32s
Reload It,"Decent Work For Decent Pay, Collected Works Volume One",Diplo,,3m48s
Penny Lane,Magical Mystery Tour,The Beatles,,3m4s
Soul Music,Liberation,Talib Kweli & Madlib,,2m29s
Every You Every Me,Without You I'm Nothing,Placebo,,3m33.855s
The end,The Black Parade is Dead !,My Chemical Romance,,2m35s
Sit Down. Stand Up.,Hail To The Theif,Radiohead,Radiohead,4m15s
10 Cupid's Chokehold (Featuring Patr,,Gym Class Heroes,,4m6s
16th chamber o.d.b special,8 Diagrams,Wu Tang Clan,,2m46s
Lets Talk Money,The Carter Meets The Cartel 2: Lil Wayne & Drake,Lil Wayne & Drake,,1m1s
Gucci Bandana (Feat Gucci Mane And Shawty Lo),iSouljaBoyTellem,Soulja Boy,,3m57s
I Feel Like Dying (Flying Lotus Remix),everyoneloveshiphop.com,Lil Wayne,www.EveryoneLovesHipHop.com,2m39s
Party At A Rich Dude's House,Animal,Ke$ha,,3m18s
45:33 (Prins Thomas Diskomiks,45:33 Remixed,LCD Soundsystem,,9m2s
Can You Keep A Secret?,Whisper War,The Cab,,3m51s
Whaleface,Felt 3 (A Tribute To Rosie Perez),Felt (Slug & Murs),,2m53s
Everyday I Have The Blues,Where The Light Is Live In Los Angeles [Disc 1],John Mayer,John Mayer,4m14s
Stress (Auto Remix),Ed Banger Rec Vol. 3,Justice,,6m25s
45:33 (Iii),45:33,LCD Soundsystem,James Murphy,8m30s
Love Can't Turn Around (Lifelike Remix),Infinity +1,Farley Jackmaster Funk,,2m39s
What More Can I Say,The Black Album,Jay-Z,9th Wonder/Jay-Z,4m55.218s
100%  (Treasure Fingers Pemberton Mix),DJCity.com,Chromeo,,5m34s
Flossin (Feat Big Moe),Who Is Mike Jones?,Mike Jones,,3m10s
Everything Reminds Me of Her,Figure 8,Elliott Smith,Elliott Smith,2m37s
Weightless,Weightless,All Time Low,,3m18s
Bring Me Down,Late Orchestration,Kanye West,,3m22s
"Michael Jackson vs Ratatat - Billie ""Wildcat"" Jean",The Mixtape Volume Four,The Hood Internet,"ABX, STV SLV",1m41s
White Nigger (Prod. By Ill Bill),The Hour Of Reprisal,Ill Bill,,4m2s
Golden,Live in Phoenix,Fall Out Boy,,2m30s
Place Is Here Time Is Now,Dubstep Collection 4,Prospecta,,4m59s
Watch Out Now,DMS,Beatnuts,,5m49s
Maniac (R.O.D),Rise Or Die Trying,Four Year Strong,,3m9s
Heads Or Tails? Real Or Not,Relativity,Emarosa,,5m2s
Blind (Original Mix),Dubstep Collection 4,Randomer,,5m46s
One Minute Man ,DMS,Missy ft. Ludacris & Jay-Z,,3m44s
Packt Like Sardines In  A...,Amnesiac Promo,Radiohead,,3m59s
Holy Smokes,"Fast Cars, Danger, Fire and Knives",Aesop Rock,,3m52s
Dear Jamie...Sincerely Me,Avocado EP,Hellogoodbye,,6m46s
Way More Brazil,"Decent Work For Decent Pay, Collected Works Volume One",Diplo,,3m21s
Tell Me Baby,Stadium Arcadium ,Red Hot Chili Peppers,,4m8s
Letdown,Who Are You Now?,This Providence,,3m39s
99 Problems But A Glitch Aint One,Twerkshop Mashups,JayZ vs Glitch Mob,,3m50s
7 Daughters,Power,Q And Not U,,2m24s
¡Viva La Gloria!,21st Century Breakdown,Green Day,,3m31s
Give Ya (Ft. Trey Songz),The Carter Meets The Cartel 2: Lil Wayne & Drake,Lil Wayne & Drake,,1m44s
15 Simple Eyes,Listen,Emanuel and The Fear,,4m3s
Introduce a Little Anarchy,The Dark Knight,The Dark Knight,,3m43s
Bassment Party,The Bake Sale,The Cool Kids,,3m27.098s
Young n Free fx down - 2,,k flay,,3m27s
Bring the Goons Out,,Jim Jones,,3m52s
Read My Mind,Sam's Town,The Killers,,4m7s
All Again For You,We The Kings,We The Kings,,3m7s
Max Robbers - Hypnotize (Eleckmal Mix),,www.just4dance.fw.hu,www.just4dance.fw.hu,6m37s
Let My Love Open The Door [August 1980],Empty Glass,Pete Townshend,,4m58s
Firefight,Chase This Light,Jimmy Eat World,,3m53s
Trip At The Brain,How Will I Laugh Tomorrow When I Can'T Even Smile Today,Suicidal Tendencies,,4m31s
Mista Mista,The Score,The Fugees,Wyclef Jean,2m42.725s
Uh Huh,Underdog Alma Mater,Forever The Sickest Kids,,2m59s
Owner Of A Lonely Heart [January 1984],90125,Yes,,4m30s
Lovely Rita,Sgt. Pepper's Lonely Hearts Club Band,The Beatles,Lennon/McCartney/Lennon/McCartney,2m42.144s
Quicksand (Mad Decent 2010 Rerub),Lazerproof,Major Lazer & La Roux,,5m7s
A More Perfect Union,The Monitor,Titus Andronicus,,7m10s
I Gotta Feeling,No Ceilings [illRoots.com],Lil' Wayne,,3m37s
Renaissance Man,What The Fuck Is A Jay Electronica,Jay Electronica,,2m38s
Me Tienes,J. Period - Best Of The Roots,The Roots,J.Period,1m32s
097 Cotti & Cluekid - The Legacy,,,,4m49s
Collect Call,Fantasies,Metric,,4m46s
Easy Way Out,Figure 8,Elliott Smith,Elliott Smith,2m44s
The Tourist,OK Computer,Radiohead,Colin Greenwood/Ed O'Brien/Jonny Greenwood/Phil Selway/Thom Yorke,5m25s
Tyga - First Timers (featuring Evan from the Black List Club),Welcome to the New Administration (mixtape number 60---),CitizensFOB Mixtape,Hosted & Mixed By Clinton Sparks,2m31s
Gravel Pit,Legend Of The Wu-Tang,Wu-Tang Clan,RZA,4m13.515s
Angel in the Snow,Either/Or Demos (Disc 1 of 2),Elliott Smith,,2m55s
Ghost Mouth,Album,Girls,Www.DepoDepo.Fr By Orko61,3m13s
Bitches And Drugs,What The Fuck Is A Jay Electronica,Jay Electronica,,1m20s
Blush (Demo),The Flipside: EP,The Flipside,,3m25s
Waste Of Paint,"Lifted Or The Story Is In The Soil, Keep Your Ear To The Ground",Bright Eyes,Conor Oberst,6m29.886s
Sleepers,Saosin,Saosin,,2m52s
She's Leaving Home,Sgt. Pepper's Lonely Hearts Club Band,The Beatles,Lennon/McCartney. String arrangement by Mike Leander./Lennon/McCartney,3m35.109s
One-Eighty By Summer,Where You Want To Be,Taking Back Sunday,Taking Back Sunday,3m54.01s
Ill,This Is Dubstep Vol.2,Chasing Shadows,,4m52s
Clarinet Concerto In A Major K 622 Adagio,The Best Of Mozart,Mozart,,7m22s
"Bush, Of Course","Talk Is Cheap, Vol. 4",Henry Rollins,,13m0.004s
Saturday,Live in Phoenix,Fall Out Boy,,3m54s
A Wolf In Sheep's Clothing,This Providence,This Providence,,3m11s
I Want To Break Free,The Lady Luck EP,The Cab,,3m54s
The Creature/3rd Chair,Yip/Jump Music,Daniel Johnston,,1m31s
#1 Fan (Feat. Keyshia Cole And J. Holiday),Definition Of Real,Plies,,3m57s
Trading Heartbeats,Shh. Just Go with It,Every Avenue,,3m23s
The Zoo,Double Up,R. Kelly,,3m39s
Dangerous (Remix),DMS,Kardinal Offishall ft. Sean Paul & Akon,,4m47s
Godzilla,Workshop Of The Telescopes:  The Best Of Blue Oyster Cult,Blue Oyster Cult,,3m41s
Dilla Says Go,Donuts,J Dilla,,1m17s
Pickled!,Cosmogramma,Flying Lotus,Flying Lotus,1m59s
Freak Out!,Shh. Just Go with It,Every Avenue,,3m56s
Secede,Jersey's Best Dancers,Lifetime,,3m44.699s
You Dont Even Know (feat. Kelis & Pharrell),Exclusive Audio Footage,Clipse,,4m6s
The Crows Are Coming For Us,Heroine,From First To Last,,4m55.799s
Moan,The Same Old Blood Rush With A New Touch,Cute Is What We Aim For,Cute Is What We Aim For,3m9.683s
Talk To Em,Let's Get It: Thug Motivation 101,Young Jeezy,"J. Jenkins, C. Moore, F. Beverly",4m23.383s
K.K.K.Y.,Dirty Acres,CunninLynguists,,2m19s
A Bigger Meaning,"The Mother, The Mechanic, And The Path",The Early November,,6m13s
Sadie Hawkins,Doomtree,Doomtree,,2m57s
Desaparecidos - Follow You (Simone Farina & Lysark Version),,www.just4dance.fw.hu,www.just4dance.fw.hu,5m39s
Song for No One,Miike Snow,Miike Snow,,4m8.801s
epic last song,You Have No Idea What You're Getting Yourself Into,"Does It Offend You, Yeah?",,4m37s
I'm Ready,Everything In Transit,Jack's Mannequin,Andrew McMahon,3m55.311s
Get Dollaz (24-7),Beat Konducta Vol. 5: Dil Cosby Suite,Madlib,,1m14s
Killing Lights,Decemberunderground,AFI,,4m6s
Hi Friend!,For Lack Of A Better Name,Deadmau5,,5m15s
A Faulty Foundation(Live),Bastard Lives Comp.,Midtown,,6m31s
Electricityscape,First Impressions Of Earth,The Strokes,Julian Casablancas,3m33.252s
Four Year Strong - Bada Bing! Wit a Pipe!,Welcome to the New Administration (mixtape number 60---),CitizensFOB Mixtape,Hosted & Mixed By Clinton Sparks,3m26s
Prom Queen,Prom Queen,Lil' Wayne,,3m42s
Camel,Los Angeles,Flying Lotus,,2m23s
Getting Home,Sweatbox,Henry Rollins,,7m16.117s
Back Like That (Remix),More Fish,Ghostface Killah Feat. Kanye West & Ne-Yo,,4m2s
Family Reunion,"The Mark, Tom, and Travis Show (The Enema Strikes Back)",Blink 182,,53s
Real As They Get (Feat. OJ Da Juiceman & Wacka Flocka Flame),Movie 3: The Burrprint!,Gucci Mane,,3m21s
Gone ft. Consequence & Cam'ron,Late Registration,Kanye West,Kanye West,6m2.649s
Take Pills,Person Pitch,Panda Bear,,5m24s
Avril Lavigne - When You Re Go,Electro House Music Remixes-WE,VA,,3m52s
$20,Kala,M.I.A.,M.I.A.,4m34s
Disco,Metro Station,Metro Station,,2m42s
P.Y.T. (2008 Remix),Thriller 25,Michael Jackson Feat. will.i.am,Michael Jackson,4m21s
Still D.R.E (Clean),,Dr Dre ft Snoop Dogg,www.franchiserecordpool.com,4m34s
Ether,Champion,The Audition,,3m51s
6th Period: Viva La White Girl,As Cruel As School Children,Gym Class Heroes,,3m46s
Leave The World Behind,The Ultimate Dance Top 100 2009,Axwell/Ingrosso/Angello/Laidback Luke ft. Deborah Cox,,2m44s
Track 01,,,,54.59s
Baby Girl,Avalon,Anthony Green,,3m29s
With You Friends,My Name Is Skrillex EP ,Skrillex,,6m22.502s
Smash a Kangaroo,"Decent Work For Decent Pay, Collected Works Volume One",Diplo,,3m28s
Populace In Two,"Dear Diary, My Teen Angst Has A Bodycount",From First To Last,From First To Last,4m24.73s
Monolith,Continent - Get Free Music at RCRD LBL.com,CFCF,,7m12s
Figure 8,Grand Mal: Studio Rarities,Elliott Smith,,1m33s
Track 12,,,,3m2.346s
Happy Birthday,"Talk Is Cheap, Vol. 2",Henry Rollins,,5m52s
It's Safe to Say You Dig the Backseat,Downtown Battle Mountain,Dance Gavin Dance,,5m14s
Woodrow The Basehead,Supreme Clientele,Ghostface Killah,,3m4s
Technology / Umbrella,Economics II,Jim Gaffigan,,2m38s
The Bright Side Of Life,ishlab iD Music Licensing,Hamilton ,,3m27s
we are rockstars,You Have No Idea What You're Getting Yourself Into,"Does It Offend You, Yeah?",,3m53s
"Food, Clothes, Medicine","Fast Cars, Danger, Fire and Knives",Aesop Rock,,4m36s
No Hard Feelings,Hefty Fine,Bloodhound Gang,,9m19s
Beret and Pancakes,Strategic Grill Locations,Mitch Hedberg,,3m7s
Start the Machine,We Don't Need to Whisper,Angels & Airwaves,,4m11s
Kalawanji,Dubstep Collection 3,Kromestar,,5m13s
04 Jimme's Song (Full Band Version),Listen,Emanuel and The Fear,,5m24s
The Velvet Underground Run Run,The Velvet Underground & Nico ,The Velvet Underground,,4m23s
Funny Guy,The Boxed Life,Henry Rollins,,12m20.019s
At Least I Know I'm A Sinner,Suicide Notes And Butterfly Kisses,Atreyu,Alex Varkatzas/Brandon Saller/Dan Jacobs/Travis Miguel,3m22s
This Very Moment,Mutiny!,Set Your Goals,,2m35s
Herodies,"Party In The Front, Business In The Back",All In Uniform,,3m39.475s
Say Yes,Either/Or Demos (Disc 2 of 2),Elliott Smith,,2m16s
Tthhee Ppaarrttyy,Cross,Justice,,4m4s
Sombre Detune,The Understanding (Disc 1),Röyksopp,,4m53s
Summer Dreams,Skream!,Skream,,7m58s
Beautiful Beats,Power,Q And Not U,,3m7s
I'm Da Man (Feat. Mike Jones & Al Kapone),My Ghetto Report Card,E-40,,4m8s
A Heavy Hearted Work of Stagge,Never Take Friendship Personal,Anberlin,,1m12s
I Want to Be Your Man,Zapp & Roger: All the Greatest Hits,Roger,,4m11.518s
Stop This Train,Continuum,John Mayer,,4m47s
Either/Or,New Moon,Elliott Smith,,2m27.33s
California Girls,Distortion,The Magnetic Fields,,3m
Are You Can You Were You (Felt),Black Up,Shabazz Palaces,,4m49s
Winners Take All,"Fast Cars, Danger, Fire and Knives",Aesop Rock,,4m46s
Rollout (My Buisiness),Word Of Mouf,Ludacris,Timbaland,4m57s
Mixin Up the Medicine Remix,Trunk Muzik,Yelawolf feat. Juelz Santana,Produced By Kane Beatz,4m7s
Everything Will Be Alright,Hot Fuss [Bonus Tracks],The Killers,,5m45s
Doin' Time,Sublime,Sublime,Brad Nowell/Dorothy Heyward/Dubose Heyward/George Gershwin/Ira Gershwin/Marshall Goodman,4m12s
We're Both In Love With A Sexy Lady,2009 - I Told You I Was Freaky,Flight Of The Conchords,,2m50s
***REPEAT,This Is Dubstep Vol.2,REPEAT,,4m11s
All My Friends,Sound Of Silver,LCD Soundsystem,,7m37s
When I Pull Up At The Club (Ft,2005,Three 6 Mafia,,4m31s
Boom Boom Pow,DMS,Black Eyed Peas,,4m11s
Unobstructed Views,Codes and Keys,Death Cab for Cutie,,6m12s
Start Me Up [October 1981],Forty Licks,The Rolling Stones,,3m33s
Vessels,Sycamore Meadows,Butch Walker,,4m14s
Fever Dreams,The Shade Of Poison Trees,Dashboard Confessional,,2m30s
A Rush Of Blood To The Head,A Rush Of Blood To The Head,Coldplay,Buckland/Champion/Martin,5m51.457s
Difficult,Sex Dreams and Denim Jeans CD,Uffie,,2m57s
Under My Voodoo,Sublime,Sublime,Sublime,3m26s
Trilogy: Eliminator Jr.,Daydream Nation,Sonic Youth,Sonic Youth,14m3s
City Wings,Xtreme,Lupe Fiasco,,1m12s
Helplessly Young,Eggs,Oh No Ono,,3m6s
Check-It (Featuring Warrior Queen),Skream!,Skream,,4m13s
Comedy Central (feat. Fabolous),Lord Willin',Clipse,"Chad Hugo/Gene Thornton/Jay ""Icepick"" Jackson/Pharrell Williams",4m34s
Aluminum,White Blood Cells,The White Stripes,Jack White/Meg White,2m20s
Amnesty Please,Redeemer,Norma Jean,,4m17s
"Pay Attention (feat. Decay, Astonish & Scheme)",Black Snow,Snowgoons,,2m47s
Casanova [October 1987],Big Throwdown,LeVert,,6m14s
Roses,Speakerboxxx/The Love Below,Outkast,,6m10s
Wires,Sidewalks,Matt & Kim,Kim Schifino/Matt Johnson,3m59s
Toma Juizo,Rio Baile Funk - Favela Booty Beats,Baile- Favela On Blast,,2m24s
Back In Black,Back in Black,AC/DC,B Johnson/M Young,4m15.674s
Dakota,Greetings From,A Rocket To The Moon,,3m32s
Magical Mystery Tour,Magical Mystery Tour,The Beatles,,2m53s
Planta Dominado,Rio Baile Funk - Favela Booty Beats,Baile- Favela On Blast,,2m36s
Track 01,Austin Mix (TOP SECRET),Austin,,3m29.954s
"One Foot On The Gas, One Foot In The Grave",Somewhere in the Between,Streetlight Manifesto,,5m28s
Hotels and Beds,Do You Believe In Gosh,Mitch Hedberg,,3m58s
Touch The Sky (Live),Xtreme,Lupe Fiasco,,1m59s
Blue Magic (feat. Pharrell),American Gangster,Jay-Z,,4m12s
Make Yourself,Make Yourself,Incubus,,3m3s
Bust (with Killer Mike),Speakerboxxx/The Love Below,Outkast,,3m9s
Ain't Got Time For Gamez,2005,Three 6 Mafia,,4m4s
MIA-roder,Dirty South Dance CD,A-Trak,,2m55.078s
Low Fidelity,"No Really, I'm Fine",The Spill Canvas,,3m12s
Long Talks,"The Mother, The Mechanic, And The Path",The Early November,,3m59s
Gracie,Songs For Silverman,Ben Folds,,2m37s
How Will I Laugh Tomorrow,How Will I Laugh Tomorrow When I Can'T Even Smile Today,Suicidal Tendencies,,6m43s
Bring Da Ruckus,Enter The Wu-Tang (36 Chambers),Wu-Tang Clan,,4m12s
4:17,A Much Better Tomorrow,Dan the Automator,Dan the Automator,3m47s
Dum Dumz (HD4000 Remix),Dubstep Collection 8,Blackheart,,5m15s
Dirt Off Your Shoulder,The Grey Album,DJ Danger Mouse,"John Lennon, Paul McCartney, Jay-Z",4m2s
Phantom,Cross,Justice,,4m23s
We Know Martha Webber,Cars,"Now, Now Every Children",,2m48s
All Caps,Madvillainy,Madvillain,Madlib,2m11s
Pause 4 Porno,2001,Dr. Dre,Dr. Dre,1m34.83s
Signals Over The Air (Live),Kill The House Lights,Thursday,,4m27.47s
Doctor Robert,Revolver,The Beatles,,2m15s
As The Days Go By,,Talking Heads,,4m19s
Big Ideas (Radio Edit),Big Ideas,LCD Soundsystem,,4m7s
The Passion,The Re-Education of Lauryn Hill,Lauryn Hill,,5m47s
My Girls,Merriweather Post Pavilion,Animal Collective,,5m41s
"One for You, One for Me",The People's Key,Bright Eyes,,6m37s
This Ride,,The Starting Line,,3m41s
Xenophobia,2007,Blue Scholars,,1m50s
The Last Lie I Told,Through Being Cool,Saves the Day,Chris Conley,2m24s
Kreuzberg,A Weekend In The City,Bloc Party,"Kele Okereke, Russell Lissack, Gordon Moakes, Matt Tong",5m27.401s
Out Through The Curtain,Like Vines,The Hush Sound,,3m29s
Bitches And Drugs (Produced By J Dilla),StyleWars EP,Jay Electronica,,1m58s
Not The Same,Ben Folds Live,Ben Folds,Ben Folds,4m31s
In Search Of,Miike Snow,Miike Snow,,5m15.884s
All Together Now,Yellow Submarine,The Beatles,John Lennon/Paul McCartney,2m14s
There Could Be Nothing After This,Define The Great Line,Underoath,,3m26s
For You Blue,Let It Be,The Beatles,,2m36s
Riverside,Pioneer The Album Vol.10,Sidney Sampson,,2m26s
You Got It (The Right Stuff) (The New Kids In The House Mix),No More Games/The Remix Album,New Kids On The Block,,5m36s
Seven Years,Translating The Name,Saosin,,3m14s
The Fallen...,This Will Be The Death Of Us,Set Your Goals,,3m24s
Consequence,Make Yourself,Incubus,,3m19s
Sunplus,DFA Compilation #2 [Disc 2],J. O. Y.,K. U. D. O./Kan Takagi/Yoshimi P-We,4m59s
Someone's Standing On My Chest,Suicide Notes And Butterfly Kisses,Atreyu,Alex Varkatzas/Brandon Saller/Dan Jacobs/Travis Miguel,4m9s
Re-Up,Blow Your Head Volume 1: Diplo Presents Dubstep,Joker & Ginz,,4m24s
I'm Not Alone (Doorly Remix),2009,Calvin Harris,,4m46s
from africa to málaga,jj n° 2,jj,,2m50s
Drummer,Power,Boys Noize,,5m19s
Idioteque,Strung Out On Kid A,The Tallywood Strings,Radiohead,5m18s
Cupid's Trick,Either/Or,Elliott Smith,Elliott Smith,3m4s
"Terror Squad - Lean Back (Remix) Feat. Eminem, Mase, Lil Jon",,,,4m20s
Pariah Demise (interlude),"Servants In Heaven, Kings In Hell",Jedi Mind Tricks,,45.487s
"Courage, Robert",Something Real,Meg & Dia,Dia Frampton/Meg Frampton,2m54s
Crossing the Boundary,Revolutionary Vol. 2,Immortal Technique,,4m47s
Yer Blues,The Beatles [White Album] [Disc 2],The Beatles,John Lennon/Paul McCartney,4m1.185s
12 Benga - Benga's Off His Head,Disc F: The Ruff Step,"Revealomatic - No Bull, More Halfstep",,1m45s
The Velvet Underground Femme F,The Velvet Underground & Nico ,The Velvet Underground,,2m39s
make it right,Coming Home,New Found Glory,,3m10s
The Pursuit Of Happiness: The 2nd Movement,This Providence,This Providence,,2m28s
Young Boy,Lord Willin',Clipse,Chad Hugo/Gene Thornton/Pharrell Williams,4m26s
California Soul,Spice Of Life,Marlena Shaw,,2m59s
Successful (Instrumental),,Drake,,2m12s
On and On,Outside,Tapes 'n Tapes,,4m30s
Stop It!,Southern Weather,Almost,,3m36s
Blue Orchid,Get Behind Me Satan,The White Stripes,Jack White,2m38s
Half Light I,The Suburbs,Arcade Fire,,4m14s
I Feel Cream,topbillinmusic.com,Peaches,,4m31s
Let The Flames Begin,"Live at Norwegian Wood - June 14, 2008",Paramore,,5m57s
Broken Heart,Acoustic EP,Motion City Soundtrack,,3m17s
Cashing In,Complete Discography,Minor Threat,,3m44s
Eternal Sunshine (The Pledge),Act 1,Jay Electronica,,15m40s
All Of The Lights,My Beautiful Dark Twisted Fantasy,Kanye West,,5m1s
instrumentals - kanye west - g,,,,4m23s
Hate Everyone,,Say Anything,,3m11s
Drake feat. Birdman - More Milli,,,,2m48s
Bowl Of Oranges,"Lifted Or The Story Is In The Soil, Keep Your Ear To The Ground",Bright Eyes,Conor Oberst,4m48.67s
Can I Get A... Feat. Amil & Ja Rule,Vol. 2... Hard Knock Life,Jay-Z,,5m10s
Drive My Soul,Lights,Lights,,3m23s
"MFEO: Part 1- Made For Each Other, Part 2 - You Can Breathe",Everything In Transit,Jack's Mannequin,Andrew McMahon,8m1.094s
Malajube - Radiologie,KEXP Song of the Day,Malajube,,2m54s
Think About The Way 2k9 (Spencer And Hill Radio Edit),Think About The Way 2k9-(BKA001)-WEB,Gigi Barocco Vs Ice MC,,3m18s
gun will go feat sunny valentine,8 Diagrams,Wu Tang Clan,,4m17s
What We Know About You,"Talk Is Cheap, Vol. 1",Henry Rollins,,4m18s
Newport Living,The Same Old Blood Rush With A New Touch,Cute Is What We Aim For,Cute Is What We Aim For,3m28.886s
Toxic,Pop Volume II,A Static Lullaby,Punk Goes...,3m21s
073. Johann Sebastian Bach - Doppelkonzert F√ºr Zwei Violinen (BWV 1043) - Largo Ma Non Tanto.mp3,Classical Music Top 100,VA,,7m16s
Exhaustion Blues,Black Coffee Blues,Henry Rollins,,13m14.819s
Your Very Own Tank,"Talk Is Cheap, Vol. 1",Henry Rollins,,17m43s
La La La,NBA Live 10 OST,De La Soul,,4m6s
Moonlight,Dubstep Collection 8,Scarecrow,,4m36s
Do You Know What I Love the Most?,Through Being Cool,Saves the Day,Ted Alexander,1m35s
Paris In Flames (Demo),Kill The House Lights,Thursday,,4m33.693s
Broken Wings [December 1985],Welcome To The Real World,Mr. Mister,,4m48s
Idiot,King Of The Beach,Wavves,,2m51s
"It's Not A Fashion Statement, It's A Fucking Deathwish",Three Cheers For Sweet Revenge,My Chemical Romance,,3m30.93s
Koalas,Strategic Grill Locations,Mitch Hedberg,,3m9s
These Backs Were Made For Stabbing,This is A Stick Up...Don't Make it A Murder,Hit The Lights,,3m53s
Save Your Heart,Anywhere But Here,Mayday Parade,,3m42s
14-Wendy Clear-Blink 182,,,,4m10s
What I Got,Sublime,Sublime,Sublime,2m51s
Candles,Hold On Tight,Hey Monday,Rohan Kohli,2m59s
Naughty Girl,Now That's Music 16,Beyonce,,3m25s
Dog Sized Bird,The Always Open Mouth,Fear Before the March of Flames,,2m14s
09 Hatcha vs. Lost - Germlins.mp3,Disc F: The Ruff Step,"Revealomatic - No Bull, More Halfstep",,2m40s
Mclean - My Name (Ian Carey Remix),www.YaHandsUp.com,www.YaHandsUp.com,www.YaHandsUp.com,5m33s
Passwords,Power,Q And Not U,,2m58s
Out Of Step,Complete Discography,Minor Threat,,1m21s
Paris 2004,Writer's Block,Peter Bjorn And John,,3m53s
Sorry I Stole Your Gurl,Off The Deep End,The Friday Night Boys,,3m2s
Rap ambush,Born like this,DOOM,,1m28s
Freak Out/Starry Eyes,All My Friends,LCD Soundsystem,,12m21s
Density,Dubstep Collection 2,A Made Up Sound,,6m39s
Tangled Up,Not Without A Fight,New Found Glory,,3m14s
You (Don't) Know Me,Decomposer,The Matches,,4m6s
Dehumanized,Big Ugly Mouth,Henry Rollins,,5m31.418s
We Rule the School,Tigermilk,Belle & Sebastian,,4m53s
California Style,2009,Babylon System & Antiserum,,4m8s
andvar,takk,sigur ros,,6m40s
Shameless,2002,Say Anything,,5m46s
End Of Line,Dubstep Collection 8,Vex'd vs S&D,,6m23s
"Wet 'N Wild (Feat. Mickey Avalon, With Kim)",Pillowface And His Airplane Chronicles,Steve Aoki,,2m32s
Tough Guys Talk Dirty,Sweatbox,Henry Rollins,,13m40.941s
A Hard Day's Night,A Hard Day's Night,The Beatles,,2m40s
Postcard,Economics II,Jim Gaffigan,,2m47s
Supervillain Theme [Instrumental],Madvillainy,Madvillain,Madlib,53s
Woozy (Ft. R. Kelly),Release Therapy,Ludacris,,5m20s
"Petrov, Yelyena And Me",2009 - I Told You I Was Freaky,Flight Of The Conchords,,2m29s
What Is Love?,World Clique,Deee-Lite,,3m42s
The River,Mean Everything To Nothing,Manchester Orchestra,,11m36s
By the Way,The Recession,Young Jeezy,,4m
Dub Like An Egyprian ,,Todd Terje,,5m28s
milano,takk,sigur ros,,10m25s
Come Close,Saosin,Saosin,,3m16s
Sperm Donor (Sample),SeekSickSound,Rifoki,,48s
Rocks Tonic Juice Magic,Through Being Cool,Saves the Day,Chris Conley,3m28s
When I Grow Up,Pop Volume II,Mayday Parade,Punk Goes...,3m39s
Receipt,2006,Lil Wayne,,4m6s
"Eh, Eh (Nothing Else I Can Say)",The Fame,Lady GaGa,,2m57s
Comfortable (Featuring Babyface) (Produced By Kanye West),Tha Carter 3,Lil Wayne,,4m25s
St. Andrew (This Battle Is In The Air),Icky Thump,The White Stripes,"White Stripes, The",1m50s
Starstruck (Remix),Flight School,Wiz Khalifa,,4m34s
You Got Me (Me Tienes Remix),J. Period - Best Of The Roots,The Roots,J.Period,1m29s
Untitled Rsn,Dubstep Collection 8,Joker,,4m26s
Desert Plane,Outside,Tapes 'n Tapes,,3m44s
Since We Last Spoke,Since We Last Spoke,RJD2,,4m16s
10 gallon shakedown,Dan Frank's Album,Dan Frank,Dan Frank,3m40s
She Knows It,That Thing You Do,Original Soundtrack,,3m1s
You Can Call Me Al (B-More Break),DMS,Paul Simon,,1m16s
Annie Use Your Telescope,The Glass Passenger,Jack's Mannequin,,3m12s
She Looks To Me,Stadium Arcadium ,Red Hot Chili Peppers,,4m7s
Check Yes Juliet,We The Kings,We The Kings,,3m41s
Zak And Sara,Rockin' The Suburbs,Ben Folds,Ben Folds,3m12s
One For Ghost,Donuts,J Dilla,,1m18s
Fun House,Fun House,The Stooges,The Stooges,7m47s
That Girl (Trackademicks Breeze Mix) - Pharrell feat. Snoop Dogg,[Re]Mixtape 2 Loosies,Trackademicks,,4m21s
I Want To Be Well,The Age Of Adz,Sufjan Stevens,Sufjan Stevens,6m27s
Good To Know That If I Ever Need Attention All I Have To Do Is Die,Deja Entendu,Brand New,,7m1s
The Set Up (You Need This),Greatest Hit And More,Reel Big Fish,,4m23s
From 24C,A Band In Hope,The Matches,,4m29s
Good Advice,The Boxed Life,Henry Rollins,,13m9.223s
Take On Me [October 1985],The Definitive Singles Collection 1984-2004,A-Ha,,3m48s
Privilege,Make Yourself,Incubus,,3m55s
Sins Of My Youth,Habits,Neon Trees,Chris Allen/Branden Campbell/Elaine Bradley,3m39s
All Of The Gin Joints In The World (Tommie Sunshine Brooklyn Fire Retouch),Snakes On A Plane: The Album,Fall Out Boy,,4m14s
Pro Nails,"Can't Tell Me Nothing (The Official Mixtape, Mixed By Plain Pat)",Kid Sister feat. Kanye West,,2m37s
House of Jealous Lovers,DFA Compilation #1,The Rapture,The Rapture,5m8s
Moving For The Sake Of Motion,"Survive, Kaleidoscope",Underoath,,3m20s
Cold,Crossfade,Crossfade,,3m14s
Impossible Soul,The Age Of Adz,Sufjan Stevens,Sufjan Stevens,25m35s
Ain't Cha (feat. Re-Up Gang),Hell Hath No Fury,Clipse,C. Patterson/G. Thornton/P. Williams/R. East/T. Gozney Thornton,4m42s
Ready,Somebody's Gonna Miss Us,The Starting Line,,4m19s
"O, Lilac",Gemini,Wild Nothing,,3m3s
Hit That Gash (Itchy Naaan Re-Rub),Dubstep Collection 5,"Foreign Beggars, DJ Primecuts",,4m43s
Good,More Fish,Ghostface Killah Feat. Trife Da God & Mr. Maygreen,,3m42s
Pretty,,KoRn,,4m13s
Intro,Speakerboxxx/The Love Below,Outkast,,1m29s
Trouble (Cat Stevens Cover),"""Basement II"" Demos",Elliott Smith,,2m50s
Song For Clay (Disappear Here),A Weekend In The City,Bloc Party,"Kele Okereke, Russell Lissack, Gordon Moakes, Matt Tong",4m49.668s
Dream Brother,The Grace EPs,Jeff Buckley,,5m22s
Crossroads,Battle Studies,John Mayer,,2m30s
"Holly, Hox Forget Me Not",Through Being Cool,Saves the Day,Chris Conley,2m38s
I Want To Know Your Plans,Live at The Chain Reaction,Max Bemis,,8m3s
They Say Vision,How I Do,Res,Martin McKinney/Santi White,3m37s
If I Surrender,Bend To Break,The Color Fred,,3m54s
Nine in the Afternoon,2007 VMA Performances,Panic! at the Disco,,2m41s
Stuck,This Is Dubstep Vol.2,Numan,,6m52s
Why Don't We Do It In The Road?,The Beatles [White Album] (Disc 1),The Beatles,John Lennon/Paul McCartney,1m41.494s
War Is  My Destiny (Feat. Max Cavalera & Immortal Technique) (Prod. By Ill Bill),The Hour Of Reprisal,Ill Bill,,3m11s
Biochemical Equation (Datsik & Excision Remix) [Explicit],Wu-Tang Meets The Indie Culture Vol. 2: Enter The Dubstep [Explicit],Wu-Tang,,3m32s
Dreamin',Pork And Beans,Weezer,,5m15s
August Is Over,We The Kings,We The Kings,,3m17s
Tautou,Deja Entendu,Brand New,,1m43s
Paranoid Android,OK Computer,Radiohead,Colin Greenwood/Ed O'Brien/Jonny Greenwood/Phil Selway/Thom Yorke,7m59s
needle in the hay,"Morning Becomes Eclectic, KCRW-FM Studios",Elliott Smith,,4m17s
Take A Look Around,Chocolate Starfish And The Hot Dog Flavored Water,Limp Bizkit,"Fred Durst, Wes Borland, Sam Rivers, John Otto",5m21.108s
Grand Theft Autumn,Take This To Your Grave,Fall Out Boy,,3m11s
Hello,1983,Flying Lotus,,2m49s
05 Duckies,Listen,Emanuel and The Fear,,17s
Revisiting The Styleetron,Felt 3 (A Tribute To Rosie Perez),Felt (Slug & Murs),,5m17s
Cover My Eyes (Costra Nostra Edit),Lazerproof,Major Lazer & La Roux,,3m54s
Name On A Cloud,Flight School,Wiz Khalifa,,3m24s
Sweet Tooth,Double Up,R. Kelly,,2m51s
Dimethyltriptamine,What The Fuck Is A Jay Electronica,Jay Electronica,,2m59s
10 10 Until You're Mine,Demi Lovato - Don't Forget,Demi Lovato,,3m33s
Teach U To Fly,Flight School,Wiz Khalifa,,1m54s
Security Part 1,"Spoken Word Guy (Alexandria, VA 11/03/08) [Disc 2]",Henry Rollins,Henry Rollins,15m5.972s
"Picture Perfect, Pathetic",Killing With A Smile,Parkway Drive,Parkway Drive,2m44s
Sister Saviour [DFA Dub],DFA Compilation #2 [Disc 2],The Rapture,Rapture/The DFA,4m27s
109 Fake Tits-Real Beer,Shut Up You Fucking Baby!,David Cross,,16m13s
XO (AOL Live),Live @ The Roxy,Fall Out Boy,,3m20s
Office Musik (Clockwork Edit),,Dwight K. Schrute vs. Weezy,,4m3s
Some More Jokes,These Are Jokes,Demetri Martin,,3m30s
Superheroes,Discovery,Daft Punk,,3m58s
I'm Still Breathing,One Of The Boys,Katy Perry,,3m49s
Chevy Ridin High,Port Of Miami,Rick Ross,,3m27s
"Guns For Show, Knives For A Pro",Killing With A Smile,Parkway Drive,Parkway Drive,2m45s
Hurricane,Leaving Through The Window,Something Corporate,Andrew McMahon,3m50.574s
Cannon,The White Stripes,The White Stripes,,2m33s
You Can't Do That,A Hard Day's Night,The Beatles,,2m39s
(Don't Let Them) Cool Off,Gimme Some,Peter Bjorn and John,,2m48s
Slow Jamz (ft. Twista & Jamie Foxx),The College Dropout,Kanye West,,5m17s
Tell Me When To Go (Feat. Keak Da Sneak),My Ghetto Report Card,E-40,,3m58s
How to Take a Fall,Grand Mal: Studio Rarities,Elliott Smith,,2m52s
02 Orien - Rainbow Teardrops.mp3,Disc E: The Nice Move,"Revealomatic - No Bull, More Halfstep",,1m58s
Our Lawyer Made Us Change the Name of This Song So We Wouldn't Get Sued,Live in Phoenix,Fall Out Boy,,3m3s
Drake_Feat._Lil'_Wayne_-_Man_Of_The_Year,,,,5m26s
My Heart Is The Worst Kind Of Weapon,From Under The Cork Tree,Fall Out Boy,Fall Out Boy,3m22.663s
Sick Little Games,Nothing Personal,All Time Low,,3m39s
Time Is Right,Liberation,Talib Kweli & Madlib,,2m18s
The Call Out (You Are the Dishes),This is A Stick Up...Don't Make it A Murder,Hit The Lights,,2m57s
David Guetta feat. Wynter Gordon - Dirty  Talk (Laidback Luke Remix),2010,www.hq-tracks.com,www.hq-tracks.com,6m31s
Type Of Nigga U Need (Feat Brighteyes),Who Is Mike Jones?,Mike Jones,,3m57s
Backseat Goodbye - Letdown of the Year,,,,3m26s
Got To Get You Into My Life,Revolver,The Beatles,,2m31s
Square Dance,The Eminem Show,Eminem,,5m26s
Session 6,"The Mother, The Mechanic, And The Path",The Early November,,22s
Just Can't Get Enough (Dirty South Mix),,Depeche Mode,,7m52s
Johnny Thunder,Village Green Preservation Society (Special Deluxe Edition 2004) (CD1 Stereo),The Kinks,,2m31s
The Common Hours,3D,I See Stars,,3m7s
Sosei 2010 (Mikro 'housebrothers' Remix),Electrohouse Pack 22.02.2010,Airscape,,4m44s
Brainwascht,Way To Normal,Ben Folds,,3m49s
Sgt. Pepper's Lonely Hearts Club Band,Love,The Beatles,,1m23s
Dance Tonight,Love and Basketball,Lucy Pearl,Ali Shaheed Muhammad/Dawn Robinson/Raphael Saadiq,4m6s
How To Take A Fall,Waltz #2 (XO),Elliott Smith,,2m50s
The Velvet Underground the Bla,1967,The Velvet Underground,,3m12s
Your Glasshouse,"When Life Gives You Lemons, You Paint That Shit Gold",Atmosphere,,3m59s
Da Buzz - Let Me Love You (Rom.C Remix),,www.just4dance.fw.hu,www.just4dance.fw.hu,6m47s
Free Chilly,Lupe Fiasco's The Cool,Lupe Fiasco,,1m1s
Thickfreakness,Thickfreakness,The Black Keys,,3m51s
Tire A Camisa,Rio Baile Funk - Favela Booty Beats,Baile- Favela On Blast,,2m46s
Station 5: The Pearl,Fearless Summer Sampler,Gatsbys American Dream,,2m52s
An Aptly Fictional Description,Nuclear. Sad. Nuclear,The Number 12 Looks Like You,,5m32.486s
Of All The Gin Joints In All The World,String Quartet Tribute To Fall Out Boy,Fall Out Boy (String Quartet),,3m24s
So Real,The Grace EPs,Jeff Buckley,,5m19s
Why Is He Right?,Action,Punchline,,2m23s
North Star (Jewels),Only Built 4 Cuban Linx VBR,Raekwon,,3m59s
Shoulda Know,"When Life Gives You Lemons, You Paint That Shit Gold",Atmosphere,,3m8s
Approximate Sunlight,The People's Key,Bright Eyes,,4m25s
The Mask,The Score,The Fugees,"Wyclef Jean, Prakazrel ""Pras"" Michel, Lauryn Hill",4m50.62s
I'm Waiting,Move Along,The All-American Rejects,,3m37s
Telephone (Featuring Beyoncé),The Fame Monster,Lady GaGa,,3m42s
Miss California,The Glass Passenger,Jack's Mannequin,,3m54s
Along Comes Mary,Hooray For Boobies,Bloodhound Gang,,3m25s
Long Lap Dance,2008,T-Pain,,4m39s
Survival Test (Rasta Dub Remix),Champion Sound,Jaylib,,3m28s
EyeTunes,This Is Dubstep Vol.2,Benga,,6m29s
Somebody's Gonna Miss Us,Somebody's Gonna Miss Us,The Starting Line,,5m52s
Everything Man,Ear Drum,Talib Kweli,,3m17s
Rebel Rebel,Best Of Bowie,David Bowie,David Bowie,4m31.766s
Sex Toyz,BC13,Brokencyde,,2m59s
Something Left To Give,Somebody's Gonna Miss Us,The Starting Line,,4m15s
rising up (featuring chrisett michelle & wale),Rising Down,The Roots,,4m23s
New Friend Request (Hi-Tek Remix),Snakes On A Plane: The Album,Gym Class Heroes,,4m16s
Hi-Definition (feat. Snoop Dogg and Pooh Bear),Lupe Fiasco's The Cool,Lupe Fiasco,,3m51s
"Women, Please Rinse Off Your Vagina and Anus!",It's Not Funny,David Cross,,5m12s
Call Up The Homies (Co-Starring The Game and Willy Northpole),Theater Of The Mind,Ludacris,,4m5s
Holiday,The Immaculate Collection,Madonna,Lisa Stevens,4m6s
Good to Go,Trunk Muzik,Yelawolf feat. Bun B,Produced By Will Power For SupaHot Beats/Ghet-O-Vision Entertainment,3m40s
Strike,Pangaea,Visionaries,Babu & Rhettmatic,5m17.486s
Sunday Drive,The Acoustic EP,The Early November,,3m46.626s
Intro,"The Mother, The Mechanic, And The Path",The Early November,,2m17s
Ready To Start,The Suburbs,Arcade Fire,,4m16s
hoppipolla,takk,sigur ros,,4m29s
The Latest Plague,Heroine,From First To Last,,3m19.111s
Hallelujah,Grace,Jeff Buckley,,6m51.62s
I Used To Luv H.E.R. (Again),Fornever,Murs and 9th Wonder,,6m17s
Sean Paul - Hot Sexy Punkie,,Sean Paul,,3m36s
Down (Original),Down,Jay Sean Ft Lil Wayne,,3m34s
The Cauldron,Attack Of The Clones,Jay Electronica,The Couldron,5m15s
My Girls (My Girls) ,I AM JUST A RAPPER ,Childish Gambino,,3m38s
The Created Void,Lost In The Sound Of Separation,Underoath,Underoath,4m2s
Don't Wait,Dusk And Summer (Deluxe Edition),Dashboard Confessional,,4m6s
Foreign (Feat. Shawty Red),Movie 3: The Burrprint!,Gucci Mane,,4m31s
Come Together,Abbey Road,The Beatles,,4m22s
Damaged,,Drake feat. Bayku,,3m15s
Magnolia,Like Vines,The Hush Sound,,3m51s
I Light My Own Fires Now,The Shade Of Poison Trees,Dashboard Confessional,,2m54s
The Red,Champion Sound,Jaylib,,3m16s
Crash The Party,Oh No,OK Go,,2m25s
Evil Woman,Light Years,Electric Light Orchestra,,4m18s
Outro,Lupe Fiasco's Food & Liquor,Lupe Fiasco,Chill/Lupe Fiasco/Jay-Z/Darrale Jones,12m13.309s
Alone Together,Save Rock and Roll,Fall Out Boy,,3m23s
Private Eyes,The Very Best Of Daryl Hall And John Oates,Hall & Oates,,3m40s
Taking a Fall,Grand Mal: Studio Rarities,Elliott Smith,,2m49s
The One Show About Drugs And Stuff,Bigger and Blackerer,David Cross,,6m18s
Brighter,All We Know Is Falling,Paramore,,3m43.306s
 heysatan,takk,sigur ros,,4m10s
Isae Aldy Beausoleil,Jersey's Best Dancers,Lifetime,,1m52.825s
Wild Cowboy,Exclusive Audio Footage,Clipse,,4m17s
Turn It Off,brand new eyes,Paramore,,4m20s
Xxzxcuzx Me,Crystal Castles,Crystal Castles,,1m54s
Reckless Abandonment,"No Really, I'm Fine",The Spill Canvas,,3m33s
Please Take  Me Home,2001,blink-182,,6m7s
Hypnotize (March 9 Remix)(Dirty),March 9 Vol. 2,The Notorious B.I.G.,,3m24s
To Protect and Entertain (Feat. Murs),Ed Banger Rec Vol. 3,Busy P,,3m6s
New Model No. 15,Mechanical Animals,Marilyn Manson,Marilyn Manson/Twiggy Ramirez,3m43s
Whatcha say,,Jason Burelo (Van Hansen Bootleg),,4m31s
You're So Damn Hot,OK Go,OK Go,,2m39s
Front Row,Fantasies,Metric,,3m35s
Printer Jam (Barbarix),Dubstep Collection 8,Mistabishi,,5m40s
Low,X&Y,Coldplay,"Chris Martin, Guy Berryman, Jon Buckland, Will Champion",5m32.138s
Miseria Cantare: The Beginning,Sing the Sorrow,AFI,AFI,2m57.098s
It's Amateur Night At The Appollo Creed,"While The City Sleeps, We Rule The Streets",Cobra Starship,,3m10s
3rd Planet,The Moon & Antarctica,Modest Mouse,,4m
Who Will Survive In America,My Beautiful Dark Twisted Fantasy,Kanye West,,1m39s
Breakout,Take It to the Floor,Cash Cash,Cash Cash,3m34.436s
Quicksand,The Life Aquatic - Studio Sessions,Seu Jorge,,4m37s
It Was Written In Blood,Suicide Season,Bring Me The Horizon,,4m2s
Dig A Pony,Let It Be,The Beatles,,3m57s
I Don't Love Anyone,Tigermilk,Belle & Sebastian,,5m42s
Baby Where You At,DJ Kay Slay-R&B Models Pt. 5 (Hosted By Tayo Thomas),Papoose,,3m59s
The Cure,Sainthood,Tegan & Sara,,3m22s
User Error,Dubstep Collection 8,Current Value and Rodell feat. Underhill,,4m59s
We Celebrate (feat. Kid Capri),The Big Doe Rehab,Ghostface Killah,,4m14s
Much More Beautiful Person,The Great Burrito Extrtion Case,Bowling For Soup,Bowling For Soup,3m26.68s
Dear Friend ,Jamin Studio Artist,Emanuel and The Fear,,4m23s
How Many More Times,Led Zeppelin,Led Zeppelin,,8m28s
The Score,The Score,The Fugees,"Wyclef Jean, Prakazrel ""Pras"" Michel, Lauryn Hill, Diamond D",5m2.114s
You Never Know ft. Jean Grae,Revolutionary Vol. 2,Immortal Technique,,7m48s
The Velvet Underground There S,The Velvet Underground & Nico ,The Velvet Underground,,2m41s
Royksopp Forever,Junior,Röyksopp,,5m
Love Dog,"Dear Science,",TV on the Radio,,5m37s
One More Time [Short Radio Edit],"Musique, Vol. 1: 1993-2005",Daft Punk,Anthony Moore/G.M. DeHomem-Christo/T. Bangalter,3m56s
Funny Money,Liberation,Talib Kweli & Madlib,,3m5s
Names,You Are Free,Cat Power,,4m52s
49ers,Ed Rec Vol. 2,Busy P,,43s
Here's The Thing,Feed The Animals,Girl Talk,,4m46s
Droppin Some Shit (Feat. Juelz Santana),SKULL GANG TAKE OVER,Skull gang,,2m50s
Farewell To The Flesh (Interlude),Legacy Of Blood,Jedi Mind Tricks,,54s
Sgt. Pepper's Lonely Hearts Club Band,Sgt. Pepper's Lonely Hearts Club Band,The Beatles,Lennon/McCartney/Lennon/McCartney,2m2.485s
Green Hell,Collection,The Misfits,,1m53.592s
Keep It Goin Louder (Dipo Remix),2009,Major Lazer ft Ricky Blaze and Nina Sky,www.franchiserecordpool.com,4m56s
Move Like You Gonna Die,Hot Mess (Deluxe Edition),Cobra Starship,,3m50s
First It Giveth,Songs For The Deaf,Queens Of The Stone Age,"Josh Homme, Nick Oliveri",3m18.46s
Take The Long Way Home,Hooray For Boobies,Bloodhound Gang,,3m8s
crushcrushcrush,Riot!,Paramore,,3m10s
Yung LA vs Solid Gold - Who Ain't I Gonna Run To?,The Mixtape Volume Four,The Hood Internet,"ABX, STV SLV",2m13s
Stupidity Tries,Place Pigalle Demos,Elliott Smith,,4m18s
Red Light,First Impressions Of Earth,The Strokes,Julian Casablancas,3m11.75s
Fall,Leaving Through The Window,Something Corporate,Josh Partington,3m40.589s
Your Love Is My Drug,DMS,Kesha,,1m38s
The State of Florida,GNV FLA,Less Than Jake,,2m17s
Theme Song For A New Brunswick,Jersey's Best Dancers,Lifetime,,2m4s
Worth The Wait,With Love And Squalor,We Are Scientists,"Keith Murray, Chris Cain, Michael Tapper",2m43.375s
Proven Lands,2008,Jonny Greenwood,,1m52s
Porcelain Hearts and Hammers for Teeth,Pass The Flask,The Bled,,5m34s
Dance Yrself Clean,This Is Happening,LCD Soundsystem,,8m58.145s
Kiwi Maddog 20/20,Roman Candle,Elliott Smith,Elliott Smith,3m40s
Hello Brooklyn 2.0 (feat. Lil' Wayne),American Gangster,Jay-Z,,3m58s
Heartless,,The Word Alive,,3m57s
Brand New Game,Place Pigalle Demos,Elliott Smith,,3m23s
New World Water,Black on Both Sides,Mos Def,,3m12s
My Angel Lonely,Gemini,Wild Nothing,,3m3s
Digits,Break The Ice,After Play Rewind,,3m17.625s
Steps Ascending (Live),Kill The House Lights,Thursday,,3m43.84s
14 L-Wiz - Amy Diamond.mp3,Disc E: The Nice Move,"Revealomatic - No Bull, More Halfstep",,2m41s
Radio Freq,Revolutionary But Gangsta (Retail),Dead Prez,,2m52s
Sans Soleil,Miike Snow,Miike Snow,,4m27.029s
11-Pathetic-Blink 182,,,,3m
38 Matty G feat. Luv Fyah - Nuff A Diss.mp3,Disc E: The Nice Move,"Revealomatic - No Bull, More Halfstep",,2m12s
My Favorite Accident,I Am The Movie,Motion City Soundtrack,,3m22.176s
Run This Town (feat. Kanye West & Rihanna) ,The Blueprint 3 [Soul Assassin Special Edition],Jay-Z,,4m28s
Rude Boy (Insan3Lik3 House Remix),Electrohouse Pack 21.02.2010,Rihanna,,4m20s
Peggy Sue,Rave On Buddy Holly,Lou Reed,Jerry Allison/Buddy Holly/Norman Petty,3m19s
Cult Logic,Miike Snow,Miike Snow,,3m56.309s
Checkmarks,Almost Here,The Academy Is...,The Academy Is...,3m0.233s
Gotta Get Out (Bonus Track),Rise Or Die Trying [UK],Four Year Strong,,3m3s
Don't Fight The Darkness,See Mystery Lights,YACHT,,3m10s
Track 02,Austin Mix (TOP SECRET),Austin,,2m30s
Voyage Around the Moon,That Thing You Do,Original Soundtrack,,3m4s
Trouble In The Land,No Time For Dreaming,Charles Bradley,,1m2s
Blame It On Bad Luck,Bayside,Bayside,,3m26s
Rappers Delight (Full Version),,sugar hill gang,,14m37s
Interlude Pt 1,2005,Chiodos,,1m
No Confidence Man,Grand Mal: Studio Rarities,Elliott Smith,,4m43s
Can't Fight This Feeling [March 1985],Wheels Are Turnin',REO Speedwagon,,4m57s
Screaming At A Wall,Complete Discography,Minor Threat,,1m32s
Light My Fire,The Best of The Doors,The Doors,,7m7s
25 unknown artist - Dublicker,Disc F: The Ruff Step,"Revealomatic - No Bull, More Halfstep",,3m1s
Gir lFrom Codeine City,Dubstep Collection 5,L-Wiz,,5m44s
Trigger Happy Hands,We Come In Pieces,Placebo,,4m7s
I Can't Answer You Anymore,Grand Mal: Studio Rarities,Elliott Smith,,2m44s
078 Nero - Something Else (Original),,,,5m29s
Oceans,Dog Problems,The Format,Nate Ruess/Sam Means,4m48s
Direction,Save The World Lose The Girl,Midtown,,2m29.513s
Nobody Puts Baby In The Corner,String Quartet Tribute To Fall Out Boy,Fall Out Boy (String Quartet),,3m46s
Ares,Intimacy,Bloc Party,,3m30s
The Fire,Greatest Hit And More,Reel Big Fish,,3m8s
Wu-Tang: 7th Chamber,Enter The Wu-Tang (36 Chambers),Wu-Tang Clan,,6m7s
Mcnasty Filth (Instrumental),Champion Sound,Jaylib,,2m59s
gettin'_jiggy_wit_it,,will_smith,,2m53s
Hard To Say,In Love And Death,The Used,The Used,3m30.07s
Last Call,Roman Candle,Elliott Smith,Elliott Smith,4m37s
Online Songs,Take Off Your Pants And Jacket,blink-182,blink-182,2m26s
Please Excuse My Hands (Feat. The-Dream),Definition Of Real,Plies,,4m26s
Living For The City,Visionary Soul,Ray Charles,Stevie Wonder,6m5.412s
Nearly Witches (Ever Since We Met),Vices & Virtues,Panic! At the Disco,,4m17s
David Banner vs Fujiya & Miyagi - Get Like Pterodactyls,The Mixtape Volume Four,The Hood Internet,"ABX, STV SLV",1m20s
Touch The Sky,Late Orchestration,Kanye West,,4m7s
Rain,I Brought Him With Me,Blind Boys,,4m22s
Word Problems,For Lack Of A Better Name,Deadmau5,,7m49s
The Veils - Bloom,KEXP Song of the Day,The Veils,,3m10s
React,Champion Sound,Jaylib,,2m46s
Heartbreaker,Led Zeppelin II,Led Zeppelin,,4m14s
Money Folder,Madvillainy,Madvillain,Madlib,3m3s
Star 67/Intro,Other,Fall Out Boy,,2m22s
Unbearable Why,"Shame, Shame",Dr. Dog,,3m14s
Daylight,A Rush Of Blood To The Head,Coldplay,Buckland/Champion/Martin,5m27.865s
Hit Em Up,The Carter II (Chopped And Scr,Lil Wayne,,3m39s
New York City,Untitled,Sa-Ra Creative Partners,,5m
Sign. Steal. Deliver,Self-Titled Album,The AUDITION,,3m12s
Ladies of the World,Flight of the Conchords,Flight of the Conchords,,3m57.215s
The Biggest Lie,Live at Crystal Ballroom,Elliott Smith,,5m2s
Air Forces,Let's Get It: Thug Motivation 101,Young Jeezy,"J. Jenkins, D. Stewart",4m1.719s
Little Man,You Can't Imagine How Much Fun We're Having,Atmosphere,,4m17s
Do the Astral Plane,Cosmogramma,Flying Lotus,Flying Lotus,4m22s
Black Coffee Blues (Berlin),Black Coffee Blues,Henry Rollins,,9m11.195s
B.B.K.,,KoRn,,3m57s
Big Brother,Graduation,Kanye West,,4m49s
"No Woman, No Cry",The Score,The Fugees,Vincent Ford,4m33.159s
The Way You Win (Pre-Release),Crushing Blow EP,Ethan Kray,,3m2s
Shut It Down (featuring The Dream),Thank Me Later,Drake,,7m1s
So Many Tears,Greatest Hits [Disc 1],2Pac,"T. Shakur, E. Baker, G. Jacobs, S. Wonder",3m59s
Pete Wentz Is The Only Reason We're Famous,Hot Mess (Deluxe Edition),Cobra Starship,,3m4s
Trombone Dixie,,,,2m53s
SexyBack ft Timbaland,FutureSex/LoveSound,Justin Timberlake,,4m3s
Notorious BIG & Puff Daddy - Mo Money More Problems,,,,4m17s
Lollipop (Featuring Static Major) (Produced By Jim Jonsin & Deezle),Tha Carter 3,Lil Wayne,,4m59s
Bold As Love,Continuum,John Mayer,,4m18s
"Stay Young, Go Dancing",Codes and Keys,Death Cab for Cutie,,2m51s
I've Taken a Popular Contemporary Pop Song and Changed the Lyrics to Comment on the Proliferation of Starbucks in My Neighborhood!,It's Not Funny,David Cross,,3m18s
Dead Men Tell No Tales,Mutiny!,Set Your Goals,,58s
Upgrade U Freestyle,Da Drought 3 [Disc 1],Lil Wayne,,4m12s
"One Toke Over The Line: ""You get what you pay for.""",The Gonzo Tapes [Disc 2] : Fear and Loathing in Las Vegas,Hunter S. Thompson,,3m22s
Mango Pickle Down River (feat. The Wilcannia Mob),Kala (Bonus Track Version),M.I.A.,"Brendan Adams, Buddy Blair, Colin Roy Johnson, Daniel Wright, Keith Dutton, Lendal King, M.I.A., Morgan Lewis, Walter Ebsworth & Will Jarrett",3m53.244s
On The Other Side,First Impressions Of Earth,The Strokes,Julian Casablancas,4m38.709s
We Can't Win. (Amar).,Doe Or Die.,AZ.,,3m23s
My Soft & Deep,Decomposer,The Matches,,3m37s
The No Seatbelt Song,Your Favorite Weapon,Brand New,,4m32s
015 James Blake - Air and Lack Thereof,,,,4m9s
Retro Electro,Attack Of The Clones,Jay Electronica,,3m51s
Mama's Boy,Hooray For Boobies,Bloodhound Gang,,35s
I Can't Wait,White Blood Cells,The White Stripes,Jack White/Meg White,3m39s
Woe,...Is A Real Boy,Say Anything,Max Bemis,3m56s
Crazy Fucker,"""Basement II"" Demos",Elliott Smith,,2m37s
Deceptacon,The DFA Remixes: Chapter One,Le Tigre,Babe Anderson/JD Samson/Johanna Fateman/Kathleen Hanna,6m23s
Loser - N.E.R.D. & Clipse,Neptunes Present... Clones,The Neptunes,The Neptunes,3m15s
St. James Infirmary Blues,The White Stripes,The White Stripes,,2m26s
You Rock My World,Number Ones,Michael Jackson,Epic,4m26.75s
Don't Look Back In Anger,Familiar To Millions,Oasis,,5m28s
How To Disappear Completely,Strung Out On Kid A,The Tallywood Strings,Radiohead,5m7s
Black Coffee Blues (Georgia),Black Coffee Blues,Henry Rollins,,13m48.441s
Erase / Replace,"Echoes, Silence, Patience & Grace",Foo Fighters,Foo Fighters,4m13.19s
...And The World Laughs With You,Cosmogramma,Flying Lotus,Flying Lotus,2m54s
069. Johann Sebastian Bach - Brandenburgisches Konzert Nr. 1 (BWV 1046) - Allegro,Classical Music Top 100,VA,,4m42s
My Obsession,Between The Buttons [US],The Rolling Stones,,3m18s
Sleeping Lessons,Wincing the Night Away,The Shins,,3m58s
What Mean The World To You ,DMS,Cam'ron,,5m1s
The Reaping,No World For Tomorrow,Coheed & Cambria,,1m14s
50 Cent Ft. Beyonce - In The Club (Dj Trini Remix).mp3,Dj Trini - The Remixes 2003,Dj Trini,,4m45s
"Have Gun, Will Travel",Champion,The Audition,,3m6s
Christian's Inferno,21st Century Breakdown,Green Day,,3m7s
Say Something (Dirty) ,Shock Value 2,Timbaland feat. Drake,Timbaland,4m3s
Roadhouse Blues - Live Version,The Best of The Doors,The Doors,,4m34s
You Keep Me Hangin' On [June 1987],Another Step,Kim Wilde,,4m17s
Steve Wonder - Song Review - 02 - I Just Called To Say I Love You,,The Strokes,,4m22s
Don't Slow Down,Grand,Matt & Kim,,3m8s
When It Rains,"Live at Norwegian Wood - June 14, 2008",Paramore,,3m33s
Dreamer,Flight School,Wiz Khalifa,,3m23s
Rox In The Box,The King Is Dead,The Decemberists,Colin Meloy,3m10s
Catch Me,Here We Go Again,Demi Lovato,,3m10s
Beatdown In The Key Of Happy,Rise Or Die Trying,Four Year Strong,,3m4s
3,amsterdam tape,artist,,2m36s
Given The Chance,Say It Like You Mean It,The Starting Line,,2m58s
The New,Donuts,J Dilla,,50s
Stagger,Skream!,Skream,,4m41s
The Diff'rence,Donuts,J Dilla,,1m53s
016 Octa Push - Quebu Sabe,,,,4m9s
Amen Brother,DJ Pogo Presents Block Party Breaks 2,The Winstons,,2m36s
The Country Song,The Mark Tom And Travis Show,Blink 182,,57s
Us Placers (Feat. Pharrell And Kanye West),Xtreme,Lupe Fiasco,,3m51s
Almost Over,New Moon,Elliott Smith,,2m11.819s
Teamwork,Chicken N Beer,Ludacris,,3m46s
Saying Goodbye,If Only You Were Lonely,Hawthorne Heights,,3m9.521s
Butch Walker - Mixtape (snippet),Welcome to the New Administration (mixtape number 60---),CitizensFOB Mixtape,Hosted & Mixed By Clinton Sparks,28s
Eye,Madvillainy,Madvillain Feat. Stacy Epps,Madlib,1m58s
Hey Hey  (Jason Bee Short Edit),2009,Dennis Ferrer,,2m59s
Outro,Outside,Tapes 'n Tapes,,2m48s
17 Distance - Menace,Disc F: The Ruff Step,"Revealomatic - No Bull, More Halfstep",,1m38s
In God's Country,The Joshua Tree (Remastered / Expanded) (Deluxe Edition) (CD 1),U2,,2m57s
Complaintor,Bend To Break,The Color Fred,,4m
The Kids Don't Stand A Chance,Vampire Weekend,Vampire Weekend,,4m3s
Raver's Special,O.M.G.!,Rusko,,4m37s
No Control,Transistor,311,D. Martinez/N. Hexum,3m10.496s
"Ready, Able",Veckatimest,Grizzly Bear,,4m19s
Let Me Think About It (Lil Jon Edit) ,,Fedde Le Grande Feat. Ida Corr,,4m46s
Open Spaces,2008,Jonny Greenwood,,3m57s
100%,Fancy Footwork,Chromeo,Chromeo,6m1s
Heart Skipped A Beat,xx,The xx,,4m2s
Campus,Vampire Weekend,Vampire Weekend,,2m56s
A Certain Death,Controller,Misery Signals,,3m26s
Gouda (Feat. B-Legit & Stressmatic Of The Federation),My Ghetto Report Card,E-40,,5m4s
Bury Your Head,Saosin,Saosin,,3m35s
I Walked,The Age Of Adz,Sufjan Stevens,Sufjan Stevens,5m1s
"Not To Toot My Own Horn But, BEEP BEEP!",Demo 2005,Four Year Strong,,3m58s
Television,Think Tank,Henry Rollins,,12m42.612s
Get On My Pony,Dirty South Dance CD,A-Trak,,3m32.369s
Empty Shell,The Greatest,Cat Power,Chan Marshall,3m4.459s
Panic at the Disco - Northern Downpour (snippet),Welcome to the New Administration (mixtape number 60---),CitizensFOB Mixtape,Hosted & Mixed By Clinton Sparks,2m2s
Flip Flop Rock (with Killer Mike),Speakerboxxx/The Love Below,Outkast,,4m36s
Walking On Water,This Providence,This Providence,,2m36s
Stork And Owl,"Dear Science,",TV on the Radio,,4m2s
Crazy Legs/ Rock Steady Crew Interlude,J. Period - Best Of The Roots,The Roots,J.Period,30s
Lose Control One More Time V1(TEMPO CHANGE - Missy vs. Daft Punk vs. Three Six Mafia),Our Blood Mixes Well,DJ Quixotic,,7m11s
Let Me Show You (Rev-Players Extended Mix),Promo Only Mainstream Club July,Laylah,,5m39s
Keep Quiet,One Life Stand,Hot Chip,,4m4s
Lions Roar,Like Vines,The Hush Sound,,2m54s
Right Turn Clyde,Hooray For Boobies,Bloodhound Gang,,5m25s
Fumes,None Shall Pass,Aesop Rock,I. Bavitz,5m
Israel,A Rollins In The Wry,Henry Rollins,,8m2.58s
What I Did On My Summer Vacation,Sleep Without Dreams,2*Sweet,,3m38s
Love Lockdown,808's And Heartbreaks,Kanye West,,4m32s
Holding Out For A Hero,Secret Dreams And Forbidden Fire,Bonnie Tyler,,5m48s
06. X - Beyond And Back,VA - The Decline Of Western Ci,,,2m55s
Powerful Stuff,Run Wolves Run,Sean Hayes,,3m35s
04 04 Party 1,Demi Lovato - Don't Forget,Demi Lovato,,3m55s
Mouth Of Ghosts,Ire Works,The Dillinger Escape Plan,,6m51s
This Is The End,Can't Stop Won't Stop,The Maine,,2m54s
Mind Ya Biznezz,K-Swift Club Queen 4,Baltimore Club,,2m41s
Boom Boom Pow (Clean),,Black Eyed Peas,,4m14s
Tell Mama,Cheap Thrills/I Got Dem 'Ol Kozmic Blues Again Mama!/Pearl (3 Pak Longbox),Janis Joplin,,6m32s
Codex,The King of Limbs,Radiohead,,4m46.952s
I Am Fred Astaire,Where You Want To Be,Taking Back Sunday,Taking Back Sunday,3m43.538s
City Lights,,Unnamed,,2m55.426s
Time To Break Up,2001,blink-182,,3m13s
Cavanaugh Park,Leaving Through The Window,Something Corporate,Andrew McMahon,4m18.53s
C.R.E.A.M.,Enter The Wu-Tang (36 Chambers),Wu-Tang Clan,,4m13s
jamin 4 to tha floor-mx2,,DJ Jamin,,21m55s
Coma,Controller,Misery Signals,,4m53s
Play Your Part (Pt. 2),Feed The Animals,Girl Talk,,3m25s
Manifest/Outro,The Score,The Fugees,"Wyclef Jean, Prakazrel ""Pras"" Michel, Lauryn Hill",5m59.769s
It's Boring/You Can Live Anywhere You Want,See Mystery Lights,YACHT,,8m54s
Ban The Tube Top,Greatest Hit And More,Reel Big Fish,,3m13s
My Wandering Days Are Over,Tigermilk,Belle & Sebastian,,7m47s
Modern World,Apologies To The Queen Mary,Wolf Parade,Wolf Parade,2m52s
A New Swan Queen,Black Swan Original Motion Picture Soundtrack,Clint Mansell,Clint Mansell,3m29s
Bastard,Songs For Silverman,Ben Folds,,5m16s
Way Of Life,Revolutionary But Gangsta (Retail),Dead Prez,,2m57s
Endless Happiness,DFA Compilation #1,Black Dice,Black Dice,15m27s
Caroline No,,The Beach Boys,,2m51s
Classified,It's Classy Not Classic,Breathe Carolina,,3m15s
Sink,Daisy,Brand New,,3m21s
Taking The Bus,For What It's Worth,Dave Chappelle,,4m47s
Smoke Interlude (Hawaiian Punch),Beat Konducta Vol. 6: Dil Withers Suite,Madlib,,1m2s
Handcuffs,The Devil And God Are Raging Inside Me,Brand New,Jesse Lacey,4m10.961s
Go Long Dad (Demo),Demo 2005,Four Year Strong,,4m28s
I Can't Do The One Two Step,The Party Scene,All Time Low,,4m3s
I Dont Need No Doctor,Where The Light Is Live In Los Angeles [Disc 2],John Mayer,John Mayer,6m3s
Do Better,Say Anything,Say Anything,,3m52s
Peppermint Patties,Apples And Oranges,Stacy Clark,,3m23s
Intro,Flight School,Wiz Khalifa,,1m12s
I'm Lost Without You,Blink 182,Blink 182,blink-182,6m21s
This Is Fucking Ecstasy,In Defense Of The Genre,Say Anything,,2m40s
Listen Up,Army Of The Pharaos: The Torture Papers,Jedi Mind Tricks,Jedi Mind Tricks,4m2s
All You Need is Love,Love,The Beatles,,3m40s
Rock and Roll - FamLay,Neptunes Present... Clones,The Neptunes,The Neptunes,4m23s
Some Chords,4x4=12,deadmau5,,7m27s
Big Knob,Chautaqua,The Willowz,,1m53s
Andreas Mortiz & Paul Mendez - Silver Bullet (Phunk Investigation Remix),,www.just4dance.fw.hu,www.just4dance.fw.hu,7m46s
Twilight,From A Basement On The Hill - Get Free Music at RCRD LBL.com,Elliott Smith,,4m30s
All At Once,We All Need A Reason To Believe,Valencia,,3m28s
Equalizer,Atlantis: Hymns for Disco,k-os,,3m8.824s
Panic On The Streets Of Health Care City,Kill The House Lights,Thursday,,2m0.697s
C-Minor,"Brother, Sister",mewithoutYou,,3m22s
Lucifer (Produced By Kanye West),The Black Album,Jay-Z,,3m12s
Heart & Soul,Flight School,Wiz Khalifa,,3m37s
Where I Started,Used And Abused,Danger Radio,,3m36s
"A Night to Remember, a Morning to Forget",Things Aren't So Beautiful Now,A Thorn for Every Heart,A Thorn for Every Heart,3m21s
She's Got The Rythm,... In Color,The Summer Set,,2m43s
You Don't Care About Us,Without You I'm Nothing,Placebo,,3m58s
Matter Of Time,Chroma,Cartel,Will Pugh,3m22.733s
Dr. Carter (Produced By Swizz Beatz),Tha Carter 3,Lil Wayne,,4m25s
Strawberry Swisher Pt. 2,Happiness,Dance Gavin Dance,,3m7s
Formation,Dubstep Collection 8,Elemental,,5m33s
Hurt Feelings,Hurt Feelings - Single,Flight of the Conchords,,2m36.409s
Track 14,,,,4m25s
Intro (Live),A Cross the Universe (Live),Justice,,38.591s
Set You Free,Guilt By Association Vol. 2,Frightened Rabbit,,3m34s
"Hot Damn - Clipse, Ab-Liva & Roscoe P",Neptunes Present... Clones,The Neptunes,The Neptunes,4m8s
Man On The Moon,Automatic For The People,R.E.M.,,5m14.235s
My Mouth,O.M.G.!,Rusko,,4m25s
Mykel And Carli,Dusty Gems And Raw Nuggets [Bonus Disc],Weezer,Weezer,2m53.569s
Superstar (Feat. Matthew Santos (Live),Xtreme,Lupe Fiasco,,7m21s
Ice Water (Ft Ghostface Killah,Only Built 4 Cuban Linx VBR,Raekwon,,3m39s
Space Fruit Interlude (Preformed By Sa-Ra),Ear Drum,Talib Kweli,,1m32s
POLICE SIREN,Demo,Sound Effects,,30s
Val Kilmer,The Great Burrito Extrtion Case,Bowling For Soup,Bowling For Soup,3m33.925s
"So Appalled (feat. JAY-Z, Pusha T, Prynce Cy Hi, Swizz Beatz & The RZA)",My Beautiful Dark Twisted Fantasy,Kanye West,,6m38s
Wonderful People,Power,Q And Not U,,3m9s
Cleanse Song,Cassadaga,Bright Eyes,,3m29s
The Danger Zone,Visionary Soul,Ray Charles,Percy Mayfield,2m26.517s
Via Invested,Equal Vision Digital Sampler 2007,Damiera,,3m12s
Lean Back Dirty,Lean Back,Terror Squad,,4m15s
Songs of Love,Sunny 16,Ben Folds,,4m31s
Don't Turn The Lights On,,Chromeo,,4m37s
Beat Connection,LCD Soundsystem (Disc 2),LCD Soundsystem,,8m7s
Spare Change,Grand,Matt & Kim,,1m14s
Day N Night (Crookers First Remix),                              ,Kid Cudi,,4m44s
Ants In My Pants,,Say Anything,,4m58s
Beat Provider (Through The Years),Beat Konducta Vol. 5: Dil Cosby Suite,Madlib,,1m19s
Soap (Skit),The Slim Shady LP,Eminem,,35s
Shaken,We Are Pilots,Shiny Toy Guns,,1m7s
Radical Notion,Inception (OST),Hans Zimmer,,3m43s
Cameras,Sidewalks,Matt & Kim,Kim Schifino/Matt Johnson,3m33s
NPR News: 06-16-2011 7AM ET,NPR: 7AM ET News Summary Podcast,NPR,,5m
Magic (Radio),,Robin Thicke,,3m36s
Obvious,Hold On Tight,Hey Monday,Rohan Kohli,3m30s
Remix Medley #1,,Tugboat,,5m25s
Anthenagin' (?),Beat Konducta Vol. 5: Dil Cosby Suite,Madlib,,1m35s
Goin' Down,Return To The 36 Chambers: The Dirty Verson,Ol' Dirty Bastard,,4m20s
Yummy Down On This,Hooray For Boobies,Bloodhound Gang,,3m49s
Hooch,Does This Look Infected?,Sum 41,Sum 41,3m29s
Floating Vibes,Astrocoast,Surfer Blood,,4m
You Might as well Be in Space,Forever Comes Too Soon,The Years Gone By,,3m13s
Hey Man!(Live),Bastard Lives Comp.,Emanuel,,3m43s
Feeling For The Pack,Dirty South Dance CD,A-Trak,,1m18.808s
I'll Be The Wings That Keep Your Heart In The Clouds,A Lesson In Romantics,Mayday Parade,,4m40s
Do You Want Me (Dead),Dirty Work,All Time Low,,3m4s
Talk,X&Y,Coldplay,"Chris Martin, Guy Berryman, Jon Buckland, Will Champion",5m11.286s
Sexy Bitch (Chuckie Remix),DMS,David Guetta ft Akon & Lil Jon,,5m58s
Got It 4 Sale (Ft. Chrome),2005,Three 6 Mafia,,4m31s
Gimme All Your Lovin',Greatest Hits,ZZ Top,Hill/Gibbons,3m59s
I've Just Seen A Face,Rubber Soul (US),The Beatles,,2m5s
Disaster,Fragile Future,Hawthorne Heights,,3m1s
"Hard Times (feat. Carl Thomas, 8Ball & MJG)",Chicken N Beer,Ludacris,,5m16s
Do You Remember Walter,Village Green Preservation Society (Special Deluxe Edition 2004) (CD1 Stereo),The Kinks,,2m27s
Black Eyed Peas - Meet Me Half,2010,VA,,7m19s
This Ride,Somebody's Gonna Miss Us,The Starting Line,,3m45s
Holiday From Real,Everything In Transit,Jack's Mannequin,Andrew McMahon,2m58.723s
Bowtie (Postlude),Speakerboxxx/The Love Below,Outkast,,35s
I write sins not tragedies,A Fever You Can't Sweat Out,Panic! At The Disco,Panic! At The Disco,3m6.688s
Total Trash,Daydream Nation,Sonic Youth,Sonic Youth,7m30s
Team USA (prod. Just Blaze),Just Do It: A Mixtape Ode To Nike,6th Sense & Mick Boogie,,2m10s
Lean back - accapella,,,,3m37s
Blood,The Ultimate Best Of Pearl Jam,Pearl Jam,,2m52s
Grenade Jumper,Take This To Your Grave,Fall Out Boy,,2m59.258s
New Disaster,Grand Mal: Studio Rarities,Elliott Smith,,4m8s
The Bad Touch (The Eiffel 65 Mix),Hooray For Boobies,Bloodhound Gang,,3m36s
Well All Right,Rave On Buddy Holly,Kid Rock,Jerry Allison/Buddy Holly/Joe Mauldin/Norman Petty,2m10s
Spanish Sahara,Total Life Forever,Foals,,6m51s
BritneySpears-3Radio,New Album Coming Soon!,Britney Spears,,3m25s
Dry Clean Only,Strategic Grill Locations,Mitch Hedberg,,3m8s
All Over You,"No Really, I'm Fine",The Spill Canvas,,3m23s
Bruised,"Supersunnyspeedgraphic, The LP",Ben Folds,,4m35s
Youlogy,Black Up,Shabazz Palaces,,3m59s
Yin Yang,Dubstep Collection 8,Excision & DZ,,4m54s
Onward Part 2,"Spoken Word Guy 2 10-13-07 Ann Arbor, Mi",Henry Rollins,,7m54s
Eternal Life,Grace,Jeff Buckley,,4m52s
Stickman,Basement Demos,Elliott Smith,,4m18s
Might Just Blow That (Produced by DJ Toomp),Trappin Ain't Dead,Young Jeezy,,4m41s
Chia Like I Shall Grow,...Is A Real Boy,Say Anything,Max Bemis,4m57s
Sound Effects And Overdramatics,In Love And Death,The Used,The Used,3m28.608s
Cute Without The 'E' (Cut From The Team),Tell All Your Friends,Taking Back Sunday,John Nolan,3m31.58s
Hold On (Subfocus Remix),Blow Your Head Volume 1: Diplo Presents Dubstep,Rusko feat. Amber Coffman,,4m29s
Never (feat. Big Rube),Dirty Acres,CunninLynguists,,3m7s
Coast to Coast (Instrumental),Basement Demos,Elliott Smith,Elliott Smith,5m2s
Where The Hurt Is,,Say Anything,,7m42s
Hungover,Animal,Ke$ha,,3m4s
004. Wolfgang Amadeus Mozart - Klarinettenkonzert (K. 622) - Adagio.mp3,Classical Music Top 100,VA,,7m1s
Scared To Lose,"The Mother, The Mechanic, And The Path",The Early November,,3m13s
Howing at the Moon,Scared Famous,Ariel Pink's Haunted Graffiti,,3m43s
Radar rider,Ed Rec Vol. 1,Mr Flash,,3m58s
08 Distance - Headstrung,Disc F: The Ruff Step,"Revealomatic - No Bull, More Halfstep",,1m47s
Last Night On Earth,21st Century Breakdown,Green Day,,3m57s
07 chicken lips presents … zeefungk _hey what you doin_ (triangle re rub),Lost on Arrival,Naked Music,,5m5s
The Break-Up,Talking From The Box,Henry Rollins,,7m45s
Bitch Went Nuts,Way To Normal,Ben Folds,,3m6s
The Ruler's Back,The Blueprint,Jay-Z,,3m52s
You're On My Mind Baby,O.M.G.!,Rusko,,4m3s
Snow Patterns,Different Damage,Q And Not U,Q And Not U,3m1.533s
She Likes (Bitter Sweet Love),The Weekend: Friday,Forever the Sickest Kids,,2m50s
CuDi Spazzin',Plain Pat & Emile Presents a KiD named CuDi,KiD CuDi,,3m7s
Lover I Don't Have To Love,"Lifted Or The Story Is In The Soil, Keep Your Ear To The Ground",Bright Eyes,Conor Oberst,4m0.163s
The Philosophy Of Horror,Legacy Of Blood,Jedi Mind Tricks,,3m59s
The Lady In My Life,Thriller 25,Michael Jackson,R. Temperton,4m59s
Assasain,Black Holes and Revelations,Muse,,3m31s
Absolutely,Born like this,DOOM,,2m43s
The String (Heavy Jones),Beat Konducta Vol. 5: Dil Cosby Suite,Madlib,,1m23s
Better Than Heaven,Intimacy,Bloc Party,,4m22s
Plastic Jungle,Miike Snow,Miike Snow,,3m54.266s
Prospector's Quartet,2008,Jonny Greenwood,,2m57s
Devil's Song (This Feels Like A Nightmare),Avalon,Anthony Green,,5m26s
Steve Wonder - Song Review - 20 - Kiss Lonely Good-Bye,,,,4m8s
One in the World,Outside,Tapes 'n Tapes,,2m50s
Waking Up In Vegas,One Of The Boys,Katy Perry,,3m19s
Diesel,Legend Of The Wu-Tang,Wu-Tang Clan,RZA,5m29.305s
The Frown Song,Way To Normal,Ben Folds,,3m38s
Drunkship Of Lanterns,De-Loused In The Comatorium,The Mars Volta,The Mars Volta,7m5.993s
Ain't Too Proud to Beg,Motown Classics: Gold Disc 1,The Temptations,"Edward Holland, Jr./Norman Whitfield",2m34s
Reset,Speakerboxxx/The Love Below,Outkast,,4m36s
All My Only Dreams,That Thing You Do,Original Soundtrack,,2m54s
Sierra Meastra,Revolutionary Vol. 2,Immortal Technique,,47s
Great Dj (Original radio edit),Great Dj (Promo CDM),The Ting Tings,,3m25s
Blue American,Black Market Music,Placebo,,3m31s
Since U Been Gone,Breakaway,Kelly Clarkson,,3m10s
The Safety Dance [September 1983],Best Of,Men Without Hats,,2m46s
Clubland,The Very Best Of Elvis Costello [Disc 1],Elvis Costello,Costello,3m43.352s
Full Figure Pockets (Pay Jay),Beat Konducta Vol. 6: Dil Withers Suite,Madlib,,1m39s
Peg         +3,Citizen Steely Dan 1972 - 1980 (Disc 3),Steely Dan,,3m56s
38 Caspa & Rusko - Power Shower.mp3,Disc F: The Ruff Step,"Revealomatic - No Bull, More Halfstep",,2m40s
The Neighbors,Actor,St. Vincent,,3m32s
The Power of Love [August 1985],"""Back To The Future"" Soundtrack",Huey Lewis & The News,,3m57s
She's Only 18,Stadium Arcadium ,Red Hot Chili Peppers,,3m26s
Fences,Riot!,Paramore,,3m20s
She Said She Said,Revolver,The Beatles,,2m37s
Dolami,Ed Rec Vol. 1,Sebastian,,3m57s
Impossible (Johnny Vicious Radio Edit),Promo Only Dance Radio April,Shontelle,,2m55s
Cold Lampin' with Flavor,1988,Public Enemy,,4m17s
Failure By Design,Your Favorite Weapon,Brand New,,3m17s
Caress Me Down,Sublime,Sublime,Sublime,3m32s
Alone,Playlist: The Very Best Of Heart,Heart,,4m12s
I Just Wasn't Made For These Times,,The Beach Boys,,3m12s
Track 02,,PAGE,,3m49s
Santeria,Sublime,Sublime,Sublime,3m3s
Nil By Mouth (Knightlife Remix),Infinity +1,Bag Raiders,,2m13s
08 08 Priorities Intact,Run It Up The Flagpole,Farewell,,3m26s
Beef Rapp,MM....Food,MF Doom,,4m40s
Blood on My Hands,The Dark Knight,The Dark Knight,,2m17s
Joe Metro,2007,Blue Scholars,,5m11s
Spinning Waltz,Curb Your Enthusiasm,Piero Piccioni,,1m13s
Get 'em High (ft. Talib Kweli & Common),The College Dropout,Kanye West,,4m51s
Aish Tamid,Live At Stubb's,Matisyahu,,6m55.404s
Break Your Heart,Straight to DVD,All Time Low,,4m39s
Frayed Ends,Save The World Lose The Girl,Midtown,,6m27.308s
Piano Concerto No 21 In C Major K 467 Andante,The Best Of Mozart,Mozart,,6m48s
Rub A Dub,Transistor,311,N. Hexum,2m42.47s
Evil Son,Chautaqua,The Willowz,,4m47s
100. C√©sar-Auguste-Jean-Guillaume-Hubert Franck - Panis Angelicus.mp3,Classical Music Top 100,VA,,4m5s
By Myself,The Carter Meets The Cartel 2: Lil Wayne & Drake,Lil Wayne & Drake,,1m27s
Concerto Of A Desperado (Remix),J. Period - Best Of The Roots,The Roots,J.Period,52s
Get Up / Say What,DFA Compilation #2 [Disc 1],Pixeltan,Pixeltan,9m10s
Dancing In The Street,Best Of Bowie,David Bowie,Ivy Jo Hunter/William Stevenson/Marvin Gaye,3m22.501s
Testify,The Battle Of Los Angeles,Rage Against The Machine,Rage Against The Machine,3m30.721s
Liar,Never Mind the Bollocks Here's the Sex Pistols,The Sex Pistols,Glen Matlock/Johnny Rotten/Paul Cook/Steve Jones,2m39s
Everyday I Write Book,The Very Best Of Elvis Costello [Disc 1],Elvis Costello,Costello,3m52.454s
It's A Curse,Apologies To The Queen Mary,Wolf Parade,Wolf Parade,3m12s
Ich & Ich - Pflaster (Beatzarre Remix),,www.just4dance.fw.hu,www.just4dance.fw.hu,6m37s
The Hush Sound - We Believe in (Barack Obama),Welcome to the New Administration (mixtape number 60---),CitizensFOB Mixtape,Hosted & Mixed By Clinton Sparks,1m52s
Red Eye,The Secret Wars,Ace Enders,,4m4s
Owner of A Lonely Heart (Radio Edit),Owner of A Lonely Heart,Steve Murano,MAX GRAHAM Vs YES,3m55s
Rescued,Everything In Transit,Jack's Mannequin,Andrew McMahon,3m55.705s
Flight Of The Navigator,Mutiny!,Set Your Goals,,2m49s
27 Rusko - Gone 2 Far.mp3,Disc F: The Ruff Step,"Revealomatic - No Bull, More Halfstep",,1m47s
Don't Let This Be The End,Not Without A Fight,New Found Glory,,3m2s
18 16 Bit - Cobra.mp3,Disc F: The Ruff Step,"Revealomatic - No Bull, More Halfstep",,1m48s
Killing Lies,First Impressions Of Earth,The Strokes,"Julian Casablancas, Nikolai Fraiture",3m50.156s
Watch My Shoes,No Ceilings [illRoots.com],Lil' Wayne,,4m44s
Niggas in Paris,Watch the Throne  (Deluxe Version),Jay-Z and Kanye West,"Kanye West, Shawn Carter, Chauncey Hollis, W. A. Donaldson & Mike Dean",3m39s
Take On Me,Greatest Hit And More,Reel Big Fish,,3m4s
I Wanna Be The One,2009,fun.,,3m36s
J's Day Theme #3 (Support),Beat Konducta Vol. 5: Dil Cosby Suite,Madlib,,2m7s
Honorebel Feat. Pitbull & Jump,Electro House Music Remixes-WE,VA,,5m59s
Collapse,Saosin,Saosin,,3m16s
Reunited,Legend Of The Wu-Tang,Wu-Tang Clan,RZA,5m22.316s
To Build A Mountain,A Band In Hope,The Matches,,3m18s
Something You Forgot,2007,Lil Wayne,,3m55s
Pride,Mean Everything To Nothing,Manchester Orchestra,,5m49s
FML,For Lack Of A Better Name,Deadmau5,,6m36s
Are You Experienced?,Are You Experienced?,Jimi Hendrix,,4m16s
A Message,X&Y,Coldplay,"Chris Martin, Guy Berryman, Jon Buckland, Will Champion",4m45.35s
Lust For Life,Album,Girls,Www.DepoDepo.Fr By Orko61,2m26s
Gettysburg,Classics,Ratatat,,5m29s
Beauty,Economics II,Jim Gaffigan,,3m24s
"White Gurl (Feat. Bun B, Pimp C Of UGK & Juelz Santana)",My Ghetto Report Card,E-40,,4m24s
The Age Of Sacred Terror,Legacy Of Blood,Jedi Mind Tricks,,4m29s
Joy (ft. Mos Def),Quality ,Talib Kweli ,,4m17s
Sing This!,3D,I See Stars,,2m59s
062. Vincenzo Salvatore Carmelo Francesco Bellini - Norma - Casta Diva.mp3,Classical Music Top 100,VA,,5m38s
Kings New Clothes Were Made by His Own Hands the,Black Up,Shabazz Palaces,,2m7s
When They Came For Us,We Are Pilots,Shiny Toy Guns,,4m32s
Too Many Dicks on the Dance Floor,Season 2 Flight of the Conchords,Flight of the Conchords,,1m44s
Unstoppable (ft. Lil Wayne and Santogold),,Drake,,3m24s
The Long And Winding Road,Let It Be,The Beatles,,3m38s
Seasons,... In Color,The Summer Set,,3m11s
Microwave Mayo,Born like this,DOOM,,2m26s
Chop Me Up ft Timbaland & Three-6 Mafia,FutureSex/LoveSound,Justin Timberlake,,5m4s
7000 (Reprise),Psychic Chasms,Neon Indian,,57s
Dog-Eared Page,E. Von Dahl Killed the Locals,The Matches,Harris/Mike Harwood/The Matches,3m43s
Breaking It Up (Punks Jump Up Remix),discodust.blogspot.com,Lykke Li,Punks Jump Up,5m35s
Survive,The Sufferer And The Witness,Rise Against,,4m48s
Twisted Logic,X&Y,Coldplay,"Chris Martin, Guy Berryman, Jon Buckland, Will Champion",5m1.905s
Devil's Song (Demo),Avalon,Anthony Green,,2m47s
Punch & Judy,Either/Or Demos (Disc 1 of 2),Elliott Smith,Elliott Smith,2m33s
The Rock Show,Take Off Your Pants & Jacket,Blink 182,,2m48s
Direction,Somebody's Gonna Miss Us,The Starting Line,,4m18s
Disco Inferno,The Massacre,50 Cent,C. Jackson/P. Pitts/T. Crawford,3m34s
John Wayne Gacy Jr,Illinois,Sufjan Stevens,,3m21.99s
Point Of Extinction,Even If It Kills Me,Motion City Soundtrack,,2m38s
Where My Money (I Need That),Port Of Miami,Rick Ross,,4m32s
connected,Coming Home,New Found Glory,,3m40s
Computer Face / Pure Being,Cosmogramma,Flying Lotus,Flying Lotus,2m33s
One (Remix),Revolutionary Vol. 2,Immortal Technique,,4m36s
Let's Call It Off,Writer's Block,Peter Bjorn And John,,4m6s
"Birth, School, Work, Death","The Best Of The Godfathers: Birth, School, Work, Death",The Godfathers,,4m8s
Let's Go To Mars,"Talk Is Cheap, Vol. 4",Henry Rollins,,5m16.905s
Jamie All Over,A Lesson In Romantics,Mayday Parade,,3m38s
Montauk,Bayside,Bayside,,3m40s
Pressure,"Live at Norwegian Wood - June 14, 2008",Paramore,,3m6s
Zodiacccupuncture,"Fast Cars, Danger, Fire and Knives",Aesop Rock,,4m23s
Over My Head (Cable Car),Pop Volume II,A Day To Remember,Punk Goes...,3m31s
Teenagers from Mars,Collection,The Misfits,,2m43.468s
Speeding Up The Octaves,The Silence In Black And White,Hawthorne Heights,Hawthorne Heights,4m10.938s
Follow Us (Ft. Vonnegutt),Sir Lucious Left Foot: The Son of Chico Dusty,Big Boi,,3m35s
Don't Try This At Home,37 Everywhere,Punchline,,3m40.519s
A-Trak & Lupe Fiasco feat. 6th Sense - Me & My Sneakers,Just Do It: A Mixtape Ode To Nike,6th Sense & Mick Boogie,,3m45s
Morning Of America,Bayani,Blue Scholars,,7m4s
My Chain (Feat. Brick Squad),Movie 3: The Burrprint!,Gucci Mane,,4m14s
Things Are Getting Better,In Search Of (Live Version),N.E.R.D.,,4m56s
X-Polynation,Power,Q And Not U,,2m49s
My Dad's Gone Crazy (Featuring Hailie Jade),The Eminem Show,Eminem,,4m27s
Eleanor Rigby / Julia,Love,The Beatles,,3m7s
You Owe Me,2003,Nas and MF Doom,,4m15s
Like You,Felt 3 (A Tribute To Rosie Perez),Felt (Slug & Murs),,3m28s
Fear City,New Moon,Elliott Smith,,3m30.001s
Evolution,You Are Free,Cat Power,,4m46s
Rainy Monday,We Are Pilots,Shiny Toy Guns,,3m59s
Take My Hand,Whisper War,The Cab,,3m29s
The Way You Move (Cassiano & Kienyo Baile Funk Rmx),I Luv Baile Funk,Baile- Favela On Blast,Nossa,2m22s
"Dear Maria, Count Me In",Straight to DVD,All Time Low,,6m47s
Such A Mess,,New Found Glory,,2m44s
2012      [ibootleggedyourmum.wordpress.com],Your Mum's Phat Titz June '09 Mixtape Part 2,Jaspects ft. Janelle Monae,,5m29s
More Like in my Dreams,Season 2 Flight of the Conchords,Flight of the Conchords,,1m54s
Fly Out,2006,Lil Wayne,,2m12s
Shake It,Shake It (Remixes),Metro Station,,3m22s
Vcr,xx,The xx,,2m57s
Bonus Track,Sycamore Meadows,Butch Walker,,7m49s
Dog Problems,Live At The Mayan Theatre,The Format,,4m33s
No Kings,I'll Sleep When You're Dead,El-P,,3m7s
We Intertwined,Like Vines,The Hush Sound,,3m20s
4th & 20,"Party In The Front, Business In The Back",All In Uniform,,3m46.975s
Raw Shit Ft Talib Kweli,Champion Sound,Jaylib,,3m10s
New Monkey,Grand Mal: Studio Rarities,Elliott Smith,,3m55s
"Goodnite, Dr. Death",Danger Days: The True Lives Of The Fabulous Killjoys,My Chemical Romance,,1m59s
Trendy,Greatest Hit And More,Reel Big Fish,,2m25s
On And On,"Skip School, Start Fights",Hit The Lights,,2m56s
Striving for Perfection,Only Built 4 Cuban Linx VBR,Raekwon,,1m44s
And Then What,Let's Get It: Thug Motivation 101,Young Jeezy,"J. Jenkins, B. Thomas",4m5.504s
The Electric Zone (Plugged In),Beat Konducta Vol. 6: Dil Withers Suite,Madlib,,1m48s
Mean Mr. Mustard,Abbey Road,The Beatles,,1m7s
Make Out Club,The Papercut Chronicles,Gym Class Hereos,,4m45s
Next Episode (Rmx),Crooklyn Clan Executive Mix   ,"Crooklyn Clan (Dr. Dre, Snoop)",,3m17s
"My Child is Enthralling, Especially When It Says Something Unexpectedly Precocious Even Though It Doesn't Understand What It Just Said!",It's Not Funny,David Cross,,8m43s
300 M.P.H. Torrential Outpour Blues,Icky Thump,The White Stripes,"White Stripes, The",5m29s
Modest Mouse vs Kanye West - Floating Paranoia,The Mixtape Volume Four,The Hood Internet,"ABX, STV SLV",2m22s
010 Ollie! - You Stupid Cunt (Bare Noize Rmx),,,,4m38s
Killa Lipstick (feat. Method Man & Masta Killa) (Bonus Track),The Big Doe Rehab,Ghostface Killah,,3m39s
Bang Your Drum,At Mount Zoomer,Wolf Parade,Wolf Parade,3m12s
Never Had No One Ever,The Queen Is Dead,The Smiths,Marr/Morrissey,3m37s
04 04 Rock On The Radio,Run It Up The Flagpole,Farewell,,2m39s
With A Little Help From My Friends,Sgt. Pepper's Lonely Hearts Club Band,The Beatles,Lennon/McCartney/Lennon/McCartney,2m44.048s
"Where's Da G's (Ft. Bun B, Pimp C)",Maths And English,Dizzee Rascal,,4m55s
45:33 (Iv),45:33,LCD Soundsystem,James Murphy,10m42s
Vampires Will Never Hurt You,"I Brought You My Bullets, You Brought Me Your Love",My Chemical Romance,My Chemical Romance,5m27s
Change Your Mind,Move Along,The All-American Rejects,,3m40s
Morning Bell,Strung Out On Kid A,The Tallywood Strings,Radiohead,4m38s
Doo Tok (Chambaland Mashup),,Lauryn Hill vs. Ke$ha,,3m15s
Splash Waterfalls,Chicken N Beer,Ludacris,,4m51s
Exactly,37 Everywhere,Punchline,,4m45.21s
Records At Nite,Lifetime,Lifetime,,2m45s
Without You I'm Nothing,Without You I'm Nothing,Placebo,,4m9s
Living Proof,The Greatest,Cat Power,Chan Marshall,3m11.634s
The Underdawg (Prod. By DJ Toomp),Trappin Ain't Dead,Young Jeezy,,4m26s
Pop Rocks and Soda Rendered,,Riley & Teenwolf,,3m55s
Cash Cow,With Love And Squalor,We Are Scientists,"Keith Murray, Chris Cain, Michael Tapper",2m35.898s
Serve the People,Sound Kapital,Handsome Furs,,4m7s
06 Nekkroteukh - Spirits VIP,Disc F: The Ruff Step,"Revealomatic - No Bull, More Halfstep",,2m27s
The Art of Noise (interlude),Gone fishing (Mixtape),The Cool Kids and Don Cannon,,2m43s
I Drove All Night,Twelve Deadly Cyns...And Then Some,Cyndi Lauper,,4m11s
Make Boys Cry (Club Mix),Promo Only Mainstream Club July,Luciana Ft. David Vendetta,,7m34s
Dark Skinned White Girls,Murray's Revenge,Murs,,3m18s
Demon Apple,Walk It Off,Tapes 'N Tapes,,4m31s
Daddy Fat Sax,Sir Lucious Left Foot: The Son of Chico Dusty,Big Boi,,2m37s
Throw It In The Bag [Remix],No Ceilings [illRoots.com],Lil' Wayne,,3m
Vegas,"So Wrong, It's Right",All Time Low,,2m50s
The Oracle,Razia's Shadow: A Musical,Forgive Durden,,5m23s
All I Need,The Blueprint,Jay Z         ,,4m28s
St. Peter's Cathedral,Codes and Keys,Death Cab for Cutie,,4m31s
Little People,The White Stripes,The White Stripes,,2m24s
Wild West Hero,Light Years,Electric Light Orchestra,,4m41s
I Am The Batman,The Dark Knight,The Dark Knight,,2m
Too Long/Crescendolls High Life,Alive 2007 [Deluxe Edition],Daft Punk,,40m28s
Triumph,Legend Of The Wu-Tang,Wu-Tang Clan,RZA,5m37.594s
"Ghetto (Ft. Raekwon, Cappadonna And Ugod)",Apollo Kids,Ghostface Killah,GUTTAHIPHOP.COM,4m10s
Q-Tip-Johnny Is Dead,Q-Tip-The.Renaissance-Retail-2008-[NoFS],Q-Tip,,3m2s
The Way You Move,Speakerboxxx/The Love Below,Outkast,,3m54s
Protect Me From What I Want,Sleeping With Ghosts,Placebo,,3m14s
Parting Ways,The Ultimate Best Of Pearl Jam,Pearl Jam,,3m44s
Track 14,Austin Mix (TOP SECRET),Austin,,3m22.454s
Material,Flight School,Wiz Khalifa,,5m59s
Purple Pills                  ,2001,D12                           ,,5m4s
True Love Ways,Rave On Buddy Holly,My Morning Jacket,Buddy Holly/Norman Petty,3m25s
Ian Carey - Red Light (Eric Pr,Electro House Music Remixes-WE,VA,,8m3s
Here Goes Nothing (DEMO VERSION),"Sweet Dreams, Sucker",Treaty Of Paris,,3m22s
"""Heroes""",Best Of Bowie,David Bowie,David Bowie/Brian Eno,3m37.803s
Nutmeg,Supreme Clientele,Ghostface Killah,,4m25s
My World (Nas Salute),What The Fuck Is A Jay Electronica,Jay Electronica,,4m28s
The Rooster,Speakerboxxx/The Love Below,Outkast,,3m57s
The Static Age,21st Century Breakdown,Green Day,,4m17s
Independence Day,XO,Elliott Smith,Elliott Smith,3m4s
The Hound (Of Blood and Rank),No World For Tomorrow,Coheed & Cambria,,4m39s
30 Sub Scape - Tomahawk,Disc F: The Ruff Step,"Revealomatic - No Bull, More Halfstep",,2m16s
Love and Appreciate II Feat. Tyler Woods,Murs For President,Murs,,4m33s
Someday You Will Be Loved,Plans,Death Cab For Cutie,,3m12s
Also Frightened,Merriweather Post Pavilion,Animal Collective,,5m14s
Wanted You,One Full Year,The Secret Handshake,,3m59s
This City Is Contagious,Whisper War,The Cab,,3m37s
NO GAME,BC13,Brokencyde,,2m49s
Sentimental Tune,Sainthood,Tegan & Sara,,3m24s
Nancy Boy,We Come In Pieces,Placebo,,4m49s
Retarded In Love,In Defense Of The Genre,Say Anything,,3m7s
15 Step,In Rainbows,Radiohead,,3m57s
Pas Avec Toi,About Love,Plastiscines,"Plastiscines, Jake Sinclair & Butch Walker",2m58s
LA,Figure 8,Elliott Smith,Elliott Smith,3m14s
Hook It Up [Feat Huey],Double Up,R. Kelly,,4m16s
Cactus,Surfer Rosa & Come On Pilgrim,Pixies,,2m18s
Hell Yea Remix Ft. Jay Z,Revolutionary But Gangsta (Retail),Dead Prez,,4m20s
You Won't Know,The Devil And God Are Raging Inside Me,Brand New,Jesse Lacey,5m42.494s
Money to Blow (Vodka & Milk Remix),Vodka&Milk,Drake & Lil Wayne,,3m30s
She Loves Me So,Avalon,Anthony Green,,3m53s
Southern Point,Veckatimest,Grizzly Bear,,5m1s
A Good Idea At The Time,Oh No,OK Go,,3m15s
The Mission (Stringed Out Remix),Champion Sound,Jaylib,,3m40s
Livin' It Up,Chocolate Starfish And The Hot Dog Flavored Water,Limp Bizkit,"Fred Durst, Wes Borland, Sam Rivers, John Otto",4m24.08s
I'm Actual,Dog Problems,The Format,Nate Ruess/Sam Means,3m47s
Teen Age Riot,Daydream Nation,Sonic Youth,Sonic Youth,6m55s
China Girl,Best Of Bowie,David Bowie,Iggy Pop/David Bowie,4m18.252s
"Cabana, Copa, Blik - Lions (Stereofunk Remix)",,www.just4dance.fw.hu,www.just4dance.fw.hu,6m17s
In The Mood (feat. Kanye West & Roy Ayers),Ear Drum,Talib Kweli,,3m58s
Trap Or Die,Let's Get It: Thug Motivation 101,Young Jeezy,"J. Jenkins, D. Stewart, B. Freeman",4m0.303s
Atoms For Peace,The Eraser,Thom Yorke,,5m12.888s
Brick Shithouse,Without You I'm Nothing,Placebo,,3m18s
Cold War,"You're A Woman, I'm A Machine",Death From Above 1979,"Jesse F. Keeler, Sebastien Grainger",2m33.948s
Planet Of Women,Greatest Hits,ZZ Top,Gibbons/Hill,4m5s
The Boys You Do (Get Back at You),Love Like This,The Summer Set,The Summer Set,3m2s
Intro,xx,The xx,,2m8s
Don't Slow Down,In Motion,Copeland,"A. Marsh, B. Laurenson",4m13.701s
The Getaway,37 Everywhere,Punchline,,4m0.999s
"I Loved The Way She Said ""L.A.""",Remember Right Now,Spitalfield,,3m19.343s
Inamates of Heartache,Scared Famous,Ariel Pink's Haunted Graffiti,,3m31s
Venus VS. Mars ,The Blueprint 3 [Soul Assassin Special Edition],Jay-Z,,3m11s
Block Rock,More Fish,Ghostface Killah,,2m34s
Child's Play,Supreme Clientele,Ghostface Killah,,3m33s
Buster Voodoo,11:11,Rodrigo y Gabriela,,4m25s
Like You To Me,This Will Be The Death Of Us,Set Your Goals,,4m26s
Weight Of The World,Controller,Misery Signals,,2m51s
They Are Strong Hands,37 Everywhere,Punchline,,2m57.957s
Recoiled,Cosmogramma,Flying Lotus,Flying Lotus,5m34s
076 J. Rabbit - Im So Happy (Original),,,,5m52s
The Wisdom Song,These Are Jokes,Demetri Martin,,3m10s
The Luckiest,Rockin' The Suburbs,Ben Folds,Ben Folds,4m26s
"Kick, Push",Lupe Fiasco's Food & Liquor,Lupe Fiasco,Soundtrakk,4m13.585s
Runaway,Chroma,Cartel,Will Pugh,2m49.203s
Extra Extra,Act II,Jay Electronica,,2m11s
"Licky (Work It Out) (Herve Goes Low Remix, Feat. Santogold, With Larry Tee & Princess Superstar)",Pillowface And His Airplane Chronicles,Steve Aoki,,3m37s
La La,,Hellogoodbye,,3m20s
I'm Finding It Harder to Be a Gentleman,White Blood Cells,The White Stripes,Jack White/Meg White,2m55s
No One Else,Weezer,Weezer,Rivers Cuomo,3m4.436s
Skulls,Collection,The Misfits,,1m59.025s
Where The Break At (Hands Up VS Hypnotize) [Party Break],Fat Wax,Kevin Scott,,2m
Irony Of Dying On Your Birthday,Let It Enfold You,Senses Fail,,2m59.884s
I Can't Answer You Anymore,3 Titres Inedits Promo,Elliott Smith,,2m42s
Peggy Sue Got Married,Rave On Buddy Holly,John Doe,Buddy Holly,3m59s
Fancy (Whats Your Name Again)(Busy P Remix),Rainbow Man (CDS),Busy P,,4m28s
The Continuous Life,Transistor,311,Chad Sexton/D. Martinez/S.A. Martinez,3m30.767s
Little Bombs,Tear The Fences Down,Eulogies,Peter Walker,5m36s
Teenagers,The Black Parade is Dead !,My Chemical Romance,,3m5s
She's A Lady,Underdog Alma Mater,Forever The Sickest Kids,,4m
Heights,Live At Stubb's,Matisyahu,,3m24.056s
Dead And Gone,,Cute Is What We Aim For,,4m51s
High Life,Discovery,Daft Punk,,3m22s
Light Up (featuring Jay-Z),Thank Me Later,Drake,,4m35s
War Within A Breath,The Battle Of Los Angeles,Rage Against The Machine,Rage Against The Machine,3m37.315s
Hot Like Dimes,Spilling Over Every Side,Pretty Lights,,7m23s
One More Sad Song,The All-American Rejects,The All-American Rejects,,3m4s
Battle Song,Deltron 3030: The Instrumentals,Deltron 3030,,4m8s
Before,Within And Without,Washed Out,,4m46s
White Satin,http://thesmoothestgooch.blogspot.com,Zeds Dead,,4m31s
Morning Waits,Shadows Are Security,As I Lay Dying,As I Lay Dying,3m57.493s
Break Up (The Oj Song),Murs For President,Murs,,4m8s
Spazz Mit Microphone,"Talk Is Cheap, Vol. 2",Henry Rollins,,12m44s
Hangin' Tree,Songs For The Deaf,Queens Of The Stone Age,"Josh Homme, Nick Oliveri",3m6.363s
Splitzville,Grand Mal: Studio Rarities,Elliott Smith,,5m5s
Do,The White Stripes,The White Stripes,,3m7s
REPEAT,Dubstep Collection 2,TC,,4m9s
Ice Box,Pop Volume II,There For Tomorrow ,Punk Goes...,4m18s
For What It's Worth,For What It's Worth,Dave Chappelle,,3m11s
Rakim Interlude,J. Period - Best Of The Roots,The Roots,J.Period,29s
My Attendance is Bad But My Intentions Are Good,Texas,Playradioplay!,,4m32s
Beat It (2008 Remix),Thriller 25,Michael Jackson Feat. Fergie,Michael Jackson,4m13s
No One Reggae Remix,,Alicia Keys,,4m52s
Cicada - One Beat Away (Kelevra Il-Eektro Remix),,www.just4dance.fw.hu,www.just4dance.fw.hu,5m49s
Karaoke (Feat. DJ Khaled),2008,T-Pain,,4m13s
"Crying, Waiting, Hoping",Rave On Buddy Holly,Karen Elson,Buddy Holly,2m27s
Lurgee,Pablo Honey,Radiohead,Colin Greenwood/Ed O'Brien/Jonny Greenwood/Phil Selway/Thom Yorke,3m8s
All Night Long,Howl,Empires,,2m26s
Tell That Mick He Just Made My List Of Things To Do Today,Take This To Your Grave,Fall Out Boy,,3m32.787s
Gay Dentists,Lambs Anger,Mr. Oizo,,3m39s
Get Over It,The Carter Meets The Cartel 2: Lil Wayne & Drake,Lil Wayne & Drake,,2m7s
From a Poison Well,Basement Demos,Elliott Smith,,3m32s
Brooklyn We Go Hard,The Blueprint 3,Jay-Z Feat. Santogold,,4m2s
Running,We're New Here,Gil Scott-Heron & Jamie XX,Jamie Smith/Gil Scott-Heron,3m32s
Send My Love To The Dancefloor I'll See You In Hell (Hey Mister DJ),"While The City Sleeps, We Rule The Streets",Cobra Starship,,3m49s
Black Bubblegum,Ire Works,The Dillinger Escape Plan,,4m5s
Welcome To The Jungle [December 1988],Appetite for Destruction,Guns N' Roses,,4m34s
Where We Are Now Back In Sept. '09,Bigger and Blackerer,David Cross,,9m10s
Deep In The Heart,The Joshua Tree (Remastered / Expanded) (Deluxe Edition) (CD 2),U2,,4m31s
_,,Lady Gaga,,6m4s
Vindicated,Dusk And Summer (Deluxe Edition),Dashboard Confessional,,3m22s
Certain Leaders in Government Look or Act Like Certain Pop Culture References!,It's Not Funny,David Cross,,4m52s
Short Story,Big Ugly Mouth,Henry Rollins,,7m18.323s
Ogor,This Is Dubstep Vol.2,LD,,4m51s
Eternal Sunshine (The Pledge),StyleWars EP,Jay Electronica,,9m1s
So Damn Clever,Every Second Counts,Plain White T's,,3m3s
Lucy in the Sky with Diamonds,Love,The Beatles,,4m11s
Martini Kiss,Let It Enfold You,Senses Fail,,3m52.013s
Gone,Rockin' The Suburbs,Ben Folds,Ben Folds,3m23s
The Fear (The Count Saves Lily Allen From The Fear Remix),2009,Lily Allen,,4m47s
Interface,,Mayday! Cried The Captain,,3m45.349s
Midnight Runner,In Ghost Colours,Cut Copy,,2m32s
Hearts Of Iron,Plague Park,Handsome Furs,,3m36s
The List,"Old World Underground, Where",Metric,Metric,2m53s
All Time Lows,Zombies! Aliens! Vampires! Dinosaurs!,Hellogoodbye,,2m44s
Inspired By The $,Somebody's Gonna Miss Us,The Starting Line,,3m2s
Yes boss,Captain Europe,Hess is More,,5m39s
Pretty Mary K (Other Version),New Moon,Elliott Smith,,3m24.637s
Pages (Acoustic),There for Tomorrow,There For Tomorrow,,3m8.36s
Fantasy,"12"" Vinyl",Mariah Carey,,4m13s
Guillotine (Swordz) (Ft Ghostf,Only Built 4 Cuban Linx VBR,Raekwon,C. Woods/Robert Diggs,4m24s
Divine Intervention,Louder Now Live Tracking,Taking Back Sunday,,3m34s
Positive Tension,Silent Alarm,Bloc Party,,3m54.614s
Pretty When You Cry,Things Aren't So Beautiful Now,A Thorn for Every Heart,A Thorn for Every Heart,2m53s
Believe In What You Want,Clarity,Jimmy Eat World,,3m9s
Instrumentals - Kanye West - Touch the Sky(2),,,,3m57s
Eastern Jam,This Is Dubstep Vol.2,Chase & Status,,3m57s
All You Need Is Love,Yellow Submarine,The Beatles,John Lennon/Paul McCartney,3m53s
Michelle,Rubber Soul (US),The Beatles,,2m41s
I Want This Forever,The Carter Meets The Cartel 2: Lil Wayne & Drake,Lil Wayne & Drake,,2m35s
Talking Bird (Demo),The Open Door EP,Death Cab for Cutie,,3m19s
Kylie From Connecticut,Way To Normal,Ben Folds,,4m43s
This Are Flashes,Different Damage,Q And Not U,Q And Not U,3m10.101s
Toxic,"Punk Goes Pop, Vol. Two",A Static Lullaby,,3m20.806s
Christmas in Hollywood,Hollywood Undead,Hollywood Undead,,4m
NY Excuse (Live),A Cross the Universe (Live),Justice,,6m13.144s
We Used To Wait,The Suburbs,Arcade Fire,,5m1s
BAND TEE!,BC13,Brokencyde,,3m21s
Hott,3oh!3,3oh!3,,3m4s
Wish You Were Here,Morning View,Incubus,"Boyd, Einziger, Katunich, Pasillas II, Kilmore",3m34.807s
Unexpected Delight feat. Laura Darlington,1983,Flying Lotus,,3m23s
Born To Win,2005,Papoose,,4m1s
Eye-5,UNFUN,JAWBREAKER,,5m50s
Soco Amaretto Lime,Your Favorite Weapon,Brand New,,4m45s
I Want To Know What Love Is [February 1985],Agent Provocateur,Foreigner,,4m15s
Ball And Biscuit,Elephant,The White Stripes,Jack White,7m17s
Don't cha,"12"" Vinyl",Pussy Cat Dolls,,3m56s
Yay Area,My Ghetto Report Card,E-40,,3m48s
I Owe You One,Lights,Lights,,3m40s
She's Hearing Voices,Silent Alarm,Bloc Party,,3m29.374s
tar pit,8 Diagrams,Wu Tang Clan,,4m57s
Uptown (feat. Bun B & Lil' Wayne),So Far Gone,Drake,,6m22s
Life Is Looking Up,Razia's Shadow: A Musical,Forgive Durden,,5m21s
Cry Babies (Oh No),Word Of Mouf,Ludacris,Swizz Beatz,5m56s
What It's All About,Feed The Animals,Girl Talk,,4m15s
Sing for the Moment,The Eminem Show,Eminem,,5m41s
Under the Bright Lights,Howl,Empires,,3m56s
Where Is My Mind?,Surfer Rosa & Come On Pilgrim,Pixies,,3m55s
The Fold Out*,A Refreshing Glass Of Music For A Summer Afternoon,The Jealous Sound,,3m11.123s
The Train Part II (Sir Lucious Left Foot Save The Day) [Ft. Sam Chris],Sir Lucious Left Foot: The Son of Chico Dusty,Big Boi,,5m21s
"Not One, But Two",Cars,"Now, Now Every Children",,3m13s
Golden Diva,Los Angeles,Flying Lotus,,4m3s
I Pray (Outro),iSouljaBoyTellem,Soulja Boy,,5m49s
Fall Out Boy - Lake Effect Kid (demo),Welcome to the New Administration (mixtape number 60---),CitizensFOB Mixtape,Hosted & Mixed By Clinton Sparks,3m37s
"The Truth Is, You Should Lie With Me",In Defense Of The Genre,Say Anything,,2m32s
Coldest Of Calenders,Action,Punchline,,4m2s
Every Breath You Take [July 1983],Message In A Box,The Police,,4m14s
Jailhouse,Sublime,Sublime,Sublime,4m53s
Recreation Myth,Different Damage,Q And Not U,Q And Not U,3m53.012s
Word Play,The Recession,Young Jeezy,,3m15s
Cannibal Resource,Bitte Orca,Dirty Projectors,,3m55s
Kryptonite (Purple Ribbon All-Stars),Punk Goes Crunk,Emanuel,,4m30s
Skyward Smiles,Treehouse Talk,504 Plan,,3m33s
Gateway Drug,    ,The Spill Canvas              ,,3m20s
Girlfriend,Girlfriend (Legacy Edition),Matthew Sweet,,3m40s
Watts Scratch,2006,Lil Wayne,,27s
England,High Violet,The National,,5m40s
"Anybody In Search Of The American Dream Needs A Lawyer, A Doctor And A Bodyguard: ""While taking a piss there it suddenly struck me what's going on here.""",The Gonzo Tapes [Disc 2] : Fear and Loathing in Las Vegas,Hunter S. Thompson,,6m16s
Clarity,Clarity,Jimmy Eat World,,4m4s
So Much In The Dark,Schitzpopinov.com,Pretty Lights,,7m23s
Lagos,ishlab iD Music Licensing,Soul Cycle (Jesse Fisher),,4m42s
Chapter 3,The Greatest Show on Earth: The Evidence for Evolution,Richard Dawkins,,30m41s
It's Tricky (1987),Raising Hell,Run-D.M.C.,,3m5s
002 Blue Foundation - Eyes On Fire (Zeds Dead Rmx),,,,5m20s
Zealot,Dubstep Collection 2,Broken Note,,4m32s
Tiesto & Nelly Furtado - Who W,Electro House Music Remixes-WE,VA,,7m24s
Listen,,Talib Kweli,,3m28s
Animal Farm,Village Green Preservation Society (Special Deluxe Edition 2004) (CD1 Stereo),The Kinks,,3m1s
Nott,Power,Boys Noize,,5m16s
Gigantic,Surfer Rosa & Come On Pilgrim,Pixies,,3m55s
30 Something,Kingdom Come,Jay-Z,Dr Dre,4m13.306s
My Eyes Burn,Bastard Lives Comp.,Matchbook Romance,,4m17s
Gumbo,MM....Food,MF Doom,,49s
London beckoned songs about money written by machines,A Fever You Can't Sweat Out,Panic! At The Disco,Panic! At The Disco,3m23.662s
Blink 182 - Words of Wisdom,,,,11m12s
Property,Say Anything,Say Anything,,4m12s
Season,Almost Here,The Academy Is...,The Academy Is...,3m34.993s
Wildfires,Get Sharp,The Limousines,,5m26s
Motion,The Secret Wars,Ace Enders,,4m29s
Xxplosive,DMS,Dr. Dre,,3m46s
Just Like a Woman,The Essential: Bob Dylan,Bob Dylan,Bob Dylan,4m54.452s
The Road To Jericho In Lined With Starving People,This Providence,This Providence,,3m10s
Live From Roscoe's (feat Kurupt),Fornever,Murs and 9th Wonder,,5m6s
Growing Up,Growing Up - Single,The Maine,,4m2s
The Birds And The Bees,It's Classy Not Classic,Breathe Carolina,,4m4s
Dynamite [VM EDIT],Victor Menegaux Edit,Taio Cruz,,3m40s
Deception Of Love,The Flipside: EP,The Flipside,,4m12s
Everything,Murs For President,Murs,,3m35s
Piqué Ta,Rio Baile Funk - Favela Booty Beats,Baile- Favela On Blast,,2m59s
Empire State VMA Version,Blue Print 3,Jay Z,,5m42s
Things You Can Do,Deltron 3030: The Instrumentals,Deltron 3030,,5m2s
Brothers On A Hotel Bed,"Live on NPR's The Bryant Park Project, May 15, 2008",Death Cab For Cutie,,3m51s
ATL,Sycamore Meadows,Butch Walker,,5m31s
"If You Can't Live Without Me, Why Aren't You Dead Yet?",Anywhere But Here,Mayday Parade,,3m38s
River,Contemporary Christmas,Rachael Yamagata,,4m22s
Strange Voices,Dubstep Collection 2,Hektagon,,5m10s
75 bars (black's reconstruction),Rising Down,The Roots,,3m20s
First Pump,Dubstep Collection 8,Trill Bass & Bro Safari feat. MC Kemst,,4m31s
In Between Days,Songs For Goldfish,Ben Folds,,4m
Resealable Friendship (Starkey Remix),Blow Your Head Volume 1: Diplo Presents Dubstep,Rudi Zygadlo,,4m35s
V1r00z Feat. Arcanix & Kadii -,Electro House Music Remixes-WE,VA,,3m55s
The Restless,E. Von Dahl Killed the Locals,The Matches,Harris/Mike Harwood/The Matches,3m35s
Orbit 405,Los Angeles,Flying Lotus,,44s
Mechanical Animals,Mechanical Animals,Marilyn Manson,Marilyn Manson/Twiggy Ramirez,4m35s
Devil In A New Dress (feat. Rick Ross),My Beautiful Dark Twisted Fantasy,Kanye West,,5m54s
Marshall Mathers,The Marshall Mathers LP,Eminem,,5m22s
Doors Unlocked and Open,Codes and Keys,Death Cab for Cutie,,5m38s
So Here We Are,Silent Alarm,Bloc Party,,3m53.105s
Things You Can Do,Deltron 3030,Deltron 3030,,5m
Died In Your Arms (Dubstep Rmx) ,,Monster! Monster! ,,3m27s
Time to Leave,About Love,Plastiscines,"Plastiscines, Jake Sinclair & Butch Walker",3m52s
Black Coffee Blues (Brisbane),Black Coffee Blues,Henry Rollins,,13m5.368s
Landmines and Landslides,In With The Out Crowd,Less Than Jake,,3m
So Much I,Stadium Arcadium ,Red Hot Chili Peppers,,3m45s
@ 15,Rising Down,The Roots,,56s
I Loved You,Big Willie Style,Will Smith,,4m13s
Lets Hear That String Part Again,Illinois,Sufjan Stevens,,42.446s
Little Shadow,It's Blitz!,Yeah Yeah Yeahs,,3m57s
Oxygen,This Is Dubstep Vol.2,Ruckspin & Planas,,5m34s
Sharptooth,Reset,Set Your Goals,,1m11s
Ice Melts,Sidewalks,Matt & Kim,Kim Schifino/Matt Johnson,3m45s
03 L-Wiz - Pirates.mp3,Disc E: The Nice Move,"Revealomatic - No Bull, More Halfstep",,57s
Siren Song,Chautaqua,The Willowz,,3m24s
Truth's Razors,Revolutionary Vol. 2,Immortal Technique,,20s
Football Season Is Over (Utah Saints),Suicide Season Cut Up,Bring Me The Horizon,,5m3s
Lyrical Swords (Pawn Remix) [Explicit],Wu-Tang Meets The Indie Culture Vol. 2: Enter The Dubstep [Explicit],Wu-Tang,,4m39s
The Odd Ball Gets a Big Laugh,The Boxed Life,Henry Rollins,,52.755s
Oy (Feat. Crookers),O.M.G.!,Rusko,,3m58s
Wake Up Mr. West,Late Registration,Kanye West,Kanye West,41.122s
Trusted,Songs For Silverman,Ben Folds,,4m6s
I Said It (Major Lazer Dubplate),Lazerproof,Major Lazer & La Roux,,1m44s
Curtains Close (Skit),The Eminem Show,Eminem,,1m2s
Friends Like You,The Great Burrito Extrtion Case,Bowling For Soup,Bowling For Soup,2m32.856s
Happiness (Single Version),Happiness,Elliott Smith,Elliott Smith,5m17s
Don't Say Nuthin (Remix),J. Period - Best Of The Roots,The Roots,J.Period,1m8s
Spin,Louder Now,Taking Back Sunday,Taking Back Sunday,3m39.846s
Xzibit - X (Felix Cartal House,2010,VA,,5m9s
Hey Now Now,Snakes On A Plane: The Album,Michael Franti & Spearhead,,5m36s
Mr. Highway's Thinking About The End,Homesick,A Day To Remember,,4m16s
I Like What I See (Joker Mix),Dubstep Collection 5,The Body Snatchers feat. Goldmouf,,4m8s
When All Light Dies,"Servants In Heaven, Kings In Hell",Jedi Mind Tricks,,4m35.597s
Mr. Tambourine Man,The Essential: Bob Dylan,Bob Dylan,Bob Dylan,5m30.768s
Rock Star,Sunny 16,Ben Folds,,4m24s
Public Service Announcement 2000,The Marshall Mathers LP,Eminem,,25s
An Animal In Your Care,At Mount Zoomer,Wolf Parade,Wolf Parade,4m21s
Shaving Toe,Strategic Grill Locations,Mitch Hedberg,,3m7s
Spark Em Up,Attack Of The Clones,Jay Electronica,,1m34s
Heard 'Em Say ft. Adam Levine,Late Registration,Kanye West,Kanye West,3m23.801s
Carry You,Chase This Light,Jimmy Eat World,,4m25s
A View From Above,Saxophonic,Dave Koz Feat. Marc Antoine,Brian Culbertson,4m51.758s
The Beast,The Score,The Fugees,"Wyclef Jean, Prakazrel ""Pras"" Michel, Lauryn Hill",5m37.269s
Nickels Is Money Too,Plagues,The Devil Wears Prada,,4m8s
Letdown                       ,    ,This Providence               ,,3m49s
You Bet We've Got Something Against You!,Damaged & Jealous Again,Black Flag,,53s
New York Story,Big Ugly Mouth,Henry Rollins,,5m47.045s
Happiness,Happiness,Dance Gavin Dance,Lisa Germano,3m30s
"Scabs, Guns And Peanut Butter",Smells Like Children,Marilyn Manson,,1m1s
Scratch Tools #3,DMS,DJ Scene,,32s
Escape Route,Dubstep Collection 4,KRio,,4m12s
Baby feat. Prince Zimboo,Guns Don't Kill People... Lazers Do,Major Lazer,,1m19s
the heart gently weeps (feat erykah badu dhani harrison and john frusciante),8 Diagrams,Wu Tang Clan,,5m38s
Money Didn't Change Me,Da Unbreakables,Three 6 Mafia,,3m11s
Close Your Ears (Intro),Doomtree,Doomtree,,1m24s
Diamonds from Sierre Leone Remix ft. Jay-Z,Late Registration,Kanye West,Kanye West,3m53.453s
Know That,Black on Both Sides,Mos Def,,4m4s
Angels- (NYC Mix) (Dirty),Last Train To Paris,Diddy-Dirty Money feat. The Notorious BIG,,5m14s
Henry Rollins vs. Iggy Pop,Live At Luna Park,Henry Rollins,,20m38s
Worth Goin' Fed Fo,Definition Of Real,Plies,,4m
A Sunday,Clarity,Jimmy Eat World,,4m34s
Concrete Jungle (Bob Marley cover),Grand Mal: Studio Rarities,Elliott Smith,,2m32s
We're Going to Be Friends,White Blood Cells,The White Stripes,Jack White/Meg White,2m23s
Summer Dreams,Dubstep Collection 1,Skream,,8m2s
golden,Coming Home,New Found Glory,,3m38s
Tenderoni,Fancy Footwork,Chromeo,Chromeo,4m16s
Something Or Nothing (2000F & JKamata Remix)       [ibootleggedyourmum.wordpress.com],Your Mum's Phat Titz November '09 Mixtape Part 3,Turboweekend,,5m4s
Tiny Man,Degeneration Street,The Dears,Murray Lightburn/Natalia Yanchak/Patrick Krief/Rob Benvie,5m4s
Gambafreaks Feat.Nicole - Neve,Electro House Music Remixes-WE,VA,,6m21s
Why So Serious?,The Dark Knight,The Dark Knight,,9m14s
Back Then,Who Is Mike Jones?,Mike Jones,,4m5s
Tactile Evasion feat. MC Zulu (Liquid Stranger Remix),Restless Youth ep,Dub Gabriel feat. MC Zulu,,6m3s
Don't Say (Remix),J. Period - Best Of The Roots,The Roots,J.Period,1m6s
Chris Decay - No More Hate (Decay Special Mix),,www.just4dance.fw.hu,www.just4dance.fw.hu,5m45s
Sick Again,Physical Graffiti,Led Zeppelin,,4m43s
Push Up Ya Lighter (Remix),J. Period - Best Of The Roots,The Roots,J.Period,1m54s
For My Mans (Prelude),Beat Konducta Vol. 5: Dil Cosby Suite,Madlib,,1m37s
I'm Not Your Lemonade + Heroes n Villans Remix,Lazerproof,Major Lazer & La Roux,,3m54s
Don't Stop,Dubstep Collection 1,Itchy Robot,,5m10s
Hang Them All,Walk It Off,Tapes 'N Tapes,,3m
"Dear Maria, Count Me In (Connect Sets Acoustic)","So Wrong, It's Right (Deluxe Edition)",All Time Low,,3m27s
Ye Me Le (Chuckie Remix-Angle Edit),,Sergio Mendes ,,4m30s
Saturday Night,Collections,Bay City Rollers,,2m55s
Cemetery,Say Anything,Say Anything,,3m57s
Tell Me What to Swallow,Crystal Castles,Crystal Castles,,2m17s
The Get Over (Move),Beat Konducta Vol. 5: Dil Cosby Suite,Madlib,,1m41s
Bad Romance (Skrillex Remix),Myspace,Skrillex,,4m22s
Friendly Fires,,Paris,,7m50s
05 05 On the Line 1,Demi Lovato - Don't Forget,Demi Lovato,,3m28s
Red Rabbits,Wincing the Night Away,The Shins,,4m31s
By the Time I Get to Venus,DFA Compilation #1,The Juan Maclean,The Juan Maclean,5m13s
Gothenburg Belongs To Me,Love Affair In 3 Parts - Get Free Music at RCRD LBL.com,Air France,,3m14s
I Am The Walrus,Magical Mystery Tour,The Beatles,,4m39s
American Idiot,American Idiot,Green Day,,2m54s
Belief,Where The Light Is Live In Los Angeles [Disc 2],John Mayer,John Mayer,6m3s
See You In My Knightmares Ft. Lil Wayne,808's And Heartbreaks,Kanye West,,4m20s
Black,The Ultimate Best Of Pearl Jam,Pearl Jam,,5m46s
DJ Melloffon - Forget (D.R Freak Remix),,www.just4dance.fw.hu,www.just4dance.fw.hu,6m15s
A Goodnight's Sleep,,The Starting Line,,4m23s
Bring Back Love (Year 2020),The Secret Wars,Ace Enders,,4m32s
Lost,One Of The Boys,Katy Perry,,4m16s
Waltz Moore,Heroine,From First To Last,,4m8.128s
Under Fire,The Inevitability Of A Strange World,Halifax,Halifax,3m2.415s
Summer Scarves,Sycamore Meadows,Butch Walker,,4m25s
Accusations,The Future Will Come,The Juan Maclean,,5m32s
Sunburn Vs. The Rhinovirus,Decomposer,The Matches,,3m46s
My Names Is Jonas (Live),Dusty Gems And Raw Nuggets [Bonus Disc],Weezer,Weezer,3m39.962s
The End Chapter- III- The End Complete,No World For Tomorrow,Coheed & Cambria,,7m46s
Analyse,The Eraser,Thom Yorke,,4m5.876s
Stick Girl,Exclusive Audio Footage,Clipse,,4m1s
Auntie's Harp,Los Angeles,Flying Lotus,,56s
Degausser,The Devil And God Are Raging Inside Me,Brand New,Jesse Lacey,5m32.765s
The Clock,The Eraser,Thom Yorke,,4m14.676s
Me Against The World,Greatest Hits [Disc 1],2Pac Feat. Dramacydal,"T. Shakur, K. Karlin, C. Schack, B. Bacharach, H. David, M. Riperton, R. Rudolph, L. Ware",4m39s
Smile,Dye It Blonde,Smith Westerns,,4m9s
Orange Shirt,LP,Discovery,Rostam Batmanglij,3m31s
Mommy Can I Go Out and Kill Tonight?,Collection,The Misfits,,2m1.858s
Ruputred (Surgeon Remix),Dubstep Collection 5,Scuba,,6m41s
Glass Onion,Love,The Beatles,,1m21s
Baptism,Crystal Castles,Crystal Castles,,4m14s
099. Wolfgang Amadeus Mozart - 23. Klavierkonzert (K. 488) - Allegro.mp3,Classical Music Top 100,VA,,11m7s
Crazy Mary,The Ultimate Best Of Pearl Jam,Pearl Jam,,5m37s
Give up the Ghost,The King of Limbs,Radiohead,,4m50.226s
Thank yah,Born like this,DOOM,,1m14s
Dragon Queen,It's Blitz!,Yeah Yeah Yeahs,,4m2s
Satanic Messages,I Am A Wonderful Man,Michael Ian Black,,6m32s
Lived In Bars,The Greatest,Cat Power,Chan Marshall,3m44.49s
Remember December,Here We Go Again,Demi Lovato,,3m12s
Don't Let It Go To Your Head,Hustle! Reggae Disco,Black Harmoy,Kenneth Gamble - Leon Huff,7m21s
Pepperland Laid Waste,Yellow Submarine,The Beatles,George Martin,2m15s
You've Got the Love (The xx Remix),Lungs - Get Free Music at RCRD LBL.com,Florence and The Machine,,5m44s
Voice Of The Voiceless,The Battle Of Los Angeles,Rage Against The Machine,Rage Against The Machine,2m31.649s
Redrum,This Is Dubstep Vol.2,Cyrus,,5m44s
"Sugar, We're Going Down (AOL Live)",Live @ The Roxy Theatre,Fall Out Boy,,3m26s
Fine Day,UNFUN,JAWBREAKER,,4m9s
45:33 (Trus'Me Remix),45:33 Remixed,LCD Soundsystem,,6m58s
Brick,Ben Folds Live,Ben Folds,Ben Folds and Darren Jessee,4m45s
Trouble,Kingdom Come,Jay-Z,Dr Dre,4m53.43s
Ho Happy Jackie.,Doe Or Die.,AZ.,,3m35s
We're Finding Something Out,"The Mother, The Mechanic, And The Path",The Early November,,1m31s
WEEKENDS!!! (feat. Sirah),My Name Is Skrillex EP ,Skrillex,,4m45.466s
Tell 'Em,Treats,Sleigh Bells,,2m56s
A Vespertine Haunting,Equal Vision Records Winter 2007 Sampler,Goodbye Tomorrow,,3m37.454s
On Repeat [Dub],DFA Compilation #2 [Disc 3],LCD Soundsystem,James Murphy,1m52s
Madonna - Celebration 2010 (En,Electro House Music Remixes-WE,VA,,5m57s
"New Noise (Erol Alkans Durrr Durrr Durrrrr Re-Edit, With Refused)",Pillowface And His Airplane Chronicles,Steve Aoki,,1m53s
"Even Though I am in the Closet, That Won't Prevent Me from Getting Cheap Laughs at the Expense of Homosexuls!",It's Not Funny,David Cross,,2m39s
Sweet Heart,Yip/Jump Music,Daniel Johnston,,1m56s
The Seer's Tower,Illinois,Sufjan Stevens,,3m54s
Hit The Road Jack,Visionary Soul,Ray Charles,Percy Mayfield,2m0.372s
"If All Else Fails We Must Get Ether: ""Let me call Wilcock if I can and see if I can get us some drugs.""",The Gonzo Tapes [Disc 2] : Fear and Loathing in Las Vegas,Hunter S. Thompson,,1m42s
Makes Me Happy,Undersea Poem,Undersea Poem,,3m24s
Me And Drugs,Bigger and Blackerer,David Cross,,8m35s
CuDi Get,Plain Pat & Emile Presents a KiD named CuDi,KiD CuDi,,2m21s
Changing All Those Changes,Rave On Buddy Holly,Nick Lowe,Buddy Holly,1m42s
Hair,"The Mother, The Mechanic, And The Path",The Early November,,3m5s
Caribou,Surfer Rosa & Come On Pilgrim,Pixies,,3m15s
Miles,DJ Ill Will & DJ Rockstar Present Wiz Khalifa - Burn After Rolling,Wiz Khalifa,,1m52s
Peter Frampton - Frampton Comes Alive  - 09 - penny for your thoughts.mp3,Frampton Comes Alive,Peter Frampton,,1m22s
The First Day Of Work At The Microscope Store [High & Driving EP],Avalon,Anthony Green,,1m45s
The United Colors Of West L.A.,A Rollins In The Wry,Henry Rollins,,9m20.018s
In My Life,Rubber Soul (US),The Beatles,,2m26s
Even If It Kills Me,Even If It Kills Me,Motion City Soundtrack,,3m43s
Sebastien Leger - Off the Wall (Azuli Rework Edit),,www.just4dance.fw.hu,www.just4dance.fw.hu,3m51s
Torches,Degeneration Street,The Dears,Murray Lightburn/Natalia Yanchak/Patrick Krief/Rob Benvie,1m36s
Get Out,Bend To Break,The Color Fred,,2m46s
What A Wicked Gang Are We,Somewhere in the Between,Streetlight Manifesto,,3m23s
Superman (It's Not Easy),Songs From Dawson's Creek - Vol. II,Five For Fighting,,3m41s
Empire State Of Mind (Featuring Alicia Keys),The Blueprint 3,Jay-Z,,4m37s
Get Back (Original Mix),2009,501,,6m2s
Mo Fire,Tha Carter II,Lil Wayne,D. Carter & R. Ferebee,3m23.801s
Sure As Hell,Who Are You Now?,This Providence,,1m52s
Born For This,Riot!,Paramore,,3m59s
Free The Night (Original Extended Mix),Promo Only Mainstream Club July,Aquene,,5m34s
There Will Be Blood,2008,Jonny Greenwood,,2m6s
Kanye West vs Cage & Aviary - Touch The Television,The Mixtape Volume Four,The Hood Internet,"ABX, STV SLV",2m19s
Even Bad Men Love Their Mothers,Relativity,Emarosa,,2m
Illusion (South Blast! Remix),.:::artMkiss 2009:::.,MK Schulz feat. Marco,.:::artMkiss 2009:::.,5m38s
DJ Jazzy Jeff & The Fresh Prince vs Daft Punk - Summer Circuit,The Mixtape Volume Four,The Hood Internet,"ABX, STV SLV",1m32s
Swagga Like Us (feat. Kanye West & Lil Wayne),Swagga Like Us (feat. Kanye West & Lil Wayne) - Single,Jay-Z & T.I.,"Kanye West, Shawn Carter, Clifford Harris, Dwayne Carter, Maya Arulpragasam, N. Headon, M Jones, J. Mellor, T. Pentz & Paul Simonon",5m29.746s
Ready To Uff (TV Track),"Pop The Glock 12"" Single",Uffie,,3m23s
Outro,No Ceilings [illRoots.com],Lil' Wayne,,1m38s
One Man Drinking Games,Tales Told By Dead Friends - EP,Mayday Parade,,4m39.521s
Flaskaboozendancingshoes,Get Sharp,The Limousines,,3m19s
Drop Dead (Club Mix),Myspace,Skrillex,,4m43s
10 Expect The Worst,Run It Up The Flagpole,Farewell,,2m39s
Houstatlantavegas,The Carter Meets The Cartel 2: Lil Wayne & Drake,Lil Wayne & Drake,,2m25s
The Downfall Of Us All,Homesick,A Day To Remember,,3m29s
Movement,LCD Soundsystem (Disc 1),LCD Soundsystem,,3m4s
Good Girls Go Bad (featuring Leighton Meester),Hot Mess (Deluxe Edition),Cobra Starship,,3m17s
Pardon Me,Make Yourself,Incubus,,3m44s
I Be Fresh,Real Recognize Real,Project Pat,,3m16s
Franklin,All We Know Is Falling,Paramore,,3m18.809s
What She Said,Meat is Murder,The Smiths,Johnny Marr/Morrissey,2m42.377s
Fame,Best Of Bowie,David Bowie,Carlos Alomar/John Lennon/David Bowie,4m17.439s
Saviour,The Listening,Lights,,3m30s
Error: Operator,Louder Now: Parttwo,Taking Back Sunday,,3m7s
Where is Home? (Burial Remix),Flux-WEBB13ST Vinyl,Bloc Party,,5m30s
Suicide Season (The Secret Handshake),Suicide Season Cut Up,Bring Me The Horizon,,2m56s
Tush,Greatest Hits,ZZ Top,Gibbons/Hill,2m16s
Terrorists,I Am A Wonderful Man,Michael Ian Black,,4m34s
Via Invented,Equal Vision Records Winter 2007 Sampler,Damiera,,3m13.77s
Paparazzi,The Fame,Lady GaGa,,3m29s
Nightmares (feat. Bilal & Pharrell),Hell Hath No Fury,Clipse,B. Jordan/B. Oliver/D.L. King/G. Thornton/P. Williams/T. Gozney Thornton/W. Dennis,4m50s
The In Crowd (feat. Tim William),The In Crowd,Kidz In The Hall,,4m4s
"Dance, Dance (Remix)",From Under The Cork Tree,Fall Out Boy,Fall Out Boy,3m28.933s
Filler,Complete Discography,Minor Threat,,1m33s
Rockstar(Remix),White Widow,Marc Umbel,Dan Frank,3m22s
I'm Not Okay,Guilt By Association Vol. 2,Matt Pond Pa,,4m11s
Should have taken acid with you,Psychic Chasms,Neon Indian,,2m22s
Everybody Is Someone Elses Secret,Self-Titled Album,The Audition,,2m47s
Good Girls Go Bad (Cash Cash Remix),Hot Mess (Deluxe Edition),Cobra Starship,,4m41s
Brand New,So Far Gone,Drake,,3m35s
"This Ain't A Scene, It's An Arms Race (AOL Live)",Live @ The Roxy,Fall Out Boy,,3m11s
Gimme Your's. (Nas).,Doe Or Die.,AZ.,,3m8s
Flynn,LP3,Ratatat,,1m56s
Lady Madonna,Love,The Beatles,,2m57s
Walking The Dog,Aim And Ignite,fun.,,3m40s
How We Get Along,Quality Control,Jurassic 5,,1m15s
Get Over,Tha Carter II,Lil' Wayne Feat. Nikki,"A. Lyon, B. Sigler, D. Carter, M. Valenzano, Main & P. Hurt",4m42.772s
Coming Up Roses,Elliott Smith,Elliott Smith,Elliott Smith,3m10s
Alive With The Glory Of Love (Acoustic),Spin Acoustic Session,Say Anything,,4m28s
D.A.N.C.E (Live),A Cross the Universe (Live),Justice,,2m44.35s
Middle Of The Map Pt. 2 (feat. Black Milk & Guilty Simpson),The In Crowd,Kidz In The Hall,,2m34s
Faces In The Hall,The Papercut Chronicles,Gym Class Hereos,,4m16s
Big Ideas (Album Version),Big Ideas,LCD Soundsystem,,5m44s
Cape Cod Kwassa Kwassa,Vampire Weekend,Vampire Weekend,,3m37s
Go Crazy,Let's Get It: Thug Motivation 101,Young Jeezy,"J. Jenkins, D. Cannon, S. Carter, C. Mayfield, B. Krass",4m13.886s
Brand New Car,Suited and Looted,Uffie,V. Sedbohape,3m23s
Justin,,KoRn,,4m18s
Stella,Nothing Personal,All Time Low,,3m26s
West Coast Cinderella,Fornever,Murs and 9th Wonder,,3m53s
309,This is A Stick Up...Don't Make it A Murder,Hit The Lights,,3m2s
4/9/08-1,Dan Frank's Album,Dan Frank,Dan Frank,3m48s
No It Isn't,When Your Heart Stops Beating,Plus 44,,3m34s
"Champagne For My Real Friends, eal Pain For My Sham Friends",From Under The Cork Tree,Fall Out Boy,Fall Out Boy,3m23.871s
Find Your Love,Thank Me Later,Drake,"A. Graham, K. West, J. Bhasker, P. Reynolds & E. Wilson",3m28.979s
The Scene Is Dead; Long Live The Scene,Hot Mess (Deluxe Edition),Cobra Starship,,2m44s
New Messiah,Dubstep Collection 8,High Rankin,,5m53s
Shazam!,2004,Beastie Boys,,2m27s
Dracula's Wedding,Speakerboxxx/The Love Below,Outkast,,2m33s
Hell Yea (Pimp The System),Revolutionary But Gangsta (Retail),Dead Prez,,4m12s
Get Like Me,The Carter Meets The Cartel 2: Lil Wayne & Drake,Lil Wayne & Drake,,2m
Reciept,Tha Carter II,Lil Wayne,"D. Carter, O. Isley, Ronald Isley, Rudolph Isley & The Heatmakers",3m48.252s
"A Hundred-Year, Minute-Long Intermission",Razia's Shadow: A Musical,Forgive Durden,,1m2s
Buddy Holly,The Moog Cookbook,The Moog Cookbook,,4m13s
Angeles,Either/Or Demos (Disc 2 of 2),Elliott Smith,,2m43s
In My Place,A Rush Of Blood To The Head,Coldplay,Buckland/Champion/Martin,3m48.786s
The Prize,Felt 3 (A Tribute To Rosie Perez),Felt (Slug & Murs),,2m40s
The Jetset Life Is Gonna Kill You,Three Cheers For Sweet Revenge,My Chemical Romance,,3m37.803s
Featuring Some Of Your Favorite Words,"Dear Diary, My Teen Angst Has A Bodycount",From First To Last,From First To Last,4m1.441s
I Swear It's True (Pre-Production Recording),Dusty Gems And Raw Nuggets [Bonus Disc],Weezer,Weezer,2m57.214s
Painting,"When Life Gives You Lemons, You Paint That Shit Gold",Atmosphere,,3m1s
"Prostitution Is The World's Oldest Profession (And I, Dear Madame, Am A Professional)",¡Viva La Cobra!,Cobra Starship,,2m38s
Spidersong,...Is A Real Boy,Say Anything,Max Bemis,3m58s
"""From Now On We Are Enemies""",Believers Never Die (Greatest Hits),Fall Out Boy,,3m37s
becoming unwritten,Rising Down,The Roots,,41s
11 - Take It Or Leave It,,,,3m17s
Just Dance (Hype Mix),DMS,Lady Gaga ft Fatman Scoop,,2m32s
Headlights,Cars,"Now, Now Every Children",,3m45s
3000 Miles,This Could Be A Possibility,Valencia,,2m46.254s
Draining,Swoon,Silversun Pickups,,4m57s
Miss You,Sleep Without Dreams,2*Sweet,,4m20s
Spray Paint,Damaged & Jealous Again,Black Flag,,33s
Point of Extinction,Acoustic EP,Motion City Soundtrack,,2m53s
Take This To Heart,A Lesson In Romantics,Mayday Parade,,4m9s
Vomitspit,MM....Food,MF Doom,,2m48s
Together We'll Ring In The New Year,Commit This To Memory,Motion City Soundtrack,Motion City Soundtrack,2m13.654s
Painless,The Everglow,Mae,Mae,4m22.199s
Fell in Love With a Girl,White Blood Cells,The White Stripes,Jack White/Meg White,1m51s
The Prediction,Things Aren't So Beautiful Now,A Thorn for Every Heart,A Thorn for Every Heart,3m8s
Pretty Mary K (Other Version),3 Titres Inedits Promo,Elliott Smith,Elliott Smith,3m25s
56 Barz (Intro),T.I.-Paper.Trail.Retail-2008-[NoFS],T.I.,,3m4s
Find A Way,The Anthology,A Tribe Called Quest,,3m24s
Dine,Power,Q And Not U,,3m14s
Party Smasher,Ire Works,The Dillinger Escape Plan,,1m57s
04. Oogum Boogum Theme,Philly 2 Bmore Digi EP,Emynd,E. Nassar,2m44s
Fun With Ian,Live At Luna Park,Henry Rollins,,16m12s
Rise Up,The Joshua Tree (Remastered / Expanded) (Deluxe Edition) (CD 2),U2,,4m8s
Instrumental,Jackpot Demos,elliott smith,,2m51s
Keep Ya Head Up,Greatest Hits [Disc 1],2Pac,"T. Shakur, D. Anderson, R. Troutman, S. Vincent",4m25s
Pepperland,Yellow Submarine,The Beatles,George Martin,2m24s
Spin,Smile Kid (Deluxe Edition),We The Kings,,3m59s
Valentine,Cross,Justice,,2m57s
The Kids,Hollywood Undead,Hollywood Undead,,3m2.95s
Clean,Make Yourself,Incubus,,3m56s
My Life,Jam!,Theophilus London,,2m52s
Hidden Track,The Black Parade,My Chemical Romance,,2m55s
Ringo Deathstarr - So High,KEXP Song of the Day,Ringo Deathstarr,,2m2s
Girlfriend,Attack Of The Clones,Jay Electronica,,1m50.735s
Ten Years Gone,Physical Graffiti,Led Zeppelin,,6m33s
When You Go Out (Mercurius FM Disco Love Remix Short Edit),Sebastien Granger Demos,Sebastien Grainger,,4m28s
"It's Hard To Say ""I Do"", When I Don't",Infinity On High,Fall Out Boy,,3m24s
SexyBack Remix ft. Clipse,FutureSex/LoveSound,Justin Timberlake,,3m26s
Far Away,Within And Without,Washed Out,,4m
Eat To Live,Ear Drum,Talib Kweli,,3m9s
Expecting,White Blood Cells,The White Stripes,Jack White/Meg White,2m4s
Bin Laden,Da Unbreakables,Three 6 Mafia,,5m
Neckbrace,LP4,Ratatat,,4m6s
Makedamnsure,Louder Now: Parttwo,Taking Back Sunday,,3m36s
Set You Free,Thickfreakness,The Black Keys,,2m47s
Hungry Like The Wolf [March 1983],Rio,Duran Duran,,3m25s
I Just Wanna Live,Good Charlotte: The Live Lounge Performances,Good Charlotte,,2m44s
Son Et Lumiere,De-Loused In The Comatorium,The Mars Volta,The Mars Volta,1m35.364s
Trolley Stop,What The Fuck Is A Jay Electronica,Jay Electronica,,2m31s
Lucifer I Am,Illusions,Michale Graves & Damien Echols,,2m37.036s
Shooting Star,Live at Crystal Ballroom,Elliott Smith,,4m21s
Bruk Out (Buraka Som Sistema Mix),Lazers Never Die - EP,Major Lazer,"T. Pentz, D. Taylor, A. McCalla, R. Clarke, C. Thompson, X. Davidson, J. Carter, M.J. Parrish & Rafael Alvarez Rodriguez",6m20.087s
A Million Tomorrows,Spilling Over Every Side,Pretty Lights,,7m40s
The Beastie Boys vs Matt And Kim - Good Ol' Fashion Rump Shaker,The Mixtape Volume Four,The Hood Internet,"ABX, STV SLV",2m2s
The Casket Of Roderick Usher,Say Hello To Sunshine,Finch,"Nate Barcalow, Randy Strohmeyer, Alex Linares, Derek Doherty, Marc Allen",1m52.361s
New Cannonball Run,Nine Types Of Light,TV On The Radio,,4m35s
For Ex-Lovers Only,Black Tambourine,Black Tambourine,,2m41s
Miracle Sun,Avalon,Anthony Green,,3m43s
Six Pack,Damaged & Jealous Again,Black Flag,,2m20s
Blast (Computer Rock),Beat Konducta Vol. 6: Dil Withers Suite,Madlib,,57s
Walk With It (Feat. Lil Flip),Attack Of The Clones,Jay Electronica,,3m38.755s
Alex (Stolen Script),More Fish,Ghostface Killah,,2m49s
See The Wind,Chasing Hamburg,Polar Bear Club,,2m22s
Yolanda's House (feat. Raekwon & Method Man),The Big Doe Rehab,Ghostface Killah,,3m13s
Colourless Artibella ,Lazerproof,Major Lazer & La Roux,,2m43s
Think Differently (Hellfire Machina Remix) [Explicit],Wu-Tang Meets The Indie Culture Vol. 2: Enter The Dubstep [Explicit],Wu-Tang,,4m16s
God Loves Us,Nastradoomus 1,Nas and MF Doom,,4m18s
The Everchanging Spectrum Of A Lie,The Big Roar,The Joy Formidable,,7m46s
Cheap Music,Sound Kapital,Handsome Furs,,3m5s
Marc's Keynote Address at Just For Laughs,WTF with Marc Maron Podcast,Marc Maron,,34m50s
Our Lawyer Made Us Change The Name Of This Song So We Wouldn't Get Sued,Live at Voodoo Fest '07,Fall Out Boy,,3m30s
Falcon Jab,LP3,Ratatat,,3m55s
The Sun and the Moon,The Everglow,Mae,Mae,7m18.648s
Diarrhea Runs In The Family,Hefty Fine,Bloodhound Gang,,24s
Dreams & Visions (Compound One Remix),Dubstep Collection 5,Landslide,,5m7s
Burger Queen,Without You I'm Nothing,Placebo,,22m39s
Miss Delaney,Everything In Transit,Jack's Mannequin,Andrew McMahon,3m44.095s
Dateless For Armageddon,Sleep Without Dreams,2*Sweet,,4m14s
White,Lights,Lights,,3m21s
34 Itchy Robot - Worries In Da Dance.mp3,Disc F: The Ruff Step,"Revealomatic - No Bull, More Halfstep",,2m15s
Sunny Days (Produced by Midnight Black),Trappin Ain't Dead,Young Jeezy,,3m49s
Spanish Eyes,The Joshua Tree (Remastered / Expanded) (Deluxe Edition) (CD 2),U2,,3m16s
Bonafied Lovin (Yuksek remix),Fancy Footwork: Deluxe Edition,Chromeo,,4m25s
Twista (feat. Erika Shevon) vs Boys Noize - Wetter And Jeffer,The Mixtape Volume Four,The Hood Internet,"ABX, STV SLV",2m17s
Dag för Dag - I Am the Assassin,KEXP Song of the Day,Dag för Dag,,2m7s
Friends**#,Live at Crystal Ballroom,Elliott Smith,,4m28s
Track 04,,Remember Thy Name,,4m23.5s
Fences,Wolfgang Amadeus Phoenix,Phoenix,,3m50s
I Should Have Known Better,A Hard Day's Night,The Beatles,,2m47s
Rebel Rebel (David Bowie Cover),The Life Aquatic Studio Sessions,Seu Jorge,David Bowie,2m47s
In A Jar,Daisy,Brand New,,3m7s
I'm not pop,TBA,Lazee,,3m46s
Dumb Animals,Plague Park,Handsome Furs,,5m37s
Straw Dog (Live in London),Songs for Silent Movies ,Something Corporate,,4m3s
Later On,After The Room Clears,Permanent Me,,3m1s
Sound The Alarm,Playing For Keeps,The Flipside,,3m27s
Where Is My Love,The Greatest,Cat Power,Chan Marshall,2m53.383s
Examination Of Time VIP,2009,Babylon System & Noah D,,6m6s
Who? (feat. Outerspace),Black Snow,Snowgoons,,2m48s
NO MORE LONG YEARS,s/t mix mp3,Matt & Kim,,3m3s
We Have You Surrounded,Felt 3 (A Tribute To Rosie Perez),Felt (Slug & Murs),,3m35s
Always,Blink 182,Blink 182,blink-182,4m15s
Le Ruse,Walk It Off,Tapes 'N Tapes,,2m57s
Oh Boy!,Rave On Buddy Holly,She & Him,Sonny West/Norman Petty/Bill Tilghman,2m18s
Shempi,LP3,Ratatat,,3m58s
jay-z-lucifer_(produced_by_ka,,12,,3m14s
Sincerely Yours,This is A Stick Up...Don't Make it A Murder,Hit The Lights,,3m14s
The First Time (Natalie's Song),Off The Deep End,The Friday Night Boys,,2m54s
Spores,In Defense Of The Genre,Say Anything,,2m50s
4 AM,After The Room Clears,Permanent Me,,2m46s
Dig A Hole,Kingdom Come,Jay-Z Feat. Sterling Simms,Swizz Beatz,4m11.495s
1854,Degeneration Street,The Dears,Murray Lightburn/Natalia Yanchak/Patrick Krief/Rob Benvie,5m24s
Haile Selassie,The People's Key,Bright Eyes,,4m33s
Sarabande Rhapsody,Live With The Royal Sylvan Philharmonic,Jace Vëk,,10m29s
Information Travels Faster,The Photo Album,Death Cab For Cutie,Ben Gibbard/Christopher Walla,4m2.671s
Baby Girl (I'm A Blur),Live at The Chain Reaction,Max Bemis,,4m39s
The Music Or The Misery,From Under The Cork Tree,Fall Out Boy,Fall Out Boy,3m28.84s
The Calm,So Far Gone,Drake,,4m4s
Day'n'nite,100 Hits Dancefloor 2010,Kid Cudi vs. Crookers,,2m44s
Is There Any Love? (Feat. Wale),Plain Pat & Emile Presents a KiD named CuDi,KiD CuDi,Emile,3m32s
No Name #6,Division Day / No Name #6,Elliott Smith,,2m35s
Oh My God,Kingdom Come,Jay-Z,Just Blaze,4m17.555s
Concerto Of A Desperado,J. Period - Best Of The Roots,The Roots,J.Period,1m53s
"This Ain't A Scene, It's An Arms Race",Infinity On High,Fall Out Boy,,3m33s
Rebirth Cycle (Super Soul),Beat Konducta Vol. 5: Dil Cosby Suite,Madlib,,1m30s
Track 07,Austin Mix (TOP SECRET),Austin,,3m10.148s
Le Disko,We Are Pilots,Shiny Toy Guns,,3m28s
Outro,Da Drought 3 [Disc 1],Lil Wayne,,30s
"Heroes Get Remembered, Legends Never Die",Rise Or Die Trying,Four Year Strong,,3m36s
Baba Says Cool For Thought,Lupe Fiasco's The Cool,Lupe Fiasco,,47s
Real 2 Real - I Like to Move i,Electro House Music Remixes-WE,VA,,5m10s
Highlights,Strategic Grill Locations,Mitch Hedberg,,3m2s
Hung Up,Confessions On A Dance Floor,Madonna,B Ulvaeus/B. Anderson/Stuart Price,5m38s
11-Hot Sex,,,,1m10s
Paper Planes (Diplo Remix),"Decent Work For Decent Pay, Collected Works Volume One",Diplo,,3m25s
Northshore,Sainthood,Tegan & Sara,,2m5s
Track 06,Austin Mix (TOP SECRET),Austin,,2m43.909s
Nude,In Rainbows,Radiohead,,4m15s
07 Dear Friend,Listen,Emanuel and The Fear,,4m18s
The Simple Life,A Different Light,Sherwood,,3m2s
Japandroids - Heavenward Grand Prix,KEXP Song of the Day,Japandroids,,3m55s
The Exit,Razia's Shadow: A Musical,Forgive Durden,,4m33s
Used To Be,Teen Dream,Beach House,,4m2s
Nothing Can Go Wrong,Think Tank,Henry Rollins,,8m37.967s
O Girlfriend,Weezer (Green Album),Weezer,,3m50s
Fallen In Love - Final Mix.m4a,,Betty Black,,4m38.639s
05 F-One & Kromestar - Crackpipe.mp3,Disc F: The Ruff Step,"Revealomatic - No Bull, More Halfstep",,1m47s
Waltz #2 (XO),"End Sessions (Seattle, WA)",Elliott Smith,Elliott Smith,4m4s
In The Air Tonight,Guilt By Association Vol. 2,Takka Takka,,4m9s
New Perspective ACOUSTIC,,panic at the disco,,3m59s
Nothing,Controller,Misery Signals,,4m6s
Ready For Whatever,T.I.-Paper.Trail.Retail-2008-[NoFS],T.I.,,5m13s
Feeling This,Blink 182,Blink 182,blink-182,2m57s
Worth Dying For,The Sufferer And The Witness,Rise Against,,3m23s
It Had To Be You,Even If It Kills Me,Motion City Soundtrack,,3m41s
Wheel,Heavier Things,John Mayer,,5m34s
Crazy Fucker,Grand Mal: Studio Rarities,Elliott Smith,,2m11s
Exitlude,Sam's Town,The Killers,,2m32s
The Resolution,The Glass Passenger,Jack's Mannequin,,3m8s
Sickfit [Instrumental],Madvillainy,Madvillain,Madlib,1m22s
Lean With It,topbillinmusic.com,Mr Vegas,,3m50s
Everyday,Rave On Buddy Holly,Fiona Apple,Buddy Holly/Norman Petty,2m19s
Still dope feat Empress Sharhh,Born like this,DOOM,,2m40s
Same Old Song and Dance,Break The Ice,After Play Rewind,,3m13.422s
Drake vs The Rapture - Best Jealous Lover I Ever Had,The Mixtape Volume Four,The Hood Internet,"ABX, STV SLV",2m30s
Lonesome Gods,Chautaqua,The Willowz,,4m2s
Wasteder,DFA Compilation #2 [Disc 1],Black Dice,Black Dice,4m28s
Feels Like A Prayer (Original Mix),Promo Only Mainstream Club July,Meck Ft. Dino,,5m21s
032. Clément Philibert Léo Delibes - Lakmé - Duo Des Fleurs.mp3,Classical Music Top 100,VA,,5m7s
Lust For Life,So Far Gone,Drake,,2m56s
Coldest Winter,808's And Heartbreaks,Kanye West,,2m46s
Galaxy,Transistor,311,Chad Sexton/D. Martinez/S.A. Martinez,2m53.058s
In My Chest,Cars,"Now, Now Every Children",,2m33s
La La (Featuring Brisco & Busta Rhymes) (Produced By David Banner),Tha Carter 3,Lil Wayne,,4m21s
The Crutch,We're New Here,Gil Scott-Heron & Jamie XX,Bob Halley/Ben Raleigh/Gil Scott-Heron/Jamie Smith,3m10s
Ambling Alp,Odd Blood,Yeasayer,,3m57s
Mary jane feat. Mr Evil & Mapei,Guns Don't Kill People... Lazers Do,Major Lazer,,3m30s
Classrooms And Hallways,Treehouse Talk,504 Plan,,4m24s
Watch The Tapes,Sound Of Silver,LCD Soundsystem,,3m55s
Undone (The Sweater Song),Weezer,Weezer,Weezer,5m5.412s
Fallin' (feat. Bilal),American Gangster,Jay-Z,,4m8s
Study Hall: Sloppy Love Jingle Part 2,As Cruel As School Children,Gym Class Heroes,,1m
Tira Me A Las Aranas,De-Loused In The Comatorium,The Mars Volta,The Mars Volta,1m28.56s
God Only Knows,,The Beach Boys,,2m51s
Goodbye,Crazy For You,Best Coast,Best Coast,2m40s
Break Your Little Heart,Nothing Personal,All Time Low,,2m54s
Touch Me,The Best of The Doors,The Doors,,3m13s
Fairweather Friend,Remember Right Now,Spitalfield,,2m46.928s
Suicide Sunday,Off The Deep End,The Friday Night Boys,,3m24s
Lesson Learned,Bigger and Blackerer,David Cross,,3m52s
Backstabber,Animal,Ke$ha,,3m10s
That's What You Get,Riot!,Paramore,,3m41s
Hiphopopotamus Vs. Rhymenoceros (feat. Rhymenoceros and the Hiphopopotamus),Flight of the Conchords,Flight of the Conchords,,2m9.172s
Southern Weather,Southern Weather,Almost,,3m30s
"Da Girlz, They Luv Me","Die, Rugged Man, Die",R.A. the Rugged Man,M. Niles/R. Thorburn,3m24s
Find My Way Back (Acoustic Version),Enemy of the World (Special Edition),Four Year Strong,"Alan Day, Dan O'Connor, Josh Lyford, Joe Weiss & Jackson Massucco",3m31s
Bron-Yr-Aur,Physical Graffiti,Led Zeppelin,,2m7s
Strawberry Swisher Pt. 1,Happiness,Dance Gavin Dance,,3m29s
Don't Leave Me,Enema of the State,Blink-182,Mark Hoppus/Tom DeLonge,2m23.615s
Second Song,Nine Types Of Light,TV On The Radio,,4m23s
Gift Of Slumber,Treehouse Talk,504 Plan,,3m42s
Session 8 Part II,"The Mother, The Mechanic, And The Path",The Early November,,2m20s
Dinosaur ,Animal,Ke$ha,,2m55s
Guerilla Radio,The Battle Of Los Angeles,Rage Against The Machine,Rage Against The Machine,3m26.193s
Some (Rock) Song,Grand Mal: Studio Rarities,Elliott Smith,,2m26s
Rock Lobster,,B-52's,,6m49s
Somebody Told Me,Hot Fuss [Bonus Tracks],The Killers,,3m17s
True LOVE,BC13,Brokencyde,,3m32s
Between The End And Where We Lie,Vheissu,Thrice,Dustin Kensrue/Thrice,3m56s
Between the Bars,Either/Or Demos (Disc 2 of 2),Elliott Smith,,2m13s
Bones,The Bends,Radiohead,Colin Greenwood/Ed O'Brien/Jonny Greenwood/Phil Selway/Thom Yorke,3m9s
My Eyes Burn,Stories And Alibis,Matchbook Romance,,4m19s
Ghetto Supastar,Bullworth Sountrack,Pras Michel feat. odb and mya,"Bryan Adams/Michael Kamen/Robert John ""Mutt"" Lange",4m25s
"You're The Wanker, If Anyone Is",In Defense Of The Genre,Say Anything,,3m22s
The Ballad Of Johnny Butt,Sublime,Sublime,Kevin Roach/Mike Davis/Rich Selga,2m12s
The Light Company,Gone fishing (Mixtape),The Cool Kids and Don Cannon,,3m35s
The Die (feat. Gemstones),Lupe Fiasco's The Cool,Lupe Fiasco,,3m25s
"Shine Blockas (Remix) [Ft. Gucci Mane, Bun B & Project Pat]",Sir Lucious Left Foot: The Son of Chico Dusty,Big Boi,,3m47s
missy_elliott_-_lose_control_(stonebridge_acapella),,,,3m47s
Trunk Muzik,Trunk Muzik,Yelawolf,Produced By Will Power For SupaHot Beats/Ghet-O-Vision Entertainment,3m40s
Soul Education,Synkronized,Jamiroquai,,4m15s
Red Hill Mining Town,The Joshua Tree (Remastered / Expanded) (Deluxe Edition) (CD 1),U2,,4m53s
Future Tense,A Band In Hope,The Matches,,3m12s
Guns N' Razors,More Fish,"Ghostface Killah Feat. Trife Da God, Cappadonna & Killa Sin",,3m15s
"Austin, We Have A Problem",Other,Fall Out Boy,,3m27s
Interlude,The Grey Album,DJ Danger Mouse,"John Lennon, Paul McCartney, Jay-Z",2m3s
Green Light,37 Everywhere,Punchline,,3m34.041s
God Save the Queen,Never Mind the Bollocks Here's the Sex Pistols,The Sex Pistols,Glen Matlock/Johnny Rotten/Paul Cook/Steve Jones,4m9s
We've Got a Big Mess on Our Hands,Santi,The Academy Is...,,3m26s
Don't Stop,Feed The Animals,Girl Talk,,2m58s
"No need for introductions, I've read about you on the the back of toilet doors",Suicide Season,Bring Me The Horizon,,1m
Countdown (Sick For The Big Sun),Wolfgang Amadeus Phoenix,Phoenix,,4m
Bout Mine (Produced by Neisa Beatz),Show And Prove,Wiz Khalifa,,4m22.478s
SexSlaveShip,Los Angeles,Flying Lotus,,2m15s
Girls Girls Girls,The Blueprint,Jay-Z,,4m35s
Violet Hill,Viva La Vida Or Death And All His Friends (Japan Edition),Coldplay,,3m44s
Black Or White,Number Ones,Michael Jackson,Epic,3m19.203s
Let It Rain,Oh No,OK Go,,2m56s
Fainting Spells,Crystal Castles,Crystal Castles,,2m44s
Famous last words,The Black Parade is Dead !,My Chemical Romance,,5m11s
Love Me Two Times,The Best of The Doors,The Doors,,3m16s
Amity,XO,Elliott Smith,Elliott Smith,2m20s
We'll Be O.K.,Bayside,Bayside,,4m24s
Give It Up,Felt 3 (A Tribute To Rosie Perez),Felt (Slug & Murs),,3m47s
Saydem Up,3oh!3,3oh!3,,3m7s
Pistol,Equal Vision Records Winter 2007 Sampler,Dustin Kensrue,,3m46.185s
Triple Trouble,2004,Beastie Boys,,2m43s
Mean Streak,You Are The Night,Deluka,Not Documented,3m40s
Drive There Now!,Southern Weather,Almost,,3m12s
Yves Larock Feat. Mc Flipside,Electro House Music Remixes-WE,VA,,7m35s
Sprawl (Flatland),The Suburbs,Arcade Fire,,2m54s
Pioneers,Silent Alarm,Bloc Party,,3m35.295s
"When ""You're"" Around",Commit This To Memory,Motion City Soundtrack,Motion City Soundtrack,2m51.781s
Let's Get Lost ,"""Basement II"" Demos",Elliott Smith,,2m37s
Pas De Cheval,The String Quartet Tribute to Panic At the Disco's Pretty. Odd,Vitamin String Quartet,,2m34s
Tom's Diner,,Susanne Vega,,3m48s
Good Lovin' (Live In Denmark 1972 Version 2),Europe '72,Grateful Dead,,3m5s
the Dryness and the Rain,"Brother, Sister",mewithoutYou,,2m58s
I Gotcha (Live),Xtreme,Lupe Fiasco,,4m13s
Where Were You?,Shh. Just Go with It,Every Avenue,,2m41s
Bilar,LP4,Ratatat,,4m14s
Mad Decent Worldwide Radio #60: Major Lazer Summer Mix,Mad Decent Worldwide Radio,diplo/mad decent,,31m48s
Sleep,Louder Now: Parttwo,Taking Back Sunday,,3m23s
Virus,Deltron 3030,Deltron 3030,,4m26s
"Reptar, King Of The Ozone",Plagues,The Devil Wears Prada,,3m10s
Thermacare,Unreleased Chiodos Album,Chiodos,,3m21s
Track 04,Austin Mix (TOP SECRET),Austin,,2m34.296s
Swisha,Classics,Ratatat,,3m51s
28 Hours Later,Dubstep Collection 1,12th Planet,,5m13s
Make That Crack,Blow: The 'I Can't Feel My Face' Prequel,Juelz Santana & Lil Wayne,,3m39s
Shine A Light,Apologies To The Queen Mary,Wolf Parade,Wolf Parade,3m47s
Rain Falls Down,Smile Kid (Deluxe Edition),We The Kings,,4m31s
"What A Catch, Donnie",Folie A Deux,Fall Out Boy,,4m51s
Blood On Our Hands,"You're A Woman, I'm A Machine",Death From Above 1979,"Jesse F. Keeler, Sebastien Grainger",2m59.931s
Break My Body,Surfer Rosa & Come On Pilgrim,Pixies,,2m6s
Bleed Well,Venus Doom,H.I.M.,,4m26s
Clarissa Explains Cuntainment,Nuclear. Sad. Nuclear,The Number 12 Looks Like You,,3m3.971s
The Last Hour,"""Basement II"" Demos",Elliott Smith,Elliott Smith,3m54s
Don't Stop Till You Get Enough,Hustle! Reggae Disco,Derrick Laro And Trinity,Michael Jackson,7m31s
Cassandra Geminni: B. Plant A Nail In The Navel Stream,Frances The Mute,The Mars Volta,Omar A Rodriguez-Lopez,4m59.885s
Death Valley,Save Rock and Roll,Fall Out Boy,,3m47s
The Magnifying Glass,The Big Roar,The Joy Formidable,,2m20s
Restless Heart Syndrome,21st Century Breakdown,Green Day,,4m23s
New Monkey,Either/Or Demos (Disc 1 of 2),Elliott Smith,,3m13s
Instrumentals - Kanye West - all falls down,,Instrumentals,,3m11s
Love In Cold Blood,Venus Doom,H.I.M.,,5m56s
What To Do,OK Go,OK Go,,3m59s
NASA,Happiness,Dance Gavin Dance,,3m35s
Chicago,Illinois,Sufjan Stevens,,6m6.689s
Remember,Plastic Ono Band,John Lennon,John Lennon,4m37s
Can't Finish What You Started,Even If It Kills Me,Motion City Soundtrack,,3m56s
What Else Is There,The Understanding (Disc 1),Röyksopp,,5m18s
Heartbreaker (feat. John Ledgend),Fist of God,MSTRKRFT,,3m12.911s
Prayer,Exclusive Audio Footage,Clipse,,1m4s
Hail Hail,The Ultimate Best Of Pearl Jam,Pearl Jam,,3m42s
The Carpal Tunnel Of Love,Live at Voodoo Fest '07,Fall Out Boy,,3m44s
Marzurka Bastiaise,Curb Your Enthusiasm,Jean Michel Panunzio,,2m50s
"I Don't Know About You, But I Came To Dance","Televison Off, Party On",Forever The Sickest Kids,,3m22s
Your Time Is Gonna Come,Led Zeppelin,Led Zeppelin,,4m15s
Codes and Keys,Codes and Keys,Death Cab for Cutie,,3m22s
Track 02,,,,2m14s
Alpha Dog,Believers Never Die (Greatest Hits),Fall Out Boy,,3m42s
Folkin' Around,The String Quartet Tribute to Panic At the Disco's Pretty. Odd,Vitamin String Quartet,,1m54s
 Anywhere But Here,New Song,Mayday Parade,,3m11s
The Overly Dramatic Truth,I'll Sleep When You're Dead,El-P,,4m31s
Richman,Want,3OH!3,,3m20s
One Trick Pony,4x4=12,deadmau5,,3m20s
Quiet Mouth Loud Hands,Equal Vision/Rise Records 2008 Sampler,Damiera,,3m38s
Buffalo Gals,The Big Dirty,Every Time I Die,Every Time I Die,3m27s
Session 3,"The Mother, The Mechanic, And The Path",The Early November,,1m13s
Homeaffairs feat. C Robert Walker - The Only Way Is Up (DJ Fenix Remix),,www.just4dance.fw.hu,www.just4dance.fw.hu,6m1s
Laws Patrolling (Feat Cj Mellow And Lil Bran),Who Is Mike Jones?,Mike Jones,,2m53s
Know What Im Sayin (Feat Bun B And Lil Keke),Who Is Mike Jones?,Mike Jones,,4m7s
Best Of Me                    ,    ,The Starting Line             ,,4m21s
Boom Boom Pow (Mr Gaspar Remix),Mixtape Vol.1,Black Eyed Peas,,4m33s
#756: Did Jesus Exist?,The Atheist Experience,Atheist Community of Austin,,58m16s
"We Got (feat. I-20, Chingy & Tity Boy)",Chicken N Beer,Ludacris,,4m21s
Are You Riot! (VIP Drum N Bass),Serbian Bassline,RIOT 87,RIOT 87,4m48s
Still Leanin (Green Mix),DJ Green Lantern Kayslay Whoo,Jadakiss Remy Martin Fat Joe,,3m5s
In a State,The DFA Remixes: Chapter Two,UNKLE,Antony Genn/James Lavelle/Richard File,13m33s
Dynamite,Take It to the Floor,Cash Cash,"Jean Paul Makhlouf, Alexander Luke Makhlouf, Samuel Frisch & Anthony Villacari",3m39.149s
 Watch Out For The Big Girls,,Baltimore Club - ,,2m31s
You Know Who's Seatbelt,Pass The Flask,The Bled,,3m1s
Pro Nails (Rusko Remix),Dubstep Collection 3,Kid Sister,,3m53s
Axwell & Dirty South - Open Yo,2010,VA,,8m6s
Who Can It Be Now? [October 1982],Business As Usual,Men At Work,,3m25s
Think I Want Her,Movie 3: The Burrprint!,Gucci Mane,,4m25s
The Vast Spoils of America (From the Badlands Through the Ocean),Through Being Cool,Saves the Day,Dave Soloway,3m8s
The Caulfield Sisters - I See Your Face,KEXP Song of the Day,The Caulfield Sisters,,3m19s
All The Pretty Face (Bonus Track),Sam's Town,The Killers,,4m46s
Bigcitydreams,The Yippee,Never Shout Never,,3m13s
"Skinny, Mean Man",In Defense of the Genre,Say Anything,,3m33s
Brother Bleed Brother,Say Hello To Sunshine,Finch,"Nate Barcalow, Randy Strohmeyer, Alex Linares, Derek Doherty, Marc Allen",3m43.793s
Springtime Out The Van Window,Avalon,Anthony Green,,4m28s
Smooth As Eggs,For What It's Worth,Dave Chappelle,,6m51s
Where The Streets Have No Name,The Joshua Tree (Remastered / Expanded) (Deluxe Edition) (CD 1),U2,,5m38s
hollywood swinging,,kool and the gang,,4m44s
Boys Boys Boys,The Fame,Lady GaGa,,3m22s
I'm New Here,We're New Here,Gil Scott-Heron & Jamie XX,Jimmy Roach/Jamie Smith/Bill Callahan,3m27s
11am,Morning View,Incubus,Incubus,4m14.142s
Hey You There,iSouljaBoyTellem,Soulja Boy,,3m53s
I Get Lifted (Todd Terje Edit),,George McCrae,,6m18s
Walls,Nothing Personal,All Time Low,,3m13s
Without A Face,Evil Empire,Rage Against The Machine,,3m37s
In The Same Lifetime,Remember Right Now,Spitalfield,,5m18.786s
And Your Bird Can Sing,Revolver,The Beatles,,2m2s
(Another Song) All Over Again,FutureSex/LoveSound,Justin Timberlake,,5m49s
Tapped (Featuring JME),Skream!,Skream,,3m39s
Ain't Love Grand,Suicide Notes And Butterfly Kisses,Atreyu,Alex Varkatzas/Brandon Saller/Dan Jacobs/Travis Miguel,3m43s
Southern Fried Intro,Chicken N Beer,Ludacris,,3m56s
Prove Yourself,Pablo Honey,Radiohead,Colin Greenwood/Ed O'Brien/Jonny Greenwood/Phil Selway/Thom Yorke,2m25s
"One Toke Over The Line: ""Abbe Lane at th Desert Inn. Louis Prima, Stardust.""",The Gonzo Tapes [Disc 2] : Fear and Loathing in Las Vegas,Hunter S. Thompson,,3m29s
Mr. Downtown,That Thing You Do,Original Soundtrack,,2m32s
Hail Mary,The Underground King-(Bootleg),Papoose,,3m25s
Lose myself,The Re-Education of Lauryn Hill,Lauryn Hill,,4m35s
Breathe Me (Mylo Remix),DanceHits,Sia,www.id-thits.tk,6m24s
Cath...,Narrow Stairs,Death Cab For Cutie,,3m50s
Give Up!,A Different Light,Sherwood,,3m35s
Danny Don't Rapp,Yip/Jump Music,Daniel Johnston,,2m54s
Why Can't You Be Nicer to Me?,De Stijl,The White Stripes,Jack White,3m22s
Rapper's Delight,Hustle! Reggae Disco,Xanadu & Sweet Lady,Sylvia Robinson - Guy O'Brien - Michael Wright - O'Shea Jackson - Bernard Edwards - Nile Rodgers,10m41s
Hornz,3oh!3,3oh!3,,3m26s
Heavy,Champion Sound,Jaylib,,3m47s
Peeping Tom,Black Market Music,Placebo,,5m15s
Just Rock & Roll(Live),Bastard Lives Comp.,Midtown,,3m31s
Hangs Em High,"Skip School, Start Fights",Hit The Lights,,2m55s
T-Wayne,The Carter Meets The Cartel 2: Lil Wayne & Drake,Lil Wayne & Drake,,1m
Ignorant S**t,,Drake feat. Lil Wayne,,5m23s
Malachi Richter's Liquor's Quicker,GNV FLA,Less Than Jake,,2m39s
"Kids (Paul Lynde, Marijane Maricle)",Bye Bye Birdie! - Original Broadway Cast,"Susan Watson,Chita Rivera,Dick Van Dyke,Dick Gautier,Paul Lynde,Michael J. Pollard,Kay Medford","Lee Adams, Charles Strouse",1m31s
Intro,"Morning Becomes Eclectic, KCRW-FM Studios",Elliott Smith,,43s
"No Cow, No Pow",Ed Banger Rec Vol. 3,Krazy Baldhead,,3m40s
Little Faith,High Violet,The National,,4m37s
Edinboro,Champion,The Audition,,3m12s
Drive My Car / the Word / What You're Doing,Love,The Beatles,,1m55s
The End (Goodbye),"Morning Becomes Eclectic, KCRW-FM Studios",Elliott Smith,,24s
Hate (I Really Don't Like You),Every Second Counts,Plain White T's,,3m45s
Temples Of Ice (interlude),"Servants In Heaven, Kings In Hell",Jedi Mind Tricks,,47.833s
35 Distance - The Present Day.mp3,Disc E: The Nice Move,"Revealomatic - No Bull, More Halfstep",,1m27s
The Improv Fairy Tale,Do You Believe In Gosh,Mitch Hedberg,,3m41s
The Futile,...Is A Real Boy,Say Anything,Max Bemis,2m45s
Super Disco Breakin',Hello Nasty,The Beastie Boys,Beastie Boys,2m7.384s
Some (Rock) Song,Either/Or Demos (Disc 1 of 2),Elliott Smith,,2m30s
Alcohol,Bling Bling Bling! - EP,Millionaires,,3m5.898s
Where Did The Party Go,Save Rock and Roll,Fall Out Boy,,4m3s
Track 15,EP,Been Bradley,,2m59.165s
SquareCircle(Inverted)Triangle,Get Sharp,The Limousines,,49s
Runaways,Never Take Friendship Personal,Anberlin,,3m21s
The Mission (Instrumental),Champion Sound,Jaylib,,2m30s
Rebel,The Re-Education of Lauryn Hill,Lauryn Hill,,5m44s
The Last Stretch feat. Jahda,Gone fishing (Mixtape),The Cool Kids and Don Cannon,,4m2s
Somebody To Talk To,Who Are You Now?,This Providence,,3m55s
I Didn't Understand (Piano),Jackpot Demos,elliott smith,,2m33s
One More Weekend,Forever Comes Too Soon,The Years Gone By,,2m31s
Soundtrack 2 My Life,Man On The Moon: The End Of Day,KiD CuDi,,3m56s
12 Morden & Kværn - Christopher Johnson (Reveal VIP).mp3,Disc E: The Nice Move,"Revealomatic - No Bull, More Halfstep",,2m30s
That Tree (The FIlth Remix),www.avengethevirgins.net,Snoop Dogg feat. Kudi Cudii),,7m38s
Making Days Longer,Since We Last Spoke,RJD2,,4m37s
Liquid Swords.,,GZA,,3m11s
You've Got Her In Your Pocket,Elephant,The White Stripes,,3m41s
Homesick,Homesick,A Day To Remember,,3m57s
Lady Dub (Original Mix),2009,The Widdler,,6m7s
Delerium - Silence 2010 The Sequel (Chris Montana 1 Remix), -- xrnb.net --, -- xrnb.net --, -- xrnb.net --,7m37s
Welcome To Heartbreak Ft. Kid Cudi,808's And Heartbreaks,Kanye West,,4m24s
Giant In The Ring,The Inevitability Of A Strange World,Halifax,Halifax,3m51.92s
Drive Faster,That Thing You Do,Original Soundtrack,,2m48s
Reggae Beat Goes On,Hustle! Reggae Disco,Family Choice,Leon F. Sylvers III - William Shelby - Stephen Shockley,4m2s
Are You In ?,Morning View,Incubus,Incubus,4m24.243s
Something,My Brain Is Alive,Charles Hamilton,C. Hamilton,4m44s
The Skinny,"When Life Gives You Lemons, You Paint That Shit Gold",Atmosphere,,3m38s
Honey Pie,The Beatles [White Album] [Disc 2],The Beatles,John Lennon/Paul McCartney,2m41.332s
Be Easy,StyleWars EP,Jay Electronica,,4m30s
034 Benga - On the Edge,,,,4m39s
X&Y,X&Y,Coldplay,"Chris Martin, Guy Berryman, Jon Buckland, Will Champion",4m34.181s
Spread,Speakerboxxx/The Love Below,Outkast,,3m51s
18 Martyn & Marcus Intalex - After Seven,Disc E: The Nice Move,"Revealomatic - No Bull, More Halfstep",,2m43s
Grand Theft Autumn (Where Is Your Boy) (AOL Live),Live @ The Roxy,Fall Out Boy,,3m
The Message & The Money,Revolutionary Vol. 2,Immortal Technique,,3m55s
The General (Marcus Visionary Remix),Dubstep Collection 8,Jahdan Blakkamoore,,5m8s
The Closest I Am To Living Life On The Edge,This Could Be A Possibility,Valencia,,3m29.026s
Bonus Track 2,Revolutionary But Gangsta (Retail),Dead Prez,,5m6s
I'm A Freak,,Baltimore Club Music,,2m35s
Over The Counter,Liberation,Talib Kweli & Madlib,,4m6s
Down ,Punk Goes Pop Vol.3,Breathe Carolina,,3m42s
No Name #6,Grand Mal: Studio Rarities,Elliott Smith,,2m35s
Great Romances Of The 20th Century,Tell All Your Friends,Taking Back Sunday,John Nolan,3m35.527s
Happy Endings,All-American Rejects,The All-American Rejects,,4m26s
How Could You,37 Everywhere,Punchline,,2m15.163s
Upgrade,Deltron 3030: The Instrumentals,Deltron 3030,,3m57s
Everybody Wants to Rule the World [June 1985],Songs from the Big Chair,Tears For Fears,,4m12s
Shaking Paper,You Are Free,Cat Power,,4m38s
Stay True,Supreme Clientele,Ghostface Killah,,4m1s
Lovely,It's Classy Not Classic,Breathe Carolina,,3m54s
I'm In The House ,DMS,Steve Aoki ft Zuper Blahq,,3m42s
Cerol Na Mao,Rio Baile Funk - Favela Booty Beats,Baile- Favela On Blast,,2m37s
Foreground,Veckatimest,Grizzly Bear,,3m29s
"Rocket Man (I Think It's Going To Be A Long, Long Time)",Greatest Hits 1970-2002 [Disc 1],Elton John,Bernie Taupin/Elton John,4m45.419s
Hard (Clean),,Rihanna ft Young Jeezy,www.franchiserecordpool.com,4m16s
Turnpike Gates,Jersey's Best Dancers,Lifetime,,2m20s
Badaboom,Outside,Tapes 'n Tapes,,3m57s
Plenty Money (Instrumental),,Plies,,3m55s
Local Joke,Psychic Chasms,Neon Indian,,3m27s
Maggie Mae,Let It Be,The Beatles,,44s
The Truth Is,"The Mother, The Mechanic, And The Path",The Early November,,4m36s
Werewolf,You Are Free,Cat Power,,4m9s
Roulette Dares (The Haunt Of),De-Loused In The Comatorium,The Mars Volta,The Mars Volta,7m30.652s
Though Is Like Freestyle,J. Period - Best Of The Roots,The Roots,J.Period,2m32s
Ripcord,Pablo Honey,Radiohead,Colin Greenwood/Ed O'Brien/Jonny Greenwood/Phil Selway/Thom Yorke,3m9s
Outta Sight,Fancy Footwork,Chromeo,Chromeo,2m37s
Red Paint,Sidewalks,Matt & Kim,Kim Schifino/Matt Johnson,3m7s
Heads Will Roll (A-Trak Remix) (Club Edit),Get Free Music at RCRD LBL.com,Yeah Yeah Yeahs,,6m25s
Ho,Back For The First Time,Ludacris,Bangladesh,2m51s
Shout Me Out,"Dear Science,",TV on the Radio,,4m16s
Deathmurdermayhem,Felt 3 (A Tribute To Rosie Perez),Felt (Slug & Murs),,5m6s
Speak Up,If You Speak Any Faster,June,,3m14s
I Don't Trust Myself (With Loving You),Where The Light Is Live In Los Angeles [Disc 2],John Mayer,John Mayer,8m45s
I Don't Care/Womazier,Patrick Stump's Album,Patrick Stump,,1m46s
One Tree Hill,The Joshua Tree (Remastered / Expanded) (Deluxe Edition) (CD 1),U2,,5m23s
Like We Used To,On Your Side,A Rocket To The Moon,,3m25s
Walk Like An Egyptian [December 1986],Greatest Hits,The Bangles,,3m26s
Until The End Of Time ft The Benjamin Wright Orchestra,FutureSex/LoveSound,Justin Timberlake,,5m23s
So Far Away,Social Distortion,Social Distortion,,3m37s
i can't help it (featuring malik b & p.o.r.n.),Rising Down,The Roots,,4m44s
Screenwriting An Apology,The Silence In Black And White,Hawthorne Heights,Hawthorne Heights,3m43.306s
Monica,Village Green Preservation Society (Special Deluxe Edition 2004) (CD1 Stereo),The Kinks,,2m17s
Body Parts 3 (Ft. Hypnotize Ca,2005,Three 6 Mafia,,4m7s
Evil League,Dubstep Collection 8,Niveau Zero,,4m54s
X: Mt. Baker,Idea Soundtrack,Idea,,4m52s
Houstatlantavegas,So Far Gone,Drake,,4m51s
The Space They Can't Touch,GNV FLA,Less Than Jake,,2m56s
Panic Attack,You Can't Imagine How Much Fun We're Having,Atmosphere,,4m42s
Cars [June 1980],The Pleasure Principle,Gary Numan,,3m59s
See You in Heaven,Basement Demos,Elliott Smith,,4m52s
Changeling **Transmission 1,Endtroducing.....,DJ Shadow,,7m53s
Second Chances,A Season In Hell,October Fall,,2m57.539s
The Bed,Actor,St. Vincent,,3m45s
31 Dub Crookz - Never Scared.mp3,Disc F: The Ruff Step,"Revealomatic - No Bull, More Halfstep",,1m46s
Stephen Merchant,The Nerdist,Nerdist,Katie Levine,39m5s
Hybrid Moments,Static Age,The Misfits,,1m42.307s
Karaoke,Thank Me Later,Drake,,3m48s
Death Of A Martian,Stadium Arcadium ,Red Hot Chili Peppers,,4m26s
Late... (Edit De DJ Spin),Captain's Crate,Paul Simon,,6m33s
In Step,Feed The Animals,Girl Talk,,3m23s
Diplomat's Son,Contra,Vampire Weekend,,5m59s
Readymade,Stadium Arcadium ,Red Hot Chili Peppers,,4m31s
Go With Us (feat. Strong Arm Steady) (Bonus),Ear Drum,Talib Kweli,,4m
Curtains Up (Skit),The Eminem Show,Eminem,,30s
Instrumental (Figure 8 era),Grand Mal: Studio Rarities,Elliott Smith,,47s
Instrumentals - Jay-Z & Kanye West - Poppin Tags,,,,4m51s
Angels Remix,,Diddy-Dirty Money featuring Lupe Fiasco,,5m34s
Beyond The Gates Of Pain feat. Sean Price,Legacy Of Blood,Jedi Mind Tricks,,3m42s
Guru Josh Project - Infinity 2,Electro House Music Remixes-WE,VA,,3m23s
24 Uzul - Rumble Inna Station (Skream RMX).mp3,Disc F: The Ruff Step,"Revealomatic - No Bull, More Halfstep",,2m14s
What Does Your Sould Look Like (Part 4),Endtroducing.....,DJ Shadow,,5m10s
The Business Of Paper Stars,Fragile Future,Hawthorne Heights,,3m48s
How To Disappear Completely,Kid A,Radiohead,Colin Greenwood/Ed O'Brien/Jonny Greenwood/Phil Selway/Thom Yorke,5m57s
Tell Me Why,A Hard Day's Night,The Beatles,,2m13s
30 Minutes To N.O. (LQ),APRIL FOOLS,Lil Wayne,,2m4s
Instrumentals - kanye west - c,,,,3m54s
Great Day Today,Madvillainy,Madvillain,Madlib,2m17s
Poison Remix (Tittsworth Mix),,Bell Biv Devoe,,3m3s
New Disaster,New Moon,Elliott Smith,,4m10.52s
Let's Go Crazy [September 1984],Purple Rain,Prince,,4m39s
For No One,Revolver,The Beatles,,2m2s
Come Back,The Acoustic EP,The Early November,,2m47.81s
In the Lost and Found (Honky Bach)/The Roost,Figure 8,Elliott Smith,Elliott Smith,4m32s
017 Crazy Cousinz - Inflation,,,,5m3s
Maybe Baby,Rave On Buddy Holly,Justin Townes Earle,Buddy Holly,2m9s
"Baby, You Wouldn't Last A Minute On The Creek",All's Well That Ends Well,Chiodos,,4m41s
The Man Of Metropolis Steals Our Hearts,Illinois,Sufjan Stevens,,6m19.088s
Crying,"Dear Science,",TV on the Radio,,4m11s
Ever So Sweet,The Acoustic EP,The Early November,,4m15.907s
Some Boys,Codes and Keys,Death Cab for Cutie,,3m11s
Lucky Charms,Dubstep Collection 5,A1 Bassline vs Kavs Rave,,5m9s
Who Says,Battle Studies,John Mayer,,3m
One Of A Kind,God Loves Ugly,Atmosphere,,3m29s
Runnin' (Philippians RMX) [Explicit],Rmxxology Deluxe [Explicit],The Pharcyde,,5m32s
Bubbles,Maths And English,Dizzee Rascal,,3m30s
You Stole,Daisy,Brand New,,6m2s
Ashes In The Fall,The Battle Of Los Angeles,Rage Against The Machine,Rage Against The Machine,4m36.967s
To Old Friends And New,The Monitor,Titus Andronicus,,7m1s
Pleasure Ryland,¡Viva La Cobra!,Cobra Starship,,2m18s
I'm Movin' On,Visionary Soul,Ray Charles,Hank Snow,2m23.406s
Miserable At Best,A Lesson In Romantics,Mayday Parade,,5m19s
Shooting Star,From a Basement on the Hill,Elliott Smith,Elliott Smith,6m1s
What We Had,Plague Park,Handsome Furs,,3m57s
Chinese New Year (feat. Rosco P. Coldchain),Hell Hath No Fury,Clipse,A.F. Porter/G. Thornton/P. Williams/T. Gozney Thornton,3m54s
Bleed Black,Sing the Sorrow,AFI,AFI,4m15.744s
Born Of A Broken Man,The Battle Of Los Angeles,Rage Against The Machine,Rage Against The Machine,4m41.054s
Put That Pussy On Me (Diplo Tonite Remix),"Decent Work For Decent Pay, Collected Works Volume One",Diplo,,3m44s
You Shook Me,Led Zeppelin,Led Zeppelin,,6m28s
It's True (Rick Costa Remix),,Axwell,,7m32s
Takeover,MTV Unplugged,Jay-Z,,4m57s
Five Days And Counting,Remember Right Now,Spitalfield,,3m4.134s
Mood Velvet Feat. Janet Gray - Every 1's A Winner (Samuele Sartini Mix),,www.just4dance.fw.hu,www.just4dance.fw.hu,5m30s
Man Of A Thousand Faces,Far,Regina Spektor,,3m8s
"Steve Wonder - Song Review - 14 - Yester-Me, Yester-You, Yesterday",,,,3m5s
Decode,brand new eyes,Paramore,,4m22s
Ize Of The World,First Impressions Of Earth,The Strokes,Julian Casablancas,4m29.235s
ten gallon take 3,demo,Audio Accident,Shaun Novak,3m44s
Devoliz,Dubstep Collection 3,Dubwoofa,,6m43s
Swrdswllngwhr (Wishing Well),Get Sharp,The Limousines,,5m3s
The Darkest Nights,Shadows Are Security,As I Lay Dying,,3m53.941s
Quicksand,La Roux,La Roux,,3m6s
Saviour (The Angry Kids FM Mix),Saviour EP,Lights,,3m45s
Total Revenge,...Is A Real Boy [Disc 2],Say Anything,Max Bemis,3m28.004s
Bellhead,DFA Compilation #2 [Disc 2],Liquid Liquid,Liquid Liquid,5m39s
Last Night,Even If It Kills Me,Motion City Soundtrack,,3m24s
meo bloonasir,takk,sigur ros,,2m17s
On Directing,Sainthood,Tegan & Sara,,2m47s
Mannequin,One Of The Boys,Katy Perry,,3m17s
Sitting by the Riverside,Village Green Preservation Society (Special Deluxe Edition 2004) (CD1 Stereo),The Kinks,,2m25s
Watch the World Burn,The Dark Knight,The Dark Knight,,3m48s
Call Me Up,Fancy Footwork,Chromeo,Chromeo,4m12s
Slide Show (Ft. John Legend),T.I.-Paper.Trail.Retail-2008-[NoFS],T.I.,,3m43s
Don't Go Snitchin',Holletronix MS-031a,Diplo,,5m7s
If You See Me,Thickfreakness,The Black Keys,,2m51s
Iced Lightning,Since We Last Spoke,RJD2,,4m8s
Understatement,Hits,New Found Glory,,3m11.216s
Master Maqui,11:11,Rodrigo y Gabriela,,5m7s
Warship,Chautaqua,The Willowz,,3m12s
Everybody Have Fun Tonight [December 1986],Mosaic,Wang Chung,,4m48s
"You Can't Spell Crap Without ""C"" [Feat. Craig Owens Of Chiodos]",Plagues,The Devil Wears Prada,,3m30s
How Old Is 15,For What It's Worth,Dave Chappelle,,5m25s
Hard feat Young Jeezy (dirty),Rated R,Rihanna,,4m15s
Casting Such A Thin Shadow,"Survive, Kaleidoscope",Underoath,,6m15s
How You Love Me Now,Hold On Tight,Hey Monday,Rohan Kohli,3m21s
one gun,Ashes Of The Wake,Lamb of God,,3m59s
Turns Me On (Ft. Sleepy Brown & Joi),Sir Lucious Left Foot: The Son of Chico Dusty,Big Boi,,3m30s
Renegade,Blueprint,Jay-Z Feat. Eminem ,,5m38s
Don't Believe the Hype,It Takes A Nation Of Millions ,Public Enemy,,5m20s
I'll Never Love Again,,New Found Glory,,2m39s
Hopeless Case,In With The Out Crowd,Less Than Jake,,4m
Casimir Pulaski Day,Illinois,Sufjan Stevens,,5m56.031s
Sneakin' Out The Hospital,Hello Nasty,The Beastie Boys,Beastie Boys,2m45.302s
God (Interlude),Speakerboxxx/The Love Below,Outkast,,2m20s
The Rebirth,Dancefloor Party 2010,The 3 Players,,3m38s
Funkytown [May 1980],Disco Nights Vol. 4,Lipps Inc.,,6m6s
Man Or Animal,Out Of Exile,Audioslave,Audioslave,3m53.151s
Runaway,"The Mother, The Mechanic, And The Path",The Early November,,3m42s
Large Amounts,The Red Light District,Ludacris,,4m34s
The Everglow,The Everglow,Mae,Mae,3m30.512s
L'estasi dell'oro (The Ecstasy of Gold),"The Good, The Bad and the Ugly (Original Motion Picture Soundtrack)",Ennio Morricone,,3m23.29s
Too Young (Feat. Hero & Slaine) (Prod. By Darp Malone),The Hour Of Reprisal,Ill Bill,,4m33s
The Raveonettes - Forget That You're Young,KEXP Song of the Day,The Raveonettes,,3m58s
Wine Red,Like Vines,The Hush Sound,,2m36s
Still Fly,Punk Goes Crunk,The Devil Wears Prada,,4m55.288s
Nike Boots Freestyle,Just Do It: A Mixtape Ode To Nike,6th Sense & Mick Boogie,,2m13s
Track Four,Nuclear. Sad. Nuclear,The Number 12 Looks Like You,,33.204s
Christian Brothers,Elliott Smith,Elliott Smith,Elliott Smith,4m30s
[Untitled],Endtroducing.....,DJ Shadow,,25s
The Word,Rubber Soul (US),The Beatles,,2m44s
Man Overboard,The Mark Tom And Travis Show [The Enema Strikes Back],Blink 182,,2m47s
Mexico,Morning View,Incubus,Incubus,4m20.852s
"If All Else Fails We Must Get Ether: ""It's ringing.""",The Gonzo Tapes [Disc 2] : Fear and Loathing in Las Vegas,Hunter S. Thompson,,2m37s
Dysentery Gary                ,1999,Blink 182                     ,,2m45s
029 Cotti - Big It Up,,,,4m24s
Off That (feat. Drake) ,The Blueprint 3 [Soul Assassin Special Edition],Jay-Z,,4m7s
Narcoleptic,Black Market Music,Placebo,,4m22s
003. Ludwig van Beethoven - Piano Concerto No. 5 (Op. 73) - Adagio Un Poco Mosso.mp3,Classical Music Top 100,VA,,9m32s
Protect Ya Neck [Bloody Version],Legend Of The Wu-Tang,Wu-Tang Clan,RZA,5m3.136s
Ordinary Guys,2007,Blue Scholars,,4m2s
The Greatest,The Greatest,Cat Power,Chan Marshall,3m22.617s
Better Times,Teen Dream,Beach House,,4m27s
Mrs. Officer (Featuring Bobby Valentino) (Produced By Wyclef Jean),Tha Carter 3,Lil Wayne,,4m47s
Let It Rattle,Never Better,P.O.S.,,3m34s
Havin' A Baby,Double Up,R. Kelly,,3m34s
Ring The Bell,See Mystery Lights,YACHT,,4m25s
Meeting of the Minds (f/ Living Legends),Pangaea,Visionaries,Rhettmatic & KeyKool,7m42.309s
"Caught, Can We Get A Witness",1988,Public Enemy,,4m53s
Ian Carey - Keep on Rising (Zo,2010,VA,,5m32s
Bulletproof (Nacey Remix ft. Matt Hemerlein),Lazerproof,Major Lazer & La Roux,,3m5s
Yukno (Fantastic Mr Fox Remix),Dubstep Collection 5,Untold,,4m13s
RobertaFlack (Feat. Dolly),Los Angeles,Flying Lotus,,3m8s
ah! (original mix),2009,j-rokk,,5m55s
Desire Lines,Halcyon Digest,Deerhunter,,6m44s
Everyday's Forecast,The Papercut Chronicles,Gym Class Hereos,,4m24s
Bros Before Hos,A Benihana Christmas,The Office,,30s
A-OK,I Am The Movie,Motion City Soundtrack,,3m47s
Get Over Ft. Nikki,2006,Lil Wayne,,5m30s
Yeah (Pretentious Version),LCD Soundsystem (Disc 2),LCD Soundsystem,,11m6s
Providence,Daydream Nation,Sonic Youth,Sonic Youth,2m40s
Waves,Donuts,J Dilla,,1m39s
Wrath Of The Gods,Army Of The Pharaos: The Torture Papers,Jedi Mind Tricks,Jedi Mind Tricks,3m6s
Run the Heart,Treats,Sleigh Bells,,2m41s
10th Period: Biters Block,As Cruel As School Children,Gym Class Heroes,,3m33s
Turn Off the Lights I'm Watching Back to the Future,Downtown Battle Mountain,Dance Gavin Dance,,4m
Laughing With,Far,Regina Spektor,Regina Spektor,3m18s
Wait Until Tomorrow,Where The Light Is Live In Los Angeles [Disc 1],John Mayer,John Mayer,4m19s
I'd Be a Good Boss,"Talk Is Cheap, Vol. 1",Henry Rollins,,21m1s
If You Can Afford Me,One Of The Boys,Katy Perry,,3m18s
The Problem is Always You,Forever Comes Too Soon,The Years Gone By,,3m16s
Hack Writer,Sweatbox,Henry Rollins,,4m40.311s
Take a Bow,Black Holes and Revelations,Muse,,4m40s
Ending Times Intro,Dubstep Collection 2,Kush Arora,,4m24s
"Ride On (feat. Defari, Maylay Sparks & Sondro Castro)",Black Snow,Snowgoons,,3m41s
Hawkbot (feat. Chae Hawk) [Bonus Track],The Weekend: Friday,Forever The Sickest Kids,,3m32s
When We Die,The Great Burrito Extrtion Case,Bowling For Soup,Bowling For Soup,4m13.794s
Tear The Fences Down,Tear The Fences Down,Eulogies,Peter Walker,2m37s
Roses,Late Registration,Kanye West,Kanye West,4m5.922s
Shiksa (Girlfriend),In Defense of the Genre,Say Anything,,3m38s
Instrumentals - Twista feat. Kanye West - Overnight Celebrity,,,,1m52s
Tyga - California Girls (demo),Welcome to the New Administration (mixtape number 60---),CitizensFOB Mixtape,Hosted & Mixed By Clinton Sparks,2m47s
Blackjaw,After The Room Clears,Permanent Me,,3m36s
The Point Of No Return,Revolutionary Vol. 2,Immortal Technique,,4m2s
Practice Makes Perfect,Rotation,Cute Is What We Aim For,,3m45s
Intro,400 Degreez,Juvenile,,2m12.469s
3 the Hard Way,2004,Beastie Boys,,2m49s
Chief Black Feet,For What It's Worth,Dave Chappelle,,4m33s
She Said (feat. Fate Wilson),Word Of Mouf,Ludacris,,4m33s
Love Is Your Weapon of Choice,Season 2 Flight of the Conchords,Flight of the Conchords,,1m41s
Silver Soul,Teen Dream,Beach House,,4m55s
"Phantom, Pt. 1 (Live)",A Cross the Universe (Live),Justice,,2m50.527s
My Country,W H O K I L L,Tune-Yards,,3m42s
My (Fucking) Deer Hunter,The Always Open Mouth,Fear Before the March of Flames,,4m11s
Fireman,The Carter II (Chopped And Scr,Lil Wayne,,5m10s
Hood Stuck,Back For The First Time,Ludacris,Ludacris,4m22s
Heregoesnothing,The Yippee,Never Shout Never,,3m28s
All These Things That I've Done,Hot Fuss [Bonus Tracks],The Killers,,5m2s
Blue Period Picasso,Living Thing,Peter Bjorn and John,,4m36s
Whisper,Dubstep Collection 1,Skandalous Unlimited,,4m
For Reasons Unknown,Sam's Town,The Killers,,3m32s
Ticket To The Moon,Light Years,Electric Light Orchestra,,4m9s
When you hear the bassline feat. Ms. Thing,Guns Don't Kill People... Lazers Do,Major Lazer,,3m20s
The State I Am In,Tigermilk,Belle & Sebastian,,7m7s
Junk Yard,This Is Dubstep Vol.2,Cyrus,,5m30s
075. Georges Bizet - Carmen - Habanera.mp3,Classical Music Top 100,VA,,4m36s
Larry Tee - Let's Make Nasty (Don Diablo Remix),,www.just4dance.fw.hu,www.just4dance.fw.hu,6m12s
Deep Space (Jay Da Flex & Yoof Remix) [Explicit],Wu-Tang Meets The Indie Culture Vol. 2: Enter The Dubstep [Explicit],Wu-Tang,,5m41s
Jet Lag,The Boxed Life,Henry Rollins,,3m40.636s
Acid,Artical Don,Ninjaman,,7m30s
Color,Transistor,311,C. Sexton,1m54.381s
I Know You,The Boxed Life,Henry Rollins,,5m37.455s
A Dark Congregation,Like Vines,The Hush Sound,,3m15s
034. Wolfgang Amadeus Mozart - Eine Kleine Nachtmusik (K. 525).mp3,Classical Music Top 100,VA,,6m32s
Dear Sons And Daughters Of Hungry Ghosts,Apologies To The Queen Mary,Wolf Parade,Wolf Parade,3m40s
Why Hip Hop Sucks in '96,Endtroducing.....,DJ Shadow,,42s
the Weather Girl,We Are Pilots,Shiny Toy Guns,,4m44s
Rock N' Roll Suicide,The Life Aquatic - Studio Sessions,Seu Jorge,,3m11s
Get Up / Say What,DFA Compilation #2 [Disc 3],Pixeltan,Pixeltan,5m51s
Eurythmics - Sweet Dreams 2010,Electro House Music Remixes-WE,VA,,7m27s
De Ruvo Jendrik - Can I Get A,Electro House Music Remixes-WE,VA,,5m8s
No Time For Dreaming,No Time For Dreaming,Charles Bradley,,2m53s
Take it back,8 Diagrams,Wu Tang Clan,,4m13s
Yapp City (feat. Trife Da God & Sun God),The Big Doe Rehab,Ghostface Killah,,3m45s
88,The Bake Sale,The Cool Kids,,3m46.905s
Heroine,Heroine,From First To Last,,5m42.006s
Song ForThe Man,Hello Nasty,The Beastie Boys,Beastie Boys,3m13.375s
077. Giacomo Antonio Domenico Michele Secondo Maria Puccini - Turandot - Nessun Dorma.mp3,Classical Music Top 100,VA,,3m23s
Camera,About Love,Plastiscines,"Plastiscines, Jake Sinclair & Butch Walker",2m26s
Knowing,Speakerboxxx/The Love Below,Outkast,,3m33s
Prospectors Arrive,2008,Jonny Greenwood,,4m36s
attack of the 60 ft lesbian octopus,You Have No Idea What You're Getting Yourself Into,"Does It Offend You, Yeah?",,2m1s
I Said [Michael Woods Remix],4x4=12,deadmau5,,7m5s
Im Really Hot (Explicit Radio),The Killah Kuts (TKK1718),Missy Elliott,,3m40s
Gutless,UNFUN,JAWBREAKER,,2m56s
Episode 267 - Carrie Brownstein,WTF with Marc Maron Podcast,Marc Maron,,1h13m4s
Playing For Keeps,Stories And Alibis,Matchbook Romance,,3m45s
Horror Business,Collection,The Misfits,,2m45.929s
Weezy Baby,Tha Carter II,Lil' Wayne Feat. Nikki,"A. Lyon, B. Sigler, D. Carter, M. Valenzano, Main & P. Hurt/D. Carter & Deezle",4m18.809s
On The Block,"Die, Rugged Man, Die",R.A. the Rugged Man,Jocko/R. Thorburn,4m48s
Rest of My Life,In With The Out Crowd,Less Than Jake,,3m34s
Seed,Santi,The Academy Is...,,4m18s
Time To Go,Can't Stop Won't Stop,The Maine,,2m55s
Why Do You Run,The Secret Wars,Ace Enders,,4m29s
Hand Me Down Your Love,One Life Stand,Hot Chip,,4m36s
I'm The Least You Could Do,Hefty Fine,Bloodhound Gang,,3m59s
Chopped ‘N’ Skrewed (Feat. Lud,2008,T-Pain,,4m24s
Internet Killed The Video Star,Get Sharp,The Limousines,,3m53s
My Songs Know What You Did In The Dark,Save Rock and Roll,Fall Out Boy,,3m8.576s
Coast to Coast,From a Basement on the Hill,Elliott Smith,Elliott Smith,5m33s
Skeet Skeet Radio 6.2010,EatSkeet.Com,DJ Skeet Skeet,,47m55s
Mix Tape,Your Favorite Weapon,Brand New,,4m
Making A Memory,Every Second Counts,Plain White T's,,2m50s
Junk Bond Trader,Figure 8,Elliott Smith,Elliott Smith,3m49s
Always Be,Chase This Light,Jimmy Eat World,,3m7s
India,"Talk Is Cheap, Vol. 2",Henry Rollins,,6m44s
Love in War,Speakerboxxx/The Love Below,Outkast,,3m26s
'97 Bonnie & Clyde,The Slim Shady LP,Eminem,,5m18s
White America,The Eminem Show,Eminem,,5m25s
"Dance, Dance, Dance (Dada Life Guerilla Fart #4 Remix)",discodust.blogspot.com,Lykke Li,Dada Life,5m1s
Amsterdam,A Rush Of Blood To The Head,Coldplay,Buckland/Champion/Martin,5m19.413s
Rise Above,The Flipside: EP,The Flipside,,3m40s
Thriller (Live),Leaked In London EP,Fall Out Boy,,3m33s
White Trash,Smells Like Children,Marilyn Manson,,2m48s
Lurch,Ire Works,The Dillinger Escape Plan,,2m4s
Tiesto Vs. Cirez-D - Do You Fe,2010,VA,,6m
Roses (Live),MTV - Discover & Download,Meg & Dia,,3m29s
Ed Is Dead,Surfer Rosa & Come On Pilgrim,Pixies,,2m31s
He Say She Say,Lupe Fiasco's Food & Liquor,Lupe Fiasco Feat. Sarah Green & Gemini,Soundtrakk/Brandon Howard,4m12.308s
Rollin',Double Up,R. Kelly,,4m48s
Faxing Berlin (Grifta Dubstep Remix),TheNewMontreal.com,Deadmau5,,5m12s
Time,Songs For Silverman,Ben Folds,,4m27s
Eagle Mount Drive,This Could Be A Possibility,Valencia,,2m47.322s
Why Oh Why,King Vs Queen,Brighten,,4m54s
General Patton (Ft. Big Rube),Sir Lucious Left Foot: The Son of Chico Dusty,Big Boi,,3m12s
Dealing,Attack Of The Clones,Jay Electronica,,3m48s
S.O.S.,,Riahnna,,3m59s
Concrete And Clay,Quality Control,Jurassic 5,,4m37s
Tearin' Us Apart,Every Second Counts,Plain White T's,,2m37s
It's A Disaster,Oh No,OK Go,,3m22s
Bryn,Vampire Weekend,Vampire Weekend,,2m12s
Memories (DIRTY-Intro),,David Guetta ft. KiD CuDi,,3m30s
Holiday ,80's Club Mix,Madonna,www.digiwaxx.com,6m12s
Heavy Metal Kings w/ Ill Bill (Terror Remix),"Servants In Heaven, Kings In Hell",Jedi Mind Tricks,ILL Bill,4m34.181s
Edwrecker,Ed Rec Vol. 2,Feadz,,3m29s
Little Brother,Cars,"Now, Now Every Children",,3m27s
Hold On,2009,Synkro,,5m11s
Time Keeps On Slipping,Deltron 3030: The Instrumentals,Deltron 3030,,5m6s
Yellow Cat / Red Cat (Acoustic),Spin Acoustic Session,Say Anything,,5m23s
Rudebwoy Riddim,Dubstep Collection 1,Ruf,,4m58s
We Have Love,One Life Stand,Hot Chip,,4m29s
Warning,Live At Lollapalooza 2003,Incubus,,4m39s
Here It Goes Again,Oh No,OK Go,,3m
Effington,Way To Normal,Ben Folds,,3m33s
Untitled,Sweatbox,Henry Rollins,,15m31.073s
The Coolest (Instrumental),,Lupe Fiasco,,4m57s
Suffragette City,Best Of Bowie,David Bowie,David Bowie,3m27.632s
Fly,Explains It All,Four Year Strong,,3m50s
Punch You in the Jeans,Incredibad,The Lonely Island, ,2m47s
Imitation Is The Sincerest Form Of Battery,The Big Dirty,Every Time I Die,Every Time I Die,2m30s
Let's Talk About It (feat. Jermaine Dupri),Lord Willin',Clipse,Chad Hugo/Gene Thornton/Jermaine Dupri/Pharrell Williams,5m10s
Day N Nite,Plain Pat & Emile Presents a KiD named CuDi,KiD CuDi,Dot Da Genius,2m48s
So Happy I Could Die,The Fame Monster,Lady GaGa,,3m55s
34 Plastician & Uncle Sam - Japan,Disc E: The Nice Move,"Revealomatic - No Bull, More Halfstep",,2m1s
I’m Like A Lawyer (Me And You) ,Live at Voodoo Fest '07,Fall Out Boy,,4m6s
High And Dry,The Bends,Radiohead,,4m13s
Betterman,The Ultimate Best Of Pearl Jam,Pearl Jam,,4m46s
The Watcher,2001,Dr. Dre,Dr. Dre,3m28.654s
Chasing Forever,Big Willie Style,Will Smith,,4m16s
Magic Spells,Crystal Castles,Crystal Castles,,6m7s
Catch Up (feat. I-20 & Lil' Fate),Back For The First Time,Ludacris,"Fat Wilson, Infamous 2-0, Ludacris",4m15s
Crush and Blow- Demo,Crushing Blow EP,Ethan Kray,,2m4s
I Don't Wanna Dance,I Don't Wanna Dance - Single,Hey Monday,"Cassadee Pope, Sam Hollander & Dave Katz",4m0.744s
The Way She Moves,Underdog Alma Mater,Forever The Sickest Kids,,3m44s
Cum On Everybody,The Slim Shady LP,Eminem,,3m40s
Nightfall,Outside,Tapes 'n Tapes,,4m52s
The Thrill,DJ Ill Will & DJ Rockstar Present Wiz Khalifa - Burn After Rolling,Wiz Khalifa,,3m56s
"Right On, Right Now",Houston We Have A Party,Powerspace,,3m34s
Lonely Avenue,Visionary Soul,Ray Charles,Doc Pomus,2m36.943s
Snakes,Return To The 36 Chambers: The Dirty Verson,Ol' Dirty Bastard,,5m26s
Treats,Treats,Sleigh Bells,,3m29s
Overtime: Episode #201 (2/4/11),Real Time with Bill Maher,HBO Podcasts,,8m5s
Paradox,Inception (OST),Hans Zimmer,,3m26s
Not What It Seems,Leaving Through The Window,Something Corporate,Andrew McMahon,3m18.786s
Unreleased Backgrounds,,,,50s
Kennedy,Classics,Ratatat,,3m35s
For Me This Is Heaven,Clarity,Jimmy Eat World,,4m7s
Don't Let Go,Weezer (Green Album),Weezer,,3m
Shut The Club Down,Feed The Animals,Girl Talk,,3m7s
The Greasy Beat ft. Bootsy Collins (Natural Funk Mix),Bird Brain - dirtybird.rcrdlbl.com,Claude VonStroke,,6m8s
Rocky Racoon,The Beatles [White Album] (Disc 1),The Beatles,John Lennon/Paul McCartney,3m41.262s
Division St.,Bastard Lives Comp.,Thursday,,4m16s
Welcome to Thr33 Ringz Intro,2008,T-Pain,,1m28s
Black Coffee Blues (San Francisco),Black Coffee Blues,Henry Rollins,,9m39.314s
Episode 227 - Adam Scott,WTF with Marc Maron Podcast,Marc Maron,,1h10m34s
45:33 (Runaway Remix),45:33 Remixed,LCD Soundsystem,,10m8s
Quiet Niggas,2003,Nas and MF Doom,,4m25s
I'm A Fake,In Love And Death,The Used,The Used,4m6.41s
Ruthless,North,Something Corporate,,3m26.309s
Suk My Dick,Maths And English,Dizzee Rascal,,2m59s
Who Dat,The Recession,Young Jeezy,,3m49s
World Town,Kala,M.I.A.,M.I.A.,3m54s
Morning Bell,Kid A,Radiohead,,4m37s
Moulin Rouge Waltz,Curb Your Enthusiasm,Teddy Lasry,,2m24s
When I Live My Dream,The Life Aquatic - Studio Sessions,Seu Jorge,,2m56s
Q-Tip-Wont Trade,Q-Tip-The.Renaissance-Retail-2008-[NoFS],Q-Tip,,2m41s
Pursuit of Happiness (Nightmare) [feat. MGMT & Ratatat],Man On the Moon - The End of Day (Expanded Version),Kid Cudi,"S. Mescudi, E. Mast & M. Stroud",4m55.288s
Mulher X Tudo,I Luv Baile Funk,Baile- Favela On Blast,Nossa,1m41s
Caminalo/Walk It Out,Evolucionando,Jovenes Del Barrio,,2m50.852s
Heartbeat,Rave On Buddy Holly,The Detroit Cobras,Norman Petty/Bob Montgomery,2m20s
Move Bitch (feat. Mystikal & I-20),Word Of Mouf,Ludacris,,4m31s
Giovanni Guccione & Claudio Suriano - House Tekno Radio (DJ Chick Remix),,www.just4dance.fw.hu,www.just4dance.fw.hu,5m55s
4. Marlena Shaw remixed by Diplo - California Soul ,Verve Remixed 4 , ,,30s
Through The Wire,Late Orchestration,Kanye West,,3m33s
1000 Cigarettes,Fist of God,MSTRKRFT,,3m26.239s
088. Wolfgang Amadeus Mozart - 23. Klavierkonzert (K. 488) - Adagio.mp3,Classical Music Top 100,VA,,3m17s
Pop Rose,The Carter Meets The Cartel 2: Lil Wayne & Drake,Lil Wayne & Drake,,1m10s
022 Joker and Ginz - Purple City,,,,4m26s
Been Afraid,Never Better,P.O.S.,,3m41s
Here We Go Again,The Final Riot!,Paramore,,4m10s
Dick in a Box (feat. Justin Timberlake),Incredibad,The Lonely Island, ,2m41s
Slicker Drips,The White Stripes,The White Stripes,,1m32s
Get It Poppin' (Feat. Nelly) (Produced By Scott Storch),All Or Nothing,Fat Joe,,3m26s
It Wasnt Us - I-20 & Ludacris,Neptunes Present... Clones,The Neptunes,The Neptunes,3m39s
The Children,Odd Blood,Yeasayer,,3m14s
Pulk/Pull Revolving Doors,Amnesiac,Radiohead,,4m7s
The Real Slim Shady,The Marshall Mathers LP,Eminem,,4m45s
Do You Wanna Ride,Kingdom Come,Jay-Z Feat. John Legend,Kanye West,5m29.375s
Tie Her Down,Let It Enfold You,Senses Fail,,3m8.94s
Hating Someone's Guts - Pt. 2,The Boxed Life,Henry Rollins,,8m13.447s
Alphabetical Slaughter,DJ Kayslay-The Streetsweeper Vol. 2 (Retail),Papoose,,4m48s
As The Heart Gently Weeps,,Wu-tang Clan,,5m1s
In The Flowers,Merriweather Post Pavilion,Animal Collective,,5m22s
Can't Take That Away,Off The Deep End,The Friday Night Boys,,3m28s
Fingers Of Steel (Toby Toast Topspin Remix),Fingers Of Steel - Get Free Music at RCRD LBL.com,Sebastien Tellier,,5m7s
Parisian Goldfish,Los Angeles,Flying Lotus,,3m2s
044. George Gershwin - Rhapsody In Blue.mp3,Classical Music Top 100,VA,,16m28s
Wawa Jerry Ropero Feat Michael,Electro House Music Remixes-WE,VA,,8m14s
Take It In,One Life Stand,Hot Chip,,4m11s
Vanderlyle Crybaby Geeks,High Violet,The National,,4m12s
Fired,Rockin' The Suburbs,Ben Folds,Ben Folds,3m50s
Me,"When Life Gives You Lemons, You Paint That Shit Gold",Atmosphere,,3m42s
Talk Dirty (Original Mix),Promo Only Mainstream Club July,Analyze Ft. Paige Marie,,7m12s
Abuse Part 1,Smells Like Children Recalled,Marilyn Manson,,1m33s
What Goes Around.../...Comes Around Interlude,FutureSex/LoveSound,Justin Timberlake,,7m29s
Kid Sister (feat. Pitbull) vs Phonat - Free Control Ocho,The Mixtape Volume Four,The Hood Internet,"ABX, STV SLV",2m45s
Sight for Sore Eyes,Pangaea,Visionaries,Kan Kick the KanZulu,4m32.741s
Dammit,Dude Ranch,Blink 182,,2m47s
Mi Viejo,LP3,Ratatat,,2m40s
Sexual Healing [January 1983],Midnight Love,Marvin Gaye,,4m
The Phoenix,Save Rock and Roll,Fall Out Boy,,4m5s
85,Against The Grain,Young Bloodz,,4m30s
Raw,Dubstep Collection 1,Afterdark,,5m18s
Sky Might Fall,Man On The Moon: The End Of Day,KiD CuDi,,3m41s
Wheres My Money,2009,TC,,4m3s
059. Gregorio Allegri - Miserere (Psalm 51).mp3,Classical Music Top 100,VA,,5m45s
"This Ain't A Scene, It's An Arms Rac",Live at Voodoo Fest '07,Fall Out Boy,,3m32s
Instrumentals - Kanye West - T,,,,4m3s
Area Codes (feat. Nate Dogg),Word Of Mouf,Ludacris,,5m3s
Wiling - Neph The Madman,A Much Better Tomorrow,Dan the Automator,Dan the Automator/Nephtall Lewis,3m56s
Clubzound - Freak Samba 2k10 (,Electro House Music Remixes-WE,VA,,5m32s
Stay Close,Forever Comes Too Soon,The Years Gone By,,2m58s
Quits (Kalbata Remix),Dubstep Collection 2,Sunship feat. Warrior Queen,,5m
Slats Slats Slats,Myspace,Skrillex,,5m19s
Speak Of The Devil,Sleep Without Dreams,2*Sweet,,3m15s
Congratulations,Congratulations,MGMT,,3m58s
Good Day,We Don't Need to Whisper,Angels & Airwaves,,4m32s
Mary Jo,Tigermilk,Belle & Sebastian,,4m55s
Headfirst For Halos,"I Brought You My Bullets, You Brought Me Your Love",My Chemical Romance,My Chemical Romance,3m28s
Stranger Things Have Happened,"Echoes, Silence, Patience & Grace",Foo Fighters,Foo Fighters,5m21.108s
Son of Sam,Figure 8,Elliott Smith,Elliott Smith,3m4s
If I Were You,A Band In Hope,The Matches,,2m47s
Can't Buy Me Love,At The Hollywood Bowl,The Beatles,,2m16s
The 16th Hour,For Lack Of A Better Name,Deadmau5,,9m30s
Soothsayer,Bedlam in Goliath,The Mars Volta,,9m8s
"Run, Don't Walk",Hold On Tight,Hey Monday,Rohan Kohli,3m46s
Come Back To Bed,Heavier Things,John Mayer,,5m29s
V: Snowboarding,Idea Soundtrack,Idea,,5m36s
! New Collection,2008,,,1m11s
…Slowdance On The Inside,Where You Want To Be,Taking Back Sunday,Taking Back Sunday,4m26.379s
Just Another One,Greetings From,A Rocket To The Moon,,4m20s
Stay On The Ground,What To Do When You Are Dead,Armor For Sleep,Ben Jorgenson & Armor For Sleep,4m30.094s
Fearless,Fearless,Taylor Swift,,4m4s
Walking On The Moon,Every Breath You Take: The Classics,The Police,G M Sumner,5m2s
Shadow People,"Shame, Shame",Dr. Dog,,4m15s
Getcha Groove On,Chocolate Starfish And The Hot Dog Flavored Water,Limp Bizkit,"Fred Durst, Wes Borland, Sam Rivers, John Otto",4m29.142s
My Paper Heart,The All-American Rejects,The All-American Rejects,,3m49s
Dreamer,"When Life Gives You Lemons, You Paint That Shit Gold",Atmosphere,,4m6s
Machine,Far,Regina Spektor,,3m52s
Stumped,Complete Discography,Minor Threat,,1m55s
Red House,Are You Experienced?,Jimi Hendrix,,3m45s
Sandcastle Disco feat. Q Tip,2008,Solange,,4m31s
Konstantine,Songs for Silent Movies,Something Corporate,,9m36s
Backdoor Man,The Best of The Doors,The Doors,,3m34s
The Ocean,The Everglow,Mae,Mae,4m43.538s
Restaurants,Do You Believe In Gosh,Mitch Hedberg,,2m23s
We're So Starving,The String Quartet Tribute to Panic At the Disco's Pretty. Odd,Vitamin String Quartet,,1m24s
There's A Class For This,Pandora Radio,Cute Is What We Aim For,Cute Is What We Aim For,3m36.827s
Like A Cat,Nuclear. Sad. Nuclear,The Number 12 Looks Like You,,3m30.883s
"April 29, 1992 (Miami)",Sublime,Sublime,"Brad Nowell/Marshall Goodman/Michael ""Miguel"" Happoldt",3m53s
Hagler Demo,Scratches & Demo Tape Volume I,Jay Electronica,Denaun Porter aka Mr. Porter,2m39s
Lookin' Fly Feat. Will.I.Am,Murs For President,Murs,,4m1s
Oil,2008,Jonny Greenwood,,3m7s
Self Inflicted,One Of The Boys,Katy Perry,,3m26s
Track 20,,,,4m9.614s
Stay Young,We The Kings,We The Kings,,2m49s
Some Jokes,These Are Jokes,Demetri Martin,,7m10s
Session 1,"The Mother, The Mechanic, And The Path",The Early November,,2m37s
Sing,12 Memories / The invisible band,Travis,,3m49s
One More Time,Discovery,Daft Punk,,5m21s
What Does Your Soul Look Like (Part 1 - Blue Sky Revisit) **Transmission 3,Endtroducing.....,DJ Shadow,,7m29s
Get Back,Let It Be,The Beatles,,3m14s
Rill Rill,Treats,Sleigh Bells,,3m50s
With Hoffman Lenses We Will See The Truth,This Will Be The Death Of Us,Set Your Goals,,43s
I Left My Wallet In El Segundo,The Anthology,A Tribe Called Quest,,4m6s
Let It Bleed,In Love And Death,The Used,The Used,3m10.868s
What The 380 Said,The Carter Meets The Cartel 2: Lil Wayne & Drake,Lil Wayne & Drake,,1m12s
DJ Zam & Taito - Don't You Get,Electro House Music Remixes-WE,VA,,6m16s
One For Dilla (Instrumental),Champion Sound,Jaylib,,1m21s
Real Love,Teen Dream,Beach House,,5m25s
Candle,Daydream Nation,Sonic Youth,Sonic Youth,4m57s
Half Steering - Spymob,Neptunes Present... Clones,The Neptunes,The Neptunes,3m39s
Ooh La La - Original Mix [Party Break],The Antidote,The Wiseguys,,5m53s
Dissolve And Decay,The Silence In Black And White,Hawthorne Heights,Hawthorne Heights,3m44.374s
German Haircut,Cosmogramma,Flying Lotus,Flying Lotus,1m36s
So Much (Music),Beat Konducta Vol. 6: Dil Withers Suite,Madlib,,1m17s
Freek-A-Leek,Now That's Music 16,Petey Pablo,,3m53s
Mr. Brightside (The Killers Cover),Live at Voodoo Fest '07,Fall Out Boy,,4m1s
The Problem Is... (feat Sick Jacken and Uncle Chucc),Fornever,Murs and 9th Wonder,,3m39s
Bigmouth Strikes Again,The Queen Is Dead,The Smiths,Marr/Morrissey,3m15s
Shark Niggas (Biters),Only Built 4 Cuban Linx VBR,Raekwon,,1m39s
Crush'd,Say Anything,Say Anything,,4m26s
Rent A Cop,"Supersunnyspeedgraphic, The LP",Ben Folds,,5m9s
Everytime (feat. Del the Funky Homosapien & Adrian Hartley),Spectacle,Mike Relm,,3m8s
Gifted (Steve Aoki Remix),dimmak.rcrdlbl.com,N.A.S.A.,,4m25s
Fire And Heights,Live At Stubb's,Matisyahu,,4m20.226s
Weather Channel Music,Songs For Goldfish,Ben Folds,,3m56s
What Up Man,The Bake Sale,The Cool Kids,,3m0.14s
NJ Falls Into The Atlantic,Let It Enfold You,Senses Fail,,3m48.693s
Harrowdown Hill,The Eraser,Thom Yorke,,4m36.828s
The L.A. Riots Part II,Talking From The Box,Henry Rollins,,4m30s
Taiwan To Texas (feat. Pharrell),Exclusive Audio Footage,Clipse,,4m9s
Syke 'n' Sugarstarr - Ticket t,Electro House Music Remixes-WE,VA,,6m38s
"A Normal, Healthy, American Boy (Chita Rivera, Dick Van Dyke, Teen Trio, Reporters, Teenagers, Neighbors)",Bye Bye Birdie! - Original Broadway Cast,"Susan Watson,Chita Rivera,Dick Van Dyke,Dick Gautier,Paul Lynde,Michael J. Pollard,Kay Medford","Lee Adams, Charles Strouse",3m55s
Ruff Bassline,Dubstep Collection 2,"Nebulla, DJ Dore",,5m44s
Present Tense,The Ultimate Best Of Pearl Jam,Pearl Jam,,5m47s
Good Girls Go Bad (Acoustic),Good Girls Go Bad - Single,Cobra Starship,,3m12s
Live Forever,Familiar To Millions,Oasis,,5m10s
No Church in the Wild (feat. Frank Ocean),Watch the Throne  (Deluxe Version),Jay-Z and Kanye West,,4m32s
Love Like a Sunset,Wolfgang Amadeus Phoenix,Phoenix,,7m39s
Steve Wonder - Song Review - 12 - Part-Time Lover,,,,3m43s
Opening Up (Ce Soir On Danse),Fancy Footwork,Chromeo,Chromeo,5m
Seasons Change,Dance Vault Remixes,Exposé,,4m53s
068. Wolfgang Amadeus Mozart - Piano Concerto No. 21 (K. 467),Classical Music Top 100,VA,,7m
"Dance, Dance Christa Paffgen",Never Take Friendship Personal,Anberlin,,7m8s
Riviera Nostalgia,Curb Your Enthusiasm,Philippe Lhommet & Jacques Mercier,,3m3s
Peter Frampton - Frampton Comes Alive  - 05 - All I Wanna Be (Is by Your Side).mp3,Frampton Comes Alive,Peter Frampton,,3m3s
It's Dangerous Business Walking Out Your Front Door,"Survive, Kaleidoscope",Underoath,,3m50s
Jump (Feat Joel Madden and Benji Madden),Fly Or Die,N.E.R.D.,B. Combs/Chad Hugo/J. Combs/Pharrell Williams,3m56s
Choke On This,Let It Enfold You,Senses Fail,,3m22.361s
Where I End And You Begin,Hail To The Thief,Radiohead,,4m34s
Spaz ,Seeing Sounds,N.E.R.D.,,3m51s
Loyalty,2007,Blue Scholars,,4m
REVOFEV,Man On The Moon I:I The Legend Of Mr. Rager,Kid CuDi,Plain Pat; Strings by Larry Gold,3m5s
Crashin' (Live),iTunes Live from SoHo - EP,Jack's Mannequin,,3m59.258s
Part 4,Eric the Pilot,Henry Rollins,,9m30.676s
"Hold U Down (Feat. Trey Songz, Mike Jones & Baby)",Trill,Bun-B,,4m20s
Why Georgia,Room For Squares,John Mayer,,4m29s
All I See Is You,Saxophonic,Dave Koz,Brian Culbertson,4m14.374s
No More,Either/Or Demos (Disc 1 of 2),Elliott Smith,,2m36s
I Robot,DFA Compilation #2 [Disc 1],The Juan Maclean,The Juan Maclean,6m12s
Therapy,Nothing Personal,All Time Low,,6m4s
The Future Freaks Me Out,I Am The Movie,Motion City Soundtrack,,3m37s
Talk to You (ft. Bilal),Quality ,Talib Kweli ,,5m
We Will Rock You (Jason Bee Edit),1980,Queen,,2m11s
Veni Vidi Vici (Diplo Remix),"Decent Work For Decent Pay, Collected Works Volume One",Diplo,,3m43s
Don't Stop 'Til You Get Enough (2003 Edit),Number Ones,Michael Jackson,Epic,3m56.286s
Nightmare,The Inevitability Of A Strange World,Halifax,Halifax,3m53.012s
They Are Night Zombies They Are Neighbors They Have Come Back From The Dead,Illinois,Sufjan Stevens,,5m11.843s
Golden (Live),Leaked In London EP,Fall Out Boy,,2m38s
Welcome to the Jungle,Watch the Throne  (Deluxe Version),Jay-Z and Kanye West,"Kanye West, Shawn Carter, Kasseem Dean & Mike Dean",2m54s
I Told You I Was Freaky,2009 - I Told You I Was Freaky,Flight Of The Conchords,,3m15s
We Killed It,In Defense Of The Genre,Say Anything,,1m53s
On Repeat,LCD Soundsystem (Disc 1),LCD Soundsystem,,8m2s
Stage Lights (Remix),Trunk Muzik,Yelawolf,Produced By Malay & KP for Ghet-O-Vision Entertainment,3m35s
Colourless Colour,La Roux,La Roux,,3m28s
Miss Misery (Early Version),New Moon,Elliott Smith,,2m56.332s
Alameda,Either/Or,Elliott Smith,Elliott Smith,3m43s
Sexy Bitch Synth (Loop),DMS,David Guetta,,59s
Doctor Doctor (Feat. Shawn Harris),Razia's Shadow: A Musical,Forgive Durden,,4m57s
Inner Me,The In Crowd,Kidz In The Hall,,5m1s
Afterlife,This Is Dubstep Vol.2,Lung,,6m26s
Raw Shit (Instrumental),Champion Sound,Jaylib,,3m13s
Subliminal Minded Freestyle,J. Period - Best Of The Roots,The Roots,J.Period,1m45s
Agadez,Bedlam in Goliath,The Mars Volta,,6m45s
Ultimate Satisfaction (Ft. Field Mob),Release Therapy,Ludacris,,4m21s
Cancer,The Black Parade,My Chemical Romance,,2m23s
Loser,Rotation,Cute Is What We Aim For,,3m3s
Empire State of Mind (feat. Alicia Keys) ,The Blueprint 3 [Soul Assassin Special Edition],Jay-Z,,4m37s
HTMLl Rulez D00d,Plagues,The Devil Wears Prada,,3m56s
American Love,The Glass Passenger,Jack's Mannequin,,3m44s
Can You Discover?,LP,Discovery,,2m23s
Stockholm Syndrome,Blink 182,Blink 182,blink-182,2m44s
Introduction,Live At Luna Park,Henry Rollins,,10m1s
Panther Dash,Thunder Lightning Strike,The Go! Team,,2m46s
Killer Crane,Nine Types Of Light,TV On The Radio,,6m16s
"Oh Well, Okay",XO,Elliott Smith,Elliott Smith,2m33s
Sing Me Back Home,There Is A Season,The Byrds,,3m4s
The Kiss (Skit),The Eminem Show,Eminem,,1m16s
David Guetta - Gettin Over (DJ,Electro House Music Remixes-WE,VA,,6m54s
I Gotta Feelin' (David Guetta Remix),,Black Eyed Peas,,6m8s
Dubstep Warz,Dubstep Collection 1,D1,,5m33s
C-Mos Vs. Axwell - 2 Million W,2010,VA,,6m50s
Dance Hall Modulator [Dub],DFA Compilation #2 [Disc 1],The Juan Maclean,The Juan Maclean,4m7s
Darling,Album,Girls,Www.DepoDepo.Fr By Orko61,3m
Sabotage (DJ Kue's OMG Remix),palmsout.com remix sunday 111,The Beastie Boys,,4m50s
Starkology,Apollo Kids,Ghostface Killah,GUTTAHIPHOP.COM,2m26s
Crooked Teeth,Plans,Death Cab For Cutie,,3m24s
Starstrukk,Want,3OH!3,,3m6s
Hard Hittaz (Ft. Boogiemane),2005,Three 6 Mafia,,4m13s
Starchaser,Pangaea,Visionaries,Rhettmatic,4m48.949s
Roll to Me,Explains It All,Four Year Strong,,2m28s
Hollywood,Kingdom Come,Jay-Z Feat. Beyoncé Knowles,Syience,4m17.973s
Lost Indian,Art Of Old-Time Mountain Music,Mose Coffman,,3m11.982s
Wind-Up (Demo),Kill The House Lights,Thursday,,4m9.521s
Tribulations,LCD Soundsystem (Disc 1),LCD Soundsystem,,4m59s
All Of The Lights (Interlude),My Beautiful Dark Twisted Fantasy,Kanye West,,1m2s
American Boy (Ft. Kanye West) (Prod. By Will.I.Am),Shine,Estelle,,4m46s
079. Gabriel Urbain Faur√© - Requiem (Op. 48) - In Paradisum.mp3,Classical Music Top 100,VA,,3m49s
Narrow Grave,Army Of The Pharaos: The Torture Papers,Jedi Mind Tricks,Jedi Mind Tricks,3m41s
Yeah [Crass Version],DFA Compilation #2 [Disc 2],LCD Soundsystem,James Murphy/Tim Goldsworthy,9m23s
Warrior with Lean Back,,Lloyd Banks,,2m51s
make your move,Coming Home,New Found Glory,,4m3s
99 Problems,The Black Album,Jay-Z,9th Wonder/Jay-Z,3m54.684s
Permanent Standby,Felt 3 (A Tribute To Rosie Perez),Felt (Slug & Murs),,3m57s
Quinn the Eskimo (The Mighty Quinn),The Essential: Bob Dylan,Bob Dylan,Bob Dylan,2m22.082s
 se lest,takk,sigur ros,,8m40s
Theresa Prelude,Citizen Cope - Citizen Cope,Citizen Cope,,59s
Part 3,Eric the Pilot,Henry Rollins,,8m26.821s
Cuttin (Remix),Who Is Mike Jones?,Mike Jones,,3m51s
Return,OK Go,OK Go,,3m51s
When Will You Come,King Of The Beach,Wavves,,2m32s
Sweet Dynamite (Terje Edit),Tangoterje,Claudia Berry,,7m53s
Kentucky (Interlude),Dirty Acres,CunninLynguists,,50s
MANIAC (R.O.D.) (Live),"Live @ Chain Reaction, Anaheim CA 10.13.07",Four Year Strong,,2m30s
"For a Pessimist, I'm Pretty Optimistic","Live at Norwegian Wood - June 14, 2008",Paramore,,4m15s
I Don't Want To See You Like This,The Big Roar,The Joy Formidable,,4m19s
Drunk Girls (Holy Ghost! Adult Swim Remix),www.earmilk.com,LCD Soundsystem,,4m19s
Buddy Holly,Weezer,Weezer,Cropper/Weezer,2m39.381s
A Sketch For Time's Arrow,Kill The House Lights,Thursday,,3m16.696s
Breakdown,"Televison Off, Party On",Forever The Sickest Kids,,3m35s
Modern Man,The Suburbs,Arcade Fire,,4m40s
Metaphysical (feat. Miho Hatori of Cibo Matto & Mike D of The Beastie Boys),So... How's Your Girl?,Handsome Boy Modeling School,,3m27s
Dance Of The Dope Hats,Smells Like Children,Marilyn Manson,,4m40s
Writing On The Walls,Define The Great Line,Underoath,,4m3s
You're Gone,Leaving Through The Window,Something Corporate,Andrew McMahon,4m37.223s
I've Got the Time If You Have the Argument,If You Speak Any Faster,June,,2m33s
Episode 184 - Jill Soloway,WTF with Marc Maron Podcast,Marc Maron,,1h8m41s
Honestly,Warped Tour Session,Cartel,,3m34s
You Ain't Missin Nothing,T.I.-Paper.Trail.Retail-2008-[NoFS],T.I.,,5m10s
"Count 'Em One, Two, Three",Can't Stop Won't Stop,The Maine,,2m54s
Frolic (30 Second Edit),Curb Your Enthusiasm,Luciano Michelini,,32s
Trick Step,D.U.I. Dancing Under the Influence,"Kardboard Mansion-Maal Nicks, Charmaine Rocks",,2m50s
Silver and Cold,Sing the Sorrow,AFI,,5m13s
Lost,Viva La Vida,Coldplay,,3m55s
Lovers And Liars,Stories And Alibis,Matchbook Romance,,3m21s
Streets On Fire,Lupe Fiasco's The Cool,Lupe Fiasco,,4m40s
outtake,,,,32s
Nightrider (7' Edit),Light Years,Electric Light Orchestra,,3m46s
Don't Pretend,Bend To Break,The Color Fred,,6m7s
A Day in the Life,Love,The Beatles,,5m9s
Alphabet Town,Needle In The Hay,Elliott Smith,Elliott Smith,4m13s
Gold Digger ft. Jamie Foxx,Late Registration,Kanye West,Kanye West,3m28.352s
Wasting My Time,The White Stripes,The White Stripes,,2m15s
Whole Lotta Love,Led Zeppelin II,Led Zeppelin,,5m34s
U-Turn Lavern,The Flipside: EP,The Flipside,,4m31s
Strapped (Instrumental),Champion Sound,Jaylib,,2m23s
22 Sub Scape - Wrong Number.mp3,Disc F: The Ruff Step,"Revealomatic - No Bull, More Halfstep",,2m
Hustler Hall of Fame,Mickey Avalon,Mickey Avalon,,3m30s
Q-Tip-Dance On Glass,Q-Tip-The.Renaissance-Retail-2008-[NoFS],Q-Tip,,3m2s
Im The One (Remix) (Clean),,Mary J. Blige ft Drake,www.digiwaxx.com,3m57s
Fast Cars,"Fast Cars, Danger, Fire and Knives",Aesop Rock,,4m37s
Just Fuckin' (Feat. Bosko),My Ghetto Report Card,E-40,,4m15s
Tthhee Ppaarrttyy (Live),A Cross the Universe (Live),Justice,,2m47.044s
Mansard Roof,Vampire Weekend,Vampire Weekend,,2m8s
Everybody Hurts,Automatic For The People,R.E.M.,,5m20.319s
Say Yes,Either/Or,Elliott Smith,Elliott Smith,2m19s
048 Kirkus - Breakneck Speed,,,,4m16s
Misery Business (accapella),Other,Paramore,,2m25s
An Angel's Anneurism (Pleasant Overthinging Pt. 2),My Brain Is Alive,Charles Hamilton,C. Hamilton,4m39s
Feel Good Inc. (RIOT 87 VIP Dubstep Remix),Serbian Bassline,Gorillaz,RIOT 87,5m31s
War Of My Life,Battle Studies,John Mayer,,4m16s
Imperials,LP3,Ratatat,,3m34s
Ghost Man On Third,Tell All Your Friends,Taking Back Sunday,John Nolan,3m59.049s
Endless Happiness [Eye Remix],DFA Compilation #2 [Disc 2],Black Dice,Black Dice,7m41s
She Wants to Move,The DFA Remixes: Chapter Two,N.E.R.D.,Chad Hugo/Pharrell Williams,7m41s
021. Carl Orff - Carmina Burana - O Fortuna.mp3,Classical Music Top 100,VA,,5m19s
Photography,Based On A True Story,The Starting Line,,6m7s
My Life Be Like,The Art Of Translation,Grits,,3m53s
You Know What,Seeing Sounds,N.E.R.D.,,4m31s
don't let em- life is a musical-outkast,,,,2m14s
Jazz (We've Got),The Anthology,A Tribe Called Quest,,4m11s
Easy Suffering,Degeneration Street,The Dears,Murray Lightburn/Natalia Yanchak/Patrick Krief/Rob Benvie,4m33s
Encore (Live),A Cross the Universe (Live),Justice,,1m8.011s
05. Smalltown Chavy Boy,Philly 2 Bmore Digi EP,Emynd,E. Nassar,4m2s
Everytime I Look For You,2001,blink-182,,3m6s
Playing Gog,brand new eyes,Paramore,,3m3s
The Darkest Throne (Interlude),Legacy Of Blood,Jedi Mind Tricks,,45s
Sex Ed.,Sweatbox,Henry Rollins,,13m53.317s
"Wow, I Can Get Sexual Too",Live at The Chain Reaction,Max Bemis,,4m18s
Ur So Gay,One Of The Boys,Katy Perry,,3m40s
Show Me Yours,It's Classy Not Classic,Breathe Carolina,,3m50s
Dog,"Supersunnyspeedgraphic, The LP",Ben Folds,,4m28s
Blue Jean,Best Of Bowie,David Bowie,David Bowie,3m12.47s
Black Hole Sun,The Moog Cookbook,The Moog Cookbook,,4m22s
Sci-Fi Kid,Wild Mountain Nation,Blitzen Trapper,,3m4s
Five Years,The Life Aquatic - Studio Sessions,Seu Jorge,,4m
Fixing A Hole,Sgt. Pepper's Lonely Hearts Club Band,The Beatles,Lennon/McCartney/Lennon/McCartney,2m36.688s
Diamonds Are Forever (And Forever Is A Mighty Long Time),The Lady Luck EP,The Cab,,3m13s
Miracle Sun (Studio Version),Equal Vision Digital Sampler 2007,Circa Survive,,2m36s
Plays Ugly For Daddy [High & Driving EP],Avalon,Anthony Green,,2m48s
(I Don't Want To Go To) Chelsea,The Very Best Of Elvis Costello [Disc 1],Elvis Costello,Costello,3m7.547s
Nightswimming,Automatic For The People,R.E.M.,,4m18.136s
Make My Heart Attack,Remember Right Now,Spitalfield,,3m24.08s
"03 Burn, Piano Island, Burn",Burn Piano Island Burn,The Blood Brothers,,3m48s
Click Click (feat. E-40),Fist of God,MSTRKRFT,,3m28.19s
Battle for the Sun,We Come In Pieces,Placebo,,5m53s
Skip Divided,The Eraser,Thom Yorke,,3m33.275s
Casper the Friendly Ghost,Yip/Jump Music,Daniel Johnston,,3m
Pretty Mary K,Place Pigalle Demos,Elliott Smith,,2m28s
Late,Late Orchestration,Kanye West,,3m55s
The Old Saloon (Interlude),Incredibad,The Lonely Island, ,1m6s
Tangie and Ray,Tripper,Fruit Bats,,3m13s
Imaginary War,UNFUN,JAWBREAKER,,4m3s
Constant Static,Hits,New Found Glory,,3m18.437s
Lost Love,2009,Synkro,,5m18s
Running To Stand Still,The Joshua Tree (Remastered / Expanded) (Deluxe Edition) (CD 1),U2,,4m17s
Suicide Season (Outcry Collective),Suicide Season Cut Up,Bring Me The Horizon,,5m6s
katy_perry_-_california_gurls_(acapella),,,,3m58s
The Patron Saint Of Liars And,Take This To Your Grave,Fall Out Boy,,3m10s
All Cleaned Out,New Moon,Elliott Smith,,2m57.562s
I Feel For You. (Erica Scott).,Doe Or Die.,AZ.,,3m4s
Kalemba (Hot Chip Remix),Dubstep Collection 3,Buraka Som Sistema,,6m16s
Blister,Clarity,Jimmy Eat World,,3m30s
T.G.I.F. (Feat. Chip The Ripper),Plain Pat & Emile Presents a KiD named CuDi,KiD CuDi,,2m23s
Decalcomania,Ed Banger Rec Vol. 3,So Me,,4m49s
Red Dress,"Dear Science,",TV on the Radio,,4m25s
Jonathan II,Rio Baile Funk - Favela Booty Beats,Baile- Favela On Blast,,2m20s
003 Burial - Archangel (Mt Eden Dubstep Rmx),,,,3m16s
"Slowly, Through A Vector (Acoustic)",Spin Acoustic Session,Say Anything,,4m40s
Mr. Goodmorning (Instrumental),Basement Demos,Elliott Smith,,3m33s
Deadmau5 - Strobe (Nause Remix),,www.just4dance.fw.hu,www.just4dance.fw.hu,6m56s
Graduation Day,The College Dropout,Kanye West,,1m22s
MDWWR #69 ZEDS DEAD,Mad Decent Worldwide Radio,diplo/mad decent,,39m44s
Decoration,"The Mother, The Mechanic, And The Path",The Early November,,1m30s
Love or Confusion,Are You Experienced?,Jimi Hendrix,,3m14s
H.A.M,Watch the Throne  (Deluxe Version),Jay-Z and Kanye West,"Kanye West, Shawn Carter, Lexus Arnel Lewis & Mike Dean",4m36s
Don't Carry It All,The King Is Dead,The Decemberists,Colin Meloy,4m17s
Fuck Frankie,Smells Like Children,Marilyn Manson,,1m48s
I Told You So,The Inevitability Of A Strange World,Halifax,Halifax,3m29.072s
Ready To Fall,The Sufferer And The Witness,Rise Against,,3m51s
Dance Away,Dye It Blonde,Smith Westerns,,2m44s
"Really Silly Religious Crazies. I Mean, Double, Triple Crazy!!",Bigger and Blackerer,David Cross,,3m41s
Block After Block,Sidewalks,Matt & Kim,Kim Schifino/Matt Johnson,2m56s
Tokyo Storm Warning,The Very Best Of Elvis Costello [Disc 1],Elvis Costello,MacManus,6m23.523s
Tangerine (Ft. T.I. & Khujo),Sir Lucious Left Foot: The Son of Chico Dusty,Big Boi,,4m15s
Karma Chameleon [February 1984],Colour By Numbers,Culture Club,,4m15s
Don't Worry Be Happy [September 1988],"""Cocktail"" Soundtrack",Bobby McFerrin,,4m49s
new_world,nas-nastradoomus,M.F. Doom,,4m4s
Africa,Dubstep Collection 3,The Others,,5m39s
006. Johann Pachelbel - Kanon In D.mp3,Classical Music Top 100,VA,,4m26s
In This Club,Trunk Muzik,Yelawolf,Produced By Will Power For SupaHot Beats/Ghet-O-Vision Entertainment,4m
over my head,,The Fray,,4m10s
Dead End,Live At The Mayan Theatre,The Format,,4m41s
Only Girl (Mr. Larsson's The One Dubstep Remix),http://salacioussound.com,Rihanna,,3m40s
Folds In Your Hands,Manners,Passion Pit,,3m39s
College,I Am A Wonderful Man,Michael Ian Black,,6m25s
If All Else Fails,Stories And Alibis,Matchbook Romance,,5m48s
America's Suitehearts,"I Don't Care 7""",Fall Out Boy,,3m42s
The Mighty Fall (feat Big Sean),Save Rock and Roll,Fall Out Boy,,3m33s
Bodyhammer,Dubstep Collection 4,L-Vis 1990,,4m34s
Soul Singer In A Session Band,Cassadaga,Bright Eyes,,4m14s
NY Is Killing Me,We're New Here,Gil Scott-Heron & Jamie XX,Gil Scott-Heron,5m44s
Hi-Tek ft. Jonell - Round and Round (Instrumental),,,,3m32s
The B-List,Based On A True Story,The Starting Line,,4m37s
Very Busy People,Get Sharp,The Limousines,,4m6s
Foundation,Dubstep Collection 8,Roommate & SPL,,5m8s
I Luv It,The Inspiration:Thug Motivation 102,Young Jeezy,,4m7s
Life On Mars?,The Life Aquatic - Studio Sessions,Seu Jorge,,3m29s
I Feel Better,One Life Stand,Hot Chip,,4m42s
Family Tree,"Dear Science,",TV on the Radio,,5m34s
Heart Of The City (Ain't No Love),MTV Unplugged,Jay-Z,,4m5s
Breathe Easy,The Blueprint,Jay-z,,3m46s
052. Gabriel Urbain Faur√© - Requiem (Op. 48) - Pie Jesu.mp3,Classical Music Top 100,VA,,3m20s
Put Cha D. in Her Mouth,Da Unbreakables,Three 6 Mafia,,3m18s
No Good At Saying Sorry (One More Chance),"The Mother, The Mechanic, And The Path",The Early November,,3m44s
The Weight (The Band Cover) (Live),"Sessions@AOL, California, USA, 17th April 2008",Panic! At The Disco,,3m19s
Too Far Gone,The All-American Rejects,The All-American Rejects,,4m6s
Rachel,Treats,Sleigh Bells,,2m19s
Lazy,Economics II,Jim Gaffigan,,1m32s
"A Lot of Livin' to Do (Dick Gautier, Susan Watson, Teenagers)",Bye Bye Birdie! - Original Broadway Cast,"Susan Watson,Chita Rivera,Dick Van Dyke,Dick Gautier,Paul Lynde,Michael J. Pollard,Kay Medford","Lee Adams, Charles Strouse",2m54s
Kurt Loder,The Nerdist,Katie Levine,Katie Levine,1h7m38s
A Boy's Best Friend,De Stijl,The White Stripes,Jack White/Meg White,4m22s
Animal (Fake Blood Remix),VDRKblog.com,Miike Snow,,5m7s
Rozz Box,Power,Boys Noize,,6m1s
Keep Going,2008,T-Pain,,2m17s
A Gift For Fiction,The Always Open Mouth,Fear Before the March of Flames,,2m20s
Justify My Thug,The Black Album,Jay-Z,9th Wonder/Jay-Z,4m4.134s
Get Low feat. Flow Rida,,T-Pain,,3m53s
Galactic Fun,Infinity +1,Dam Funk,,2m17s
Balls,Dubstep Collection 1,Synkro,,4m38s
Jizz in My Pants,Incredibad,The Lonely Island, ,2m31s
Keeping On Without You,Who Are You Now?,This Providence,,3m45s
Patrick Being Weird (Hidden Track),Other,Fall Out Boy,,59s
Men In Make Up,A Rollins In The Wry,Henry Rollins,,6m6.248s
How Do You-,Pablo Honey,Radiohead,Colin Greenwood/Ed O'Brien/Jonny Greenwood/Phil Selway/Thom Yorke,2m12s
Fantasy (Remix),Mariah Carey-The Remixes,Mariah Carey ft Ol Dirty Basta,,4m54s
wejusfreestylin'pt2,The Papercut Chronicles,Gym Class Hereos,,1m15s
Me and This Jawn,Murs For President,Murs,,3m59s
36 Kromestar - Pissed Off.mp3,Disc F: The Ruff Step,"Revealomatic - No Bull, More Halfstep",,1m47s
Taxi Part 1,"Spoken Word Guy 2 10-13-07 Ann Arbor, Mi",Henry Rollins,,8m6s
California Soul,,Marlena Shaw,,3m1s
069 Double Doctor - War o clock,,,,3m32s
Dare To Be Stupid,Transformers,Weird Al Yankovic,,3m28s
Lollypop,Mad Kidz,Crookers,,4m49s
Track 13,,,,4m22.315s
Your My Angel,demo,Unwritten Law,,2m18s
We'll All Be...,Can't Stop Won't Stop,The Maine,,5m29s
My Iron Lung,The Bends,Radiohead,Colin Greenwood/Ed O'Brien/Jonny Greenwood/Phil Selway/Thom Yorke,4m36s
Turnin Me On,DMS,Keri Hilson ft Lil Wayne,,4m13s
Blue Prints For Future Homes,Redeemer,Norma Jean,,2m51s
Ego,Lord Willin',Clipse,Chad Hugo/Gene Thornton/Pharrell Williams,2m49s
Ain't No,MTV Unplugged,Jay-Z,,1m2s
Uncommon Valor: A Vietnam Story w/ R.A. The Rugged Man,"Servants In Heaven, Kings In Hell",Jedi Mind Tricks,R.A. The Rugged Man,4m4.25s
Accidents Will Happen,The Very Best Of Elvis Costello [Disc 1],Elvis Costello,Costello,3m1.254s
Put Your Money (featt. DMX),The Red Light District,Ludacris,,4m13s
I Believe To My Soul,Visionary Soul,Ray Charles,Ray Charles,3m2.95s
Can I Get A,"Hard Knock Life, Vol. 2",Jay-Z,Damon Dash/Irv Gotti/Lil' Rob,5m9.777s
Leave The World Behind (Dimitri Vegas Like Mike Vs Shm Dark Forest Edit),Leave The World Behind,Axwell Ingrosso Angello Laidback Luke Feat Deborah Cox,,6m34s
All Along the Watchtower,The Essential: Bob Dylan,Bob Dylan,Bob Dylan,2m34.877s
Ghetto Musick,Speakerboxxx/The Love Below,Outkast,,3m57s
19 Skream - Kinky.mp3,Disc F: The Ruff Step,"Revealomatic - No Bull, More Halfstep",,1m46s
Before Cologne,Way To Normal,Ben Folds,,54s
The Hand That Feeds,The DFA Remixes: Chapter Two,Nine Inch Nails,Trent Reznor,9m1s
Baseball Cards,King Of The Beach,Wavves,,3m2s
peter piper,Greatest Hits,Run-DMC,,3m24s
Lost Symphonies,Translating The Name,Saosin,,2m56s
Make It Happen,The Acoustic EP,The Early November,,3m21.734s
Why Do I Keep Counting,Sam's Town,The Killers,,4m25s
Either Or Era Demos - Taking A Fall,B-Sides & Other Songs,Elliott Smith,Elliott Smith,2m49s
Make A Decision,"The Mother, The Mechanic, And The Path",The Early November,,3m49s
043. Georg Friederich Händel - Messiah (HWV 56) - For Unto Us A Child Is Born.mp3,Classical Music Top 100,VA,,4m3s
in the void,Dubstep Collection 5,Shackleton,,5m5s
Every Now And Then,My Brain Is Alive,Charles Hamilton,C. Hamilton,4m45s
A Little Bit Cooler,The Bake Sale,The Cool Kids,,2m51.688s
21 Ruckspin & Quark - Sunshine.mp3,Disc E: The Nice Move,"Revealomatic - No Bull, More Halfstep",,3m22s
Pitseleh,XO,Elliott Smith,Elliott Smith,3m22s
Flyentology,I'll Sleep When You're Dead,El-P,,4m1s
9th Symphony,,Beethoven,,11m47s
Empty Room,The Suburbs,Arcade Fire,,2m52s
Celebration,Dance Chart Vol 26,Felix Grey,,4m39s
Rats,The Ultimate Best Of Pearl Jam,Pearl Jam,,4m17s
My Sweet Fracture,Through Being Cool,Saves the Day,Chris Conley,3m52s
Corridor,Dubstep Collection 8,Current Value and Rodell,,5m13s
Successful (Remix) (Dirty),,Drake ft Trey Songz and Yung Joc,,4m38s
Poor Cow,Writer's Block,Peter Bjorn And John,,4m47s
Tube Snake Boogie,Greatest Hits,ZZ Top,Hill/Gibbons,3m4s
I Believe,Saxophonic,Dave Koz,Jeff Koz,5m31.604s
Divine Intervention,Louder Now,Taking Back Sunday,Taking Back Sunday,4m14.908s
Ring My Bell,Hustle! Reggae Disco,Blood Sisters,Frederick Knight,8m
Say It (Instrumental),Jay Loves Japan,J Dilla,,2m25s
Glaciers of Ice (Ft Ghostface,Only Built 4 Cuban Linx VBR,Raekwon,C. Woods/Dennis Coles/E. Turner/Robert Diggs,5m22s
Street Opera,More Fish,Ghostface Killah Feat. Sun God,,3m53s
[Untitled Track],These Are Jokes,Demetri Martin,,2m16s
Hot Dog,Chocolate Starfish And The Hot Dog Flavored Water,Limp Bizkit,"Fred Durst, Wes Borland, Sam Rivers, John Otto",3m50.249s
Quality Control,Quality Control,Jurassic 5,,4m50s
Local Anestesia,Louder Now Live Tracking,Taking Back Sunday,,3m18s
CuDi Zone,Man On The Moon: The End Of Day,KiD CuDi,,4m19s
A Conjunction Of Drones,Illinois,Sufjan Stevens,,21.71s
The Great Escape,With Love And Squalor,We Are Scientists,"Keith Murray, Chris Cain, Michael Tapper",3m18.855s
"My Life, Your Entertainment (Ft. Usher)",T.I.-Paper.Trail.Retail-2008-[NoFS],T.I.,,5m6s
Flexin (Feat. Brick Squad),Movie 3: The Burrprint!,Gucci Mane,,4m6s
The Whistlerz Diplo Remix),"Decent Work For Decent Pay, Collected Works Volume One",Diplo,,4m19s
01ComfortablePrison.MixFINAL_01.m4a,,,,4m19.831s
Where You're Coming From,Sidewalks,Matt & Kim,Kim Schifino/Matt Johnson,4m10s
Does the Lion City Still Roar?,GNV FLA,Less Than Jake,,2m43s
Hang 'Em High,Three Cheers For Sweet Revenge,My Chemical Romance,,2m47.601s
"If All Else Fails We Must Get Ether: ""Oh hi, is Jay there?""",The Gonzo Tapes [Disc 2] : Fear and Loathing in Las Vegas,Hunter S. Thompson,,1m53s
Meds,We Come In Pieces,Placebo,,4m13s
Song Cry,The Blueprint,Jay-Z         ,,5m5s
E.M.I.,Never Mind the Bollocks Here's the Sex Pistols,The Sex Pistols,Glen Matlock/Johnny Rotten/Paul Cook/Steve Jones,3m9s
Pencil/MyPiano/Firehouse (Soroka Remixes) [Explicit],Wu-Tang Meets The Indie Culture Vol. 2: Enter The Dubstep [Explicit],Wu-Tang,,5m12s
Far from Home,The DFA Remixes: Chapter Two,Tiga,David Dewaele/Stephen Dewaele/Tiga Sontag,10m6s
Get Your Laces Tight     [ibootleggedyourmum.wordpress.com],Your Mum's Phat Titz June '09 Mixtape Part 1,"Dimitri Ustinov, Cornelia & Om’Mas Keith",,3m44s
Stop This Song (Lovesick Melody),"Live at Norwegian Wood - June 14, 2008",Paramore,,4m47s
Something,Abbey Road,The Beatles,,3m3s
Temptation (Ft. Alex Turner),Maths And English,Dizzee Rascal,,2m35s
Sulky Girl,The Very Best Of Elvis Costello [Disc 1],Elvis Costello,MacManus,5m4.761s
All My Friends,All My Friends,LCD Soundsystem,,7m42s
Angels,2009 - I Told You I Was Freaky,Flight Of The Conchords,,2m37s
Rewind,Blow: The 'I Can't Feel My Face' Prequel,Juelz Santana & Lil Wayne,,4m42s
Troublemaker,Weezer (Red Album),Weezer,,2m47s
Beep Beep (Bonus Track),Rise Or Die Trying [UK],Four Year Strong,,4m6s
Arrow,Sainthood,Tegan & Sara,,3m8s
Chelsea Smile (K C Blitz),Suicide Season Cut Up,Bring Me The Horizon,,4m13s
The End Chapter- II- Radio Bye Bye,No World For Tomorrow,Coheed & Cambria,,4m56s
Growing Old Is Getting Old,Swoon,Silversun Pickups,,5m55s
Keep It Goin' Louder (feat. Nina Sky and Ricky Blaze),Guns Don't Kill People...Lazers Do (Bonus Track Version),Major Lazer,,3m46.464s
036 D1 - Ongie Bongie,,,,6m8s
Just Dance,The Fame,Lady GaGa,,4m3s
Body Movin',Hello Nasty,The Beastie Boys,Mario Caldato Jr.,3m3.809s
I Want You (She's So Heavy),Abbey Road,The Beatles,,7m49s
Getting Better,Sgt. Pepper's Lonely Hearts Club Band,The Beatles,Lennon/McCartney/Lennon/McCartney,2m47.926s
Yankee In A Chip Shop,A Band In Hope,The Matches,,2m19s
"Georgia, Georgia",New Moon,Elliott Smith,,1m46.068s
Oxford Comma,Vampire Weekend,Vampire Weekend,,3m24s
Riva (Feat. HR & Darryl Jennifer) (Prod. By Ill Bill),The Hour Of Reprisal,Ill Bill,,3m52s
EMG,I'll Sleep When You're Dead,El-P,,4m33s
Labels,Liquid Swords,GZA,,2m54s
"Denton, TX",One Full Year,The Secret Handshake,,2m58s
Addiction and Her Name,There for Tomorrow,There For Tomorrow,,3m7.733s
Cross The Dancefloor,DMS,Treasure Fingers,,4m24s
2 Pac & Dr Dre - California love,,,,4m1s
Home Is a Fire,Codes and Keys,Death Cab for Cutie,,4m5s
Homecoming,Hold On Tight,Hey Monday,Rohan Kohli,3m59s
Untitled,"The Mark, Tom And Travis Show (The Enema Strikes Back)",Blink-182,,3m7s
Runaway (feat. Pusha T),My Beautiful Dark Twisted Fantasy,Kanye West,,9m9s
Never Too Late,Never Too Late,Three Days Grace,,3m29s
Places,The Animal Strings Album,Call It Arson,,6m19.808s
Toy Soldiers [July 1989],Martika,Martika,,4m48s
War's Greatest Hits Vol. 1,"Talk Is Cheap, Vol. 3",Henry Rollins,,22m53.413s
My Friends Over You,Hits,New Found Glory,,3m40.264s
Dreamgirl (feat. Norah Jones),Incredibad,The Lonely Island, ,3m14s
Sick On Sunday,Ire Works,The Dillinger Escape Plan,,2m10s
Intro,A Rollins In The Wry,Henry Rollins,,3m11.007s
Shine Shine (AC Slater Remix),DJCity.com,Boys Noize,,4m24s
I Know Where The Canaries And The,Burn Piano Island Burn,The Blood Brothers,,3m25s
Shadows Of Tomorrow,Madvillainy,Madvillain Feat. Lord Quas,Madlib,2m36s
Believe!,Howl,Empires,,2m32s
Murray's Law,Murray's Revenge,Murs,,2m44s
Iconoclasts (Syndaesia & AKS Remix) [Explicit],Wu-Tang Meets The Indie Culture Vol. 2: Enter The Dubstep [Explicit],Wu-Tang,,4m37s
division day,"Morning Becomes Eclectic, KCRW-FM Studios",Elliott Smith,,2m32s
Trolley Stop,Attack Of The Clones,Jay Electronica,,2m30s
My Name Is Skrillex,My Name Is Skrillex EP ,Skrillex,,4m31.603s
Cartoon Capers - Kool Keith,A Much Better Tomorrow,Dan the Automator,Dan the Automator/Kool Keith,4m44s
Endless Happiness [Eye Remix],DFA Compilation #2 [Disc 3],Black Dice,Black Dice,7m35s
"I'm Like a Lawyer, the Way I'm Always Trying To Get You Off ( Me & You )",Live in Phoenix,Fall Out Boy,,3m31s
Southern Belle,Elliott Smith,Elliott Smith,Elliott Smith,3m6s
You And I,Within And Without,Washed Out,Caroline Polachek,5m13s
Reflections Are Protection,La Roux,La Roux,,4m20s
Maybach Music 2 (Ft. T-Pain),The Carter Meets The Cartel 2: Lil Wayne & Drake,Lil Wayne & Drake,,1m42s
I Want Burns,A Refreshing Glass Of Music For A Summer Afternoon,Reeve Oliver,,3m33.321s
(Just Like We) Breakdown,The DFA Remixes: Chapter One,Hot Chip,Hot Chip,8m32s
Satellite Mind,Fantasies,Metric,,3m43s
West Coast Poplock,"Lowrider Magazine Soundtrack, Vol. 2",Ronnie Hudson,,5m25.961s
Ghost Is Back,More Fish,Ghostface Killah,,5m5s
A Moment Suspended In Time,"Survive, Kaleidoscope",Underoath,,3m54s
Au Revoir,Flight of the Conchords,Flight of the Conchords,,21.757s
Shake Your Coconuts,The DFA Remixes: Chapter Two,Junior Senior,Junior/Senior,5m14s
Louder Than Words,,Afrojack and David Guetta,,6m
Maybe Not,You Are Free,Cat Power,,4m19s
Ziggy Stardust,Best Of Bowie,David Bowie,David Bowie,3m15.558s
Lights,This Is Dubstep Vol.2,Tunnidge & Cyrus,,5m31s
Your Time Has Come,Out Of Exile,Audioslave,Audioslave,4m15.489s
Bad Side,2008,T-Pain,,2m38s
Lost! (Alternate Version) (Bonus Track),Viva La Vida Or Death And All His Friends (Japan Edition),Coldplay,,3m46s
Starz,Champion Sound,Jaylib,,3m4s
Rapp Snitch Knishes [feat. Mr. Fantastik],MM....Food,MF Doom,,2m53s
3D,3D,I See Stars,,3m12s
District Line,O.M.G.!,Rusko,,4m34s
Got Your Money (Ol' Dirty Bastard),Punk Goes Crunk,Say Anything,,4m16s
Bitches Ain't Shit,"Supersunnyspeedgraphic, The LP",Ben Folds,,4m11s
Basement Scene,Halcyon Digest,Deerhunter,,3m41s
Fall Out Gains 10 ,,,,3m57s
Cidade De Deus,Rio Baile Funk - Favela Booty Beats,Baile- Favela On Blast,,4m25s
Angeles,Ballad Of Big Nothing,Elliott Smith,Elliott Smith,2m56s
Don't You Know Who I Think I Am?,Infinity On High,Fall Out Boy,,2m53s
Savitri,11:11,Rodrigo y Gabriela,,3m47s
John Cougar Melloncamp (mashme!!)- Life Goes On,,,,4m31s
Golden Years,Best Of Bowie,David Bowie,David Bowie,3m29.652s
Deadmau5 - Ghosts N Stuff (Original Mix) WwW.Back2Electro.CoM,WwW.Back2Electro.CoM,Deadmau5,WwW.Back2Electro.CoM,6m11s
Caves (Live),iTunes Live from SoHo - EP,Jack's Mannequin,,7m14.004s
Seethruskin,UNFUN,JAWBREAKER,,2m27s
Angelz feat Tony Starks,Born like this,DOOM,,3m6s
I Get Lifted,Da Funk,George McCrae,,2m46s
I Wanna Hear Another Fast Song,Instrumental Demos,Saosin,,3m3s
Iron's Theme (Intro,Supreme Clientele,Ghostface Killah,,47s
019 Gemmy - Supligen,,,,4m40s
"What's Your Fantasy (Remix) (feat. Trina, Shawnna & Foxy Brown)",Back For The First Time,Ludacris,Bangladesh,4m38s
If The Papes Come,The Anthology,A Tribe Called Quest,,4m14s
Big Casino,Chase This Light,Jimmy Eat World,,3m43s
Keith B-Real II (Interlude),Big Willie Style,Will Smith,,30s
LoveStoned/I Think She Knows Interlude,FutureSex/LoveSound,Justin Timberlake,,7m24s
Nuthin (Remix),J. Period - Best Of The Roots,The Roots,J.Period,58s
37 Coki - Goblin.mp3,Disc F: The Ruff Step,"Revealomatic - No Bull, More Halfstep",,2m41s
Turn on Me,Wincing the Night Away,The Shins,,3m42s
Clarity,Heavier Things,John Mayer,,4m36s
The Move,Hello Nasty,The Beastie Boys,Beastie Boys,3m35.875s
It Blows My Mind - Snoop Dogg,Neptunes Present... Clones,The Neptunes,The Neptunes,5m4s
Dear Sirs,I'll Sleep When You're Dead,El-P,,1m33s
That Is Why,In Defense Of The Genre,Say Anything,,4m14s
Disassociative,Mechanical Animals,Marilyn Manson,M.W. Gacy/Marilyn Manson/Twiggy Ramirez/Zim Zum,4m53s
Pap Smear,Crystal Castles,Crystal Castles,,3m43s
Strange,Apples And Oranges,Stacy Clark,,3m
Hallelujah,The Final Riot!,Paramore,,4m59s
Freaky In The Club,Double Up,R. Kelly,,4m36s
Listen!!!,Ear Drum,Talib Kweli,,4m
The New Year,Transatlanticism,Death Cab for Cutie,,4m6s
I Just Can't Stop Loving You,Number Ones,Michael Jackson,Epic,4m12.029s
Tomorrow Has To Wait,Gimme Some,Peter Bjorn and John,,2m58s
Ravenous,Say Hello To Sunshine,Finch,"Nate Barcalow, Randy Strohmeyer, Alex Linares, Derek Doherty, Marc Allen",2m42.028s
Any Time At All,A Hard Day's Night,The Beatles,,2m15s
The Feeling,Living Thing,Peter Bjorn and John,,3m8s
030 Relocate - Dot Dot Dash (Buraka Mix),,,,5m18s
"Boys Wanna Be Her (Weird Science Remix, With Peaches)",Pillowface And His Airplane Chronicles,Steve Aoki,,2m4s
Knowledge God,Only Built 4 Cuban Linx VBR,Raekwon,,4m26s
The Jokes With Guitar,These Are Jokes,Demetri Martin,,13m59s
Not The Same,Rockin' The Suburbs,Ben Folds,Ben Folds,4m18s
Missing Frame,Decemberunderground,AFI,,4m41s
Outta Town Shit,More Fish,Ghostface Killah,,3m46s
Kill The Drama,Remember Right Now,Spitalfield,,3m12.075s
Let's Make Love... (Diplo Remix),"Decent Work For Decent Pay, Collected Works Volume One",Diplo,,4m16s
Music Box,Vheissu,Thrice,Dustin Kensrue/Thrice,4m46s
Billie Holiday,http://indiemusicspeaker.com,Miike Snow,,4m2s
Black Math,Elephant,The White Stripes,Jack White,3m4s
Down,Blink 182,Blink 182,blink-182,3m6s
Touch It/Technologic,Alive 2007 [Deluxe Edition],Daft Punk,,28m25s
Can I Get A ...,MTV Unplugged,Jay-Z,,1m42s
Fun House,Dubstep Collection 3,The Others,,6m20s
Bang Bang,2001,Dr. Dre,Dr. Dre,3m44.56s
Track 16,EP,Been Bradley,,3m13.073s
Thanks for Nothing,Does This Look Infected?,Sum 41,Sum 41,3m5s
Naughty Girl_PN,,Beyonce,,3m29s
Sexy Sadie,The Beatles [White Album] [Disc 2],The Beatles,John Lennon/Paul McCartney,3m15.419s
Shake Dat Jelly,Da Unbreakables,Three 6 Mafia,,3m4s
Dead Bodies Everywhere,,KoRn,,4m46s
Big ideas (extended instrumental),Big Ideas,LCD Soundsystem,,5m56s
People You Know,Outside,Tapes 'n Tapes,,2m33s
Some Song,Needle In The Hay,Elliott Smith,,2m9s
My Necklace,Strategic Grill Locations,Mitch Hedberg,,3m5s
Little Bombs,The Shade Of Poison Trees,Dashboard Confessional,,2m33s
Bonkers [With Armand Van Helden],Tounge N' Cheek,Dizzee Rascal,,2m58s
Love in Venice,The Boxed Life,Henry Rollins,,5m39.475s
One More Drink (Co-Starring T-Pain),Theater Of The Mind,Ludacris,,3m41s
One Minute To Midnight,Cross,Justice,,3m41s
Sorry My Mistake (Instrumental),Place Pigalle Demos,Elliott Smith,,2m32s
Headfirst Slide Into Cooperstown On A Bad Bet,Headfirst Slide Into Cooperstown On A Bad Bet,Fall Out Boy,,3m57s
Slapped Up (Snap N' Clap),Beat Konducta Vol. 6: Dil Withers Suite,Madlib,,1m19s
Dirty Acres,Dirty Acres,CunninLynguists,,4m3s
Black And Yellow (Instrumental),Black And Yellow,Wiz Khalifa,,3m40s
Carouseling,Equal Vision Records Winter 2007 Sampler,Goodbye Tomorrow,,4m13.12s
Spilt Needles,Wincing the Night Away,The Shins,,3m46s
I'm Slowly Turning Into You,Icky Thump,The White Stripes,"White Stripes, The",4m35s
Kill All Djs (VIP),Serbian Bassline,RIOT 87,RIOT 87,5m57s
Dont Forget Where U Goin,Revolutionary But Gangsta (Retail),Dead Prez,,2m9s
Congratulations,,Drake,,5m32s
Bird Flu,Kala,M.I.A.,M.I.A.,3m25s
060 Panda Dub - Cosmik Foundation,,,,6m21s
All That I've Got(Acoustic),In Love And Death,The Used,,3m47s
Choose The One Who Loves You More,In Motion,Copeland,"A. Marsh, S. Nichols, B. Laurenson",5m1.789s
Stillness Is The Move,Bitte Orca,Dirty Projectors,,5m16s
Apollo 3-1-5,The Papercut Chronicles,Gym Class Hereos,,2m31s
Smile For The Paparazzi,¡Viva La Cobra!,Cobra Starship,,3m22s
Most Known Unknown Hits,2005,Three 6 Mafia,,1m28s
Ashtray (Original Mix),Dubstep Collection 5,Zardonic,,5m52s
One Minute,My December,Kelly Clarkson,,3m5s
Cassandra Geminni: D. Multiple Spouse Wounds,Frances The Mute,The Mars Volta,Omar A Rodriguez-Lopez,46.718s
Saturday Nite,Supreme Clientele,Ghostface Killah,,4m58s
Black Tequila (Ft. Cappadona And Trife),Apollo Kids,Ghostface Killah,GUTTAHIPHOP.COM,3m44s
Woo Boost,O.M.G.!,Rusko,,4m10s
Flesh,"Blood, Sweat & Tears",Mr. Flash,,5m44s
hidden track,Atlantis: Hymns for Disco,k-os,,4m32.857s
Black Swan,The Eraser,Thom Yorke,,4m48.6s
Pavaroty,Rio Baile Funk - Favela Booty Beats,Baile- Favela On Blast,,3m7s
I'm All Rage,Sebastien Granger Demos,Sebastien Grainger,,3m5s
Sound of Siren,Lazers Never Die - EP,"Major Lazer, M.I.A. & Busy Signal","T. Pentz, D. Taylor, Maya Arulpragasam & R. Gordon",3m50.086s
Yesterday,"When Life Gives You Lemons, You Paint That Shit Gold",Atmosphere,,3m24s
It's Yourz,Legend Of The Wu-Tang,Wu-Tang Clan,RZA,4m13.515s
Steve Wonder - Song Review - 09 - He's Misstra Know It All,,,,5m34s
Living Thing,Living Thing,Peter Bjorn and John,,4m38s
Coney Island,The Photo Album,Death Cab For Cutie,,2m40s
An Infallible Remedy,Artist Vs Poet,Artist Vs Poet,,3m21s
Do Or Die,The Weekend: Friday,Forever The Sickest Kids,,3m16s
Ink,Say Hello To Sunshine,Finch,"Nate Barcalow, Randy Strohmeyer, Alex Linares, Derek Doherty, Marc Allen",3m38.755s
Corfu,Curb Your Enthusiasm,Eric Gemsa (Arr.),,2m
Make You Mine,One Full Year,The Secret Handshake,,5m1s
S/C/A/R/E/C/R/O/W,Danger Days: The True Lives Of The Fabulous Killjoys,My Chemical Romance,,4m28s
February,Things Aren't So Beautiful Now,A Thorn for Every Heart,A Thorn for Every Heart,2m49s
I Me Mine,Let It Be,The Beatles,,2m26s
You're Too Weird,Tripper,Fruit Bats,,3m46s
Santo Domingo,11:11,Rodrigo y Gabriela,,4m3s
Succexy,"Old World Underground, Where",Metric,,3m5s
Houstatlantavegas Pains,Lazerproof,Major Lazer & La Roux,,2m50s
Moody,Where The Boys Are,Best Coast,,1m58s
Shoot Em Up,2003,Nas and MF Doom,,3m28s
Cemeteries Of London,Viva La Vida Or Death And All His Friends (Japan Edition),Coldplay,,3m22s
Rock n' Roll (Could Never Hip Hop Like This),So... How's Your Girl?,Handsome Boy Modeling School,,4m21s
70_139_Kid Cudi - Day and Night _Lunice Rmx_,,,,4m24s
Writing On The Walls,"Survive, Kaleidoscope",Underoath,,4m8s
Pitbull - Culo 2010 (Charles B,2010,VA,,6m31s
Hell Yeah,Hooray For Boobies,Bloodhound Gang,,5m2s
It's All The Rage,This is A Stick Up...Don't Make it A Murder,Hit The Lights,,2m56s
GetTheFuckOn.com Part 1 (Skit),My Ghetto Report Card,E-40,,1m17s
She Paints Me Blue,North,Something Corporate,,3m41.007s
25 - My Gift to You [+ Earache My Eye].mp3,,KoRn,,15m43s
053. Sergei Sergeyevich Prokofiev - Romeo And Juliet Suite No. 2 (Op. 64b) - The Montagues And Capulets.mp3,Classical Music Top 100,VA,,5m20s
Major Lazer (feat. Mr. Lexx and Santigold) vs Dirty Projectors - Hold The Stillness,The Mixtape Volume Four,The Hood Internet,"ABX, STV SLV",1m54s
Pawn Shop,Sublime,Sublime,Sublime,6m6s
Nocturne in E Op.62 No.2 - Lento,Chopin - The Nocturnes (Disc 2),Maurizio Pollini,,5m16.905s
Yeah (Crass Version),LCD Soundsystem (Disc 2),LCD Soundsystem,,9m21s
Hyptnotize,Elephant,The White Stripes,,1m48s
Trapstar,Let's Get It: Thug Motivation 101,Young Jeezy,"J. Jenkins, M. Crooms",3m52.153s
Automatic (gfcny.com),The Leak,Mickey Factz,,3m29s
Mafia Music (Remix),DJ Ill Will & DJ Rockstar Present Wiz Khalifa - Burn After Rolling,Wiz Khalifa,,3m57s
The Pursuit Of Happiness: The 1st Movement,This Providence,This Providence,,3m26s
America's Most Blunted,Madvillainy,Madvillain Feat. Lord Quas,Madlib,3m54s
Fish Dinner,Talking From The Box,Henry Rollins,,2m44s
Suburban War,The Suburbs,Arcade Fire,,4m45s
Nao Me Bate Doutor,I Luv Baile Funk,Baile- Favela On Blast,Nossa,2m52s
La Ballada di Periferia,Curb Your Enthusiasm,Philippe Lhommet & Jacques Mercier,,2m16s
08 Blasta - Cosmic Lounge.mp3,Disc E: The Nice Move,"Revealomatic - No Bull, More Halfstep",,1m34s
Dutch Flowerz,Skream!,Skream,,4m21s
Within And Without,Within And Without,Washed Out,,3m33s
Daily Routine,Merriweather Post Pavilion,Animal Collective,,5m46s
Being for the Benefit of Mr. Kite! / I Want You (She's So Heavy) / Helter Skelter,Love,The Beatles,,3m23s
Friction Pt. 2,Sweatbox,Henry Rollins,,14m11.847s
The Hollywood Method,"Talk Is Cheap, Vol. 3",Henry Rollins,,32m22.302s
Allure,The Black Album,Jay-Z,9th Wonder/Jay-Z,4m52.548s
In The Music,J. Period - Best Of The Roots,The Roots,J.Period,1m31s
Temptations,Greatest Hits [Disc 1],2Pac,"T. Shakur, O. Harvey, Jr., R. Troutman, L. Troutman, S. Murdock, G. Clinton, Jr., G. Shider, D. Spradley",5m1s
"Beautiful, Dirty, Rich",The Fame,Lady GaGa,,2m53s
Number One Spot,The Red Light District,Ludacris,DJ Green Lantern,4m35s
009. Sergej Vassiljevitsj Rachmaninoff - Piano Concerto No. 2 (Op. 18) - Adagio Sostenuto.mp3,Classical Music Top 100,VA,,11m57s
Third Stone From the Sun,Are You Experienced?,Jimi Hendrix,,6m46s
Infinity Sound (Never Ending),Beat Konducta Vol. 5: Dil Cosby Suite,Madlib,,1m29s
Lotus Flower,The King of Limbs,Radiohead,,5m0.35s
A Million Ways,Oh No,OK Go,,3m13s
First Date,Take Off Your Pants & Jacket,Blink 182,,2m52s
Embrace The Martian (Feat. KiD CuDi),Plain Pat & Emile Presents a KiD named CuDi,KiD CuDi,Crookers,3m35s
Hate To See You Go,Bend To Break,The Color Fred,,3m56s
I'm Gonna Find Another You,Where The Light Is Live In Los Angeles [Disc 2],John Mayer,John Mayer,5m41s
A Comet Appears,Wincing the Night Away,The Shins,,3m49s
What Ya Know About (Feat Paul Wall And Killa Kyleon),Who Is Mike Jones?,Mike Jones,,3m44s
Track 08,EP,Been Bradley,,2m49.203s
Love,Dubstep Collection 8,Borgore,,4m20s
rehab (mano juke remix),,Amy Winehouse x mano,,4m26s
Attractive Today,Commit This To Memory,Motion City Soundtrack,Motion City Soundtrack,1m42.678s
"StarTalk: The Astronaut Session, Part 2",StarTalk,Neil deGrasse Tyson,,47m55s
The Listening (Album Version),Saviour EP,Lights,,3m37s
Show Me Love (Afrojack RMX / EDIT),,Steve Angello & Laidback Luke ft Robin S,,5m3s
The Earth Will Shake,Vheissu,Thrice,Dustin Kensrue/Thrice,4m29s
Gotta Hold On,More Fish,Shawn Wigs Feat. Eamon,,3m1s
Twenty-Twentry Surgery (take 2),Louder Now Live Tracking,Taking Back Sunday,,3m55s
Single Millionaires,King Vs Queen,Brighten,,2m34s
Hoes In My Room (feat. Snoop Dogg),Chicken N Beer,Ludacris,,4m40s
Middle Of The Map Pt. 1 (feat. Fooch),The In Crowd,Kidz In The Hall,,2m29s
Chop Chop,Santi,The Academy Is...,,3m28s
Intro,"Servants In Heaven, Kings In Hell",Jedi Mind Tricks,,1m7.453s
Certain Things (Interlude),We're New Here,Gil Scott-Heron & Jamie XX,Giuliano Sorgini/Gil Scott-Heron,10s
Slow Dancing In A Burning Room,Where The Light Is Live In Los Angeles [Disc 2],John Mayer,John Mayer,5m19s
Tell It Like It Is,Release Therapy,Ludacris,,3m57s
Politely Declined,Scared Famous,Ariel Pink's Haunted Graffiti,,3m20s
Cleanin Out My Closet,The Eminem Show,Eminem,,5m
Stay Around,Ear Drum,Talib Kweli,,4m17s
David Guetta Vs.the Egg - Love,Electro House Music Remixes-WE,VA,,5m34s
All The Lovers (Michael Woods Remix),Promo Only Mainstream Club July,Kylie Minogue,,7m56s
Blue Moon,A Touch Of Platinum,Elvis Presley,,3m15s
What'd She Say?,,Doo Wop,,2m38s
Shooter,2006,Lil Wayne,,5m4s
boulders,Coming Home,New Found Glory,,5m25s
99 Problems,The Grey Album,DJ Danger Mouse,"John Lennon, Paul McCartney, Jay-Z",4m10s
Late,Songs For Silverman,Ben Folds,,3m55s
Pocotocopo,Rio Baile Funk - Favela Booty Beats,Baile- Favela On Blast,,2m54s
Boogie With Stu,Physical Graffiti,Led Zeppelin,,3m53s
Only In Dreams (Kitchen Tapes),Dusty Gems And Raw Nuggets [Bonus Disc],Weezer,Weezer,5m47.742s
Twenty-Twenty Surgery,Louder Now,Taking Back Sunday,Taking Back Sunday,3m55.334s
Get Off Me (feat. Pastor Troy),Back For The First Time,Ludacris,Jermaine Dupri,2m46s
Arrival Notes,This Will Be The Death Of Us,Set Your Goals,,1m8s
The House Wins,Oh No,OK Go,,4m16s
Inaction,With Love And Squalor,We Are Scientists,"Keith Murray, Chris Cain, Michael Tapper",2m32.16s
Signs (Acoustic version),,Bloc Party,,3m24s
The Velvet Underground Europea,1967,The Velvet Underground,,7m47s
Forget About It,Dirty Work,All Time Low,,3m7s
Lil Jon & Trillville - A-Town Stomp,Crunk Rock,Lil Jon,,3m23s
Two More Years,,Anthony & The Johnsons,,4m27s
Artistic License,Based On A True Story,The Starting Line,,3m9s
Shook Me All Night Long (Poprocks Edit),Poprocks 1,AC/DC,,5m5s
Ocean In The Way,Farm,Dinosaur Jr,J Mascis,4m20s
Boom Boom Guetta (David Guetta's Electro Hop Remix),Boom Boom Pow - Megamix 1200 Squad,Black Eyed Peas,,4m3s
Malcolm,Supreme Clientele,Ghostface Killah,,4m15s
Airbag,OK Computer,Radiohead,Colin Greenwood/Ed O'Brien/Jonny Greenwood/Phil Selway/Thom Yorke,4m44s
On A Slow Night,"Old World Underground, Where",Metric,,4m37s
Happy Up Here,Junior,Röyksopp,,2m44s
072. Pyotr Ilyich Tchaikovsky - The Nutcracker (Op. 71) - Dance Of The Sugar-Plum Fairy - –©–µ–ª–∫—É–Ω—á–∏–∫.mp3,Classical Music Top 100,VA,,2m12s
People Are Strange,The Best of The Doors,The Doors,,2m12s
Stickman,Grand Mal: Studio Rarities,Elliott Smith,,4m4s
Coming Home,Other,Kanye West,,3m20.039s
Jack & Diane [October 1982],American Fool,John Cougar Mellencamp,,4m13s
End Of The Night (Ft. Bobby Valentino),Release Therapy,Ludacris,,4m38s
Optimistic,Strung Out On Kid A,The Tallywood Strings,Radiohead,5m13s
"Get The Fuck Back (feat. I-20, Fate Wilson & Shawnna)",Word Of Mouf,Ludacris,Bangladesh,5m22s
Orfeo Ed Euridice - Che Farò Senza Euridice?,Classical Music Top 100,VA,,3m59s
Seventeen Forever,Metro Station,Metro Station,,2m58s
"We Don't Take Hits, We Write Them",Other,Fall Out Boy,,3m39s
Fun With Letterman,Sweatbox,Henry Rollins,,2m49.9s
"Flux (12"" Version)",Flux-WEBB13ST Vinyl,Bloc Party,,6m28s
01 rain becomes,,ishlab Music Studios,,3m40s
Dance,Live in Phoenix,Fall Out Boy,,3m10s
Watch Over Me,Exclusive Audio Footage,Clipse,,4m2s
Existentialism on Prom Night,Straylight Run,Straylight Run,,4m2s
"Ridin Spinners - Lil' Flip, Three 6 Mafia",Da Unbreakables,Three 6 Mafia,,4m10s
Session 7,"The Mother, The Mechanic, And The Path",The Early November,,1m57s
Planetary (GO!),Danger Days: The True Lives Of The Fabulous Killjoys,My Chemical Romance,,4m7s
clunk click every trip,Dubstep Collection 5,Peverelist,,6m2s
Vanished,Crystal Castles,Crystal Castles,,4m3s
Voices in Quartz,In Ghost Colours,Cut Copy,,1m21s
That Night,You Can't Imagine How Much Fun We're Having,Atmosphere,,2m46s
Get Down Tonight,The Best Of KC And Sunshine Band,K.C. & The Sunshine Band,Richard Finch,3m15.767s
Animale (Datsik Dubstep Remix),Album onbekend (22-10-2010 2:19:53),Don Diablo ft. Dragonette,,4m10s
Vikki Veil,Fornever,Murs and 9th Wonder,,3m33s
Blueberry Yum Yum (feat. Sleepy Brown),The Red Light District,Ludacris,Organized Noize,3m55s
Alive,A Different Light,Sherwood,,3m42s
Never Again,A Rollins In The Wry,Henry Rollins,,3m24.753s
Steve Wonder - Song Review - 07 - Happy Birthday,,,,5m53s
Gaia Bleeds (Make Way For Man),This Will Be The Death Of Us,Set Your Goals,,2m52s
Condos,The Boxed Life,Henry Rollins,,12m43.564s
Cuttin Heads,Return To The 36 Chambers: The Dirty Verson,Ol' Dirty Bastard,,2m28s
Instrumentals - Kanye West - Spaceship,,,,5m28s
Friends Don't Let Friends Dial Drunk,Every Second Counts,Plain White T's,,3m23s
Scareware,O.M.G.!,Rusko,,4m44s
Get By,Quality ,Talib Kweli ,,3m50s
All Night Long (DiscoTech Edit),discotechbookings@gmail.com,Lionel Richie,,2m6s
Bones,Sam's Town,The Killers,,3m47s
Unexpected Places,Santi,The Academy Is...,,4m19s
Romeo and Juliet,Mickey Avalon,Mickey Avalon,,4m
"No Need For Introductions, I've Read About Girls Like You On The Backs Of Toilet Doors (Benjamin Weinman)",Suicide Season Cut Up,Bring Me The Horizon,,2m46s
Awkward Last Words(Live),Bastard Lives Comp.,Armor For Sleep,,3m58s
Trill Recognize Trill (Feat. Ludacris),Trill,Bun-B,,5m25s
I Don't Like the Drugs (But the Drugs Like Me),Mechanical Animals,Marilyn Manson,Marilyn Manson/Twiggy Ramirez/Zim Zum,5m6s
Casa Bey,The Ecstatic - downtown.rcrdlbl.com,Mos Def,,4m36s
My Shadow,Movie 3: The Burrprint!,Gucci Mane,,4m6s
Cyanide Sun,Venus Doom,H.I.M.,,5m55s
Night Night (Ft. B.o.B & Joi),Sir Lucious Left Foot: The Son of Chico Dusty,Big Boi,,3m45s
Home Life,Heavier Things,John Mayer,,4m17s
Inspired By The $,Based On A True Story,The Starting Line,,2m58s
Girlfriend,What The Fuck Is A Jay Electronica,Jay Electronica,,1m57s
Nong Eye Gong,Ire Works,The Dillinger Escape Plan,,1m16s
Nocturne in B Op.62 No.1 - Andante,Chopin - The Nocturnes (Disc 2),Maurizio Pollini,,5m59.05s
Bate La Palme De Mao,Rio Baile Funk - Favela Booty Beats,Baile- Favela On Blast,,1m32s
The Inevitable Return Of The Great White,Hooray For Boobies,Bloodhound Gang,,4m3s
Calm Like A Bomb,The Battle Of Los Angeles,Rage Against The Machine,Rage Against The Machine,4m58.956s
019. Johann Sebastian Bach - Orchestersuite Nr. 3 (BWV 1068) - Air.mp3,Classical Music Top 100,VA,,5m4s
Lausd,Quality Control,Jurassic 5,,4m8s
Holdin' On To Black Metal,Circuital,My Morning Jacket,,4m18.232s
Get Down Saturday Night,Vice City Fever 105 [Disc 6],Oliver Cheatham,,6m50.134s
Her World Goes On (Extended Mix),Promo Only Mainstream Club July,Justin Michael & Kemal,,8m5s
My President,The Recession (Bonus Track Version),Young Jeezy & Nas,"Nas, Jay Jenkins, Chris Whitacre, Justin Henderson & Nasir Jones",5m29.862s
Jay Z Feat . Alicia Keys - Emp,Electro House Music Remixes-WE,VA,,7m28s
Bangers & Cash vs Bag Raiders - Bang Raiders,The Mixtape Volume Four,The Hood Internet,"ABX, STV SLV",1m50s
Sleep with one eye open,Suicide Season,Bring Me The Horizon,,4m16s
Let Down,OK Computer,Radiohead,Colin Greenwood/Ed O'Brien/Jonny Greenwood/Phil Selway/Thom Yorke,4m59s
12 Bridges and Ladies,Listen,Emanuel and The Fear,,16s
Sexy Results,"You're A Woman, I'm A Machine",Death From Above 1979,"Jesse F. Keeler, Sebastien Grainger",5m53.059s
Reckoner,In Rainbows,Radiohead,,4m50s
In The Depths Of Solitude (Tribute To Tupac),Release Therapy (Advance),Ludacris,,4m19s
Carpel Tunnel of Love,Infinity on High ,Fall Out Boy,,3m24s
Louder than A Bomb,1988,Public Enemy,,3m38s
Dead In The Streets,Real Recognize Real,Project Pat,,3m34s
Expo '86,Transatlanticism,Death Cab for Cutie,,4m11s
Rememberance Dialogue,Nuclear. Sad. Nuclear,The Number 12 Looks Like You,,7m2.301s
She Has A Girlfriend Now,Greatest Hit And More,Reel Big Fish,,3m8s
Girlfriend,Wolfgang Amadeus Phoenix,Phoenix,,3m24s
The Basics (Alright),Never Better,P.O.S.,,3m23s
In For The Kill,La Roux,La Roux,,4m9s
The Last Great Punk Song,,Say Anything,,3m56s
Freeform Five (Mylo remix) vs Gorillaz - No more conversations to feel good mix,,,,6m38s
No Pause,Feed The Animals,Girl Talk,,3m12s
Grizelda,Odd Blood,Yeasayer,,2m41s
Otherside (Bra Belmonte & Raul C Remix) ,2008,Red Hot Chili Peppers,,6m41s
45:33 (Prince Language Remix),45:33 Remixed,LCD Soundsystem,,13m15s
Take Your Time (Coming Home),2009,fun.,,7m51s
Taste In Men,We Come In Pieces,Placebo,,7m23s
Episode 239 - Josh Blue,WTF with Marc Maron Podcast,Marc Maron,,59m51s
Excerpt From Thriller Voiceover Session,Thriller 25,Vincent Price,V. Price,25s
Protection,Speed Graphic,Ben Folds,,4m39s
"Keep The Change, You Filthy Animal",Nothing Personal,All Time Low,,3m22s
Into The Airwaves,Everything In Transit,Jack's Mannequin,Andrew McMahon,4m7.78s
In The Back Seat,Funeral,The Arcade Fire,,6m22s
A Dedication,Within And Without,Washed Out,,4m17s
Earthquake,Halcyon Digest,Deerhunter,,5m
No World For Tomorrow,No World For Tomorrow,Coheed & Cambria,,5m7s
Superstar (Feat. Young Jeezy & T.I.) (Remix),Xtreme,Lupe Fiasco,,3m43s
Your Song (Demo),Demo 2005,Four Year Strong,,3m55s
Square One,X&Y,Coldplay,"Chris Martin, Guy Berryman, Jon Buckland, Will Champion",4m47.416s
Miguel Sanchez,More Fish,Ghostface Killah Feat. Trife Da God & Sun God,,2m52s
Boy on the Train,Big Ugly Mouth,Henry Rollins,,7m50.482s
Are You Gonna Be My Girl (R-Dub Quick Edit),myspace.com/rdubone,Jet,,2m24s
you and whose army,Amnesiac (Advance),Radiohead,Colin Greenwood/Ed O'Brien/Jonny Greenwood/Phil Selway/Thom Yorke,3m9s
Sweetest Secret,Blood Moon,Apes & Androids,,3m35s
Driving South,"The Mother, The Mechanic, And The Path",The Early November,,3m19s
Naughty Girl Edit feat. Donna Summer & Color Me Bad,Stimulus Edits,Beyonce,,1m51s
Keep The Conversation Featuring Boaz (Produced by Juliano),Show And Prove,Wiz Khalifa,,4m8.778s
Separator,The King of Limbs,Radiohead,,5m20.087s
Waters of Nazareth (Live),A Cross the Universe (Live),Justice,,6m46.697s
Another Girl Another Planet,Greatest Hits,Blink 182,,2m42s
when i die,Coming Home,New Found Glory,,3m44s
Malcolm X/Roots Of A Tree (Interlude),J. Period - Best Of The Roots,The Roots,J.Period,21s
You Don't Have to be a Prostitute,Season 2 Flight of the Conchords,Flight of the Conchords,,2m47s
Do You Remember Walter (Original Stereo Mix From 12 Track Edition),Village Green Preservation Society (Special Deluxe Edition 2004) (CD1 Stereo),The Kinks,,2m25s
Valmont,Howl,Empires,,3m43s
Get Allot,The Recession,Young Jeezy,,4m29s
Pocket Piano,Ed Banger Rec Vol. 3,DJ Mehdi,,4m33s
The Bad Touch (The Radio Edit),Hooray For Boobies,Bloodhound Gang,,3m40s
Another One Bites The Dust [October 1980],Queen - Greatest Hits,Queen,,3m35s
Dillalade Ride (Contact High),Beat Konducta Vol. 6: Dil Withers Suite,Madlib,,1m53s
Freaky Thangs (feat. Twista & Jagged Edge),Word Of Mouf,Ludacris,Bangladesh,5m32s
The (Shipped) Gold Standard,Folie A Deux,Fall Out Boy,,3m19s
Little Acorns,Elephant,The White Stripes,Jack White/Mort Crim,4m17s
svo hljott,takk,sigur ros,,7m24s
Feed the Lions Skit,2008,T-Pain,,1m31s
Warning,Morning View,Incubus,Incubus,4m40.798s
Speeding Motorcycle,Yip/Jump Music,Daniel Johnston,,3m25s
Flashdance...What A Feeling [June 1983],"""Flashdance"" Soundtrack",Irene Cara,,3m50s
Daughters,Heavier Things,John Mayer,,4m2s
From a Poison Well,Grand Mal: Studio Rarities,Elliott Smith,,3m13s
Skit_Track 2.mp3,,Paige,,3m52s
1st Period: The Queen And I,As Cruel As School Children,Gym Class Heroes,,3m7s
Moonlight Sonata,,Beethoven,,6m4s
Hella Hung Up,,DJ Kevin Scott,,4m1s
Afterbirth,Heroine,From First To Last,,3m16.417s
Grind Your Grime,Dubstep Collection 1,Totally Normal,,4m4s
Momma I'm So Sorry,Hell Hath No Fury,Clipse,G. Thornton/P. Williams/T. Gozney Thornton,3m57s
"Running, Crawling",Sweatbox,Henry Rollins,,23m9.807s
Dirt Off Your Shoulder (Produced By Timbaland),The Black Album,Jay-Z,,4m5s
Party for Your Right to Fight,1988,Public Enemy,,3m26s
White Horse,Fearless,Taylor Swift,,3m57s
Waiting 4 U,Fancy Footwork,Chromeo,Chromeo,3m49s
Hello Again,Apples And Oranges,Stacy Clark,,2m59s
Strobelight (Tony Moran & Warren Rigg Remix),Promo Only Mainstream Club July,Kimberley Locke,,9m32s
The Truth (Goth Star) ft. DC Pierson,I AM JUST A RAPPER ,Childish Gambino,,3m19s
Because,Love,The Beatles,,2m46s
Better Way,King Vs Queen,Brighten,,3m50s
The Boxer,The DFA Remixes: Chapter One,The Chemical Brothers,Burgess/Rowlands/Simons,9m37s
Diamonds,It's Classy Not Classic,Breathe Carolina,,3m56s
The 3 Kids In Brooklyn,Sycamore Meadows,Butch Walker,,4m35s
The Crow,Infinity +1,Laurent Wolf,Laurent Wolf,2m51s
Jigga That Nigga              ,2001,Jay-Z                         ,,3m24s
I've Got All This Ringing In My Ears And None On My Fingers,Infinity On High,Fall Out Boy,,4m7s
Depeche Mode - Fragile Tension,Electro House Music Remixes-WE,VA,,7m52s
Got Till It's Gone ,DMS,Janet Jackson Ft. Q-Tip & Joni Mitchell ,,3m12s
Angeles,Either/Or,Elliott Smith,Elliott Smith,2m56s
Can't Make a Sound,Figure 8,Elliott Smith,Elliott Smith,4m18s
Shame,Burn Piano Island Burn,The Blood Brothers,,5m36s
Intimate Debris,Tear The Fences Down,Eulogies,Peter Walker,3m10s
You,"When Life Gives You Lemons, You Paint That Shit Gold",Atmosphere,,3m15s
There's No Home For You Here,Elephant,The White Stripes,Jack White,3m41s
11 Quest - Eden.mp3,Disc E: The Nice Move,"Revealomatic - No Bull, More Halfstep",,1m18s
AM Tilts,A Band In Hope,The Matches,,3m50s
"Mo Money Mo Murder - Homicide. (Nas). Born Alone, Die Alone.",Doe Or Die.,AZ.,,6m32s
Mickey Mouse,King Of The Beach,Wavves,,3m53s
Forgotten,Nine Types Of Light,TV On The Radio,,3m41s
Bonnie Taylor Shakedown 2K4,Avocado EP,Hellogoodbye,,2m34s
Ras Trent,Incredibad,The Lonely Island, ,2m7s
Bushes,Definition Of Real,Plies,,4m13s
Lover's Day,"Dear Science,",TV on the Radio,,5m56s
BluePrint (Momma loves Me),The Blueprint,Jay-Z,,3m39s
Division Day,Division Day / No Name #6,Elliott Smith,,3m10s
Telephone (featuring Beyonce),The Fame Monster (Deluxe Japanese Edition),Lady Gaga,,3m41s
Santa Cruz Pig,Sweatbox,Henry Rollins,,6m39.174s
New Day,Watch the Throne  (Deluxe Version),Jay-Z and Kanye West,"Kanye West, Shawn Carter, Robert Diggs, Mike Dean, Leslie Bricusse & Anthony Newley",4m33s
Don't Count on Me,One Full Year,The Secret Handshake,,3m37s
OMG We Got it,Acid Girlzz,Todosantos,,3m30s
Got Caught Dealin Pt II (feat. Pharrell),Exclusive Audio Footage,Clipse,,4m18s
The Ballad Of Mona Lisa,Vices & Virtues,Panic! At the Disco,,3m48s
25 Distinction - Let Go.mp3,Disc E: The Nice Move,"Revealomatic - No Bull, More Halfstep",,1m28s
This Is The Best Day Ever,"I Brought You My Bullets, You Brought Me Your Love",My Chemical Romance,My Chemical Romance,2m13s
Kleenex ft. Kev Da Hustla,Flight School,Wiz Khalifa,,3m21s
Seven Nation Planet Rock Edit,Stimulus Edits,The White Stripes,,1m13s
"A Better Tomorrow, Pt. 2 - Kool Keith",A Much Better Tomorrow,Dan the Automator,Dan the Automator/Kool Keith,7m
You Hide,Tear The Fences Down,Eulogies,Peter Walker,2m42s
Broken Man,Used And Abused,Danger Radio,,3m42s
Wake Up (Acoustic),Snakes On A Plane: The Album,Coheed & Cambria,,3m37s
Sleepwalking Past Hope,Venus Doom,H.I.M.,,10m5s
Mumtaz Khan,LP3,Ratatat,,2m38s
Another Boy,Save The World Lose The Girl,Midtown,,44.071s
Lucifer,The Black Album,Jay-Z,9th Wonder/Jay-Z,3m12.098s
Angels (Mix Show) Clean,Last Train To Paris,Diddy-Dirty Money feat. The Notorious BIG,,6m23s
Motives & Thoughts (Poem),The Re-Education of Lauryn Hill,Lauryn Hill,,2m11s
Down,DMS,Jay Sean ft Lil Wayne,,3m24s
Angels (Ted Smooth Remix) (Dirty),,Diddy ft Dirty Angels,www.franchiserecordpool.com,5m9s
Great Release,LCD Soundsystem (Disc 1),LCD Soundsystem,,6m35s
The Blue Channel,Tell All Your Friends,Taking Back Sunday,John Nolan,2m30.534s
Iron's Theme,,Chostface Killah,,1m30s
Hallelujah,Riot!,Paramore,,3m24s
The Way I Am,The Marshall Mathers LP,Eminem,,4m52s
Swervin' (Ft. Mike Jones & Paul Wall),Most Known Unknown,Three 6 Mafia,,3m36s
Peruvian Cocaine,Revolutionary Vol. 2,Immortal Technique,,4m49s
Real As It Gets (feat. Young Jeezy),The Blueprint 3 [Soul Assassin Special Edition],Jay-Z,,4m13s
The Dirtbombs - Cosmic Cars,KEXP Song of the Day,The Dirtbombs,,3m39s
Benny Benassi - I Am Not Drunk (Bloody Beetroots Remix),,www.just4dance.fw.hu,www.just4dance.fw.hu,5m38s
Paper Airplanes (Makeshift Wings),Sing the Sorrow,AFI,AFI,3m57.958s
Jane Fonda,Mickey Avalon,Mickey Avalon,,3m40s
Uraqt (Diplo Mix),M.I.A. - Piracy Funds Terrorism Volume 1,Diplo,M.I.A. + Hollertronix/Wes Gully,2m45s
Indiana,Economics II,Jim Gaffigan,,2m52s
Telephone ,DMS,Lady Gaga ft Beyonce,,3m40s
One Touch,This Is Happening,LCD Soundsystem,,7m47.696s
I Remember,Odd Blood,Yeasayer,,4m25s
Alley Cats,One Life Stand,Hot Chip,,5m22s
Summer of 98,One Full Year,The Secret Handshake,,3m18s
Going Nowhere,"""Basement II"" Demos",Elliott Smith,,4m12s
These Bones,The Shade Of Poison Trees,Dashboard Confessional,,2m59s
The Cause of Death,Revolutionary Vol. 2,Immortal Technique,,5m53s
Wildcat,Classics,Ratatat,,4m21s
The High Road,The High Road,Broken Bells,,3m52s
Backs Against The Wall,This Could Be A Possibility,Valencia,,2m43.282s
The Longest Last Statement,Redeemer,Norma Jean,,2m50s
Couscous,"Blood, Sweat & Tears",Mr. Flash,,3m40s
Hellhole Ratrace,Album,Girls,Www.DepoDepo.Fr By Orko61,6m59s
Telephone (Crookers Remix),DMS,Lady Gaga ft Beyonce,,4m55s
Party Like Us (Udachi Remix),discodust.blogspot.com,AC Slater,Udachi,5m27s
Nothing As It Seems,The Ultimate Best Of Pearl Jam,Pearl Jam,,5m22s
Optimistic,Kid A,Radiohead,Colin Greenwood/Ed O'Brien/Jonny Greenwood/Phil Selway/Thom Yorke,5m17s
My Darlin Baby (Dirty),,Lil Wayne ft. Drake,,5m11s
This Is Halloween,The Nightmare Before Christmas 3D Soundtrack,Panic! At The Disco,,3m22s
Jumble Jumble,De Stijl,The White Stripes,Jack White/Meg White,1m54s
Looser Now,The Understanding (Disc 2),Röyksopp,,6m6s
Tell Mary,Something Real,Meg & Dia,Dia Frampton/Meg Frampton,3m48s
Parents (Interlude),We're New Here,Gil Scott-Heron & Jamie XX,Bernard Purdie/Gil Scott-Heron,29s
Little Bit (Loving Hand Remix),discodust.blogspot.com,Lykke Li,Lykke Li,9m27s
50 Ways To Make A Record,Plain Pat & Emile Presents a KiD named CuDi,KiD CuDi,Emile & Plain Pat,2m56s
Feeling Lucky,Chase This Light,Jimmy Eat World,,2m35s
May - December,Black on Both Sides,Mos Def,,3m31s
Ignorance (Acoustic Version),Ignorance,Paramore,,3m41s
Refuge,Live At Stubb's,Matisyahu,,4m2.23s
Justify My Thug,The Grey Album,DJ Danger Mouse,"John Lennon, Paul McCartney, Jay-Z",4m15s
masterplan,jj n° 2,jj,,2m49s
Too Long,Discovery,Daft Punk,,10m2s
Fucking Die 1,My Name Is Skrillex EP ,Skrillex,,3m50.225s
Out Of My Mind,Where The Light Is Live In Los Angeles [Disc 1],John Mayer,John Mayer,10m11s
Sacred Famous,Scared Famous,Ariel Pink's Haunted Graffiti,,5m10s
"Lost (feat. Respect Tha God, Block MCcloud & Doap Nixon)",Black Snow,Snowgoons,,4m
The End Chapter- I- The Fall Of House Atlantic,No World For Tomorrow,Coheed & Cambria,,1m5s
Thriller,Thriller 25,Michael Jackson,Rod Temperton,5m57s
Stylo,http,Gorillaz feat. Mos Def & Bobby Womack,,3m53s
Buck Buck - Poet,A Much Better Tomorrow,Dan the Automator,Dan the Automator/Siwatu Kamau,4m25s
Hollywood Meets Houston,Live At Luna Park,Henry Rollins,,4m49s
Same In The End,Sublime,Sublime,Sublime,2m37s
Senses Working Overtime,Coverage,Mandy Moore,,4m9s
Machines,Sky Eats Airplane,Sky Eats Airplane,,1m28s
Primetime,Watch the Throne  (Deluxe Version),Jay-Z and Kanye West,"Kanye West, Shawn Carter, Ernest Wilson, Russell Simmons, Lawrence Smith & Maureen Reid",3m19s
Tricky Tricky,Junior,Röyksopp,,5m59s
We Didn't Start The Fire,Guilt By Association Vol. 2,The Forms,,6m5s
Confirmation,Gemini,Wild Nothing,,3m14s
Soda Pop,Do You Believe In Gosh,Mitch Hedberg,,3m18s
"Outta Time Its Alright, Its Okay",,Mercy Mercedes,,3m22s
Kiss N' Tell,Used And Abused,Danger Radio,,3m42s
Return the Favor,Dirty Work,All Time Low,,4m4s
Drunk Girl,Leaving Through The Window,Something Corporate,Andrew McMahon,4m7.989s
The Cutting Room Floor,"Party In The Front, Business In The Back",All In Uniform,,5m4.622s
Such A Terrible Trend,The Inevitability Of A Strange World,Halifax,Halifax,4m14.119s
If Work Permits,Dog Problems,The Format,Nate Ruess/Sam Means,5m29s
Wicked Annabella,Village Green Preservation Society (Special Deluxe Edition 2004) (CD1 Stereo),The Kinks,,2m43s
Miracle,"Live at Norwegian Wood - June 14, 2008",Paramore,,3m30s
When I'm Gone,Curtain Call: The Hits,Eminem,,4m43s
Pull The Pins Out,Army Of The Pharaos: The Torture Papers,Jedi Mind Tricks,Beyonder/C. Titled/S. Ryan,3m36s
In Your Atmosphere,Where The Light Is Live In Los Angeles [Disc 1],John Mayer,John Mayer,5m46s
024 Von D - Show Me (Feat. Phephe),,,,4m56s
"Go 2 Sleep (feat. I-20, Fate Wilson & Three 6 Mafia)",Word Of Mouf,Ludacris,DJ Paul & Juicy J,5m10s
Animal Strings,The Animal Strings Album,Call It Arson,,4m58.004s
Mortal Bass,2009,Broken Note,,3m54s
Amazin',The Recession,Young Jeezy,,4m16s
Timeless,DJ Ill Will & DJ Rockstar Present Wiz Khalifa - Burn After Rolling,Wiz Khalifa,,4m51s
I Found Out,Plastic Ono Band,John Lennon,John Lennon,3m38s
There's No Secrets This Year,Swoon,Silversun Pickups,,5m34s
06 06 Before I Wake,Run It Up The Flagpole,Farewell,,2m54s
Change Clothes,The Black Album,Jay-Z,9th Wonder/Jay-Z,4m18.484s
L.A.,Murray's Revenge,Murs,,2m55s
Dead Or Alive,Trappin Ain't Dead,Young Jeezy,,2m36s
Insanity,This Is Dubstep Vol.2,502,,5m2s
"Dance, Dance",Live at Voodoo Fest '07,Fall Out Boy,,3m20s
High Hopes In Velvet Ropes,Whisper War,The Cab,,3m23s
"Maybe So, Maybe No     [ibootleggedyourmum.wordpress.com]",Your Mum's Phat Titz March '09 Mixtape Part 2,Mayer Hawthorne,,2m35s
D.A.N.C.E.,Cross,Justice,,4m3s
Freestyle (Radio 1 Tim Westwood 4-7-2009),2009,KiD CuDi,,5m37s
Mekanik,Sweatbox,Henry Rollins,,3m40.589s
To Bob Ross With Love,The Papercut Chronicles,Gym Class Hereos,,2m41s
Drive,Make Yourself,Incubus,,3m53s
Why Not Minot? Part 1,"Spoken Word Guy (Alexandria, VA 11/03/08) [Disc 1]",Henry Rollins,Henry Rollins,7m41.426s
Everyday Hustle (AC Slater Remix),Dubstep Collection 2,B. Rich,,5m7s
Half Light II (No Celebration),The Suburbs,Arcade Fire,,4m27s
No City,None Shall Pass,Aesop Rock,I. Bavitz,4m29s
Stunt Hard,The Carter Meets The Cartel 2: Lil Wayne & Drake,Lil Wayne & Drake,,3m18s
Extraordinary Girl,American Idiot,Green Day,,3m35s
The World Has Turned And Left Me Here,Weezer,Weezer,Cuomo/Wilson,4m19.599s
Take My Breath Away [September 1986],"""Top Gun"" Soundtrack",Berlin,,4m15s
Stab My Back,Move Along,The All-American Rejects,,3m11s
"Server Justice (feat. Killah Priest, Rasul Allah & Richard Raw)",Black Snow,Snowgoons,,3m46s
Scratch Tools ,DMS,Paperboy,,1m41s
Peter Frampton - Frampton Comes Alive  - 13 - Lines on My Face,Frampton Comes Alive,Peter Frampton,,6m59s
To Kingdom Come,Manners,Passion Pit,,4m4s
Under a Paper Moon,Dirty Work,All Time Low,,3m22s
The Suburbs (continued),The Suburbs,Arcade Fire,,1m28s
The Curse,Out Of Exile,Audioslave,Audioslave,5m9.777s
I'll Run,The Lady Luck EP,The Cab,,4m43s
Lean Back,Now That's Music 17,Terror Squad,,4m8s
Thought I Knew,Pork And Beans,Weezer,,3m4s
03 Ariel and The River,Listen,Emanuel and The Fear,,5m26s
Your Song,Greatest Hits 1970-2002 [Disc 1],Elton John,Bernie Taupin/Elton John,4m5.458s
Crissy Criss - Fanat,,,,5m10s
Eryn Smith,E. Von Dahl Killed the Locals,The Matches,Harris/Mike Harwood/The Matches,3m13s
Our Lawyers Made Us Change The Name Of This Song So We Wouldn't Get Sued (AOL Live),Live @ the Roxy,Fall Out Boy,,2m56s
Triple Spiral,The People's Key,Bright Eyes,,3m51s
Too Young,One Full Year,The Secret Handshake,,4m21s
The Girl And The Robot,Junior,Röyksopp,,4m29s
Handle The Heights (Stenchman Remix) [Explicit],Wu-Tang Meets The Indie Culture Vol. 2: Enter The Dubstep [Explicit],Wu-Tang,,4m49s
A Party Song,Straight to DVD,All Time Low,,4m15s
Red Rain,Get Behind Me Satan,The White Stripes,Jack White,3m54s
Minibar,Strategic Grill Locations,Mitch Hedberg,,2m58s
Drowning In The Swim Of Things,"Talk Is Cheap, Vol. 1",Henry Rollins,,13m39s
Jill Scott Interlude,J. Period - Best Of The Roots,The Roots,J.Period,23s
Wanna Be (Ft. Lily Allen),Maths And English,Dizzee Rascal,,3m24s
Pin Your Wings,A Refreshing Glass Of Music For A Summer Afternoon,Copeland,,3m11.518s
In-N-Out (Animal Style),Smile Kid (Deluxe Edition),We The Kings,,3m8s
Zak And Sara,Ben Folds Live,Ben Folds,Ben Folds,3m24s
The Velvet Underground I'll Be,1967,The Velvet Underground,,2m14s
One Day,Promo Only Modern Rock Radio July,Matisyahu,,3m41s
Whoa,"Live at Norwegian Wood - June 14, 2008",Paramore,,2m35s
Tribulations (Lindstrom Mix),Introns,LCD Soundsystem,,7m55s
09 09 The Middle 1,Demi Lovato - Don't Forget,Demi Lovato,,3m7s
Un-thinkable (I'm Ready),The Element of Freedom (Deluxe Version),Alicia Keys,N/A,4m9.242s
007. Johann Sebastian Bach - Matthäus Passion (BWV 244) - Wir Setzen Uns Mit Tränen Nieder.mp3,Classical Music Top 100,VA,,6m1s
Shine On (Heiko & Maiko's Gute Laune Radi ...,Dream Dance Vol. 38,SUNLOVERZ,,3m9s
Returning Empty Handed,"Survive, Kaleidoscope",Underoath,,6m50s
058 King Simeon - Forbidden planet,,,,4m9s
Black Book,Gimme Some,Peter Bjorn and John,,1m36s
19 Data - Leaves.mp3,Disc E: The Nice Move,"Revealomatic - No Bull, More Halfstep",,1m46s
Let It Be,Let It Be,The Beatles,,4m3s
Sirens,Maths And English,Dizzee Rascal,,3m30s
Champion Sound (Instrumental),Champion Sound,Jaylib,,2m28s
Carry That Weight,Abbey Road,The Beatles,,1m36s
No One Can Touch Us (Feat. Alex Gaskarth),Sing It Loud,Sing It Loud,,3m17s
Through the Hosiery,Crystal Castles,Crystal Castles,,3m7s
Drowning The Old Hag,The Always Open Mouth,Fear Before the March of Flames,,2m55s
Wicked Games (Soul Clap Pop Edit),Soul Clap Pop Edits,Chris Isaak,,7m53s
The Sky (Beyond Sight),Beat Konducta Vol. 6: Dil Withers Suite,Madlib,,1m36s
Don And Sherri (Original Mix),Don And Sherri,Matthew Dear,,3m24s
Black Magic (Todd Terje Tangoterje Edit),Diamonds Dub (Supreme) VLS,Astrud Gilberto,,5m14s
Razorblade Salvation,"Servants In Heaven, Kings In Hell",Jedi Mind Tricks,,4m23.151s
Song For The Deaf,Songs For The Deaf,Queens Of The Stone Age,"Josh Homme, Nick Oliveri and Mark Lanegan",6m42.123s
Steve Wonder - Song Review - 01 - Isn't She Lovely,,The Strokes,,3m20s
It's What I Want,Junior,Röyksopp,,3m7s
Rhyme the Rhyme Well,2004,Beastie Boys,,2m48s
King of NY - Kool Keith,A Much Better Tomorrow,Dan the Automator,Dan the Automator/Kook Keith,3m53s
Mad As Rabits,The String Quartet Tribute to Panic At the Disco's Pretty. Odd,Vitamin String Quartet,,3m47s
MIXTAPE INTRO,,Damion,,50s
Heavy (Instrumental),Champion Sound,Jaylib,,3m17s
Tiny Vessels,Transatlanticism,Death Cab for Cutie,,4m22s
Holy The Sea,Razia's Shadow: A Musical,Forgive Durden,,6m5s
Trap Files,Trappin Ain't Dead,Young Jeezy,,4m5s
Lucy In The Sky With Diamonds,Sgt. Pepper's Lonely Hearts Club Band,The Beatles,Lennon/McCartney/Lennon/McCartney,3m28.491s
This Is How We Do,"So Wrong, It's Right",All Time Low,,2m30s
Strange Ways,Madvillainy,Madvillain,Madlib,1m52s
"Number Three, Never Forget",Plagues,The Devil Wears Prada,,3m42s
The League of Extraordinary Nobodies,I'll Sleep When You're Dead,El-P,,2m35s
If I Were A Lame,DJ Ill Will & DJ Rockstar Present Wiz Khalifa - Burn After Rolling,Wiz Khalifa,,4m11s
Photofinnish,Want,3OH!3,,3m57s
Best That I Ever Had,,Drake,,4m19s
"Baby, You Wouldn't Last A Minu",2005,Chiodos,,4m42s
The Perfect Beat (feat. KRS-One),Ear Drum,Talib Kweli,,3m51s
Fig Leaf Bi-Carbonate,MM....Food,MF Doom,,3m19s
U Got A Problem?,Back For The First Time,Ludacris,Bangladesh,4m55s
The Brainwasher,Human After All,Daft Punk,"Thomas Bangalter, Guy-Manuel de Homem-Christo",4m8s
Wanna Be Startin' Somethin' (2008 Remix),Thriller 25,Michael Jackson Feat. Akon,Giorgio Tuinfort/Michael Jackson/Aliaune Thiam,4m14s
The Park (Fresh Air) (feat. Chizuko Yoshihiro),Dirty Acres,CunninLynguists,,3m19s
Speed Trials,Either/Or Demos (Disc 2 of 2),Elliott Smith,,3m21s
Description Of A Fool,The Anthology,A Tribe Called Quest,,5m42s
ltwxrmx (j dilla's lightworks remix),Dubstep Collection 5,Flying Lotus,,2m26s
Miss Sobriety,Rotation,Cute Is What We Aim For,,2m52s
The only difference between martyrdom and suicide is press coverage,A Fever You Can't Sweat Out,Panic! At The Disco,Panic! At The Disco,2m54.915s
Eria Tarka,De-Loused In The Comatorium,The Mars Volta,The Mars Volta,6m20.505s
Audio Blood,E. Von Dahl Killed the Locals,The Matches,Harris/Mike Harwood/The Matches,3m20s
NY Weather Report,Ear Drum,Talib Kweli,,4m36s
She's Killing Me,On Your Side,A Rocket To The Moon,,3m8s
01 MRK1 - Tunnel Form.mp3,Disc F: The Ruff Step,"Revealomatic - No Bull, More Halfstep",,1m36s
Navigate Me,Rotation,Cute Is What We Aim For,,3m22s
Uzi Weighs A Ton (Produced by Jay Electronica)),StyleWars EP,Jay Electronica,,3m58s
Down,UNFUN,JAWBREAKER,,3m34s
"I'm Not You (feat. Roscoe P. Coldchain, Jadakiss & Styles P. of the LOX)",Lord Willin',Clipse,Chad Hugo/David Styles/Gene Thornton/Jason Phillips/Pharrell Williams,4m19s
Borderline Creep,E. Von Dahl Killed the Locals,The Matches,Harris/Mike Harwood/The Matches,2m36s
hidden track,Rising Down,The Roots,,8m34s
Scratch Tools #1,DMS,DJ Scene,,1m9s
Nasty Girl (Co-Starring Plies),Theater Of The Mind,Ludacris,,4m32s
Made in America (feat. Frank Ocean),Watch the Throne  (Deluxe Version),Jay-Z and Kanye West,"Kanye West, Frank Ocean, Shawn Carter, Shama Joseph & Mike Dean",4m52s
Beautiful Girls,Pop Volume II,Bayside,Punk Goes...,3m42s
Football season is over,Suicide Season,Bring Me The Horizon,,1m56s
Touch The Sky ft. Lupe Fiasco,Late Registration,Kanye West,Kanye West,3m57.4s
Don't Walk Away,Light Years,Electric Light Orchestra,,4m42s
I Promise You Walls,We Are Pilots,Shiny Toy Guns,,4m11s
Same Girl [Feat Usher],Double Up,R. Kelly,,4m13s
Tigers &amp; Traffic,The Nerdist,Chris Hardwick,Nerdist,1h2m4s
Flashing Lights ,,(Instrumental),,3m57s
Remembering Sunday,"So Wrong, It's Right",All Time Low,,5m10s
VIII: Backcountry Pt. 2,Idea Soundtrack,Idea,,3m49s
So What You Sayin' (Produced By J Dilla),StyleWars EP,Jay Electronica,,4m20s
Pittsburgh Sound (Produced by The Resource),Show And Prove,Wiz Khalifa,,3m32.439s
Murder City,21st Century Breakdown,Green Day,,2m55s
Put on a Happy Face (Dick Van Dyke),Bye Bye Birdie! - Original Broadway Cast,"Susan Watson,Chita Rivera,Dick Van Dyke,Dick Gautier,Paul Lynde,Michael J. Pollard,Kay Medford","Lee Adams, Charles Strouse",3m19s
More Vacations,King Vs Queen,Brighten,,2m1s
Cambridge [Acoustic Live],Acoustic At Tower Records (6/15/05),Motion City Soundtrack,,4m
Dirty South - Let it Go (Coste,2010,VA,,5m46s
Mouths To Feed,Release Therapy,Ludacris,,4m19s
Knights of Cydonia,Black Holes and Revelations,Muse,,6m4s
LeanBack (Clean),,Fat Joe,,4m6s
39 Thieves,None Shall Pass,Aesop Rock,I. Bavitz,4m15s
Rain King,Daydream Nation,Sonic Youth,Sonic Youth,4m36s
001 Bare Noize - Fortunez (Ollie! Rmx),,,,3m40s
"Tales of an Asshole, Part One",Live in London,Henry Rollins,,30m26s
Shoot Me In The Smile,Decomposer,The Matches,,3m32s
Dude Looks Like A Lady [September 1987],Permanent Vacation,Aerosmith,,4m25s
01. To All My Haters,Philly 2 Bmore Digi EP,Emynd,E. Nassar,3m28s
Telephone Line,Light Years,Electric Light Orchestra,,4m44s
L is for love,,,,3m10s
Stickman (demo),Grand Mal: Studio Rarities,Elliott Smith,,4m5s
Make Light,Manners,Passion Pit,,4m56s
Desperate Times Desperate Measures,Lost In The Sound Of Separation,Underoath,Underoath,3m28s
Big Decision,Grand Mal: Studio Rarities,Elliott Smith,,1m58s
Bone Tired,The Boxed Life,Henry Rollins,,3m59.908s
10 $,Arular,M.I.A.,,4m1.533s
Party Works,Infinity +1,Donnis,,2m51s
Admit It!!!,...Is A Real Boy,Say Anything,Max Bemis,6m14s
The Day is Coming (Live),Unreleased Live Performance,My Morning Jacket,,3m32.654s
Sweet Light,Power,Boys Noize,,5m17s
Shadow (6Blocc Remix),Dubstep Collection 8,Matt Green,,3m57s
Auto-Dub,Skream!,Skream,,2m50s
Walk It Off,I Am A Wonderful Man,Michael Ian Black,,5m30s
Happiness Is A Warm Gun,The Beatles [White Album] (Disc 1),The Beatles,John Lennon/Paul McCartney,2m43.631s
Dog,Speed Graphic,Ben Folds,,4m32s
Will I,Tear The Fences Down,Eulogies,Peter Walker,2m53s
Jo,Lambs Anger,Mr. Oizo,,2m17s
Knuckleheadz (Ft Ghostface Kil,Only Built 4 Cuban Linx VBR,Raekwon,C. Woods/Robert Diggs,4m4s
Finding Home,Saosin,Saosin,,3m10s
White Moon,Get Behind Me Satan,The White Stripes,Jack White,4m2s
08 - Hard To Explain,,,,3m48s
Hotel Yorba,White Blood Cells,The White Stripes,Jack White/Meg White,2m11s
Love Song,Rockin Romance,The Scene Aesthetic,,3m34s
"D.A.N.C.E, Pt. 2 (Live)",A Cross the Universe (Live),Justice,,2m39.939s
Masterpiece (Live),MTV - Discover & Download,Meg & Dia,,3m33s
Polythene Pam,Abbey Road,The Beatles,,48s
Q-Tip-Official,Q-Tip-The.Renaissance-Retail-2008-[NoFS],Q-Tip,,3m19s
Starz (Instrumental),Champion Sound,Jaylib,,2m32s
The Only Survivor Was Miraculously Unharmed,Lost In The Sound Of Separation,Underoath,Underoath,3m9s
Intro,Citizen Cope - Citizen Cope,Citizen Cope,,31s
Condor Ave.,Roman Candle,Elliott Smith,Elliott Smith,3m34s
Future Parents,A Rollins In The Wry,Henry Rollins,,6m37.548s
Daydream Away,Dirty Work,All Time Low,,4m39s
Don't Know When But A Day Is Gonna Come,"Lifted Or The Story Is In The Soil, Keep Your Ear To The Ground",Bright Eyes,Conor Oberst,6m31.952s
Malente & Dex,Dubstep Collection 3,Malente & Dex,,3m19s
Photograph,Weezer (Green Album),Weezer,,2m19s
You Don't Know What Love Is (You Just Do As You're Told),Icky Thump,The White Stripes,"White Stripes, The",3m55s
No Soul,In Defense Of The Genre,Say Anything,,3m37s
Come On Feel The Illinoise,Illinois,Sufjan Stevens,,6m47.695s
Family,Nastradoomus,M.F. Doom,,3m49s
Come On Over (Skit),Back For The First Time,Ludacris,"4-Ize, Ludacris",1m3s
Laser Treatment,This Is Dubstep Vol.2,Hindzy.D,,4m34s
V-Peat,Pangaea,Visionaries,Rhettmatic,3m14.977s
This Is Why We Fight,The King Is Dead,The Decemberists,Colin Meloy,5m31s
Bulletproof Heart,Danger Days: The True Lives Of The Fabulous Killjoys,My Chemical Romance,,4m57s
Not Fade Away,Rave On Buddy Holly,Florence & The Machine,Norman Petty/Buddy Holly,4m3s
Good Day Sunshine,Revolver,The Beatles,,2m10s
Modern Love,Best Of Bowie,David Bowie,David Bowie,4m47.625s
Lucky,OK Computer,Radiohead,Colin Greenwood/Ed O'Brien/Jonny Greenwood/Phil Selway/Thom Yorke,4m20s
 saeglopur,takk,sigur ros,,7m39s
Summer Love,Smile Kid (Deluxe Edition),We The Kings,,3m25s
Come Around (Acoustic),Sing It Loud,Sing It Loud,,3m42s
Stepson Of The Clapper,Donuts,J Dilla,,1m2s
In The City,Cars,"Now, Now Every Children",,4m1s
Hear Me Out,Exclusive Audio Footage,Clipse,,2m56s
It's Been A Pleasure,,Drake,,2m52s
America's Suitehearts (Acoustic),Folie à Deux (Bonus Tracks),Fall Out Boy,,3m40s
Puzzle Peices and Debris,EP,After Play Rewind,,4m16.789s
"Sesame, Smeshame",The Room's Too Cold,The Early November,,4m15.21s
Hanuman,11:11,Rodrigo y Gabriela,,3m44s
Misunderstood,Tha Carter 3,Lil Wayne,,9m52s
coming home,Coming Home,New Found Glory,,4m10s
Seed,,KoRn,,5m56s
Knew It All Along,Save The World Lose The Girl,Midtown,,2m36.734s
You Ain't No DJ (Ft. Yelawolf),Sir Lucious Left Foot: The Son of Chico Dusty,Big Boi,,5m31s
Imagination Blind,Farm,Dinosaur Jr,J Mascis,3m22s
The Wind Cries Mary,Are You Experienced?,Jimi Hendrix,,3m22s
Track 9,2002,Atmosphere,,4m29s
Peach,Big Ugly Mouth,Henry Rollins,,9m10.429s
041 Joint Forces - Here Comes The Morning Feat. Jah Mason,,,,5m13s
Fake Plastic Trees,The Bends,Radiohead,,4m50s
My Favorite Accident (Acoustic),My Favorite Accident (Unreleas,Motion City Soundtrack,,3m43s
Sleep With One Eye Open (Tek-One),Suicide Season Cut Up,Bring Me The Horizon,,4m41s
Beverly Hills,The Decline Of Western Civilization,Circle Jerks,,1m16s
L.A. To Detroit,Champion Sound,Jaylib,,1m20s
I Cry Alone,Thickfreakness,The Black Keys,,2m51s
shadows,Dubstep Collection 5,Flying Lotus,,2m3s
Mr. Alladatshit (feat. Donnis & Chip Tha Ripper),The In Crowd,Kidz In The Hall,,4m
Resounding,,Say Anything,,4m20s
No More,Damaged & Jealous Again,Black Flag,,2m26s
I sing the body electric,This is my Boomstick,The Stiletto Formal,,4m13.143s
Gun Music (ft. Cocoa Brovaz),Quality ,Talib Kweli ,,3m50s
What's My Age Again           ,Enema Of The State            ,Blink 182                     ,,2m29s
"Paris, Tokyo",Lupe Fiasco's The Cool,Lupe Fiasco,,4m32s
Jueves De Otoño,ishlab Music Licensing,Cuarteto Folk Peru,,4m44s
Thanksgiving Tryptophan Hurts so Good Mix,,DJ Skeet Skeet,,24m21s
Worst Case Scenario,demo,Audio Accident,Thomas Jones,3m6s
08 Two Worlds Collide,Demi Lovato - Don't Forget,Demi Lovato,,3m20s
bonafied robber,,,,5m12s
Corps Of Corpses,Fragile Future,Hawthorne Heights,,3m13s
Run This Town - LilWayneHQ.com,No Ceilings,Lil Wayne,LilWayneHQ.com,2m47s
"The Hatred (feat. Slaine, Singapore Kane & Lord Lhus)",Black Snow,Snowgoons,,3m53s
Let's Plan A Robbery,2005,Three 6 Mafia,,3m6s
"Baby, Come On",When Your Heart Stops Beating,+44,"Mark Hoppus, Travis Barker",2m46.161s
Songs Sound Much Sadder,Redeemer,Norma Jean,,3m18s
Rebellion (Lies),Funeral,The Arcade Fire,,5m12s
I Never Wanted To,Saosin,Saosin,,3m30s
Shake that,"12"" Vinyl",Eminem,,4m47s
Car Underwater,What To Do When You Are Dead,Armor For Sleep,Ben Jorgenson & Armor For Sleep,3m48.762s
Track 17,EP,Been Bradley,,3m34.204s
Calling The Biz,So... How's Your Girl?,Handsome Boy Modeling School,,50s
022. Giulio Caccini - Ave Maria.mp3,Classical Music Top 100,VA,,6m
Love Don't Cost (A Thing)/Still Grimey (Nebulla & Dore Remixes) [Explicit],Wu-Tang Meets The Indie Culture Vol. 2: Enter The Dubstep [Explicit],Wu-Tang,,4m34s
Rich Folk,Definition Of Real,Plies,,4m4s
The Champ [Feat Swizz Beatz],Double Up,R. Kelly,,1m50s
Late Night Phone Blues,Sweatbox,Henry Rollins,,4m40.079s
All Apologies,We Come In Pieces,Placebo,,3m25s
Juicebox,First Impressions Of Earth,The Strokes,Julian Casablancas,3m17.648s
Every Girl in the World,,Drake feat. Lil Wayne ,,3m22s
Green Eyes,A Rush Of Blood To The Head,Coldplay,Buckland/Champion/Martin,3m43.097s
Anywhere,Howl,Empires,,3m54s
Look At Me,"The Mother, The Mechanic, And The Path",The Early November,,1m59s
Obsessed (Cahill Radio Mix),Memoirs Of An Imperfect Angel,Mariah Carey,,3m23s
My Way Home ft. Common,Late Registration,Kanye West,Kanye West,1m43.63s
Fly In,Tha Carter II,Lil Wayne,D. Carter & T-Mix,2m23.197s
Everybody Ruins,Different Damage,Q And Not U,Q And Not U,1m53.917s
Repetition,Nine Types Of Light,TV On The Radio,,3m46s
Help I'm Alive,Fantasies,Metric,,4m46s
Kill Joy,Seeing Sounds,N.E.R.D.,,4m9s
The Mixed Tape,Everything In Transit,Jack's Mannequin,Andrew McMahon,3m14.954s
"Dangerous Posse - Hypnotize Camp Posse, Three 6 Mafia",Da Unbreakables,Three 6 Mafia,,3m44s
Yule Shoot Your Eye Out (Live),Q101 Twisted 12,Fall Out Boy,,4m0.28s
My Love,,We Came As Romans,,3m49s
Graves (We Wrote the Book),Never Better,P.O.S.,,3m15s
Like Eating Glass,Silent Alarm,Bloc Party,,4m21.038s
Jimmy,Kala,M.I.A.,M.I.A.,3m29s
Losing Sight,Shadows Are Security,As I Lay Dying,,3m26.471s
PON DE' REPLAY (REMIX) - RIHANNA FEAT. FAT MAN SCOOP,THE ORIGINAL The Hit*List 9,DJ Arson,,2m38s
"Dance, Dance",From Under The Cork Tree,Fall Out Boy,Franz Ferdinand,3m0.442s
An Echo from the Hosts that Profess Infinitum,Black Up,Shabazz Palaces,,3m15s
Hot 'N Cold,Punk Goes Pop Vol. 3,Woe Is Me,,3m8s
Invincible,Black Holes and Revelations,Muse,,4m54s
Catastrophe (Live),"Live @ Chain Reaction, Anaheim CA 10.13.07",Four Year Strong,,2m20s
I Was Once A Loyal Lover,The Open Door EP,Death Cab for Cutie,,34s
Pin Your Wings,In Motion,Copeland,A. Marsh,3m11.448s
Lighthouse,Like Vines,The Hush Sound,,3m1s
Tony's Theme,Surfer Rosa & Come On Pilgrim,Pixies,,1m52s
Stuck In the Middle (Todd Terje Edit),EDITS,Stealers Wheel,,4m21s
Same Old Song and Dance,EP,After Play Rewind,,3m14.467s
Phantom Pt. II,Cross,Justice,,3m22s
The Kids From Yesterday,Danger Days: The True Lives Of The Fabulous Killjoys,My Chemical Romance,,5m25s
Fu-Gee-La,The Score,The Fugees,"Wyclef Jean, Prakazrel ""Pras"" Michel, Lauryn Hill, A. McGrier, T. Marie, Salaam Remi",4m20.133s
Ray Charles -- What'd I Say,,Ray Charles,,3m11s
Knock The Black Off Yo Ass (Ft,Most Known Unknown,Three 6 Mafia,,4m20s
An Orgy of Critics,...Is A Real Boy,Say Anything,Max Bemis,3m57s
Boy Don't Waste My Time,,K-Swift,,3m7s
"102 Austin Powers Saying ""Yeah Baby""",Shut Up You Fucking Baby!,David Cross,,11m13s
Fever Train ,Pieces,The Strangest Tribe,Ryan Townsend,3m53s
Saviorself feat. Killah Priest,Legacy Of Blood,Jedi Mind Tricks,,4m29s
When Love Takes Over (Laidback Luke Remix-Jason Bee Edit),,David Guetta Ft Kelly Rowland,,4m25s
I Have Friends In Holy Spaces,The String Quartet Tribute to Panic At the Disco's Pretty. Odd,Vitamin String Quartet,,1m55s
Warren Clarke - Get It (Denny Juice Remix),,www.just4dance.fw.hu,www.just4dance.fw.hu,5m45s
Girl,Rubber Soul (US),The Beatles,,2m30s
Cross Your Fingers,... In Color,The Summer Set,,3m18s
Oh No,Tha Carter II,Lil Wayne,"D. Carter, Matlock & R. Ferebee",3m11.75s
Stronger,Graduation,Kanye West,,5m13s
Jockin Jay-Z ,HotNewHipHop.com,Jay-Z,HotNewHipHop.com,3m43s
I'll Believe In Anything,Apologies To The Queen Mary,Wolf Parade,Wolf Parade,4m37s
C'mon Girl,Stadium Arcadium ,Red Hot Chili Peppers,,3m50s
1983 (daedelus odd-dance party remix),1983,Flying Lotus,,3m55s
23 F-One+Kromestar vs. Flow Dan - Swagga RMX (Reveal VIP),Disc F: The Ruff Step,"Revealomatic - No Bull, More Halfstep",,4m15s
Make Her Say (Ft. Jae Millz),No Ceilings [illRoots.com],Lil' Wayne,,2m22s
Powa,W H O K I L L,Tune-Yards,,5m6s
Face Down,,,,3m12s
Animal Rights,Spin the Disc,Deadmau5 feat. Wolfgang Gartner,,6m19s
German Dance No 3 K 605,The Best Of Mozart,Mozart,,3m24s
Bette Davis Eyes [June 1981],Mistaken Identity,Kim Carnes,,3m50s
Desolate Earth :: The End Is Here,Lost In The Sound Of Separation,Underoath,Underoath,4m7s
I Know You,Black Coffee Blues,Henry Rollins,,5m9.568s
Snakes On The Ladder,Plague Park,Handsome Furs,,4m30s
Stan feat. Dido,The Marshall Mathers LP,Eminem,,6m45s
"Spanish Rose (Chita Rivera, Townspeople)",Bye Bye Birdie! - Original Broadway Cast,"Susan Watson,Chita Rivera,Dick Van Dyke,Dick Gautier,Paul Lynde,Michael J. Pollard,Kay Medford","Lee Adams, Charles Strouse",3m23s
Gravity,Continuum,John Mayer,,4m6s
End of the Night,Dye It Blonde,Smith Westerns,,3m24s
Getting To The Point,Light Years,Electric Light Orchestra,,4m31s
Song to Say Goodbye,We Come In Pieces,Placebo,,3m54s
I Can Talk,Tourist History,Two Door Cinema Club,,2m57s
Got Money,The Forecast 3,Dj 31 Degreez,,2m48.089s
Losing Control,This Providence,This Providence,,4m15s
Gift,We Don't Need to Whisper,Angels & Airwaves,,5m3s
Prepare To Be Digitally Manipulated (Live),"Live @ Chain Reaction, Anaheim CA 10.13.07",Four Year Strong,,2m57s
Animal,Miike Snow,Miike Snow,,4m23.476s
Horchata,Contra,Vampire Weekend,,3m28s
Shhake It Up,Diplo,Diplo,,5m59s
She,Collection,The Misfits,,1m22.755s
Prologue: Adam Beckett,Houston We Have A Party,Powerspace,,4m41s
Im Illy,T.I.-Paper.Trail.Retail-2008-[NoFS],T.I.,,4m7s
Going Nowhere,New Moon,Elliott Smith,,3m51.619s
Twelve,Quality Control,Jurassic 5,,4m26s
On The Block #3,Tha Carter II,Lil Wayne,D. Carter,13.653s
Don't Pass Me By,The Beatles [White Album] (Disc 1),The Beatles,Richard Starkey,3m42.098s
What's Love (feat Ja Rule & Ashanti),Jealous Ones Still Envy (J.O.S.E.),Fat Joe,,4m27s
I Want You!,Living Thing,Peter Bjorn and John,,3m40s
Boiler,Chocolate Starfish And The Hot Dog Flavored Water,Limp Bizkit,"Fred Durst, Wes Borland, Sam Rivers, John Otto",7m0.141s
Poppin' (Video Mix),"So Wrong, It's Right (Deluxe Edition)",All Time Low,,3m5.875s
Ready To Ride (Produced by Midnight Black),Trappin Ain't Dead,Young Jeezy,,4m25s
Electroshock,3oh!3,3oh!3,,3m2s
Mary Without Sound,I Am The Movie,Motion City Soundtrack,,3m
The Gambler,2009,fun.,,4m11s
My Cloud,We're New Here,Gil Scott-Heron & Jamie XX,Gil Scott-Heron/Jamie Smith,4m27s
DVNO,Cross,Justice,,3m56s
Undone - The Sweater Song (Kitchen Tapes),Dusty Gems And Raw Nuggets [Bonus Disc],Weezer,Weezer,5m33.74s
Destination Overdrive,The DFA Remixes: Chapter Two,Chromeo,Chromeo,5m38s
Peter Frampton - Frampton Comes Alive  - 06 - Wind of Change.mp3,Frampton Comes Alive,Peter Frampton,,2m51s
Wide Open,Wide Open,Brightwood,,3m57s
All Love (The Movement),Beat Konducta Vol. 6: Dil Withers Suite,Madlib,,1m28s
Santana DVX (feat. E-40),Incredibad,The Lonely Island, ,2m35s
Silly Religious Crazies,Bigger and Blackerer,David Cross,,6m2s
New Year Banga (Rogue Star Remix) [Explicit],Wu-Tang Meets The Indie Culture Vol. 2: Enter The Dubstep [Explicit],Wu-Tang,,4m31s
Wound,UNFUN,JAWBREAKER,,2m54s
Snoop Doggy Dog - Bow Wow Wow Yippi Yo Yippy Yay,,Snoop Dogg,,4m7s
SonReal-_Render_Your_Heart,,,,2m53s
Upgrade (A Brymar College Course),Deltron 3030,Deltron 3030,,4m11s
Break Of Dawn,Number Ones,Michael Jackson,Epic,5m29.862s
Ask For Answers,Without You I'm Nothing,Placebo,,5m20s
Try Not To Breathe,Automatic For The People,R.E.M.,,3m50.643s
Windows ,Seeing Sounds,N.E.R.D.,,2m59s
Sweet Child O' Mine [September 1988],Appetite for Destruction,Guns N' Roses,,5m56s
I Know It's Over,The Queen Is Dead,The Smiths,Marr/Morrissey,5m50s
The Glamorous Life,The Glamorous Life,Shelia E.,,3m38s
Loose,Fun House,The Stooges,The Stooges,3m34s
Inches And Falling,Live At The Mayan Theatre,The Format,,3m42s
What It Is,The Bake Sale,The Cool Kids,,2m28.096s
Island Girl,Greatest Hits 1970-2002 [Disc 1],Elton John,Bernie Taupin/Elton John,3m44.931s
Baby Boy (Featuring Sean Paul),Dangerously In Love,Beyoncé,,4m5s
Tiny Time Machine,Place Pigalle Demos,Elliott Smith,,2m46s
Electrify,Hello Nasty,The Beastie Boys,Mario Caldato Jr.,2m22.593s
Track 03,,PAGE,,2m48s
Our Revolution,The Inevitability Of A Strange World,Halifax,Halifax,3m8.337s
I Can't Feel My Face,Blow: The 'I Can't Feel My Face' Prequel,Juelz Santana & Lil Wayne,,5m24s
God Bless The Dead,Greatest Hits [Disc 1],2Pac Feat. Stretch,T. Shakur,4m24s
Rose Parade,Either/Or,Elliott Smith,Elliott Smith,3m28s
Save You,The Ultimate Best Of Pearl Jam,Pearl Jam,,3m50s
Good For Great ft. Matt & Kim,,G-Eazy,,3m45s
Archetype,Dubstep Collection 2,Innasekt,,7m38s
In the Lost and Found (Instrumental),Place Pigalle Demos,Elliott Smith,,3m36s
Folding Chair,Far,Regina Spektor,,3m35s
One More Time/Aerodynamic,Alive 2007 [Deluxe Edition],Daft Punk,,41m20s
09 Dead Disco,,,,3m26s
You Love To Sing,In Motion,Copeland,"A. Marsh, B. Laurenson",4m54.452s
Brand New (Remix),The Carter Meets The Cartel 2: Lil Wayne & Drake,Lil Wayne & Drake,,2m26s
Kid A,Kid A,Radiohead,,4m47s
"Okay I Believe You, But My Tommy Gun Don't",Deja Entendu,Brand New,,5m35s
Invasion,Dubstep Collection 8,Parson,,5m11s
A Drunk With Style,Live in London,Henry Rollins,,14m38s
Wet Blanket,"Old World Underground, Where",Metric,,4m8s
Helena,Three Cheers For Sweet Revenge,My Chemical Romance,,3m22.895s
Bring the Noise,1988,Public Enemy,,3m46s
Free Fallin',The Moog Cookbook,The Moog Cookbook,,4m15s
Across The Border (EP Version),Light Years,Electric Light Orchestra,,3m52s
Love Bomb,Seeing Sounds,N.E.R.D.,,4m35s
Feel Like Fuckin',Definition Of Real,Plies,,4m16s
Knights of the Island Counter,mtvU [EP],Dave Melillo,,3m1s
Mr. Jones - Mike Jones,Instrumentals,DJ Smallz,,4m4s
Got It Sewed Up (Remix),Who Is Mike Jones?,Mike Jones,,3m18s
my love,jj n° 2,jj,,3m12s
Starman,The Life Aquatic - Studio Sessions,Seu Jorge,,3m18s
How Lovely To Be a Woman (Susan Watson),Bye Bye Birdie! - Original Broadway Cast,"Susan Watson,Chita Rivera,Dick Van Dyke,Dick Gautier,Paul Lynde,Michael J. Pollard,Kay Medford","Lee Adams, Charles Strouse",2m33s
"Cool, Calm, & Collected",Between The Buttons [US],The Rolling Stones,,4m20s
Reason To Believe,Dusk And Summer (Deluxe Edition),Dashboard Confessional,,3m44s
Sweet Dreams,Smells Like Children,Marilyn Manson,,4m53s
Nothingman,The Ultimate Best Of Pearl Jam,Pearl Jam,,4m35s
I'll Fly Away,The College Dropout,Kanye West,,1m10s
Cars,Cars,"Now, Now Every Children",,4m23s
Sam's Town,Sam's Town,The Killers,,4m6s
The Light,DMS,Common,,4m4s
Crank It Up (Clik Clik Remix),Dubstep Collection 3,Hadouken!,,3m41s
Hold Your Breath,Playing For Keeps,The Flipside,,3m39s
Give and Go,Night Ripper,Girl Talk,,2m53s
012. Georg Friederich Händel - Messiah (HWV 56) - Hallelujah.mp3,Classical Music Top 100,VA,,4m21s
rising down (featuring mos def & styles p),Rising Down,The Roots,,3m44s
VI: Park City,Idea Soundtrack,Idea,,3m58s
Adam's Song,Enema Of The State,Blink 182,Mark Hoppus/Tom Delonge,4m9s
074 Numbernin6 - Mosh (Original),,,,5m25s
A Song For The Optimists,Suicide Notes And Butterfly Kisses,Atreyu,Alex Varkatzas/Brandon Saller/Dan Jacobs/Travis Miguel,4m40s
"What Up, Whats Haapnin",T.I.-Paper.Trail.Retail-2008-[NoFS],T.I.,,5m1s
AM/FM Sound,Sidewalks,Matt & Kim,Kim Schifino/Matt Johnson,3m15s
Toxic Valentine,Jennifer's Body Soundtrack,All Time Low,,2m51s
Positif,Lambs Anger,Mr. Oizo,,2m51s
Tigerlily,La Roux,La Roux,,3m25s
3rd Period: New Friend Request,As Cruel As School Children,Gym Class Heroes,,4m2s
Big Willie Style,Big Willie Style,Will Smith,,3m36s
Come Out And Play,The Moog Cookbook,The Moog Cookbook,,5m
Where I Belong,Even If It Kills Me,Motion City Soundtrack,,3m22s
Tired,LCD Soundsystem (Disc 2),LCD Soundsystem,,3m35s
Deepest Fear,Dubstep Collection 1,Search and Destroy,,5m44s
Battlesong,Deltron 3030,Deltron 3030,,4m7s
Funkerman - Speed Up 2o1o(DJ A,Electro House Music Remixes-WE,VA,,5m10s
I Want To Know Your Plans (Acoustic),Spin Acoustic Session,Say Anything,,5m31s
The Function featuring Strong Arm Steady,Liberation,Talib Kweli & Madlib,,4m10s
Banquet ,Silent Alarm,Bloc Party,,3m22s
Mengao 2000,Rio Baile Funk - Favela Booty Beats,Baile- Favela On Blast,,1m30s
Hollywood Babylon,Collection,The Misfits,,2m20.225s
I Could Be Dreaming,Tigermilk,Belle & Sebastian,,8m47s
Motion Picture Soundtrack,Kid A,Radiohead,,4m20s
Everyone Looks So Good From Here,Define The Great Line,Underoath,,2m56s
Cecilia/Amanda,Jackpot Demos,elliott smith,,2m57s
Every Breath Is A Bomb,Burn Piano Island Burn,The Blood Brothers,,4m45s
Tiger Lily,Stories And Alibis,Matchbook Romance,,3m4s
I Miss You,Blink 182,Blink 182,blink-182,3m50s
Pushin' (Feat. Scarface & Young Jeezy),Trill,Bun-B,,4m42s
Gravity,Where The Light Is Live In Los Angeles [Disc 2],John Mayer,John Mayer,9m41s
Shame On A Nigga,Legend Of The Wu-Tang,Wu-Tang Clan,RZA,2m54.08s
Summer Jam,This Will Be The Death Of Us,Set Your Goals,,3m6s
Dreamchasers,Murray's Revenge,Murs,,2m38s
Neighborhood #4 (7 Kettles),Funeral,The Arcade Fire,,4m51s
22 Vista - Neptuna.mp3,Disc E: The Nice Move,"Revealomatic - No Bull, More Halfstep",,1m47s
A Pot In Which To Piss,The Monitor,Titus Andronicus,,8m54s
We're Desperate               ,Decline of Western Civilization (1981),X,,2m45s
Double Up [Feat Snoop Dogg],Double Up,R. Kelly,,4m49s
Prophets of Rage,1988,Public Enemy,,3m19s
Fucking's Greatest Hits,Burn Piano Island Burn,The Blood Brothers,,2m59s
020. Wolfgang Amadeus Mozart - Die Zauberflöte (K. 620) - Der Vogelfänger Bin Ich Ja.mp3,Classical Music Top 100,VA,,2m52s
Awkward Last Words,What To Do When You Are Dead,Armor For Sleep,Ben Jorgenson & Armor For Sleep,3m46.44s
Good For Great,Sidewalks,Matt & Kim,Kim Schifino/Matt Johnson,3m51s
The World Has Its Shine (But I Would Drop It On A Dime),¡Viva La Cobra!,Cobra Starship,,3m26s
Pyramid Song,Amnesiac,Radiohead,,4m50s
Happiness,"End Sessions (Seattle, WA)",Elliott Smith,Elliott Smith,3m35s
Give It Up,DFA Compilation #1,LCD Soundsystem,James Murphy,3m56s
Superstar Lady (Feat. Young Ca,2008,T-Pain,,3m21s
Instrumentals - Good Morning,www.officialinstrumentals.com,Instrumentals,,1m21s
Stereo Love - Original Mix,Stereo Love,"Edward Maya, Vika Jigulina",,4m8s
What's This,Nightmare Before Christmas,Fall Out Boy,,2m57s
I've Been Tired,Surfer Rosa & Come On Pilgrim,Pixies,,3m1s
david_guetta_feat._kid_cudi_-_memories_david_guetta_s_f_k_me_i_m_famous_remix_,,,,6m6s
The Wren,Doomtree,Doomtree,,3m43s
Beatem to da Floor,Da Unbreakables,Three 6 Mafia,,2m33s
Your Star,The All-American Rejects,The All-American Rejects,,4m22s
Hard (Caspa & The Others Remix),This Is Dubstep Vol.2,Breakage feat. Newham Generals & David Rodigan,,5m5s
So Deep (feat. Jahmal of the Carps),Fist of God,MSTRKRFT,,3m26.936s
What's My Age Again,Greatest Hits,Blink 182,,2m30s
Treefingers,Strung Out On Kid A,The Tallywood Strings,Radiohead,3m15s
Sail To The Moon,Hail to the Thief ,Radiohead,,4m28s
White Shadows,X&Y,Coldplay,"Chris Martin, Guy Berryman, Jon Buckland, Will Champion",5m28.19s
Sleeping Bag,Greatest Hits,ZZ Top,Gibbons/Hill,4m3s
Fear (Dirty),,Drake,www.franchiserecordpool.com,4m41s
Falling Down (Kid Kaio Remix),beatjunks.com,Space Cowboy ft. Chelsea Korka,,4m24s
Real,Lupe Fiasco's Food & Liquor,Lupe Fiasco Feat. Sarah Green,Soundtrakk,4m2.787s
The sharpest lives,The Black Parade is Dead !,My Chemical Romance,,3m18s
Everyday,ishlab iD Music Licensing,C&O,,3m12s
Get 'Em,What The Fuck Is A Jay Electronica,Jay Electronica,,2m55s
Nine In The Afternoon (Live),"Sessions@AOL, California, USA, 17th April 2008",Panic! At The Disco,,2m51s
Dorrough vs Bibio - Fire Ant Paint Job,The Mixtape Volume Four,The Hood Internet,"ABX, STV SLV",2m18s
Ebb And Flow,Controller,Misery Signals,,3m29s
Rappers Delight REMIX PLAY ME!!!!,,sugar hill gang,,7m36s
The Continuing Story Of Bungalow Bill,The Beatles [White Album] (Disc 1),The Beatles,John Lennon/Paul McCartney,3m5.713s
All You Need Is Love,Magical Mystery Tour,The Beatles,,4m
Breakfast In Cairo (feat. Noreaga & Kurupt),Exclusive Audio Footage,Clipse,,4m11s
Stand On Your Feet,Self-Titled Album,The Audition,,3m19s
Tribulations (Tiga's Out Of Th,Introns,LCD Soundsystem,,6m4s
Electable (Give It Up),Chase This Light,Jimmy Eat World,,2m58s
Burn Sumthin' (Produced by Juliano),Show And Prove,Wiz Khalifa,,3m50.388s
Bixby Canyon Bridge,Narrow Stairs,Death Cab For Cutie,,5m16s
Swing Set,Quality Control,Jurassic 5,,5m20s
Thought At Work (Remix),J. Period - Best Of The Roots,The Roots,J.Period,1m38s
Keep It Fascinating,Lazerproof,Major Lazer & La Roux,,3m15s
Electric Feel (Justice Remix),Electric Feel,MGMT,Andrew VanWyngarden,5m30s
Dealing,What The Fuck Is A Jay Electronica,Jay Electronica,,3m49s
Swim,The Glass Passenger,Jack's Mannequin,,4m17s
Tire Me,Evil Empire,Rage Against The Machine,,3m
Episode 143 - Henry Rollins,WTF with Marc Maron Podcast,Marc Maron,,1h29m
Freedom Time,The Re-Education of Lauryn Hill,Lauryn Hill,,4m47s
It Isn't Me,Bend To Break,The Color Fred,,4m1s
All I Need,In Rainbows,Radiohead,,3m49s
Protect Ya Neck (The Jump Off),Legend Of The Wu-Tang,Wu-Tang Clan,RZA,3m58.352s
A Living Will,Place Pigalle Demos,Elliott Smith,Elliott Smith,2m1s
Doorstep,W H O K I L L,Tune-Yards,,4m19s
Nancy Martinez - For Tonight (Vito V & Mc Mario Remix),,www.just4dance.fw.hu,www.just4dance.fw.hu,6m15s
Lick The Cat,Trunk Muzik,Yelawolf feat. Diamond,Produced By Will Power For SupaHot Beats/Ghet-O-Vision Entertainment,3m37s
Wet Work,Power,Q And Not U,,3m20s
Easy Target,Blink 182,Blink 182,blink-182,2m23s
Mexico (feat. club Dub),Dirty Acres,CunninLynguists,,4m25s
A Day In The Life,Sgt. Pepper's Lonely Hearts Club Band,The Beatles,Lennon/McCartney/Lennon/McCartney,5m33.972s
Where'd You Go  [CDQ],RnB and Hip Hop Instrumentals,Fort Minor,WWW.DJANDRESITO.BLOGSPOT.COM,21m38s
Tiny Dancer,Ben Folds Live,Ben Folds,Elton John and Bernie Taupin,5m24s
Bad Communication,The Age Of Adz,Sufjan Stevens,Sufjan Stevens,2m24s
Stay Cool,J. Period - Best Of The Roots,The Roots,J.Period,2m1s
"Your Stories, My Alibis",Stories And Alibis,Matchbook Romance,,4m46s
I’m Good (Ft. T-Streets),No Ceilings [illRoots.com],Lil' Wayne,,2m32s
Jay Sean - Down (Silky Bastard,Electro House Music Remixes-WE,VA,,6m8s
Here Today,,The Beach Boys,,2m54s
Hot Sex,The Anthology,A Tribe Called Quest,,2m46s
Fist of God,Fist of God,MSTRKRFT,,4m3.902s
Promise,Bastard Lives Comp.,Matchbook Romance,,4m25s
Short Story,Sweatbox,Henry Rollins,,5m29.258s
Check The Rhime,The Anthology,A Tribe Called Quest,,3m40s
042. Ludwig van Beethoven - Symphony No. 6 (Op. 68).mp3,Classical Music Top 100,VA,,10m34s
Go Away,The Understanding (Disc 2),Röyksopp,,3m54s
Cliff Diving,When Your Heart Stops Beating ,Plus 44,,3m42s
Heaven Can Wait,Invincible,Michael Jackson,"Michael Jackson, T. Riley, Andreao Heard, Nate Smith, Teron Beal, E. Laues, K. Quiller",4m50s
Lacerations (f/ DJ Melo D),Pangaea,Visionaries,Rhettmatic w/Vinroc & Melo D,2m51.456s
Since You've Been Gone        ,                              ,Kelly Clarkson                ,,3m10s
Fool In Love,Dubstep Collection 2,The Count and Sinden ft. NY,,3m35s
You Are,The Ultimate Best Of Pearl Jam,Pearl Jam,,4m29s
Tha Mobb,Tha Carter II,Lil Wayne,"D.P. ""Dad"" Carter/G. Gr3een/S. Thomas/W. Turbinton",5m20.597s
get them out ya way pa,8 Diagrams,Wu Tang Clan,,4m20s
Blah Blah Blah (feat. 3OH!3),Animal,Ke$ha,,2m55s
The Black Eyed Peas - Meet Me,Electro House Music Remixes-WE,VA,,7m55s
Lycanthrope,When Your Heart Stops Beating,Plus 44,,3m58s
Mr. Me Too (feat. Pharrell),Hell Hath No Fury,Clipse,G. Thornton/P. Williams/T. Gozney Thornton,3m42s
Nowadayz,Champion Sound,Jaylib,,3m9s
Joe Cole Phone Sex God,Big Ugly Mouth,Henry Rollins,,3m9.683s
Long Walks On Short Bridges,Sky Eats Airplane,Sky Eats Airplane,,4m21s
Why I don't Miss You,The Great Burrito Extrtion Case,Bowling For Soup,Bowling For Soup,3m50.55s
Cassandra Geminni: E. Sarcophagi,Frances The Mute,The Mars Volta,Omar A Rodriguez-Lopez,54.032s
The Boys Are Leaving Town,Post-Nothing (Promo),Japandroids,Japandroids,4m2s
Darnkess Fall,Dubstep Collection 5,Saviour,,6m33s
An Old Book Misread,Mutiny!,Set Your Goals,,3m54s
the pow wow,Rising Down,The Roots,,1m20s
The Bitter End,Sleeping With Ghosts,Placebo,,3m11s
Nine in the Afternoon,The String Quartet Tribute to Panic At the Disco's Pretty. Odd,Vitamin String Quartet,,3m16s
Give It Away,Sex Dreams and Denim Jeans CD,Uffie,,3m20s
Trade Mistakes,Vices & Virtues,Panic! At the Disco,,3m37s
Pavlove,Folie à Deux (Bonus Tacks),Fall Out Boy,,3m35s
No Future Part Three: Escape From No Future,The Monitor,Titus Andronicus,,5m17s
Little Room,White Blood Cells,The White Stripes,Jack White/Meg White,51s
I'm Innocent,Murs For President,Murs,,3m54s
I'm Lonely (But I Ain't That Lonely Yet),Get Behind Me Satan,The White Stripes,Jack White,4m21s
Someone Else's Arms,The Everglow,Mae,Mae,5m11.193s
Back Breaker,"Skip School, Start Fights",Hit The Lights,,3m25s
Dear Child (I've Been Dying To Reach You) [Good Old War Version],Avalon,Anthony Green,,3m27s
Stress,Cross,Justice,,5m
Lies,Gimme Some,Peter Bjorn and John,,3m11s
Jude Law and a Semester Abroad,Your Favorite Weapon,Brand New,,3m40s
My Friend Marcus,Mean Everything To Nothing,Manchester Orchestra,,3m41s
Brain Damage,The Slim Shady LP,Eminem,,3m47s
Rose Parade,"End Sessions (Seattle, WA)",Elliott Smith,Elliott Smith,3m23s
Agent of Chaos,The Dark Knight,The Dark Knight,,6m55s
Gander Back,Doomtree,Doomtree,,3m18s
Heavy Metal Kings w/ Ill Bill,"Servants In Heaven, Kings In Hell",Jedi Mind Tricks,ILL Bill,4m35.202s
Dreamcatcher,Sleep Without Dreams,2*Sweet,,39s
Smile Like You Mean It,Hot Fuss [Bonus Tracks],The Killers,,3m55s
Her Advice Cost Us A Life,Relativity,Emarosa,,4m35s
Paranoid,Maths And English,Dizzee Rascal,,2m37s
Shutterbugg (Ft. Cutty),Sir Lucious Left Foot: The Son of Chico Dusty,Big Boi,,3m35s
when you go out,Sebastien Granger Demos,Sebastien Grainger,,3m33s
The Resistance,Thank Me Later,Drake,,3m47s
Happiness/The Gondola Man,Figure 8,Elliott Smith,Elliott Smith,5m4s
Power.mp3,,PAige,,4m54s
Episode #231 (Originally Aired 11/4/11),Real Time with Bill Maher,HBO Podcasts,,56m14s
Kim,The Marshall Mathers LP,Eminem,,6m18s
Hip Hop Saved My Life (feat. Nikki Jean),Lupe Fiasco's The Cool,Lupe Fiasco,,4m2s
Bruised,Everything In Transit,Jack's Mannequin,Andrew McMahon,4m2.811s
Kandyland,BC13,Brokencyde,,3m24s
Track 03,EP,Been Bradley,,1m29.582s
Freak on a Leash,,KoRn,,4m16s
Showdown,Light Years,Electric Light Orchestra,,4m12s
Suffraggette City,The Life Aquatic - Studio Sessions,Seu Jorge,,3m11s
Here We Go Again,Here We Go Again,Demi Lovato,,3m46s
The Big Bad Wolf,3D,I See Stars,,3m10s
Tell Me What to Do,Metro Station,Metro Station,,3m11s
Warming Up The Spleen,"Talk Is Cheap, Vol. 4",Henry Rollins,,6m35.366s
What You Do To Me,Smile Kid (Deluxe Edition),We The Kings,,4m20s
Calamity Song,The King Is Dead,The Decemberists,Colin Meloy,3m50s
Same Blood,Santi,The Academy Is...,,3m13s
It Follows,Complete Discography,Minor Threat,,1m51s
Art School Girls (Rap Remix),,Ninjasonik,,2m38s
Sleepyhead,Manners,Passion Pit,,2m55s
Lifetime (Lifeline),Beat Konducta Vol. 6: Dil Withers Suite,Madlib,,2m14s
The Grain ft. The RZA,Supreme Clientele,Ghostface Killah,,2m35s
A Silver Chain (instrumental),Grand Mal: Studio Rarities,Elliott Smith,,2m57s
Sleep,The Black Parade,My Chemical Romance,,4m45s
Under The Gun,Hot Fuss [Bonus Tracks],The Killers,,2m33s
Just Getting Started,Action,Punchline,,4m39s
Our Thing,Waltz #2 (XO),Elliott Smith,,2m58s
Victim Support,This Is Dubstep Vol.2,Distance,,5m5s
3 Titres Inedits Promo - 03 - Happiness (Acoustic),3 Titres Inedits Promo,Elliott Smith,,3m31s
Allison,After The Room Clears,Permanent Me,,3m6s
All In,Artist Vs Poet,Artist Vs Poet,,3m10s
Good Things,Pangaea,Visionaries,OHNO the Disrupter,4m18.089s
Lil' Jimmy (Skit),The College Dropout,Kanye West,,54s
She Watch Channel Zero?!,1988,Public Enemy,,3m49s
I Just Died In Your Arms [May 1987],Broadcast,Cutting Crew,,4m11s
Get Out Clause,Dubstep Collection 3,MRK1,,5m32s
Note To Self,"Dear Diary, My Teen Angst Has A Bodycount",From First To Last,From First To Last,3m59.931s
No Money For Guns,Dubstep Collection 8,High Rankin,,5m16s
Bottom Top,Xtreme,Lupe Fiasco,,2m41s
Stand Up Featuring Kev Da Huslter (Produced by Juliano),Show And Prove,Wiz Khalifa,,3m46.348s
Warm It Up,Night Ripper,Girl Talk,,2m16s
My Heart Is The Worst Kind Of Weapon,My Heart Will Always Be The B-Side To My Tongue,Fall Out Boy,Fall Out Boy,3m22.129s
R U Ready (Dubstep Mix),This Is Dubstep Vol.2,Drumsound & Bassline Smith,,6m28s
Rockin' It                 +4,Fresh - Music Inspired By The Film,Fearless Four,,4m31s
"The Fake, The Snake, And The Birthday Cake",37 Everywhere,Punchline,,3m32.067s
Crack Music,Late Orchestration,Kanye West,,2m48s
The Barbers Unhappiness,Decomposer,The Matches,,5m25s
V.I.P. (Rough Mix),,After Play Rewind,,4m8.337s
Strange Reunions,Odd Blood,Yeasayer,,2m37s
Successful (Ft. Trey Songz),The Carter Meets The Cartel 2: Lil Wayne & Drake,Lil Wayne & Drake,,1m59s
Vision One,Junior,Röyksopp,,5m
Remember,Are You Experienced?,Jimi Hendrix,,2m49s
Track 11,,,,4m8s
Our Thing,Grand Mal: Studio Rarities,Elliott Smith,,2m59s
Blake Lewis - Sad Song (David Tort Vocal Mix),,www.just4dance.fw.hu,www.just4dance.fw.hu,7m42s
I'm Not,Person Pitch,Panda Bear,,4m
Gopacapulco,Scared Famous,Ariel Pink's Haunted Graffiti,,2m51s
Caller 10,37 Everywhere,Punchline,,3m36.572s
Wasted,No Ceilings [illRoots.com],Lil' Wayne,,4m19s
Beat Connection,DFA Compilation #2 [Disc 2],LCD Soundsystem,James Murphy/Tim Goldsworthy,8m5s
Quitte La Piste (A-Trak Ft. TTC),Dirty South Dance CD,A-Trak,,3m27.354s
Threat,The Black Album,Jay-Z,9th Wonder/Jay-Z,4m6.92s
Stereo Love (Dave Ramone Club Mix),Electrohouse Pack Week 10,Edward Maya & Vika Jigulina,PAH,5m32s
There's A Fire,OK Go,OK Go,,3m51s
Patrice O'Neal Remembered,WTF with Marc Maron Podcast,Marc Maron,,1h14m54s
This Photograph Is Proof (I Know You Know),Where You Want To Be,Taking Back Sunday,Taking Back Sunday,4m12.377s
Pressure,All We Know Is Falling,Paramore,,3m5.759s
Suppossed To Represent (Interlude),J. Period - Best Of The Roots,The Roots,J.Period,31s
Too Deep,Night Ripper,Girl Talk,,2m30s
Wreched Em? Damn Near Killed Em,Rise Or Die Trying,Four Year Strong,,3m13s
082 The Pixies - Where Is My Mind (Bassnectar Rmx),,,,4m20s
Part 2,Eric the Pilot,Henry Rollins,,10m12.751s
Clan In Da Front,Enter The Wu-Tang (36 Chambers),Wu-Tang Clan,,4m33s
Wild Nothing - Golden Haze,KEXP Song of the Day,Wild Nothing,,3m28s
Fuzzbox,Dubstep Collection 3,Bomb The Bass,,5m27s
Ready and Waiting to Fall,The Everglow,Mae,Mae,4m22.594s
Bass For Your Truck,Felt 3 (A Tribute To Rosie Perez),Felt (Slug & Murs),,3m15s
Madi Don't Leave,Texas,Playradioplay!,,5m41s
Testin My Gangsta,Da Unbreakables,Three 6 Mafia,,4m34s
Love,Plastic Ono Band,John Lennon,John Lennon,3m24s
Absolute Future,The Always Open Mouth,Fear Before the March of Flames,,1m6s
Amsterdam,Never Take Friendship Personal,Anberlin,,4m23s
Bodies,Never Mind the Bollocks Here's the Sex Pistols,The Sex Pistols,Johnny Rotten/Paul Cook/Sid Vicious/Steve Jones,3m1s
Movetown - Girl You Know Its T,Electro House Music Remixes-WE,VA,,6m35s
TiK ToK,Animal,Ke$ha,,3m23s
Delirium Feat. Sarah Mclachlan,Electro House Music Remixes-WE,VA,,8m40s
Are You Gonna Look After My Boys?,Scared Famous,Ariel Pink's Haunted Graffiti,,2m21s
I'm Every Woman,Hustle! Reggae Disco,Latisha,Nickolas Ashford - Valerie Simpson,3m47s
Sunplus [DFA Remix],DFA Compilation #2 [Disc 3],J. O. Y.,K. U. D. O./Kan Takagi/Yoshmi P-We,4m51s
'ard krew,Dubstep Collection 3,Black Rabbit,,5m7s
Living In The Sky With Diamonds,Hot Mess (Deluxe Edition),Cobra Starship,,3m21s
Julia,The Beatles [White Album] (Disc 1),The Beatles,John Lennon/Paul McCartney,2m54.242s
I'm in the House (Gigi Barocco Remix) ,DMS,Steve Aoki ft Zuper Blahq,,5m37s
Veronica,The Very Best Of Elvis Costello [Disc 1],Elvis Costello,MacManus/McCartney,3m7.361s
Fucked Up,Revolutionary But Gangsta (Retail),Dead Prez,,2m43s
Ain't Scared Of Ya,Real Recognize Real,Project Pat,,4m10s
I Can't See Myself,We All Need A Reason To Believe,Valencia,,3m40s
Black Stuff,Bigger and Blackerer,David Cross,,2m49s
Under Pressure (W/ Queen),Best Of Bowie,David Bowie,Brian May/David Bowie/Roger Taylor/John Deacon/Freddie Mercury,3m57.888s
Memories of the Future,Sound Kapital,Handsome Furs,,3m46s
To Whom It May Concern,"Survive, Kaleidoscope",Underoath,,5m40s
Intergalactic,Hello Nasty,The Beastie Boys,Mario Caldato Jr.,3m51.526s
Boots & Boys,Animal,Ke$ha,,3m19s
04 Cluekid - Frogs On Acid,Disc F: The Ruff Step,"Revealomatic - No Bull, More Halfstep",,1m35s
Helicopter,Halcyon Digest,Deerhunter,,4m58s
Changes,Best Of Bowie,David Bowie,David Bowie,3m35.783s
09 Benga - Zero M2.mp3,Disc E: The Nice Move,"Revealomatic - No Bull, More Halfstep",,55s
I'm Not Your Toy,La Roux,La Roux,,3m19s
Call Back When I'm Honest,Southern Weather,Almost,,3m25s
04 - Barely Legal,,,,4m
Nowhere Fast,Make Yourself,Incubus,,4m31s
I Put A Spell On You,Smells Like Children,Marilyn Manson,,3m37s
Such A Person,Save The World Lose The Girl,Midtown,,2m29.304s
Success (feat. Nas),American Gangster,Jay-Z,,3m32s
Objects Of My Affection,Writer's Block,Peter Bjorn And John,,4m36s
Beginner's Mind,The People's Key,Bright Eyes,,3m55s
Submission,Never Mind the Bollocks Here's the Sex Pistols,The Sex Pistols,Glen Matlock/Johnny Rotten/Paul Cook/Steve Jones,4m10s
I'm Afraid There's A Hole in My Brain,Texas,Playradioplay!,,4m3s
Suck Young Blood,Hail To The Thief,Radiohead,,4m59s
INRIhab,The Big Dirty,Every Time I Die,Every Time I Die,4m5s
Afraid of Everyone,High Violet,The National,,4m19s
This Ain't A Scene (Acoustic),Vh1 Unplugged,Fall Out Boy,,3m24s
Deep Blue,The Suburbs,Arcade Fire,,4m28s
Stadium Arcadium,Stadium Arcadium ,Red Hot Chili Peppers,,5m17s
Tear It Up,Let's Get It: Thug Motivation 101,Young Jeezy,"J. Jenkins, T. Sewell, R. Whitman",4m29.421s
Be Yourself,Out Of Exile,Audioslave,Audioslave,4m39.452s
Naughty Girl remix,,Beyonce,,4m11s
"Bleed, Everyone's Doing It","No Really, I'm Fine",The Spill Canvas,,3m11s
Errant Dog,Way To Normal,Ben Folds,,2m24s
Nine Elevan,Pangaea,Visionaries,KeyKool,3m21.247s
I'm Looking Through You,Rubber Soul (US),The Beatles,,2m29s
Lisztomania,Wolfgang Amadeus Phoenix,Phoenix,,4m8s
The Sadness Will Never End (Skrillex),Suicide Season Cut Up,Bring Me The Horizon,,6m3s
51st Anniversary,Are You Experienced?,Jimi Hendrix,,3m17s
Hoopin' & Humpin',The Animal Strings Album,Call It Arson,,2m13.05s
Inna - 10 Minutes (Play & Win,Electro House Music Remixes-WE,VA,,4m47s
"Girls, Girls, Girls (Remix)",The Blueprint,Jay-Z,,4m13s
Stay Late (Feat. Lil Wayne),"Drake ""Drizzy"" Rogers",Drake,,5m13s
Episode 228 - Merrill Markoe,WTF with Marc Maron Podcast,Marc Maron,,1h22m9s
Chapter 4,The Greatest Show on Earth: The Evidence for Evolution,Richard Dawkins,,29m40s
Nothing Boy vs. The Echo Factor,The Papercut Chronicles,Gym Class Hereos,,4m4s
Thnks Fr Th Mmrs,Live in Phoenix,Fall Out Boy,,3m30s
Out Of Step (With The World),Complete Discography,Minor Threat,,1m16s
Everything We Had,Santi,The Academy Is...,,3m40s
12XU,Complete Discography,Minor Threat,,1m4s
Pretty Little Whores w/ Outerspace,"Servants In Heaven, Kings In Hell",Jedi Mind Tricks,,3m39.8s
Califone,Avalon,Anthony Green,,3m31s
Climb,Black on Both Sides,Mos Def,,4m2s
Session 9,"The Mother, The Mechanic, And The Path",The Early November,,54s
I Wanna,Grand,Matt & Kim,,1m38s
Made A Mistake,Lights Out (Advance),Sugarcult,,4m15s
Airplanes,,The Ready Set,,2m30s
"One Day, Robots Will Cry",¡Viva La Cobra!,Cobra Starship,,3m41s
Austere,The Big Roar,The Joy Formidable,,3m31s
Nosy Neighbor (Intro),www.djpaniko1.blogspot.com,Akon Feat. David Guetta,,3m37s
The Gay Thing,Think Tank,Henry Rollins,,13m51.344s
Long Live Chappelles,For What It's Worth,Dave Chappelle,,2m40s
Celebration,Late Registration,Kanye West,Kanye West,3m18.507s
Where The Streets Have No Name (Single Edit),The Joshua Tree (Remastered / Expanded) (Deluxe Edition) (CD 2),U2,,4m50s
Waka Flocka Flame - Hard In The Paint _Prod. By Lex Luger.mp3,www.yungmanexclusives.blogspot.com,,,4m5s
I'm Waiting For The Day,,The Beach Boys,,3m5s
Instrumental (Basement era),Grand Mal: Studio Rarities,Elliott Smith,,16s
SModcast 189: SModcast 1989,SModcast - SModcast.com,Kevin Smith & Scott Mosier,,1h4m48s
wolves feat george clinton,8 Diagrams,Wu Tang Clan,,4m17s
She's Losing It,Tigermilk,Belle & Sebastian,,3m30s
The Fen,Tripper,Fruit Bats,,1m57s
Abaracadabra,Attack Of The Clones,Jay Electronica,,3m31s
Doe Deer,Crystal Castles,Crystal Castles,,1m38s
Watch Cost A Bentley (Feat. Bun B & Rocko),Movie 3: The Burrprint!,Gucci Mane,,3m55s
Little Man,Ritual Union,Little Dragon,,2m42s
Blindness,Fantasies,Metric,,4m27s
City Instrumental,Season 2 Flight of the Conchords,Flight of the Conchords,,1m37s
Chicago Is So Two Years Ago (Acoustic),Live on New Year's Eve,Fall Out Boy,,3m5s
Center of Attention,Anywhere But Here,Mayday Parade,,3m1s
Maneater,Greatest Hits Rock 'n Soul Part One,Daryl Hall and John Oates,,4m30s
Holly (Would You Turn Me On?),"So Wrong, It's Right",All Time Low,,3m52s
Songs Of Love,"Supersunnyspeedgraphic, The LP",Ben Folds,,3m38s
Unstoppable (feat. Santo Gold,So Far Gone,Drake,,3m30s
I Want The One I Can't Have,Meat is Murder,The Smiths,Johnny Marr/Morrissey,3m14.374s
Untitled,Downtown Battle Mountain,Dance Gavin Dance,,48s
"049. Antonio Lucio Vivaldi - Le Quattro Stagioni (Op. 8, RV 293) - l'Autunno.mp3",Classical Music Top 100,VA,,11m7s
Wake The Sun,A Band In Hope,The Matches,,3m41s
The Next Episode,2001,Dr. Dre,Dr. Dre,2m43.654s
The Vacuumist,Do You Believe In Gosh,Mitch Hedberg,,2m35s
Affliction,Decemberunderground,AFI,,5m30s
Party in the USA,,Life On Repeat,,3m28s
Night Flight,Physical Graffiti,Led Zeppelin,,3m37s
All Falls Down (ft. Syleena Johnson),The College Dropout,Kanye West,,3m44s
Crazy Since The 80s (Produced by Juliano),Show And Prove,Wiz Khalifa,,4m40.636s
Lamentation,Degeneration Street,The Dears,Murray Lightburn/Natalia Yanchak/Patrick Krief/Rob Benvie,4m20s
Lukin [Live],The Ultimate Best Of Pearl Jam,Pearl Jam,,51s
The Conversation Pt. 2,"Talk Is Cheap, Vol. 4",Henry Rollins,,14m23.48s
Insult To Injury,Treehouse Talk,504 Plan,,2m53s
This Apparatus Must Be Unearthed,De-Loused In The Comatorium,The Mars Volta,The Mars Volta,4m58.004s
That For Me,Underdog Alma Mater,Forever The Sickest Kids,,2m59s
Suicide,"Servants In Heaven, Kings In Hell",Jedi Mind Tricks,,3m54.893s
I Choose You (Produced by ID Labs),Show And Prove,Wiz Khalifa,,3m44.235s
That's it That's All,2004,Beastie Boys,,2m29s
Hustlin (Remix),Port Of Miami,Rick Ross,,6m26s
True Love (Better Vocal),Basement Demos,Elliott Smith,,5m36s
Sweatshop (Phowa Remix),Dubstep Collection 4,ILLGATES,,5m30s
We Are Your Friends (Reprise) [Live],A Cross the Universe (Live),Justice,,3m42.191s
I Will Play My Game Beneath The Spin Light,Deja Entendu,Brand New,,3m57s
Sao Paulo,1983,Flying Lotus,,2m9s
"Passed Your Place, Saw Your Car, Thought Of You",Sycamore Meadows,Butch Walker,,5m42s
Pursuit Of Happiness (Steve Aoki Remix),DMS,Kid Cudi,,6m12s
The Academy is… - About a Girl (snippet),Welcome to the New Administration (mixtape number 60---),CitizensFOB Mixtape,Hosted & Mixed By Clinton Sparks,53s
Mama,The Black Parade,My Chemical Romance,,4m40s
2 Minutes Maher (Originally Aired 10/14/11),Real Time with Bill Maher,HBO Podcasts,,4m51s
Girl in a Tree,Scared Famous,Ariel Pink's Haunted Graffiti,,3m21s
Reinventing The Wheel To Run Myself Over,Take This To Your Grave,Fall Out Boy,,2m21s
Again Again,The Fame,Lady GaGa,,3m6s
"When All is Said and Done, I am Lonely and Miserable and Barely Able to Mask My",It's Not Funny,David Cross,,12m56s
Minor Threat - Minor Threat,,Minor Threat,,1m28s
So Serious,Light Years,Electric Light Orchestra,,2m43s
Your Guts (I Hate 'Em),Greatest Hit And More,Reel Big Fish,,2m10s
Discofreunde - Speed Up (Danny Age Remix),,www.just4dance.fw.hu,www.just4dance.fw.hu,4m47s
Scandalous Hoes (Feat Lil Bran),Who Is Mike Jones?,Mike Jones,,3m23s
Summer So Bleak,Things Aren't So Beautiful Now,A Thorn for Every Heart,A Thorn for Every Heart,3m38s
Work It Out (Acapella Clean),The Ranaissance,Q Tip,,2m28s
Substitution,Swoon,Silversun Pickups,,4m42s
It's Only Love,Rubber Soul (US),The Beatles,,1m56s
Bomb The Blocks (Bassnectar Remix),Dubstep Collection 2,Bassnectar,,4m39s
Thirteen,New Moon,Elliott Smith,,2m43.329s
The Official,Champion Sound,Jaylib,,3m32s
Flossin Season,400 Degreez,Juvenile,,4m33.345s
That Girl's A Trick,Who Are You Now?,This Providence,,3m33s
030. Gabriel Urbain Fauré - Cantique De Jean Racine (Op. 11).mp3,Classical Music Top 100,VA,,6m46s
The Saddest of All Keys,Outside,Tapes 'n Tapes,,3m51s
Yesterday,Murray's Revenge,Murs,,3m39s
Bad Boys Blue - Love Me or Lea,Electro House Music Remixes-WE,VA,,6m18s
The World Will Never Do (featuring B.o.B),Hot Mess (Deluxe Edition),Cobra Starship,,4m11s
One Month Off,Intimacy,Bloc Party,,3m39s
June Hymn,The King Is Dead,The Decemberists,Colin Meloy,3m58s
Gift Of A Friend,Here We Go Again,Demi Lovato,,3m26s
Exogenesis - Symphony Part II (Cross Pollination),The Resistance,Muse,,6m19s
Ready,Based On A True Story,The Starting Line,,4m9s
That's Gangsta 2.mp3,,Paige,,2m46s
Slowing Down (Demo),Avalon,Anthony Green,,1m58s
Jedi Mind Tricks(demo),demo,Audio Accident,,4m17s
Yellow Cat (Slash) Red Cat (Demo),Is A Real Boy (demo),Say Anything,,5m21s
...But What Will They Say?,This Providence,This Providence,,2m22s
A Brief Tutorial In Bachanalia,The Always Open Mouth,Fear Before the March of Flames,,4m37s
Rooftops And Invitations,Dusk And Summer (Deluxe Edition),Dashboard Confessional,,3m56s
098 Shut Up & Dance - Epileptic (Martyn's No Strobe Mix),,,,5m49s
Church,Speakerboxxx/The Love Below,Outkast,,3m27s
Its Me Snitches (Remix) (Instrumental),Its Me Snitches (Remix) BW Bust Ya Gunz,Swizz Beatz Ft Lil Wayne R. Kelly and Jadakiss,,3m19s
Everything You're Not,Here We Go Again,Demi Lovato,,3m43s
Borgore Ina Trouble,Dubstep Collection 8,Borgore,,3m34s
Indiana,Something Real,Meg & Dia,Dia Frampton/Meg Frampton,2m48s
Steve Wonder - Song Review - 06 - Ebony And Ivory,,The Strokes,,3m41s
Drops Of Jupiter,Alive At Last,Train,,4m28s
Tomatoes,Strategic Grill Locations,Mitch Hedberg,,3m5s
Unforgettable (featuring Young Jeezy),Thank Me Later,Drake,,3m35s
You Won't See Me,Rubber Soul (US),The Beatles,,3m21s
"For A Pessimist, I'm Pretty Optimistic",Riot!,Paramore,,3m49s
Little Secrets (The Filth Remix) MIX 2,www.avengethevirgins.net,Passion Pit,,5m47s
Knock-down Drag-out,Weezer (Green Album),Weezer,,2m8s
Stay fly,,Three 6 Mafia,,3m58s
Love Song,Pop Volume II,Four Year Strong,Punk Goes...,3m4s
No Name #6,"""Basement II"" Demos",Elliott Smith,,2m50s
Wake Me Up When September Ends,American Idiot,Green Day,,4m46s
Cant Believe it (Feat. Lil’ Wa,Thr33 Ringz,T-Pain,,4m37s
The Resolution (Live),iTunes Live from SoHo - EP,Jack's Mannequin,,3m1.835s
The Carpal Tunnel Of Love,Infinity On High,Fall Out Boy,,3m25s
015. Gustav Mahler - Symphony No. 5.mp3,Classical Music Top 100,VA,,6m41s
(AM),Psychic Chasms,Neon Indian,,25s
Chapter 13,When Your Heart Stops Beating,+44,"Mark Hoppus, Travis Barker",5m7.362s
Hide 'Nor Hair,Visionary Soul,Ray Charles,Mayfield-Craft,3m12.145s
Black Widow  [ibootleggedyourmum.wordpress.com],,Spork Kills,Your Mum,3m15s
Octopus's Garden,Abbey Road,The Beatles,,2m52s
Treefingers,Kid A,Radiohead,Colin Greenwood/Ed O'Brien/Jonny Greenwood/Phil Selway/Thom Yorke,3m44s
Punk Rock Princess,Leaving Through The Window,Something Corporate,Andrew McMahon,3m52.129s
Space Oddity,Best Of Bowie,David Bowie,David Bowie,5m16.023s
Who Said We're Wack,Incredibad,The Lonely Island, ,1m17s
There's No Penguins In Alaska,2005,Chiodos,,4m34s
Lock & Load,Tha Carter II,Lil' Wayne Feat. Kurupt,D. Carter & T-Mix,4m46.627s
Sometimes Featuring Kelly Porter (Produced by ID Labs & Champ Super),Show And Prove,Wiz Khalifa,,4m20.969s
Turnin Me On (New Remix),DMS,Keri Hilson ft T-Pain & Lil Wayne,,4m30s
On The Block #1,Tha Carter II,Lil Wayne,D. Carter,38.73s
"Kiss Me, I'm Contagious","Dear Diary, My Teen Angst Has A Bodycount",From First To Last,From First To Last,3m27.121s
What You Want,J. Period - Best Of The Roots,The Roots,J.Period,1m25s
Classic Freestyle,Just Do It: A Mixtape Ode To Nike,6th Sense & Mick Boogie,,2m48s
Go By (instrumental),Grand Mal: Studio Rarities,Elliott Smith,,3m47s
I've Got Hurt Feelings (Feat. Murray),Season 2 Flight of the Conchords,Flight of the Conchords,,1m33s
Heartless,808's And Heartbreaks,Kanye West,,3m31s
Semi Charmed Life,Explains It All,Four Year Strong,,3m32s
Team Zissou,The Life Aquatic - Studio Sessions,Seu Jorge,,2m33s
Creep (radio version),Pablo Honey,Radiohead,Colin Greenwood/Ed O'Brien/Jonny Greenwood/Phil Selway/Thom Yorke,4m
Kissability,Daydream Nation,Sonic Youth,Sonic Youth,3m6s
Bring It (Snakes On A Plane),"While The City Sleeps, We Rule The Streets",Cobra Starship,,3m16s
Champion,Graduation,Kanye West,,2m48s
Theme from Vicarious Bliss,Ed Rec Vol. 1,Vicarious Bliss,,3m25s
Revolution,Love,The Beatles,,2m15s
American Terrorist,Lupe Fiasco's Food & Liquor,Lupe Fiasco Feat. Matthew Santos,Profylic,4m40.589s
Blackout,Killing With A Smile,Parkway Drive,Parkway Drive,2m44s
Outro,The Mixtape Volume Four,The Hood Internet,"ABX, STV SLV",48s
The Kitchen Club,Scared Famous,Ariel Pink's Haunted Graffiti,,5m31s
In Limbo,Strung Out On Kid A,The Tallywood Strings,Radiohead,3m33s
Dust In Gravity (Dave Ramone & Nvg Mix),Electrohouse Pack 21.02.2010,Delirium,,6m28s
Chain Hang Low,,Jibbs,,3m31s
All Bitches (Sunloverz Mix),Electrohouse Pack 26.02.2010,Niels Van Gogh & Voltaxx,,6m25s
Don't Feel Right,J. Period - Best Of The Roots,The Roots,J.Period,2m10s
Ganja Man,Dubstep Collection 3,The Others,,5m7s
C.R.E.A.M.,Legend Of The Wu-Tang,Wu-Tang Clan,RZA,4m10.427s
Verbal Intercourse (Ft Ghostfa,Only Built 4 Cuban Linx VBR,Raekwon,,3m32s
49ers (Orange Shirt) ft. DC Pierson,I AM JUST A RAPPER ,Childish Gambino,,2m27s
The Ultimate Cover Up,Controversy Loves Company,The Audition,,2m58s
May This Be Love,Are You Experienced?,Jimi Hendrix,,3m12s
You Mean The World To Me,Action,Punchline,,2m42s
Evenflow,The Moog Cookbook,The Moog Cookbook,,4m28s
Beyonce - Single Ladies (Bruno,Electro House Music Remixes-WE,VA,,5m55s
Neon,Where The Light Is Live In Los Angeles [Disc 1],John Mayer,John Mayer,5m56s
Band New Show,Thr33 Ringz,T-Pain,,1m4s
When Your Heart Stops Beating,When Your Heart Stops Beating,Plus 44,,3m2s
Violence,Blink 182,Blink 182,blink-182,3m52s
Long Time,2009,Quantum Soul,,5m12s
Who Knew,The Marshall Mathers LP,Eminem,,3m49s
Rally Rasser Good,Ghostly By Night,Matthew Dear,,4m37s
Airport Hell,Think Tank,Henry Rollins,,14m35.252s
Episode 189 - Nick Thune,WTF with Marc Maron Podcast,Marc Maron,,1h9m29s
Midnight Land,Howl,Empires,,3m33s
High School Art Class,Spilling Over Every Side,Pretty Lights,,8m53s
Love You Like I Do,Deep Shadows And Brilliant Highlights,H.I.M.,Ville Valo,5m14.026s
02 Tes La Rok - Kill Dem.mp3,Disc F: The Ruff Step,"Revealomatic - No Bull, More Halfstep",,1m20s
Recluse,Save The World Lose The Girl,Midtown,,3m22.478s
Memory Lane,From a Basement on the Hill,Elliott Smith,Elliott Smith,2m31s
Neighborhood #2 (Laika),Funeral,The Arcade Fire,,3m33s
Gypsy Woman 2009,The Ultimate Dance Top 100 2009,Tristan Garner ft. Crystal Waters,,2m53s
Soon The New Day (feat. Norah Jones),Ear Drum,Talib Kweli,,4m3s
My Money,Trappin Ain't Dead,Young Jeezy,,3m52s
Time Is Now Feat. Snoop Dogg,Murs For President,Murs,,4m56s
Bun,Trill,Bun-B,,4m7s
"This Time, it's Our Time",Forever Comes Too Soon,The Years Gone By,,1m8s
Conviction Notice,GNV FLA,Less Than Jake,,2m37s
Rebecca,Something Real,Meg & Dia,Meg Frampton,3m24s
Sun is Shining (Funkerman Remix),Sun is Shining,Re-United,,7m18s
Hold My Hand,Hits,New Found Glory,,3m42.214s
Do Da Oliphant,My Name Is Skrillex EP ,Skrillex,,3m27.261s
Fallen,Afterglow Live,Sarah McLachlan,,3m52s
Track 11,,,,4m54.057s
A Toast To the Future Kids!,Emarosa,Emarosa,,3m46s
"""When It Rains"" Intro","Live at Norwegian Wood - June 14, 2008",Paramore,,1m24s
Head In Hands,We All Need A Reason To Believe,Valencia,,2m56s
Episode #206 (Originally aired 3/18/11),Real Time with Bill Maher,HBO Podcasts,,56m50s
Dancing on the Highway (demo),Grand Mal: Studio Rarities,Elliott Smith,,4m
100 Years,Live,Five For Fighting,,5m56s
"For A Pessimist, I'm Pretty Optimistic",The Final Riot!,Paramore,,4m27s
Talking Bird,Narrow Stairs,Death Cab For Cutie,,3m24s
I Wanna Love You (Akon Cover),The Way We Talk,The Maine,,3m4s
By Your Side ( Extended Afrobeat Remix,"Red, Hot, & Riot",Sade,,7m32s
Let's Turn the Record Over,Grand Mal: Studio Rarities,Elliott Smith,,1m38s
Come Back,The Ultimate Best Of Pearl Jam,Pearl Jam,,5m30s
Now You Wanna Show Me How,Either/Or Demos (Disc 1 of 2),Elliott Smith,,2m44s
"Sunshine (feat. Sean Lennon, Money Mark, Father Guido Sarducci, Josh Hayden of Spain & Paula Frazer of Tarnation)",So... How's Your Girl?,Handsome Boy Modeling School,,4m10s
Enter the Ninja (DJ Fishsticks Remix),5 - EP,Die Antwoord,"Ninja, DJ Hi-Tek & Yo-landi Vi$$er",3m50s
The Launch (Mustard Pimp Edit),Fuckthatworld.com,DJ Jean,,3m44s
Catholic Pagans,Astrocoast,Surfer Blood,,3m13s
bloodshot,The Glass Passenger,Jack's Mannequin,,3m58s
Radiohead - 06 - Knives Out.m,,Radiohead,,4m17s
Since I Left You,Since I Left You,The Avalanches,,4m20s
Side Of The Road,Songs For Goldfish,Ben Folds,,2m59s
Let It Loose,EP,After Play Rewind,,3m57.563s
Don't Leave Me,"The Mark, Tom and Travis Show",Blink 182,,2m41s
City With No Children,The Suburbs,Arcade Fire,,3m12s
I Gotcha Back,Liquid Swords,GZA,,5m1s
Doomsday Was Written In An Alien Bible (Prod. By Ill Bill),The Hour Of Reprisal,Ill Bill,,3m4s
Last Donut Of The Night,Donuts,J Dilla,,1m40s
One Thing is For Sure,"No Really, I'm Fine",The Spill Canvas,,3m39s
Feathers,No World For Tomorrow,Coheed & Cambria,,4m56s
Supa GFK,The Big Doe Rehab,Ghostface Killah,,3m39s
You Only Live Once,First Impressions Of Earth,The Strokes,Julian Casablancas,3m9.289s
Stay In Ur Lane (Produced by Black Czer),Show And Prove,Wiz Khalifa,,3m42.47s
Dancing with Tears in My Eyes,Animal,Ke$ha,,4m26s
Send My Love To The Dance Floor,AOL Sessions Under Cover,Cobra Starship,,3m48s
Hold Fast Hope,Vheissu,Thrice,Dustin Kensrue/Thrice,4m1s
Lucky Girl,Ed Rec Vol. 2,DJ Mehdi,,4m2s
All The Pretty Girls,Aim And Ignite,fun.,,3m23s
Hold On (Feat. Amber Coffman),O.M.G.!,Rusko,,4m35s
Free Coffee,Way To Normal,Ben Folds,,4m2s
Instrumentals - Kanye West - Cant Tell Me Nothing,,,,4m48s
4 Out of 5,Living Thing,Peter Bjorn and John,,4m8s
A Living Will,Son Of Sam,Elliott Smith,,2m29s
Up All Night (featuring Nicki Minaj),Thank Me Later,Drake,,3m56s
Numbers,Sky Eats Airplane,Sky Eats Airplane,,3m45s
War With God,Release Therapy,Ludacris,,4m32s
Roll the Dice,Mickey Avalon,Mickey Avalon,,3m46s
Shout [August 1985],Songs from the Big Chair,Tears For Fears,,6m34s
The End,Anywhere But Here,Mayday Parade,,3m38s
USA Nails,Burn Piano Island Burn,The Blood Brothers,,5m15s
Young Americans,Best Of Bowie,David Bowie,David Bowie,3m15.024s
"The Take Over, The Break's Over (AOL Live)",Live @ The Roxy,Fall Out Boy,,3m27s
You Still Believe In Me,,,,2m31s
6 Months,Hold On Tight,Hey Monday,Rohan Kohli,3m41s
House Of Wolves,The Black Parade,My Chemical Romance,,3m5s
The One I Love,The Moog Cookbook,The Moog Cookbook,,4m31s
Jesus Walks,The College Dropout,Kanye West,,3m14s
I'm on a Boat (feat. T-Pain),Incredibad,The Lonely Island, ,2m36s
No Matter What,T.I.-Paper.Trail.Retail-2008-[NoFS],T.I.,,4m42s
Rearviewmirror,The Ultimate Best Of Pearl Jam,Pearl Jam,,4m46s
"Small Man, Big Mouth",Complete Discography,Minor Threat,,55s
Now Get Busy (Bonus),2004,Beastie Boys,,2m26s
True Love,Grand Mal: Studio Rarities,Elliott Smith,,5m23s
My 1st Song,The Black Album,Jay-Z,9th Wonder/Jay-Z,4m45.048s
Desert Of Our Love,The Joshua Tree (Remastered / Expanded) (Deluxe Edition) (CD 2),U2,,4m59s
The Life Of The Party Has Left The Building ,GNV FLA,Less Than Jake,,41s
Still Tippin (Feat Slim Thug And Paul Wall),Who Is Mike Jones?,Mike Jones,,4m32s
Instrumentals - Kanye West Ft Little Brother - Tapemasters Inc -Mixtape Wonde - I See Now (Prod By 9th Wonder,,,,4m28s
Feel Good Inc,Demon Days,Gorillaz,,3m41s
Eurythmics - Sweet Dreams,,,,4m52s
Black Cow (Sampled for Uptown Baby) +7.5,Aja,Steely Dan,,5m11s
I Miss You,Make Yourself,Incubus,,2m49s
Chapter 2,The Greatest Show on Earth: The Evidence for Evolution,Richard Dawkins,,25m12s
Cancer,Treehouse Talk,504 Plan,,3m55s
"It Ain't Me, Babe",The Essential: Bob Dylan,Bob Dylan,Bob Dylan,3m37.222s
#461: Take the Money and Run for Office,This American Life,Chicago Public Media,,58m32s
Paris Tokyo (Live),Xtreme,Lupe Fiasco,,4m15s
You Vandal,Through Being Cool,Saves the Day,Chris Conley,2m28s
weak spot,8 Diagrams,Wu Tang Clan,,3m59s
Breakthrough,Murs For President,Murs,,4m7s
Leave The World Behind - Original Mix,Leave The World Behind,"Steve Angello, Axwell, Sebastian Ingrosso, Laidback Luke",,6m51s
Always,Vices & Virtues,Panic! At the Disco,,2m34s
The Message,2001,Dr. Dre Feat. Mary J. Blige,Dr. Dre,5m29.375s
Got,Black on Both Sides,Mos Def,,3m28s
Pearl Necklace,Greatest Hits,ZZ Top,Hill/Gibbons,4m6s
January Hymn,The King Is Dead,The Decemberists,Colin Meloy,3m14s
Another Love Song,Songs For The Deaf,Queens Of The Stone Age,"Josh Homme, Nick Oliveri",3m16.255s
What's The Word,With Love And Squalor,We Are Scientists,"Keith Murray, Chris Cain, Michael Tapper",3m17.23s
Put You On Game,Lupe Fiasco's The Cool,Lupe Fiasco,,3m3s
Sick Muse,Fantasies,Metric,,4m18s
4th Period: Clothes Off!,As Cruel As School Children,Gym Class Hereos,,3m52s
Vision Of Division,First Impressions Of Earth,The Strokes,Julian Casablancas,4m20.342s
How To Say Goodbye,Tear The Fences Down,Eulogies,Peter Walker,2m46s
Hello,Dubstep Collection 8,AC Slater,,4m21s
Molly Conelly (Demo),Is A Real Boy (demo),Say Anything,,3m8s
This Protector,White Blood Cells,The White Stripes,Jack White/Meg White,2m13s
Gravemakers & Gunslingers,No World For Tomorrow,Coheed & Cambria,,4m21s
Better Be Prepared,We All Need A Reason To Believe,Valencia,,3m9s
"(What's So Funny 'Bout) Peace, Love & Understanding",The Very Best Of Elvis Costello [Disc 1],Elvis Costello,Lowe,3m31.719s
Reckless,Crystal Castles,Crystal Castles,,3m28s
Im From The South,The Carter Meets The Cartel 2: Lil Wayne & Drake,Lil Wayne & Drake,,1m25s
The (After) Life Of The Party,Infinity On High,Fall Out Boy,,3m22s
50 Thousand Deep,2007,Blue Scholars,,5m10s
Stay Fly (Ft. Young Buck Eight,2005,Three 6 Mafia,,3m57s
Episode 181 - Brian Posehn,WTF with Marc Maron Podcast,Marc Maron,,1h15m53s
I'll Be Back,A Hard Day's Night,The Beatles,,2m27s
Clean Breaks,The Shade Of Poison Trees,Dashboard Confessional,,2m59s
Heaven At Nite,Plain Pat & Emile Presents a KiD named CuDi,KiD CuDi,,3m17s
Q-Tip-Life Is Better (Ft. Norah Jones),Q-Tip-The.Renaissance-Retail-2008-[NoFS],Q-Tip,,4m41s
"The Academy Is... - ""Black Mamba"" (Teddybears Remix) ",Snakes on a Plane: The Album,"""Black Mamba""",,3m31s
You Left Me,Can't Stop Won't Stop,The Maine,,3m29s
My America,"Spoken Word Guy (Alexandria, VA 11/03/08) [Disc 2]",Henry Rollins,Henry Rollins,11m51.784s
Here Comes the Sun,Abbey Road,The Beatles,,3m6s
Tarantula Perfume,Sleep Without Dreams,2*Sweet,,3m47s
Do It Now,Black on Both Sides,Mos Def,,3m50s
are you still in vallda?,jj n° 2,jj,,2m35s
Do What You Want,Oh No,OK Go,,3m6s
Disloyal Order Of Water Buffaloes,Folie A Deux,Fall Out Boy,,4m18s
Lauren Marie,Album,Girls,Www.DepoDepo.Fr By Orko61,4m59s
Stay Together For The Kids,Greatest Hits,Blink 182,,3m59s
Titan,Dubstep Collection 2,Jakes,,4m38s
Da Funk/Daftendirekt,Alive 2007 [Deluxe Edition],Daft Punk,,30m32s
045 Joint Forces - As I Rise Feat. Dubwise,,,,5m7s
Hash Pipe,Weezer (Green Album),Weezer,,3m7s
Hovercraft,Dubstep Collection 1,Cluekid,,5m14s
I Slept With Someone In Fall Out Boy And All I Got Was This Stupid Song Written About Me,Live at Voodoo Fest '07,Fall Out Boy,,3m48s
The Speed of Pain,Mechanical Animals,Marilyn Manson,M.W. Gacy/Marilyn Manson/Twiggy Ramirez/Zim Zum,5m32s
Islands,The Greatest,Cat Power,Chan Marshall,1m44.489s
Well Well Well,Plastic Ono Band,John Lennon,John Lennon,6m
The Academy is… - Automatic Eyes - Suave Suarez remix (featuring Tyga),Welcome to the New Administration (mixtape number 60---),CitizensFOB Mixtape,Hosted & Mixed By Clinton Sparks,2m40s
Nostrand,Classics,Ratatat,,3m5s
"The Take Over, The Breaks Over",Live at Voodoo Fest '07,Fall Out Boy,,3m59s
The Boy Who Blocked His Own Shot,Deja Entendu,Brand New,,4m39s
Dancin' On A Pole (Ft. Chrome),Most Known Unknown,Three 6 Mafia,,3m49s
Never Front (Ears Up),Beat Konducta Vol. 6: Dil Withers Suite,Madlib,,4m25s
This One's a Cheap Shot,Shh. Just Go with It,Every Avenue,,2m59s
Big Man,Dubstep Collection 8,NTRLD,,5m15s
Past Praying For,2009,VersaEmerge,,2m55s
We Are the Industry,Pass The Flask,The Bled,,6m6s
The fall of Ambrose Bierce,This is my Boomstick,The Stiletto Formal,,4m5.667s
Islands,xx,The xx,,2m41s
End,Abbey Road,The Beatles,,2m22s
Sky's The Limit,Da Drought 3 [Disc 1],Lil Wayne,,5m20s
The Burden,"Spoken Word Guy 2 10-13-07 Ann Arbor, Mi",Henry Rollins,,5m17s
Be Easy,What The Fuck Is A Jay Electronica,Jay Electronica,,4m31s
Break On Through (to the other side),The Best of The Doors,The Doors,,2m29s
You're So Last Summer,Tell All Your Friends,Taking Back Sunday,John Nolan,2m59.49s
Walking Out Your Front Door,Bastard Lives Comp.,Underoath,,4m4s
Let's Go,Let's Go - Single,Cartel,,2m41s
Scratch Tools 2 ,DMS,DJ Whitematic,,3m48s
Situations,Hits,New Found Glory,,3m24.451s
The Search (Prod. Rich Kidd),,Drake feat. Saukrates,,3m58s
I Will Never Write An Obligatory Song About Being On The Road And Missing Someone,...Is A Real Boy [Disc 2],Say Anything,Max Bemis,3m49.715s
Mother Superior,No World For Tomorrow,Coheed & Cambria,,6m39s
Christopher S. - Fuck Again (Streamrocker Mega Woof Remix),,www.just4dance.fw.hu,www.just4dance.fw.hu,4m25s
Fred Stoller,The Nerdist,Nerdist,Katie Levine,1h17m54s
Black Heroes,LP3,Ratatat,,4m6s
Black Cat,A Lesson In Romantics,Mayday Parade,,3m24s
Minor Nine (Kryptic Minds Remix),Dubstep Collection 2,Kryptic Minds and Leon Switch,,5m36s
A Decade Under The Influence,Where You Want To Be,Taking Back Sunday,Taking Back Sunday,4m1.859s
Chapter II: A Strange Conversation,Phantom on the Horizon,The Fall of Troy,,4m42s
I Am Who I Am (feat. Eloquent),The Lady Luck EP,The Cab,,3m39s
Two Of Us,Let It Be,The Beatles,,3m39s
Crush,Clarity,Jimmy Eat World,,3m13s
Pete Wentz Is the Only Reason We're Famous,Hot Mess,Cobra Starship,,3m4s
Dance With Me,3oh!3,3oh!3,,2m17s
The Mystery (Dilla's Still Her),Beat Konducta Vol. 5: Dil Cosby Suite,Madlib,,1m48s
Boyz In The Adulthood,"Talk Is Cheap, Vol. 1",Henry Rollins,,18m13s
Something Diabolical,Hefty Fine,Bloodhound Gang,,5m12s
The Way You Make Me Feel,Number Ones,Michael Jackson,Epic,4m57.981s
Run,Contra,Vampire Weekend,,3m53s
Sea Of Time,Yellow Submarine,The Beatles,George Martin,3m
Jurass Finish First,Quality Control,Jurassic 5,,4m36s
Think About It,Used And Abused,Danger Radio,,3m49s
Enur Feat Natasja -- Calabria 2007,,,,3m53s
A Story to Tell Your Friends,Shh. Just Go with It,Every Avenue,,3m22s
Street Corners (Scuba Scythe Remix) [Explicit],Wu-Tang Meets The Indie Culture Vol. 2: Enter The Dubstep [Explicit],Wu-Tang,,4m1s
From A Mountain In The Middle Of The Cabins,Pretty. Odd.,Panic At The Disco,,3m2.323s
Some Sense Of Security,Instrumental Demos,Saosin,,2m54s
How Long,No Time For Dreaming,Charles Bradley,,3m55s
That Thing You Do!,That Thing You Do,Original Soundtrack,,2m47s
Blowing Up (Feat. Ciara),2008,T-Pain,,3m28s
Should've Tried Harder,Hold On Tight,Hey Monday,Rohan Kohli,3m11s
Hold The Line (ELECTRO MOROCCO REMIX),www.myspace.com/electromorocco,Major Lazer,,3m54s
Summer Hair = Forever Young,,The Academy Is...,,3m54s
The Stomp,Return To The 36 Chambers: The Dirty Verson,Ol' Dirty Bastard,,2m23s
David Amo & Julio Navas  - Heart Beat (Joan Reyes Remix),,www.just4dance.fw.hu,www.just4dance.fw.hu,6m52s
Sing It Out,Love The Love You Have (EP),The Summer Set,,2m54s
Thieves In The Night,One Life Stand,Hot Chip,,6m11s
Lycanthropy,The Always Open Mouth,Fear Before the March of Flames,,3m7s
Eenie Meenie (Cutmore Club Remix),Promo Only Mainstream Club July,Sean Kingston Ft. Justin Bieber,,6m34s
District Night Prayer,Power,Q And Not U,,1m18s
L.A. Blues,Fun House,The Stooges,The Stooges,4m57s
In-Dependence Day,In With The Out Crowd,Less Than Jake,,2m49s
Timbaland - Morning After Dark,Electro House Music Remixes-WE,VA,,5m10s
World Of Entertainment,Quality Control,Jurassic 5,,3m58s
Baby Say Goodbye,King Of The Beach,Wavves,,5m11s
Free Fallin',Where The Light Is Live In Los Angeles [Disc 1],John Mayer,John Mayer,4m24s
Futile Devices,The Age Of Adz,Sufjan Stevens,Sufjan Stevens,2m11s
A.N.I.C.,Does This Look Infected?,Sum 41,Sum 41,38s
The Storm (feat. The Boom Bap Project),Black Snow,Snowgoons,,3m4s
Numb/Encore,Collision Course,Jay-Z/Linkin Park,S.Carter/K.West/C. Bennington/J. Hahn/B. Delson/R. Bourdon/M. Shinoda/D. Farrell,3m25.334s
Waiting,We Are Pilots,Shiny Toy Guns,,4m26s
My Black Dahlia,Hollywood Undead,Hollywood Undead,,3m42s
"040 L Drift, Low Ki - Fist Of Dubstep (Radikal Guru Remix)",,,,5m10s
Lights and Music,In Ghost Colours,Cut Copy,,4m37s
In a Tomb All Your Own,Scared Famous,Ariel Pink's Haunted Graffiti,,5m40s
Logos,11:11,Rodrigo y Gabriela,,2m51s
"Sesame, Smeshame",Bastard Lives Comp.,The Early November,,3m58s
Mr Songbird (From 12 Track Edition),Village Green Preservation Society (Special Deluxe Edition 2004) (CD1 Stereo),The Kinks,,2m24s
Protect Ya Neck,Enter The Wu-Tang (36 Chambers),Wu-Tang Clan,,4m53s
Intro,Theater Of The Mind,Ludacris,,1m55s
"Tales of an Asshole, Part Two",Live in London,Henry Rollins,,27m41s
Hum Hallelujah,Live at Voodoo Fest '07,Fall Out Boy,,3m52s
Hot N Cold,One Of The Boys,Katy Perry,,3m40s
Turning Lane,Who Is Mike Jones?,Mike Jones,,4m23s
Money Money,Tounge N' Cheek,Dizzee Rascal,,3m24s
Invisible Woman Blues,Black Coffee Blues,Henry Rollins,,5m1.278s
Chac Mool,11:11,Rodrigo y Gabriela,,1m52s
Sylver - Music (Niels Van Gogh Edit),,www.just4dance.fw.hu,www.just4dance.fw.hu,3m50s
On My Own          [ibootleggedyourmum.wordpress.com],I Bootlegged Your Mum's Mastertape 2008,The Cock N Bull Kid,Your Mum,4m16s
Nicola Zucchi - Get Ready (Variavision Remix),,www.just4dance.fw.hu,www.just4dance.fw.hu,5m32s
Basket Case,The Moog Cookbook,The Moog Cookbook,,4m4s
Ever So Sweet,The Room's Too Cold,The Early November,E11-new,4m19.924s
"The Lighthouse and the Whaler - Under Mountain, Under Ground",KEXP Song of the Day,The Lighthouse and the Whaler,,4m20s
Calculation Theme,"Old World Underground, Where",Metric,,3m32s
Ghostbusters [August 1984],"""Ghostbusters"" Soundtrack",Ray Parker Jr.,,4m4s
Shoppin' Spree (Feat Gucci Mane And Yo Gotti),iSouljaBoyTellem,Soulja Boy,,4m47s
When I Grow Up (Bassnectar Remix),Cozza Frenzy - Get Free Music at RCRD LBL.com,Fever Ray,,4m13s
Harmonix,Astrocoast,Surfer Blood,,4m46s
Baby Girl [High & Driving EP],Avalon,Anthony Green,,2m32s
Deep Fried Frenz,MM....Food,MF Doom,,5m
You're No Good,About Love,Plastiscines,"Plastiscines, Jake Sinclair & Butch Walker",3m6s
Waters Of Nazareth,Cross,Justice,,4m26s
Mondegreen,Odd Blood,Yeasayer,,4m40s
Sun King,Abbey Road,The Beatles,,2m32s
Winding Down,"Skip School, Start Fights",Hit The Lights,,3m14s
Deadlines,There for Tomorrow,There For Tomorrow,,3m20.852s
Love Story (Taylor Swift Cover),,Forever The Sickest Kids,,3m24s
Taking Chances,There for Tomorrow,There For Tomorrow,,4m27.981s
Jupiter,Transistor,311,C. Sexton/D. Martinez/N. Hexum,2m46.022s
Daughters,Where The Light Is Live In Los Angeles [Disc 1],John Mayer,John Mayer,5m5s
Walk Cool,Curb Your Enthusiasm,Nino Oliviero & Luigi Zaninelli,,2m14s
Run The Heart (Bassnectar Remix),http://salacioussound.com,Sleigh Bells,,2m30s
Strange Days,The Best of The Doors,The Doors,,3m8s
My Evaline,Dusty Gems And Raw Nuggets [Bonus Disc],Weezer,Weezer,44.28s
"Lunch: Sloppy Love Jingle, Pt",As Cruel As School Children,Gym Class Heroes,,1m36s
Midnight Request Line,Skream!,Skream,,3m58s
Gloomy,Where The Boys Are,Best Coast,,4m3s
"011. Johann Sebastian Bach - Matthäus Passion (BWV 244) - Kommt, Ihr Töchter.mp3",Classical Music Top 100,VA,,9m5s
Still D.R.E.,2001,Dr. Dre,Dr. Dre,4m32.788s
The Good Life,We All Need A Reason To Believe,Valencia,,4m3s
In Limbo,Kid A,Radiohead,Colin Greenwood/Ed O'Brien/Jonny Greenwood/Phil Selway/Thom Yorke,3m32s
The Rolling Stones - Miss You (Dr. Dre Remix 2002),                              ,                              ,,3m40s
Miss Info Celebrity Drama (Skit),More Fish,Ghostface Killah,,45s
w.a.m.s,Folie A Deux,Fall Out Boy,,4m38s
Xxplosive,2001,Dr. Dre,Dr. Dre,3m37.361s
Burnin/Too Long,Alive 2007 [Deluxe Edition],Daft Punk,,26m46s
The Union Forever,White Blood Cells,The White Stripes,Jack White/Meg White,3m27s
Here In Your Arms,Zombies! Aliens! Vampires! Dinosaurs!,Hellogoodbye,,4m1s
Color Bars,Figure 8,Elliott Smith,Elliott Smith,2m19s
5 Chords,Degeneration Street,The Dears,Murray Lightburn/Natalia Yanchak/Patrick Krief/Rob Benvie,3m35s
Timbaland feat. Katy Perry - If We Ever Meet Again (La Fresh Remix 2010), -- xrnb.net --, -- xrnb.net --, -- xrnb.net --,4m39s
"How 'Bout No, Scott?",Reset,Set Your Goals,,1m19s
Leisure,Tounge N' Cheek,Dizzee Rascal,,4m15s
When The Day Met The Night,Pretty. Odd.,Panic At The Disco,,4m53.894s
Two Can Win,Donuts,J Dilla,,1m48s
Bruised and Scarred,Anywhere But Here,Mayday Parade,,3m23s
Jimmy the Exploder,The White Stripes,The White Stripes,,2m31s
Bitch,About Love,Plastiscines,"Plastiscines, Jake Sinclair & Butch Walker",3m7s
Idioteque,Kid A,Radiohead,Colin Greenwood/Ed O'Brien/Jonny Greenwood/Paul Lansky/Phil Selway/Thom Yorke,5m8s
Everything That Makes Me Sick,Southern Weather,Almost,,3m32s
Superstar (Fiascogate Remix),Xtreme,Lupe Fiasco,,3m52s
Sky High,Flight School,Wiz Khalifa,,4m2s
No Love Lost,All My Friends,LCD Soundsystem,,3m40s
Existing In A Crisis (Evelyn),Bayside,Bayside,,4m24s
That Green Gentleman,The String Quartet Tribute to Panic At the Disco's Pretty. Odd,Vitamin String Quartet,,3m17s
This Is The Real Thing,Who Are You Now?,This Providence,,3m20s
Puppets,"When Life Gives You Lemons, You Paint That Shit Gold",Atmosphere,,3m43s
Protect Ya Neck Ii The Zoo,Return To The 36 Chambers: The Dirty Verson,Ol' Dirty Bastard,,4m
Needle In The Hay,Needle In The Hay,Elliott Smith,Elliott Smith,4m18s
006 Guns 'N' Bombs - Riddle of Steel (12th Planet & Tealong Rmx),,,,4m43s
Be Benassi,,Swedish House Mafia,,6m4s
Party And Bullshit (Remix),,Notorious BIG,,2m10s
Angeles,Either/Or Demos (Disc 1 of 2),Elliott Smith,Elliott Smith,2m41s
Episode 232 - Henry Phillips,WTF with Marc Maron Podcast,Marc Maron,,1h15m28s
The Party Scene,Put Up or Shut Up,All Time Low,,2m59s
Manifesto - Joe Trohman,Manifestos,CitizensForOurBetterment.com,,12s
The Paul Revere Jumpsuit Apparatus - Nearly Witches (demo),Welcome to the New Administration (mixtape number 60---),CitizensFOB Mixtape,Hosted & Mixed By Clinton Sparks,58s
No Need 2 Be Nasty,Dubstep Collection 2,Tes La Rok,,6m25s
Marijuana,I-Doser,I-Doser,Ebaumsworld,45m
"We Have Seized The High Ground: ""It's Monday afternoon, we have a white Cadillac convertible.""",The Gonzo Tapes [Disc 2] : Fear and Loathing in Las Vegas,Hunter S. Thompson,,1m24s
He War,You Are Free,Cat Power,,3m33s
Unhappy,Speakerboxxx/The Love Below,Outkast,,3m19s
Tik Tok (Phase Short Edit/ACAPELLA OUT),twitter.com/djphase,Kesha,,2m28s
The Jean Genie,Best Of Bowie,David Bowie,David Bowie,4m8.337s
Keith B-Real III (Interlude),Big Willie Style,Will Smith,,1m55s
The Headmaster Ritual,Meat is Murder,The Smiths,Johnny Marr/Morrissey,4m52.385s
Give Judy My Notice,Songs For Silverman,Ben Folds,,3m38s
Fuck You,2001,Dr. Dre,Dr. Dre,3m27.493s
Chapter 13,The Greatest Show on Earth: The Evidence for Evolution,Richard Dawkins,,28m15s
Like The Rest Of Us,"When Life Gives You Lemons, You Paint That Shit Gold",Atmosphere,,3m22s
If I Had,The Slim Shady LP,Eminem,,4m6s
They Perch On Thier Stilts Pointing And Daring Me To Break Custom,Translating The Name,Saosin,,2m51s
Viva Las Vegas,Greatest Hits,ZZ Top,Doc Pomus,4m48s
Need You Now (Static Revenger Club Mix),Promo Only Mainstream Club July,Lady Antebellum,,6m25s
"Bring It On (Feat. Todd Fink, With Goose)",Pillowface And His Airplane Chronicles,Steve Aoki,,3m46s
Red Belt,Sainthood,Tegan & Sara,,2m12s
Turn to Real LIfe,We Are Pilots,Shiny Toy Guns,,3m33s
Everything In It's Right Place,Strung Out On Kid A,The Tallywood Strings,Radiohead,4m1s
Never Coming Back,"The Mother, The Mechanic, And The Path",The Early November,,3m4s
I: Intro,Idea Soundtrack,Idea,,1m50s
Selfish,Who Are You Now?,This Providence,,3m25s
I Knew You Before,Equal Vision Records Winter 2007 Sampler,Dustin Kensrue,,3m57.168s
She'll Never Understand,Stories And Alibis,Matchbook Romance,,3m59s
I Wear My Sunglasses At Night,80's,Corey Hart,,3m54s
Mastered,,A-Trak feat. Lupe Fiasco,,5m57s
The Never-Ending Why,We Come In Pieces,Placebo,,3m23s
Cheer Up,Greatest Hit And More,Reel Big Fish,,2m45s
Screwdriver,The White Stripes,The White Stripes,,3m16s
I Don't Care,Folie A Deux,Fall Out Boy,,3m35s
I've Got Friends,Mean Everything To Nothing,Manchester Orchestra,,4m58s
DJ SKYNET - HAPPY NEW YEAR (DJ'S CONTEST PARTY) 2010,DJ SKYNET - HAPPY NEW YEAR (DJ'S CONTEST PARTY) 2010,DJ SKYNET - HAPPY NEW YEAR (DJ'S CONTEST PARTY) 2010,,4m
Alchemist Project - Viva Carnival (Electro La Fiesta Extended Remix),,www.just4dance.fw.hu,www.just4dance.fw.hu,6m54s
"Oh, It Is Love",Zombies! Aliens! Vampires! Dinosaurs!,Hellogoodbye,,4m
A Sharp Is A Flat,Action,Punchline,,3m56s
033 Untold - You Didnt Win the Holiday,,,,5m4s
Mutha'uckas,Flight of the Conchords,Flight of the Conchords,,2m26.935s
No. 5,Hollywood Undead,Hollywood Undead,,3m4s
36 Tes La Rok - Livin' Fire.mp3,Disc E: The Nice Move,"Revealomatic - No Bull, More Halfstep",,2m8s
Slide In,The DFA Remixes: Chapter Two,Goldfrapp,Goldfrapp/Gregory,13m
II: Titles,Idea Soundtrack,Idea,,3m32s
Pity The Child/Come Together,J. Period - Best Of The Roots,The Roots,J.Period,2m50s
Welcome To The Black Parade,The Black Parade,My Chemical Romance,,5m13s
Fuck Carrots,For What It's Worth,Dave Chappelle,,2m21s
Two Birds,Far,Regina Spektor,,3m16s
My Ghetto Report Card GetTheFuckOn.com Part 2 (Skit),My Ghetto Report Card,E-40,,1m6s
Gangsta Music,Let's Get It: Thug Motivation 101,Young Jeezy,"J. Jenkins, D. Stewart",4m2.207s
Steroids,Lambs Anger,Mr. Oizo,,2m39s
Buoy,The Big Roar,The Joy Formidable,,4m52s
Drown Me Slowly,Out Of Exile,Audioslave,Audioslave,3m53.662s
Nocturne in F sharp minor Op.48 No.2 - Andantino,Chopin - The Nocturnes (Disc 2),Maurizio Pollini,,6m36.155s
10 Clouds - Shallow,Disc E: The Nice Move,"Revealomatic - No Bull, More Halfstep",,3m9s
Somebody's Calling Me,This Is Happening,LCD Soundsystem,,6m55.079s
Petrified Life And The Twice Told,The Papercut Chronicles,Gym Class Hereos,,4m55s
Anthem                        ,1999,Blink 182                     ,,3m38s
Don't Call It A Come Back,I Am The Movie,Motion City Soundtrack,,1m52s
11 Whatever You Do,Listen,Emanuel and The Fear,,4m9s
North American Scum (Onanistic Dub),45:33,LCD Soundsystem,James Murphy,8m57s
Untitled,Smells Like Children,Marilyn Manson,,8m20s
Breaker Breaker,Gimme Some,Peter Bjorn and John,,1m39s
Bob Sinclair - Peace Song- (Miguel Vargas Original Club House Mix),,www.just4dance.fw.hu,www.just4dance.fw.hu,10m25s
Popular Thug - Kelis & Nas,Neptunes Present... Clones,The Neptunes,The Neptunes,3m56s
Set It Off,Feed The Animals,Girl Talk,,3m42s
Annakin's Prayer,Scratches & Demo Tape Volume I,Jay Electronica,Jay Electronica,3m10s
Healing Hands,Healing Hands CDS,Citizen Cope,,5m29s
The Only Hope For Me Is You,Danger Days: The True Lives Of The Fabulous Killjoys,My Chemical Romance,,4m33s
Make It Rain,Champion,The Audition,,3m11s
Da Mystery Of Chessboxin',Legend Of The Wu-Tang,Wu-Tang Clan,RZA & Ol' Dirty Bastard,4m47.439s
What Was I Thinking,Transistor,311,N. Hexum,2m39.056s
Dear Prudence,The Beatles [White Album] (Disc 1),The Beatles,John Lennon/Paul McCartney,3m56.518s
It's A Beautiful Life,Guilt By Association Vol. 2,Jukebox The Ghost,,3m35s
Git It (Feat. Ying Yang Twins),Trill,Bun-B,,3m59s
H To The Izzo                 ,The Blueprint                 ,Jay-Z                         ,,4m1s
Running From Lions,Put Up or Shut Up,All Time Low,,3m7s
Iron's Theme (Conclusion),Supreme Clientele,Ghostface Killah,,1m58s
Big Pimpin',MTV Unplugged,Jay-Z,,4m11s
Tough Love,The Weekend: Friday,Forever The Sickest Kids,,2m51s
Blood,Degeneration Street,The Dears,Murray Lightburn/Natalia Yanchak/Patrick Krief/Rob Benvie,4m10s
1-2 Full [Live],The Ultimate Best Of Pearl Jam,Pearl Jam,,4m58s
Special K,Black Market Music,Placebo,,3m52s
The Diary Of Horace Wimp,Light Years,Electric Light Orchestra,,4m19s
Geek Down,Donuts,J Dilla,,1m20s
Lost,EP,After Play Rewind,,2m52.826s
Sunblocks,LP4,Ratatat,,3m42s
Philadelphia Freedom,Greatest Hits 1970-2002 [Disc 1],Elton John,Bernie Taupin/Elton John,5m22.13s
Thursday Night Pregame,That's What She Said,The Friday Night Boys,,2m47s
Henry Plainview,2008,Jonny Greenwood,,4m16s
Touch & Go,Big Ugly Mouth,Henry Rollins,,8m35.715s
Veridis Quo,Discovery,Daft Punk,,5m47s
Somebody (Loves You),Definition Of Real,Plies,,4m40s
Empire of the Sun - Walking on,2010,VA,,7m25s
Adam's song                   ,1999,Blink-182                     ,,4m12s
Diamond In The Back,Chicken N Beer,Ludacris,DJ Paul & Juicy J,4m13s
Soldier,The Eminem Show,Eminem,,3m47s
Tristesse Globale,The Understanding (Disc 1),Röyksopp,,1m24s
086 TRG - Put You Down (Ramadanman Refix),,,,5m10s
"Nobody Lost, Nobody Found",In Ghost Colours,Cut Copy,,4m38s
Robot Rock,Human After All,Daft Punk,"Thomas Bangalter, Guy-Manuel de Homem-Christo, Kae Williams",4m48s
Oh My God,The Anthology,A Tribe Called Quest,,3m26s
Work Is Never Over,Live Session (iTunes Exclusive) - EP,Diplo,,3m45.697s
Portable Television,Codes and Keys,Death Cab for Cutie,,2m53s
Hit Em Up,Tha Carter II,Lil Wayne,"B. Zayas, D. Carter & M. Delgiorno",4m7.106s
You Cant Stop,Remember Right Now,Spitalfield,,4m7.176s
"We Have Seized The High Ground: ""Did you see the way that guy looked at us?""",The Gonzo Tapes [Disc 2] : Fear and Loathing in Las Vegas,Hunter S. Thompson,,9m6s
An Insult To The Dead,In Defense Of The Genre,Say Anything,,4m10s
Champion Sound,Champion Sound,Jaylib,,2m24s
I Need You (That Thing You Do),That Thing You Do,Original Soundtrack,,2m53s
The Kiss Of Dawn,Venus Doom,H.I.M.,,5m56s
Everyone Looks So Good From Here,"Survive, Kaleidoscope",Underoath,,5m2s
Damned If I Do Ya (Damned If I Don't),Damned If I Do Ya (Damned If I Don't) - Single,All Time Low,,3m10.984s
Died A Jew,In Defense Of The Genre,Say Anything,,2m29s
Getaways Turned Holidays,Something Real,Meg & Dia,Dia Frampton/Meg Frampton,4m4s
You,Nine Types Of Light,TV On The Radio,,4m5s
Life On TV,Infinity +1,Kid Sister,,3m14s
Breakdown,The Everglow,Mae,Mae,4m16.092s
Descending,This Is Dubstep Vol.2,Benga,,5m2s
Candy Lady (Remix) (Feat. Brick Squad),Movie 3: The Burrprint!,Gucci Mane,,3m59s
I Don't Wanna Know,Hits,New Found Glory,,3m30.117s
Dance In The Dark,The Fame Monster,Lady GaGa,,4m49s
Shyne - Bad Boys,,,,4m21s
Crystalised,xx,The xx,,3m22s
Wake Up,Funeral,The Arcade Fire,,5m36s
let's make out,You Have No Idea What You're Getting Yourself Into,"Does It Offend You, Yeah?",,4m4s
What's The Difference,2001,Dr. Dre,Dr. Dre,4m6.317s
Of All The Gin Joints In All The World (AOL Live),Live @ The Roxy,Fall Out Boy,,2m57s
The Art Of Living,Great Danger,The Audition,,3m
Dirty Dancin',Return To The 36 Chambers: The Dirty Verson,Ol' Dirty Bastard,,2m42s
"Jigga What, Jigga Who",MTV Unplugged,Jay-Z,,2m34s
Forever for Her (Is Over for Me),Get Behind Me Satan,The White Stripes,Jack White,3m17s
Bury Your Head (Acoustic),Saosin,Saosin,,4m14s
Degeneration Street,Degeneration Street,The Dears,Murray Lightburn/Natalia Yanchak/Patrick Krief/Rob Benvie,4m58s
Body Like Min,The Secret Wars,Ace Enders,,3m14s
"Anybody In Search Of The American Dream Needs A Lawyer, A Doctor And A Bodyguard: ""What's this?""",The Gonzo Tapes [Disc 2] : Fear and Loathing in Las Vegas,Hunter S. Thompson,,4m51s
Superstar (Ft. Busta Rhymes),Apollo Kids,Ghostface Killah,GUTTAHIPHOP.COM,3m8s
NPR News: 06-14-2011 7AM ET,NPR: 7AM ET News Summary Podcast,NPR,,5m
Back Up Plan,Sir Lucious Left Foot: The Son of Chico Dusty,Big Boi,,3m44s
Crown on the Ground,Treats,Sleigh Bells,,3m49s
The Best Of Me,Say It Like You Mean It,The Starting Line,The Starting Line,4m19s
My Love (Count De Money Remix),,Justin Timberlake,,3m27s
01 - Is This It,,,,2m36s
Twenty-Twenty Surgery,Louder Now: Parttwo,Taking Back Sunday,,4m4s
It's Bigger Than Hip Hop - Dubstep Bootleg Lulu Rouge,Fat Berri's,Dead Prez,,2m36s
Prelude 12/21,Decemberunderground,AFI,,1m35s
Song For The Dead,Songs For The Deaf,Queens Of The Stone Age,"Josh Homme, Mark Lanegan",5m52.455s
Steppin Headz,Dubstep Collection 8,S.I.N,,5m49s
Hell's Wind Staff/Killa Hills 10304,Liquid Swords,GZA,,5m9s
Edward Maya - This is My Life,Electro House Music Remixes-WE,VA,,4m28s
Terminator X to the Edge of Pa,1988,Public Enemy,,4m32s
The Way I Loved You,Fearless,Taylor Swift,,4m6s
Love Story,Fearless,Taylor Swift,,3m57s
Can't Lose,With Love And Squalor,We Are Scientists,"Keith Murray, Chris Cain, Michael Tapper",3m31.998s
Taxi Cab,Contra,Vampire Weekend,,3m56s
Thriller,Live in Phoenix,Fall Out Boy,,5m5s
Seventeen,Never Mind the Bollocks Here's the Sex Pistols,The Sex Pistols,Glen Matlock/Johnny Rotten/Paul Cook/Steve Jones,2m1s
A Heavy Abacus,The Big Roar,The Joy Formidable,,3m41s
What's Your Fantasy (feat. Shawnna),Back For The First Time,Ludacris,Ludacris,4m36s
A-Punk,Vampire Weekend,Vampire Weekend,,2m17s
Can't Tell Me Nothing,Graduation,Kanye West,,4m33s
Musical Chairs,You Can't Imagine How Much Fun We're Having,Atmosphere,,3m56s
Love Lies (Hit by A Rock Remix),Dubstep Collection 2,Susheela Raman,,5m27s
Let There Be Light,Cross,Justice,,4m57s
Wit My Yums On,iSouljaBoyTellem,Soulja Boy,,3m29s
Yesterday,Jay Loves Japan,J Dilla,,1m12s
206 Diarrhea Moustache,Shut Up You Fucking Baby!,David Cross,,4m8s
Revolution 1,The Beatles [White Album] [Disc 2],The Beatles,John Lennon/Paul McCartney,4m15.744s
The Moon,The Greatest,Cat Power,Chan Marshall,3m45.465s
Murder I Wrote,The Inevitability Of A Strange World,Halifax,Halifax,5m50.133s
No Place Fells Like Home,Save The World Lose The Girl,Midtown,,4m27.702s
Let Em Know (Produced by ID Labs),Show And Prove,Wiz Khalifa,,3m43.213s
Roll With It (Ft. Project Pat),Most Known Unknown,Three 6 Mafia,,3m3s
The Makings Of You,The Re-Education of Lauryn Hill,Lauryn Hill,,5m20s
Silvia,Miike Snow,Miike Snow,,6m26s
Pop the Trunk,Trunk Muzik,Yelawolf,Produced By Will Power For SupaHot Beats/Ghet-O-Vision Entertainment,3m49s
Truth Doesn't Make a Noise,De Stijl,The White Stripes,Jack White,3m15s
Tony the Tripper,Tripper,Fruit Bats,,4m16s
Drivin' Down The Block (Low End Theory) (feat. Masta Ace),The In Crowd,Kidz In The Hall,,4m3s
Remind Me,Melody A.M.,Röyksopp,Erlend Øye/Röyksopp,3m40s
Eternal Sunshine (The Pledge),What The Fuck Is A Jay Electronica,Jay Electronica,,9m3s
091 Howie B Vs. Casino Royale - Royale Sound (Ramadanman Refix),,,,6m7s
"When I Get Home, You're So Dead",A Lesson In Romantics,Mayday Parade,,3m15s
Used And Abused,Used And Abused,Danger Radio,,4m22s
Disturbia,Pop Volume II,The Cab,Punk Goes...,4m2s
Into The Arms Of Angels,Army Of The Pharaos: The Torture Papers,Jedi Mind Tricks,J. Hicks/M. Albaladejo/P. Graf/V. Luviner,5m5s
Overture,Bye Bye Birdie! - Original Broadway Cast,"Susan Watson,Chita Rivera,Dick Van Dyke,Dick Gautier,Paul Lynde,Michael J. Pollard,Kay Medford","Lee Adams, Charles Strouse",2m41s
Happiness (Wideboys Club Mix),Promo Only Mainstream Club July,Alexis Jordan,,5m38s
The Jump Off,Chamber Music (Instrumentals),Wu-Tang Clan,,4m9s
Clocks,2009,VersaEmerge,,4m10s
Rough Ruffin (AC Slater Remix),discodust.blogspot.com,Pets On Prozac,AC Slater,4m27s
Mob,Like Father Like Son,Lil Wayne & Birdman,,4m20s
Bottle up and Explode!,XO,Elliott Smith,Elliott Smith,2m58s
The Velvet Underground Venus i,The Velvet Underground & Nico ,The Velvet Underground,,5m13s
HALO (Beyoncé cover) [ft Elephant Man],,Major Lazer,,3m19s
Strength - Part 1,The Boxed Life,Henry Rollins,,11m10.917s
Little Girl,"You're A Woman, I'm A Machine",Death From Above 1979,"Jesse F. Keeler, Sebastien Grainger",4m0.14s
I Feel Like Dancin',Dirty Work,All Time Low,,3m1.347s
061. Pyotr Ilyich Tchaikovsky - The Nutcracker (Op. 71) - Waltz Of The Flowers - –©–µ–ª–∫—É–Ω—á–∏–∫.mp3,Classical Music Top 100,VA,,6m24s
Clean Sweep,The Understanding (Disc 2),Röyksopp,,5m19s
Inivitaions,If You Speak Any Faster,June,,3m32s
Everywhere I Go,Thickfreakness,The Black Keys,,5m43s
If I Only Had The Heart,The Way We Talk,The Maine,,3m34s
10 - Watching Windows,New Forms Disc 1,Roni Size,,5m33s
Marching Bands Of Manhattan,Plans,Death Cab For Cutie,,4m13s
Vacation,The Recession,Young Jeezy,,3m47s
Sympathy For The Parents,Smells Like Children,Marilyn Manson,,1m1s
Duel of the Iron Mic,Liquid Swords,GZA,,4m5s
I Can Change,This Is Happening,LCD Soundsystem,,5m54.011s
Holding Nothing Back,In Motion,Copeland,A. Marsh,2m56.61s
Tear Down the Stars,Forever Comes Too Soon,The Years Gone By,,3m29s
Grand Theft Autumn/Where Is Your Boy?,String Quartet Tribute To Fall Out Boy,Fall Out Boy (String Quartet),,3m58s
Remady Vs Pitbull - I Know You,Electro House Music Remixes-WE,VA,,5m15s
Intro on our way,,Duane Harriot,,7m52s
The Last Sunrise,Live With The Royal Sylvan Philharmonic,Jace Vëk,,4m53s
Beattraax Pres. Marcell Rossi,Electro House Music Remixes-WE,VA,,6m13s
Maria,The Battle Of Los Angeles,Rage Against The Machine,Rage Against The Machine,3m48.182s
You Don't Know Me (feat Regina Spektor),Way To Normal,Ben Folds,,3m12s
Hyper Deejays feat Jenna C - Follow The Rules (Rocket Pimp Remix),,www.just4dance.fw.hu,www.just4dance.fw.hu,6m20s
21 Guns,21st Century Breakdown,Green Day,,5m21s
Untitled,Stories And Alibis,Matchbook Romance,,3m7s
Kelsey,Metro Station,Metro Station,,3m39s
Us In Music,Equal Vision Records Winter 2007 Sampler,Damiera,,3m23.383s
BREE! BREE!,BC13,Brokencyde,,4m11s
Gotta Have It,Watch the Throne  (Deluxe Version),Jay-Z and Kanye West,"Kanye West, Shawn Carter, Pharrell Williams, James Brown, Joseph Roach, Tony Pinckney & Fred Wesley",2m21s
Cupid's Trick,Either/Or Demos (Disc 1 of 2),Elliott Smith,Elliott Smith,3m4s
Dead,The Black Parade is Dead !,My Chemical Romance,,3m18s
Tag Tag,Power,Q And Not U,,4m41s
Reckless Abandon,2001,blink-182,,3m6s
Risque,The Same Old Blood Rush With A New Touch,Cute Is What We Aim For,Cute Is What We Aim For,3m42.284s
Cavalo De Pau,Rio Baile Funk - Favela Booty Beats,Baile- Favela On Blast,,1m48s
Gangsta Lean,Lord Willin',Clipse,Chad Hugo/Gene Thornton/Pharrell Williams,5m21s
Bamboo (Interlude),Speakerboxxx/The Love Below,Outkast,,2m10s
"12 Hours, 630 Miles",Downtown Battle Mountain,Dance Gavin Dance,,1m25s
7 Minutes In Heaven,From Under The Cork Tree,Fall Out Boy,Franz Ferdinand,3m2.903s
What's It Feel Like To Be A Ghost?,Louder Now,Taking Back Sunday,Taking Back Sunday,3m47.532s
047 Teksteppa - Soul Rockerz,,,,6m30s
The Eraser,The Eraser,Thom Yorke,,4m53.825s
Just A Test,Hello Nasty,The Beastie Boys,Beastie Boys,2m12.585s
Saddest Girl Story,,The Starting Line,,3m29s
16 Song for a Girl,Listen,Emanuel and The Fear,,3m35s
Shadows,Infinity +1,Midnight Juggernauts,,2m51s
No Surprises,OK Computer,Radiohead,Colin Greenwood/Ed O'Brien/Jonny Greenwood/Phil Selway/Thom Yorke,3m49s
Heartache Every Moment,Deep Shadows And Brilliant Highlights,H.I.M.,Ville Valo,3m56.239s
"Here, There And Everywhere",Revolver,The Beatles,,2m27s
Please Don't Let It Go,Deep Shadows And Brilliant Highlights,H.I.M.,Ville Valo,4m29.119s
Reclaim My Place,,KoRn,,4m33s
American Boy  (DiscoTech Remix) MP3,,DiscoTech,,4m48s
"Radio's Hot Sun, The",Plague Park,Handsome Furs,,2m35s
20 Mala - Miracles.mp3,Disc E: The Nice Move,"Revealomatic - No Bull, More Halfstep",,2m15s
Last Train To London,Light Years,Electric Light Orchestra,,4m34s
Unsung,Degeneration Street,The Dears,Murray Lightburn/Natalia Yanchak/Patrick Krief/Rob Benvie,4m15s
Hey Jude,Love,The Beatles,,4m
Guilty Of Being White,Complete Discography,Minor Threat,,1m18s
That's My Bitch,Watch the Throne  (Deluxe Version),Jay-Z and Kanye West,,3m23s
Behind The Sea,The String Quartet Tribute to Panic At the Disco's Pretty. Odd,Vitamin String Quartet,,3m35s
The Boy With The Thorn In His Side,The Queen Is Dead,The Smiths,Marr/Morrissey,3m17s
Renaissance Man (Produced by J Dilla)(Featuring Tone),StyleWars EP,Jay Electronica,,3m23s
True To Life,Junior,Röyksopp,,5m50s
Mr. Roboto [April 1983],Caught in the Act,Styx,,5m32s
Promise Me Tragedy,The Inevitability Of A Strange World,Halifax,Halifax,3m15.488s
Silver Thoughts,In Ghost Colours,Cut Copy,,29s
Save Your Breath,This is A Stick Up...Don't Make it A Murder,Hit The Lights,,2m43s
017. Johann Sebastian Bach - Jesus Bleibet Meine Freude (BWV 147),Classical Music Top 100,VA,,3m49s
In Joy And Sorrow,Deep Shadows And Brilliant Highlights,H.I.M.,Ville Valo,4m0.187s
The Patron Saint of Liars and Fakes (AOL Live),Live @ The Roxy,Fall Out Boy,,2m53s
DVNO (Live),A Cross the Universe (Live),Justice,,2m58.05s
Youngin so Fly (Clean),,Drake ft Trey Songz,www.digiwaxx.com,3m35s
Chris Decay - Hold Tight (Tim Verba Remix),2009,,,5m35s
Africa,Guilt By Association Vol. 2,Lowry,,5m15s
Lazy Sunday (feat. Chris Parnell),Incredibad,The Lonely Island, ,2m20s
Useful Chamber,Bitte Orca,Dirty Projectors,,6m29s
Rockin' In The Free World,The Moog Cookbook,The Moog Cookbook,,5m3s
This Way,Dubstep Collection 2,Nero,,6m22s
Tip Toe Walk (Siriusmo Remix),I Like Holden Caulfield - Get Free Music at RCRD LBL.com,Bodi Bill,,4m11s
I Can't Get Behind That!,"Talk Is Cheap, Vol. 4",Henry Rollins,,35m10.322s
Brainfeeder,Los Angeles,Flying Lotus,,1m32s
New Perspective,,Panic! At The Disco,,3m47s
Addiction,Late Registration,Kanye West,Kanye West,4m27.122s
The Denial Twist,Get Behind Me Satan,The White Stripes,Jack White,2m36s
Have You Ever,Morning View,Incubus,Incubus,3m14.652s
IV: Mt. Hood Meadows - Park,Idea Soundtrack,Idea,,3m15s
Orange Alert,The DFA Remixes: Chapter One,Metro Area,Darshan Jesrani/Morgan Geist,5m41s
Smash Your Head,Night Ripper,Girl Talk,,3m2s
Hell Of A Life,My Beautiful Dark Twisted Fantasy,Kanye West,,5m29s
Lose Yourself,DMS,Eminem,,4m48s
Hey Joni,Daydream Nation,Sonic Youth,Sonic Youth,4m20s
Smooth Criminal [January 1989],Bad,Michael Jackson,,4m17s
Bad [October 1987],Bad,Michael Jackson,,4m7s
One Hit Wonderful,Greatest Hit And More,Reel Big Fish,,4m19s
Jay and Silent Bob Get Old 59: Mewes Keeps Me Hangin' On,Jay and Silent Bob Get Old - SModcast.com,Jason Mewes & Kevin Smith,,1h17m12s
Sovereignty,Post-Nothing (Promo),Japandroids,Japandroids,3m34s
Division Day,Ballad Of Big Nothing,Elliott Smith,,3m10s
I Kissed A Girl,Pop Volume II,Attack Attack!,Punk Goes...,3m1s
Let Me Talk (feat Suga Free),Fornever,Murs and 9th Wonder,,4m24s
45:33 (Padded Cell Remix),45:33 Remixed,LCD Soundsystem,,7m54s
Breakaway (feat. Jahmal of the Carps),Fist of God,MSTRKRFT,,3m37.803s
Don't Talk (Put Your Head On My Shoulder),,The Beach Boys,,2m53s
GHOSTSHIP,,Remember Thy Name,,2m58.677s
Workout Plan,Late Orchestration,Kanye West,,2m54s
"Tell Someone Else, I Don't Care",Forever Comes Too Soon,The Years Gone By,,2m55s
About A Girl (Album Version),About A Girl,The Academy Is...,,3m40s
Can't Take It (El Camino Prom Wagon Remix),Snakes On A Plane: The Album,The All-American Rejects,,2m58s
Little,Songs for Silent Movies,Something Corporate,,4m53s
A Life in the Day of Benjamin Andre (Incomplete),Speakerboxxx/The Love Below,Outkast,,5m11s
Night of the Living Baseheads,It Takes A Nation Of Millions ,Public Enemy,,3m15s
Out Of Exile,Out Of Exile,Audioslave,Audioslave,4m51.247s
i luv u (Dubstep Mix),Dubstep Collection 3,Eryka Badu & Ziggy Marley,,5m9s
Yeah [Pretentious Version],DFA Compilation #2 [Disc 1],LCD Soundsystem,James Murphy/Tim Goldsworthy,11m6s
Live Your Life (Featuring Rihanna),Paper Trail,T.I.,,5m40s
All We Ask,Veckatimest,Grizzly Bear,,5m22s
Spliff Dub (Sukh Knight Remix),Dubstep Collection 1,Zomby,,5m49s
Hotel California - Gypsy Kings,The Big Lebowski,Gipsy Kings,,5m47s
040. Giuseppe Fortunino Francesco Verdi - Aida - Marcia Trionfale.mp3,Classical Music Top 100,VA,,6m13s
Soo Comfortable,Murs For President,Murs,,5m3s
Alive (Ft. Ratatat),Man On The Moon: The End Of Day,KiD CuDi,,4m7s
Episode 186 - Jimmy Fallon,WTF with Marc Maron Podcast,Marc Maron,,1h16m47s
Jasey Rae,Put Up or Shut Up,All Time Low,,4m4s
It's True Love,Razia's Shadow: A Musical,Forgive Durden,,5m38s
Double You - Run to Me 2O1O (A,Electro House Music Remixes-WE,VA,,4m12s
Dare4distance,The Yippee,Never Shout Never,,2m49s
Dubversion,2009,Broken Note,,5m33s
You're Not Alone,Saosin,Saosin,,3m58s
Hopeless Host,Say Hello To Sunshine,Finch,"Nate Barcalow, Randy Strohmeyer, Alex Linares, Derek Doherty, Marc Allen",4m21.387s
Bad Romance,The Fame Monster,Lady GaGa,,4m57s
Everything,The Recession,Young Jeezy,,4m41s
Look At Me,Plastic Ono Band,John Lennon,John Lennon,2m56s
Time to Blow,That Thing You Do,Original Soundtrack,,4m20s
Rock Me Amadeus [April 1986],Falco 3,Falco,,3m23s
Gone,Late Orchestration,Kanye West,,4m16s
Ebony And Ivory [June 1982],Tug of War,Paul McCartney & Stevie Wonder,,3m43s
Table For Glasses,Clarity,Jimmy Eat World,,4m24s
"Theme from New York, New York",Nothing But the Best - The Frank Sinatra Collection (Remastered),Frank Sinatra,Fred Ebb & John Kander,3m24.962s
Mistaken I.D.,Citizen Cope - Citizen Cope,Citizen Cope,,4m12s
Little Red Corvette,The Hits/The B-Sides (Disc 2),Prince,Prince,4m57s
The Rover,Physical Graffiti,Led Zeppelin,,5m37s
108 Monica Lewinsky and the Three Bears,Shut Up You Fucking Baby!,David Cross,,5m15s
Thriller,Live at Voodoo Fest '07,Fall Out Boy,,3m25s
George Michael - Spinning the,Electro House Music Remixes-WE,VA,,8m13s
Cygnus....Vismund Cygnus,Frances The Mute,The Mars Volta,Omar A Rodriguez-Lopez,13m2.048s
Styrofoam Plates,The Photo Album,Death Cab For Cutie,Ben Gibbard/Christopher Walla/Nick Harmer,5m24.313s
Fortunate Son [CCR Cover Live],The Ultimate Best Of Pearl Jam,Pearl Jam,,4m26s
The Pledge (feat. Sean Price & Buckshot),The In Crowd,Kidz In The Hall,,4m33s
090. Wolfgang Amadeus Mozart - Requiem (K. 626) - Domine Jesu Christe.mp3,Classical Music Top 100,VA,,4m16s
Modern Chemistry,I Am The Movie,Motion City Soundtrack,,2m23s
Search For Delicious,Person Pitch,Panda Bear,,4m53s
Get Up,Dubstep Collection 1,Kromestar,,5m8s
a Glass Can Only Spill What it Contains,"Brother, Sister",mewithoutYou,,3m47s
YAH!!!!!!!!,,Shaun Novak,,3m50.411s
Purple Haze,Are You Experienced?,Jimi Hendrix,,2m52s
Lines,Walk It Off,Tapes 'N Tapes,,4m4s
A City Called Coma: Part II,Relativity,Emarosa,,4m24s
Kite,In Motion,Copeland,A. Marsh,4m4.854s
Riot,Lights Out (Advance),Sugarcult,,3m29s
Release,The Ultimate Best Of Pearl Jam,Pearl Jam,,9m7s
Just Watch The Fireworks,Clarity,Jimmy Eat World,,7m3s
...Baby One More Time,Pop Volume II,August Burns Red,Punk Goes...,3m13s
We Can't Be Stopped,LP4,Ratatat,,2m10s
Bird Walk,iSouljaBoyTellem,Soulja Boy,,3m36s
Love at First Sight,Fever,Kylie Minogue,,3m59.722s
Yesterday To Tomorrow,Out Of Exile,Audioslave,Audioslave,4m33.74s
Dial My Number,O.M.G.!,Rusko,,5m8s
Bonafied Lovin (Eli remix featuring Pase Rock),brrrln.blogspot.com,Chromeo,Chromeo,6m40s
Mother's Day,Take Off Your Pants And Jacket,blink-182,,1m26s
Conquest,Walk It Off,Tapes 'N Tapes,,4m14s
Weatherman,When Your Heart Stops Beating,+44,"Mark Hoppus, Travis Barker",4m33.252s
S.O.S.,Love And Distance,The Helio Sequence,The Helio Sequence,4m51s
The Return,SephirothTrance [Vol 02],Boosterz Inc,,4m53s
Sugar Lumps,Season 2 Flight of the Conchords,Flight of the Conchords,,1m59s
True Colors,Twelve Deadly Cyns...And Then Some,Cyndi Lauper,,3m47s
"Monster (feat. JAY-Z, Rick Ross, Nicki Minaj & Bon Iver)",My Beautiful Dark Twisted Fantasy,Kanye West,,6m20s
She Say She Loves Me (Feat. 8Ball & Bun B),My Ghetto Report Card,E-40,,5m18s
Fergalicious,The Dutchess,Fergie,,4m53s
Collect The Diamonds,Power,Q And Not U,,3m46s
We Made It,Supreme Clientele,Ghostface Killah feat. Superb,,4m37s
"Drive Slow Remix ft. T.I., Paul Wall & GLC",King DVD Bonus Tracks ,Kanye West,,4m51s
7 Seconds,Dubstep Collection 8,S.I.N,,5m44s
Minnesota,Bend To Break,The Color Fred,,3m26s
Kiss & Control,Decemberunderground,AFI,,4m20s
I'm Good,Flight School,Wiz Khalifa,,2m35s
Kut-Off,Skream!,Skream,,4m34s
Circulate,The Recession,Young Jeezy,,3m49s
Fea rOf The Unknown (2-Step Remix),Dubstep Collection 5,True Force featuring Abstract Rude,,4m11s
My Name Is Jonas,Weezer,Weezer,Cuomo/Wilson,3m24.637s
XXXO,,M.I.A.,,2m59s
Put Ya Dirt Inside,2009,16 Bit,,5m1s
My Town(Live),Bastard Lives Comp.,Armor For Sleep,,3m50s
Beyonce - Deja Vu (DJ Micaele ,2010,VA,,6m4s
207 If Baseballs Had AIDS on Them,Shut Up You Fucking Baby!,David Cross,,22m59s
Straight in at 101,Romance Is Boring,Los Campesinos,,3m55s
004 Felix Da Housecat - Kick Drum (Propatingz' Nasty Gal Rmx),,,,6m
Summer Skin,Plans,Death Cab For Cutie,,3m14s
Play Your Part (Pt. 1),Feed The Animals,Girl Talk,,4m45s
Yes (Ft. Pharrell),The Carter Meets The Cartel 2: Lil Wayne & Drake,Lil Wayne & Drake,,2m23s
Paper Planes (DFA Remix),Paper Plane Remixes,MIA,,5m57s
Numb Encore,Collision Course,Jay-Z & Linkin Park,,3m23s
Drive,Decomposer,The Matches,,3m26s
"Starkillers, Sidney Samson - Bitch Ass Mother Fucker (Benny Royal WMC 2010 Mix)", -- xrnb.net --, -- xrnb.net --, -- xrnb.net --,6m38s
Good Guys (Don't Wear White),Complete Discography,Minor Threat,,2m15s
Have At Thee!,In Defense Of The Genre,Say Anything,,3m4s
Memory Loss,Deltron 3030,Deltron 3030,,4m39s
No Future Shock,Nine Types Of Light,TV On The Radio,,4m4s
Bushido,Dubstep Collection 3,The Others,,5m37s
Laura Laurent,"Lifted Or The Story Is In The Soil, Keep Your Ear To The Ground",Bright Eyes,Conor Oberst,4m56.89s
In Retrospect,Sky Eats Airplane,Sky Eats Airplane,,3m39s
Slush,One Life Stand,Hot Chip,,6m30s
Raw Hide,Return To The 36 Chambers: The Dirty Verson,Ol' Dirty Bastard,,4m2s
Come Get Me,2003,Nas and MF Doom,,3m51s
Tha Mobb,2006,Lil Wayne,,6m47s
Peter Frampton - Frampton Comes Alive  - 10 - (I'll Give) You Money.mp3,Frampton Comes Alive,Peter Frampton,,5m38s
"Sugar, We're Going Down",Live at Voodoo Fest '07,Fall Out Boy,,3m49s
"Undisputed (Co-Starring Floyd ""Money"" Mayweather)",Theater Of The Mind,Ludacris,,4m34s
Q-Tip-Move,Q-Tip-The.Renaissance-Retail-2008-[NoFS],Q-Tip,,5m50s
Quality Intro,Quality Control,Jurassic 5,,31s
Suicide Blonde,The Glass Passenger,Jack's Mannequin,,3m28s
Coach Glacken / Heckler,Economics II,Jim Gaffigan,,4m45s
Friends With My Sister,Cars,"Now, Now Every Children",,4m46s
Sound Of Silver,Sound Of Silver,LCD Soundsystem,,7m7s
Where is Home? (Diplo Remix),"Decent Work For Decent Pay, Collected Works Volume One",Diplo,Bloc Party,6m28s
It Was Written In Blood (L'Amour La Morgue),Suicide Season Cut Up,Bring Me The Horizon,,4m59s
Pandering to the Locals!,It's Not Funny,David Cross,,7m16s
She Smiled Sweetly,Between The Buttons [US],The Rolling Stones,,2m46s
Tell Em (Diplo Remix),www.maddecent.com,Sleigh Bells,,4m19s
Buster Voodoo (Radio Edit),Buster Voodoo (Radio Edit) - Get Free Music at RCRD LBL.com,Rodrigo Y Gabriela,,3m39s
Blood On The Ground,Morning View,Incubus,Incubus,4m34.645s
Canal Smarts,Do You Believe In Gosh,Mitch Hedberg,,2m19s
For Become One,Fragile Future,Hawthorne Heights,,3m57s
"086. Wolfgang Amadeus Mozart - Konzert F√ºr Fl√∂te, Harfe Und Orchester (K. 299) - Allegro.mp3",Classical Music Top 100,VA,,10m30s
Realise,Dubstep Collection 2,Threnody,,7m30s
Manifesto - Pete Wentz,Manifestos,CitizensForOurBetterment.com,,12s
"I'm Good, I'm Gone (Black Kids Remix)",discodust.blogspot.com,Lykke Li,Black Kids,3m24s
Riot Coming,Grand Mal: Studio Rarities,Elliott Smith,,4m1s
The Sky Is Fallin',Songs For The Deaf,Queens Of The Stone Age,"Josh Homme, Nick Oliveri",6m15.954s
It's Gonna Be Hard (When Im Gone),Self-Titled Album,The AUDITION,,4m7s
Baby Britain,"End Sessions (Seattle, WA)",Elliott Smith,Elliott Smith,3m2s
What'd I Say,                              ,Ray Charles,,6m27s
Human Nature,Thriller 25,Michael Jackson,J. Bettis/S. Porcaro,4m6s
Devotion And Desire,Bayside,Bayside,,3m30s
Cross The Dancefloor (Chromeo Remix),DMS,Treasure Fingers,,4m23s
Gimme Head (Feat. Al Kapone & Bosko),My Ghetto Report Card,E-40,,6m2s
Random,Vertically Challenged,Lady Sovereign,,3m36.502s
Through The Wire,The College Dropout,Kanye West,,3m42s
Don't Rush,Sainthood,Tegan & Sara,,2m45s
Im Still Fly,The Carter Meets The Cartel 2: Lil Wayne & Drake,Lil Wayne & Drake,,2m50s
All For Myself,The Age Of Adz,Sufjan Stevens,Sufjan Stevens,2m55s
Rough Boy,Greatest Hits,ZZ Top,Hill/Gibbons,4m52s
You Had It Coming,If You Speak Any Faster,June,,3m53s
Remember When (Used to Be Used to It),There for Tomorrow,There For Tomorrow,,3m53.406s
I Caught Fire (In Your Eyes),In Love And Death,The Used,The Used,3m24.823s
Nice and Blue (pt. Two),"Brother, Sister",mewithoutYou,,3m44s
Get Cake,Felt 3 (A Tribute To Rosie Perez),Felt (Slug & Murs),,56s
Peter Frampton - Frampton Comes Alive  - 01 - Introduction Somethin's Happening.mp3,Frampton Comes Alive,Peter Frampton,,5m44s
Messes of Men,"Brother, Sister",mewithoutYou,,3m53s
Ladder Song,The People's Key,Bright Eyes,,3m58s
067. Jules √âmile Fr√©d√©ric Massenet - Tha√_s - M√©ditation,Classical Music Top 100,VA,,5m43s
Get Ready,Sublime,Sublime,Sublime,4m51s
The Remix,These Are Jokes,Demetri Martin,,5m41s
Legs (Remix),Greatest Hits,ZZ Top,Hill/Gibbons,4m32s
What The Future Holds,Dubstep Collection 5,Stenchman,,5m54s
Eminem feat. Nate Dogg - Shake That Ass,<Unknown>,<Unknown>,,4m36s
Damn Girl ft will.i.am,FutureSex/LoveSound,Justin Timberlake,,5m12s
Perfect Gentleman (Smash Mode Club Mix),Promo Only Mainstream Club July,Rietsa,,5m40s
London Dungeon,Collection,The Misfits,,2m34.459s
Daydreamin',Lupe Fiasco's Food & Liquor,Lupe Fiasco Feat. Jill Scott,I Monster/Craig Kallman,3m55.125s
Why Is It So Hard,No Time For Dreaming,Charles Bradley,,4m10s
"David Guetta, Kid Cudi, Deadma",Electro House Music Remixes-WE,VA,,7m26s
The Most Beautiful Girl (In the Room),Flight of the Conchords,Flight of the Conchords,,4m2.23s
Episode 242 - Russell Brand,WTF with Marc Maron Podcast,Marc Maron,,1h20m40s
Part 6,Eric the Pilot,Henry Rollins,,11m13.355s
Song For Mel,Lifetime,Lifetime,,1m11s
Yvez Larock - Rise Up 2009 (Dj Sndrz Rework),Top 100 Club & Party (11.11.2009),WwW.LanzaMp3.CoM,,6m35s
Admit It!!! (Acoustic),Spin Acoustic Session,Say Anything,,6m2s
All My Friends (John Cale's Ve,All My Friends,LCD Soundsystem,,7m39s
You're Just a Baby,Tigermilk,Belle & Sebastian,,5m23s
Wassup Wassup feat Rye Rye - Crookers Remix,Blow Your Head,Diplo,,4m59s
Bigger Than My Body,Heavier Things,John Mayer,,4m29s
Rise [DFA Remix],DFA Compilation #2 [Disc 1],Delia Gonzalez & Gavin Russom,Delia Gonzalez & Gavin Russom/Gavin Russom,7m27s
Steve Wonder - Song Review - 11 - Lately,,,,4m5s
Drop Out - The So Unknown,The Glass Passenger,Jack's Mannequin,,3m33s
Shrooms (Interlude),Incredibad,The Lonely Island, ,34s
Yellow Lines (feat. Phonte & Witchdoctor),Dirty Acres,CunninLynguists,,4m57s
Pam Berry,Wincing the Night Away,The Shins,,57s
It's Hard To Speak Without A Tongue,Killing With A Smile,Parkway Drive,Parkway Drive,4m15s
Paper Planes (Scottie B remix),Paper Planes: Homeland Security Remixes,M.I.A.,M.I.A.,4m4s
Phazing feat. Rudy - Original Mix,Phazing,"Dirty South, Rudy",,7m32s
One Of Those Nights,Whisper War,The Cab,,3m49s
String Quartet No 17 In B Flat Major K 458,The Best Of Mozart,Mozart,,4m17s
Only One,Dye It Blonde,Smith Westerns,,3m22s
Change,Fearless,Taylor Swift,,4m41s
21st Century Breakdown,21st Century Breakdown,Green Day,,5m11s
All Downhill From Here,Hits,New Found Glory,,3m12.516s
Morning Mr Magpie,The King of Limbs,Radiohead,,4m40.775s
Whatever You Like,T.I.-Paper.Trail.Retail-2008-[NoFS],T.I.,,4m10s
Clinton Sparks & Pete Wentz (outro),Welcome to the New Administration (mixtape number 60---),CitizensFOB Mixtape,Hosted & Mixed By Clinton Sparks,34s
Learn To Live With What You Are,"Supersunnyspeedgraphic, The LP",Ben Folds,,4m28s
Instrumentals - Common - Faithful (Prod. Kanye West),,,,3m32s
"Surprise! I'm from Cuba, Everyone has One Brain",Downtown Battle Mountain,Dance Gavin Dance,,4m55s
Chapter 16,The Greatest Show on Earth: The Evidence for Evolution,Richard Dawkins,,20m51s
After It All,The Greatest,Cat Power,Chan Marshall,3m31.324s
Shut Up,2001,blink-182,,3m20s
Track 07,,,,5m51s
The Story of Your Life,Smile Kid (Deluxe Edition),We The Kings,,3m32s
Rockin' The Suburbs,Rockin' The Suburbs,Ben Folds,Ben Folds,4m59s
Your Weather,Farm,Dinosaur Jr,J Mascis,3m6s
Moby - One Time We Lived (Laur,Electro House Music Remixes-WE,VA,,7m40s
Choose A Side,Chautaqua,The Willowz,,4m42s
Workin On Her Visa,The Carter Meets The Cartel 2: Lil Wayne & Drake,Lil Wayne & Drake,,1m39s
Daisy,Daisy,Brand New,,3m7s
I Wanna Be The One (Tod Miner's Priapic Electro Mix),Promo Only Mainstream Club July,Tony Cruz,,8m6s
Cicatriz E.S.P.,De-Loused In The Comatorium,The Mars Volta,The Mars Volta,12m28.82s
You Will. You? Will. You? Will. You? Will.,"Lifted Or The Story Is In The Soil, Keep Your Ear To The Ground",Bright Eyes,Conor Oberst,3m25.287s
Off That (Dirty),Blueprint 3,Jay-Z Feat Drake,,4m23s
Human Of The Year,Far,Regina Spektor,,4m5s
"005. Antonio Lucio Vivaldi - Le Quattro Stagioni (Op. 8, RV 269) - La Primavera",Classical Music Top 100,VA,,10m50s
Candy Lady,Movie 3: The Burrprint!,Gucci Mane,,1m26s
"18 Look Ma, The Walls are Moving!",Listen,Emanuel and The Fear,,23s
P-Poppin (feat. Shwanna & Lil' Fate),Chicken N Beer,Ludacris,,4m49s
28 Guido - Tango.mp3,Disc E: The Nice Move,"Revealomatic - No Bull, More Halfstep",,1m34s
SexyBack ft Timbaland,Future Sex/Love Sounds,Justin Timberlake,,4m3s
 [HouseArena.net],,Dondria feat. Jermaine Dupri - You're The One (Chuckie Remix),,4m11s
Thunder,Donuts,J Dilla,,54s
Ghost Dance Deluxe,Felt 3 (A Tribute To Rosie Perez),Felt (Slug & Murs),,4m1s
Caution (Do Not Stop On The Tracks) (Live In Denmark 1972 Version 2),Europe '72,Grateful Dead,,1m44s
Drowning Lessons,"I Brought You My Bullets, You Brought Me Your Love",My Chemical Romance,My Chemical Romance,4m24s
Three Point One Four,Hooray For Boobies,Bloodhound Gang,,3m55s
Cut The Tension,Jersey's Best Dancers,Lifetime,,1m56s
10 Ballistics - Get Up,Disc F: The Ruff Step,"Revealomatic - No Bull, More Halfstep",,1m59s
Sander Kleinenberg - My Lexicon (Calvertron & Paul Thomas Remix),,www.just4dance.fw.hu,www.just4dance.fw.hu,8m2s
Dirt,Fun House,The Stooges,The Stooges,7m4s
StarTalk: Time Capsule,StarTalk,Neil deGrasse Tyson,,47m54s
Alphabet Town,Elliott Smith,Elliott Smith,Elliott Smith,4m11s
Football Season Is Over (After The Night),Suicide Season Cut Up,Bring Me The Horizon,,3m58s
Withstanding The Ramones,Talking From The Box,Henry Rollins,,2m2s
R.S.V.P.,Hooray For Boobies,Bloodhound Gang,,16s
082. Wolfgang Amadeus Mozart - Die Zauberfl√∂te (K. 620) - Overture.mp3,Classical Music Top 100,VA,,6m34s
The Black Eyed Peas - My Humps,Electro House Music Remixes-WE,VA,,5m27s
Freedom Of Preach (Ft. Bishop Eddie Lee Long),Release Therapy,Ludacris,,7m8s
All We Know,All We Know Is Falling,Paramore,,3m13.607s
Still New,Dye It Blonde,Smith Westerns,,4m10s
#393: Infidelity,This American Life,Chicago Public Media,,1h4s
Police Story,Damaged & Jealous Again,Black Flag,,1m32s
Half Remembered Dream,Inception (OST),Hans Zimmer,,1m12s
Episode 145 - Gallagher,WTF with Marc Maron Podcast,Marc Maron,,54m5s
Get Low,Kings Of Crunk,Lil Jon & The East Side Boyz ft. Ying Yang Twins,,5m34s
I Don't Blame You,You Are Free,Cat Power,,3m6s
Pick My Gun Up (Skit),"Die, Rugged Man, Die",R.A. the Rugged Man,,1m14s
Morning After Dark (Diggz Quick Hitter),,Timbaland,,1m25s
On the Run,The Animal Strings Album,Call It Arson,,2m15.906s
The Fourth Drink Instinct,The Same Old Blood Rush With A New Touch,Cute Is What We Aim For,Cute Is What We Aim For,4m9.777s
I'm Da Man (Feat. Trey Songz),Definition Of Real,Plies,,3m50s
Rolled Peach Optimos (Call Day),Beat Konducta Vol. 5: Dil Cosby Suite,Madlib,,57s
Getting Snippy With It,"Talk Is Cheap, Vol. 1",Henry Rollins,,6m48s
Flawed Methods Of Persecution & Punishment,This Will Be The Death Of Us,Set Your Goals,,4m9s
We Are the People,Walking On a Dream,Empire of the Sun,"Luke Steele, Nick Littlemore & Jonathan Sloan",4m27.424s
Rock With You [February 1980],Off The Wall,Michael Jackson,,3m23s
Dance Dance (Live),Q101 Twisted 12,Fall Out Boy,,4m38.569s
Prototype,Speakerboxxx/The Love Below,Outkast,,5m26s
Walk This Way,Ultimate Run DMC,Run-D.M.C.,Joe Perry/Steven Tyler,5m11s
Golden Slumbers,Abbey Road,The Beatles,,1m32s
Reminder ,The Blueprint 3 [Soul Assassin Special Edition],Jay-Z,,4m18s
Heart Attack,Power,Boys Noize,,4m32s
Airport Courtesy Phone,The Boxed Life,Henry Rollins,,2m22.988s
5th Symphony                  ,    ,Beethoven                     ,,7m5s
Summertearz,Ritual Union,Little Dragon,,3m54s
Bumpy's message,Born like this,DOOM,,1m36s
Colours,The DFA Remixes: Chapter Two,Hot Chip,Hot Chip,7m37s
It's Tricky,Greatest Hits,Run-D.M.C.,,3m4s
Beat It,Number Ones,Michael Jackson,Epic,4m18.507s
Every Man Has A Molly,...Is A Real Boy,Say Anything,Max Bemis,3m6s
Gnik Nus,Love,The Beatles,,55s
Instrumentals - Kanye West - Brand New,,,,3m41s
03 - Soma,,,,2m38s
Meet New People,DJ Ill Will & DJ Rockstar Present Wiz Khalifa - Burn After Rolling,Wiz Khalifa,,1m35s
Rise To Me,The King Is Dead,The Decemberists,Colin Meloy,4m59s
867-5390,Dan Frank's Album,Dan Frank,Dan Frank,2m4s
Strength - Part 2,The Boxed Life,Henry Rollins,,23m5.743s
Day n Nite,Man On The Moon: The End Of Day,KiD CuDi,,3m41s
SModcast 190: The SMuppet Show,SModcast - SModcast.com,Kevin Smith and Scott Mosier,,54m54s
No Name #1,Roman Candle,Elliott Smith,Elliott Smith/JJ Garson,3m3s
Episode #225 (Originally Aired 9/23/11),Real Time with Bill Maher,HBO Podcasts,,57m30s
Bold As Love,Where The Light Is Live In Los Angeles [Disc 1],John Mayer,John Mayer,8m38s
My World Is Over,That Thing You Do,Original Soundtrack,,3m1s
Tim Minchin,The Nerdist,Nerdist,Chris Hardwick,1h9m58s
U-Love,Donuts,J Dilla,,1m1s
Angel in the Snow,Grand Mal: Studio Rarities,Elliott Smith,,2m38s
Riddles In The Sand (Original Mix) /// http://www.full-hq.com,http://www.full-hq.com,Ron Hagen & Pascal M,http://www.full-hq.com,7m8s
Make A Plan To Love Me,Cassadaga,Bright Eyes,,4m14s
War,We Don't Need to Whisper,Angels & Airwaves,,5m9s
weird science,You Have No Idea What You're Getting Yourself Into,"Does It Offend You, Yeah?",,5m6s
Sexy Back Electro Remix,,Justin Timberlake,,7m17s
Caves,The Glass Passenger,Jack's Mannequin,,7m29s
Dear Child (I've Been Dying To Reach You),Avalon,Anthony Green,,3m23s
No Values,Damaged & Jealous Again,Black Flag,,1m45s
Post Tour Employment Part 2,"Spoken Word Guy (Alexandria, VA 11/03/08) [Disc 1]",Henry Rollins,Henry Rollins,7m41.821s
Without Me ,The Eminem Show,Eminem,,4m51s
1700's / Museum,Economics II,Jim Gaffigan,,1m13s
Graham Elwood,The Nerdist,Nerdist,Katie Levine,1h8m48s
That'll Be The Day,Rave On Buddy Holly,Modest Mouse,Norman Petty/Jerry Allison/Buddy Holly,2m16s
Weezy Baby Ft. Nikki,2006,Lil Wayne,,1m26s
Alabama Sunshine,DFA Compilation #2 [Disc 1],The Rapture,R. Burns/Rapture,2m46s
Hazel,Begone Dull Care,Junior Boys,,6m13s
Help I'm Alive (Acoustic),Fantasies,Metric,,4m49s
Cold Chillin',My Brain Is Alive,Charles Hamilton,C. Hamilton,4m55s
DJ Krotan Gzuss Serrano -- Electro Speach (Marzeks Remix),,www.just4dance.fw.hu,www.just4dance.fw.hu,4m57s
Interview #1,"Morning Becomes Eclectic, KCRW-FM Studios",Elliott Smith,,4m42s
Golden Age,"Dear Science,",TV on the Radio,,4m12s
Julio Navas & David Amo Heart Beat (Abel Ramos Oslo With Love Remix),,www.just4dance.fw.hu,www.just4dance.fw.hu,7m41s
Closer To The Truth And Furthher From The Sky,Sycamore Meadows,Butch Walker,,4m38s
...And We All Have A Hell,Heroine,From First To Last,,3m22.245s
037. Johann Sebastian Bach - Orchestersuite Nr. 2 (BWV 1067) - Badinerie.mp3,Classical Music Top 100,VA,,1m27s
Superstition (Todd Terje Edit),,Stevie Wonder,,8m58s
Bonus Track,The Greatest,Cat Power,Chan Marshall,2m15.418s
Slow Jabroni,Astrocoast,Surfer Blood,,6m6s
Combat Baby,"Old World Underground, Where",Metric,,3m32s
Cologne,Way To Normal,Ben Folds,,5m3s
"Teasing To Please (Left Side, Strong Side)",The Same Old Blood Rush With A New Touch,Cute Is What We Aim For,Cute Is What We Aim For,3m44.444s
Fitter Happier,OK Computer,Radiohead,Colin Greenwood/Ed O'Brien/Jonny Greenwood/Phil Selway/Thom Yorke,4m53s
Investigative Reports,Liquid Swords,GZA,,3m50s
027 Darkstar - Need You,,,,6m10s
Cassandra Geminni: C. Faminepulse,Frances The Mute,The Mars Volta,Omar A Rodriguez-Lopez,3m48.507s
Jesusland,Songs For Silverman,Ben Folds,,4m26s
Waste Myself,Who Are You Now?,This Providence,,2m56s
Change,Big Ugly Mouth,Henry Rollins,,7m35.877s
Famous Last Words,The Black Parade,My Chemical Romance,,4m59s
Tremor Christ,The Ultimate Best Of Pearl Jam,Pearl Jam,,4m12s
So Long Friend,The Papercut Chronicles,Gym Class Hereos,,1m16s
Seaweed Song,Manners,Passion Pit,,4m25s
Mind Terrorist,It Takes A Nation Of Millions ,Public Enemy,,1m21s
Sunplus [DFA Remix],DFA Compilation #2 [Disc 1],J. O. Y.,K. U. D. O./Kan Takagi/Yoshmi P-We,4m59s
Coma White,Mechanical Animals,Marilyn Manson,M.W. Gacy/Marilyn Manson/Twiggy Ramirez/Zim Zum,5m38s
Love,Black on Both Sides,Mos Def,,4m23s
Spay Me,In Defense Of The Genre,Say Anything,,3m14s
Next of Kin,Things Aren't So Beautiful Now,A Thorn for Every Heart,A Thorn for Every Heart,2m52s
Run For Your Life,Rubber Soul (US),The Beatles,,2m19s
Greg's Last Day,Somebody's Gonna Miss Us,The Starting Line,,2m34s
Right Now (Na na na) [Akon Cover],Punk Goes Pop 3,Asking Alexandria,,4m21s
"Baby, It's Fact",Zombies! Aliens! Vampires! Dinosaurs!,Hellogoodbye,,3m17s
Bedroom Talk,Somebody's Gonna Miss Us,The Starting Line,,4m13s
Listen To The Voice Inside (D.O.N.S. Remix),http://www.4DJsonline.com,Yves Larock Feat. Steve Edwards,http://www.4DJsonline.com,7m28s
Treasure Island,King Vs Queen,Brighten,,2m58s
Time,Inception (OST),Hans Zimmer,,4m36s
Shame and Fortune,It's Blitz!,Yeah Yeah Yeahs,,3m32s
Classic Geographic,"Talk Is Cheap, Vol. 1",Henry Rollins,,15m22s
Radio Jingles for Tokyo's Inter-FM,Songs For Goldfish,Ben Folds,,54s
Amor Fati,Within And Without,Washed Out,,4m26s
She's A Rebel,American Idiot,Green Day,,2m1s
So Many Animal Calls,Different Damage,Q And Not U,Q And Not U,2m10.24s
Sugababes - About A Girl (Dese,Electro House Music Remixes-WE,VA,,5m30s
Long Division,Narrow Stairs,Death Cab For Cutie,,3m51s
Cash flow feat. Jah Dan,Guns Don't Kill People... Lazers Do,Major Lazer,,4m8s
20 JSL - Raw Love 2009 VIP.mp3,Disc F: The Ruff Step,"Revealomatic - No Bull, More Halfstep",,1m22s
Let It Happen,Chase This Light,Jimmy Eat World,,3m28s
Rockin That Thang,Telephoned EP,Telephoned,,5m31.07s
L.A.X.,Power,Q And Not U,,2m32s
Ritz,We Are Pilots,Shiny Toy Guns,,2m48s
say yes,"Morning Becomes Eclectic, KCRW-FM Studios",Elliott Smith,,2m14s
Hockey Hair,You Can't Imagine How Much Fun We're Having,Atmosphere,,2m56s
Away We Go,This Could Be A Possibility,Valencia,,3m18.368s
Walk This Way [September 1986],Raising Hell,Aerosmith & Run D.M.C.,,5m10s
Our Ethos: A Legacy To Pass On,This Will Be The Death Of Us,Set Your Goals,,4m34s
Tomorrow Never Knows,Revolver,The Beatles,,2m58s
Can I Kick It?,The Anthology,A Tribe Called Quest,,4m25s
Harvey Two-Face,The Dark Knight,The Dark Knight,,6m17s
Savion Glover,Never Better,P.O.S.,,2m19s
Umbrella (Rihanna),Punk Goes Crunk,All Time Low,,3m50s
Eliza,The Animal Strings Album,Call It Arson,,2m24.265s
Golden Age Of My Negative Ways,GNV FLA,Less Than Jake,,1m43s
You Should Be Dancin' (Todd Terje edit),Ballroom Records 019,The Bee Gees,,6m24s
Good Morning(Intro) ,Graduation,Kanye West,,3m16s
Soul Meets Body,Plans,Death Cab For Cutie,,3m51s
The Gift (Tek One Remix),This Is Dubstep Vol.2,Way Out West,,6m26s
Get On The Bandwagon,My Brain Is Alive,Charles Hamilton,C. Hamilton,6m32s
God Put A Smile Upon Your Face,A Rush Of Blood To The Head,Coldplay,Buckland/Champion/Martin,4m57.331s
Mitch Blood Green (Interlude),"Die, Rugged Man, Die",R.A. the Rugged Man,,33s
I Love Rock 'N Roll [April 1982],I Love Rock 'N Roll,Joan Jett,,2m55s
Tune In,Transistor,311,C. Sexton/D. Martinez,2m19.691s
travismccoy-oneatatime,,,,2m53s
Figure 8,Place Pigalle Demos,Elliott Smith,,1m29s
Part 5,Eric the Pilot,Henry Rollins,,6m0.93s
Lynn,Strategic Grill Locations,Mitch Hedberg,,3m10s
Curls,Madvillainy,Madvillain,Madlib,1m36s
My Girl,Like Father Like Son,Lil Wayne & Birdman,,2m48s
Coming 2 America,Word Of Mouf,Ludacris,Bangladesh,4m22s
Talking to Mary,New Moon,Elliott Smith,,3m42.261s
Money To Blow (dirty)          +4,Money To Blow                 ,Birdman                       ,,4m22s
Figures A And B (Means You And Me),Zombies! Aliens! Vampires! Dinosaurs!,Hellogoodbye,,2m21s
Bluish,Merriweather Post Pavilion,Animal Collective,,5m14s
#713: Viewer Calls,The Atheist Experience,Atheist Community of Austin,,58m24s
Smooth,Pop Volume II,Escape The Fate,Punk Goes...,3m59s
Modeling Sucks,So... How's Your Girl?,Handsome Boy Modeling School,,1m3s
Lightworks,Born like this,DOOM,,1m53s
008. Antonín Dvořák - New World Symphony (Op. 95) - Largo.mp3,Classical Music Top 100,VA,,4m38s
Hate Everyone,Say Anything,Say Anything,,3m15s
Take My Hand (Remix) [feat. Cassadee Pope],The Lady Luck EP,The Cab,,3m42s
What's Your Life,"Spoken Word Guy (Alexandria, VA 11/03/08) [Disc 2]",Henry Rollins,Henry Rollins,18m45.703s
Homeland and Hip Hop,Revolutionary Vol. 2,Immortal Technique,,2m45s
Anti-American Graffiti,Donuts,J Dilla,,1m54s
The City,If You Speak Any Faster,June,,3m27s
I Got My Mind Set (on yo ass),,George Harrison,,3m52s
Smoked Out (Green Blaze Subliminal Sounds),Beat Konducta Vol. 6: Dil Withers Suite,Madlib,,1m49s
Sleep,The Black Parade is Dead !,My Chemical Romance,,5m33s
Good Love Is On The Way,Where The Light Is Live In Los Angeles [Disc 1],John Mayer,John Mayer,4m19s
You Wish (Interlude),It's Classy Not Classic,Breathe Carolina,,1m33s
Where The White Boys Dance (Bonus Track),Sam's Town,The Killers,,3m29s
We Fight for Diamonds,In Ghost Colours,Cut Copy,,1m2s
(Night Time Is) The Right Time,Visionary Soul,Ray Charles,Herman-Cadena-Brown,3m26.216s
Empty Bottles,Apples And Oranges,Stacy Clark,,2m49s
Track 01,,PAGE,,4m55s
Comet Course,Los Angeles,Flying Lotus,,3m2s
Dig It,Let It Be,The Beatles,,50s
Just Another Marionette,Relativity,Emarosa,,4m5s
Orange Spider,"Brother, Sister",mewithoutYou,,1m11s
The Holiday Song,Surfer Rosa & Come On Pilgrim,Pixies,,2m15s
American Eulogy (Mass Hysteria/Modern World),21st Century Breakdown,Green Day,,4m27s
"Don't Think Twice, It's All Right",The Essential: Bob Dylan,Bob Dylan,Bob Dylan,3m41.657s
Hot Air Balloon,Do You Believe In Gosh,Mitch Hedberg,,2m58s
Na Na Na (Na Na Na Na Na Na Na Na Na),Danger Days: The True Lives Of The Fabulous Killjoys,My Chemical Romance,,3m26s
Golden Age,Dear Science (Deluxe Edition),TV On The Radio,TV On The Radio,4m10s
bloc party HELICTOPTER remix non normalize,www.formdiplo.com,Diplo,,4m56s
Make Her Say (Quick Hitter/Segway),DMS,Kid Cudi ft Kanye West,,1m50s
Don't Let This Win Over You,Mutiny!,Set Your Goals,,1m1s
#745: Viewer Calls,The Atheist Experience,Atheist Community of Austin,,57m45s
Windy Sundays (Dubstep Mix),Dubstep Collection 4,Slin & DiamonD EyE,,4m18s
19 Razzmatazz,Listen,Emanuel and The Fear,,3m50s
Nothin’ On Me (Featuring Juelz Santana & Fabolous) (Produced By Alchemist),Tha Carter 3,Lil Wayne,,5m27s
Take Too Much (Rich Man),The Re-Education of Lauryn Hill,Lauryn Hill,,2m28s
Gucci Speaks 2,Movie 3: The Burrprint!,Gucci Mane,,53s
Texas,Texas,Playradioplay!,,59s
Dearest,Rave On Buddy Holly,The Black Keys,"Ellas McDaniel/Bob Gibson/Prentice Polk, Jr.",2m5s
Your Mother Should Know,Magical Mystery Tour,The Beatles,,2m32s
Birthday,The Beatles [White Album] [Disc 2],The Beatles,John Lennon/Paul McCartney,2m42.864s
Intro,Murs For President,Murs,,1m48s
"Steve Wonder - Song Review - 18 - Signed, Sealed, Delivered I'm Yours",,,,2m39s
Brick Is Red,Surfer Rosa & Come On Pilgrim,Pixies,,2m1s
Great To Be There (Outro),DJ Ill Will & DJ Rockstar Present Wiz Khalifa - Burn After Rolling,Wiz Khalifa,,2m32s
Roller,Dubstep Collection 1,Benga,,5m16s
Wouldn't Mama Be Proud?,Figure 8,Elliott Smith,Elliott Smith,3m25s
Too Late (Produced by ID Labs),Show And Prove,Wiz Khalifa,,4m50.017s
Next Episode,2001,Dr. Dre Featuring Eminem And Snoop Dog,,2m43.677s
Depressionista,The Big Dirty,Every Time I Die,Every Time I Die,2m29s
"In Search Of The American Dream: ""Remote control RM15.""",The Gonzo Tapes [Disc 2] : Fear and Loathing in Las Vegas,Hunter S. Thompson,,1m14s
Where Did You Go?,We All Need A Reason To Believe,Valencia,,3m21s
M&m's,Greatest Hits,Blink 182,,2m36s
Night Drive,Move Along,The All-American Rejects,,3m26s
Positively 4th Street,The Essential: Bob Dylan,Bob Dylan,Bob Dylan,3m57.098s
The Way You Move,Self-Titled Album,The Audition,,2m47s
Knock U Down,DJ Ill Will & DJ Rockstar Present Wiz Khalifa - Burn After Rolling,Wiz Khalifa,,1m29s
Until We Get Caught,This is A Stick Up...Don't Make it A Murder,Hit The Lights,,2m52s
Flyyyyy,Jay Dee Instrumental Series Vol 1,Jaydee,,2m55s
Beach Parade,Curb Your Enthusiasm,Armando Trovaioli,,1m41s
Just Might Be OK,Lupe Fiasco's Food & Liquor,Lupe Fiasco Feat. Gemini,Profylic,4m24.405s
Mona Lisa,When The World Comes Down,The All-American Rejects,,3m16s
Me & You,,Cassie,,3m14s
Sugar Never Tasted So Good,The White Stripes,The White Stripes,,2m57s
Track 18,EP,Been Bradley,,4m4.273s
Turn My Swag On,iSouljaBoyTellem,Soulja Boy,,3m27s
Pain Gang (Feat. B-Real & Everlast) (Prod. By Cynic),The Hour Of Reprisal,Ill Bill,,3m56s
Fingerprints,One Of The Boys,Katy Perry,,3m45s
Death Comes Ripping,Collection,The Misfits,,1m53.963s
Dimethyltriptamine (Produced By J Dilla),StyleWars EP,Jay Electronica,,3m44s
063 Idren Reality - Satellite empire,,,,3m39s
Put Some Keys On That,Da Drought 3 [Disc 1],Lil Wayne,,3m58s
3rd Measurment In C,Translating The Name,Saosin,,2m39s
Power.mp3,,,,4m53s
Susanne,Dusty Gems And Raw Nuggets [Bonus Disc],Weezer,Weezer,2m47.485s
I Know (feat. Pharrell),American Gangster,Jay-Z,,3m45s
Lorraine Interlude,2008,T-Pain,,1m3s
Bringin' It Backwards,Jersey's Best Dancers,Lifetime,,1m32.949s
Cambridge,I Am The Movie,Motion City Soundtrack,,2m30s
014. Edvard Hagerup Grieg - Peer Gynt Suite No. 1 (Op. 46) - Morgenstemning,Classical Music Top 100,VA,,4m2s
Swordsman,Liquid Swords,GZA,,3m21s
Tiffany Blews,Folie A Deux,Fall Out Boy,,3m45s
Bonus Track,Rotation,Cute Is What We Aim For,,43s
Miracle,Riot!,Paramore,,3m30s
A Bullet Never Lies (Feat. Vinnie Paz) (Prod. By DJ Lethal),The Hour Of Reprisal,Ill Bill,,3m26s
Beyonce - Sexy Little Thug (50 Cent - In The Club Remix),,Beyonce,,3m16s
Red Wedding,Pass The Flask,The Bled,,2m52s
Turbulence (remix),Deltron 3030,Deltron 3030,,3m33s
JLJ Intro,Jay Loves Japan,J Dilla,,11s
Pessimist,Gemini,Wild Nothing,,1m50s
All Your Love,Zombies! Aliens! Vampires! Dinosaurs!,Hellogoodbye,,2m57s
4th Dimensional Transition,Oracular Spectacular,Mgmt,,3m59s
Journal,A Rollins In The Wry,Henry Rollins,,4m17.253s
Sex,I Am A Wonderful Man,Michael Ian Black,,3m52s
Time,Rotation,Cute Is What We Aim For,,4m
Emily,"Dear Diary, My Teen Angst Has A Bodycount",From First To Last,From First To Last,2m39.01s
Yellow Spider,"Brother, Sister",mewithoutYou,,1m11s
Arno Cost Vs Delerium - Cyan V,Electro House Music Remixes-WE,VA,,7m37s
Diamonds From Sierra Leone,Late Orchestration,Kanye West,,4m9s
Grand Theft Autumn/Where Is Your Boy [Acoustic],My Heart Will Always Be The B-Side To My Tongue,Fall Out Boy,Fall Out Boy,3m12.191s
All of My Friends Were There,Village Green Preservation Society (Special Deluxe Edition 2004) (CD1 Stereo),The Kinks,,2m26s
Black Tambourine,Guero (Deluxe),Beck,"Beck Hansen, Mike Simpson, John King, Eugene Blacknell",2m47s
Decoy,The Final Riot!,Paramore,,3m15s
Salad Days,Complete Discography,Minor Threat,,2m44s
Sleep,In Motion,Copeland,"A. Marsh, B. Laurenson",4m52.13s
Shiver,I Am The Movie,Motion City Soundtrack,,2m55s
How Low,Battle of the Sexes (Deluxe Edition),Ludacris,"Christopher Bridges, Tyler Williams, Carlton Ridenhour, Eric Sadler & Hank Shocklee",3m22s
Drifting Thing,Chasing Hamburg,Polar Bear Club,,2m29s
Just A Phase,Morning View,Incubus,Incubus,5m31.186s
Dilated,Suicide Notes And Butterfly Kisses,Atreyu,Alex Varkatzas/Brandon Saller/Dan Jacobs/Travis Miguel,3m35s
05 Ambulance Vs. Ambulance,Burn Piano Island Burn,The Blood Brothers,,2m55s
Gabriel Lukosz - All The Usual Things (Tucandeo remix),,www.just4dance.fw.hu,www.just4dance.fw.hu,6m41s
Separate Heart,Tear The Fences Down,Eulogies,Peter Walker,3m48s
Pennies (the updated rosters remix),Gone fishing (Mixtape),The Cool Kids and Don Cannon,,3m21s
Soul Survivor,Let's Get It: Thug Motivation 101,Young Jeezy ,"J. Jenkins, A. Thiam",4m40.055s
Ships In A Bottle,Sycamore Meadows,Butch Walker,,4m9s
Light Years,Transistor,311,Nicholas Hexum,2m28.421s
Early Retirement,"Talk Is Cheap, Vol. 2",Henry Rollins,,18m44s
Young Folks (Diplo Youngest Folks Remix),"Decent Work For Decent Pay, Collected Works Volume One",Diplo,,6m9s
Under The Knife,The Sufferer And The Witness,Rise Against,,2m44s
A/B Machines,Treats,Sleigh Bells,,3m35s
Cancer,The Black Parade is Dead !,My Chemical Romance,,3m17s
Where Do We Go (ft. Res),Quality ,Talib Kweli ,,4m1s
Offend in Every Way,White Blood Cells,The White Stripes,Jack White/Meg White,3m7s
Turn It Out,"You're A Woman, I'm A Machine",Death From Above 1979,"Jesse F. Keeler, Sebastien Grainger",2m38.452s
Slowly Through the Vector,...Is A Real Boy,Say Anything,Max Bemis,4m42s
Track 04,,,,3m7s
Foreword,Pangaea,Visionaries,Rhettmatic,1m32.229s
Hate,The Greatest,Cat Power,Chan Marshall,3m38.36s
Wait,Rubber Soul (US),The Beatles,,2m15s
Right Now,Dubstep Collection 2,Kush Arora,,4m28s
02 02.Black Republican feat. Julelz Santana,,,,3m13s
Time To Get Away,Sound Of Silver,LCD Soundsystem,,4m12s
No More Room to Breathe,There for Tomorrow,There For Tomorrow,,3m8.081s
Squeaking Wheels and White Light,Who Are You Now?,This Providence,,2m59s
Good to You,Quality ,Talib Kweli,,4m24s
35 Instra:Mental - No Future (Skream RMX),Disc F: The Ruff Step,"Revealomatic - No Bull, More Halfstep",,1m47s
Track 14,EP,Been Bradley,,4m19.784s
Because,,Elliott Smith,,2m20s
Lucifer's Joyride (feat. Travis McCoy),The In Crowd,Kidz In The Hall,,3m25s
Hey Joe,Are You Experienced?,Jimi Hendrix,,3m31s
Is It My Fault,"The Mother, The Mechanic, And The Path",The Early November,,4m1s
Holiday,Contra,Vampire Weekend,,2m19s
Michael Jackson - Butterflies,,,,4m38s
East Jesus Nowhere,21st Century Breakdown,Green Day,,4m36s
Good Morning Good Morning,Sgt. Pepper's Lonely Hearts Club Band,The Beatles,Lennon/McCartney/Lennon/McCartney,2m41.355s
1901,Wolfgang Amadeus Phoenix,Phoenix,,3m18s
Hurt Me Soul,Lupe Fiasco's Food & Liquor,Lupe Fiasco,Needlz,4m22.942s
Crosses Fingers,One Full Year,The Secret Handshake,,4m27s
Fix Your Face,Ire Works,The Dillinger Escape Plan,,2m42s
How You Like Me Baby,Apollo Kids,Ghostface Killah,GUTTAHIPHOP.COM,3m15s
Tango Passionata,Curb Your Enthusiasm,Piero Umiliani,,2m16s
"08 Yo, Jamin",Listen,Emanuel and The Fear,,32s
Beating Pillows,Treehouse Talk,504 Plan,,2m30s
Hiroshima (B B B Benny Hit His Head),Way To Normal,Ben Folds,,3m38s
Hayley,Howl,Empires,,3m36s
Speakers Blown,This is A Stick Up...Don't Make it A Murder,Hit The Lights,,3m38s
"The Twister (Huh, What)",Donuts,J Dilla,,1m17s
Put Your Hands Up (2-4 Grooves Radio Mix),Best Top 150 Club & Party Music September 2009 - DG-Lito,Wet Fingers,www.livingelectro.com,3m20s
Trade Secrets,The Boxed Life,Henry Rollins,,2m46.742s
Abaracadabra,What The Fuck Is A Jay Electronica,Jay Electronica,,3m32s
Stellar,"When Incubus Attacks, Vol. 1",Incubus,,3m16s
Summon Monsters,GNV FLA,Less Than Jake,,2m44s
Speak Her Sex,Trunk Muzik,Yelawolf feat. Nikkiya,Produced By Will Power For SupaHot Beats/Ghet-O-Vision Entertainment,2m54s
Infection,Dubstep Collection 3,MRK1,,4m22s
My Mirror Speaks,The Open Door EP,Death Cab for Cutie,,3m31s
I'm In The House - LMFAO Remix (Intro - Dirty),www.whitefolksgetcrunk.com,Steve Aoki ft LMFAO & Zuper Blahq,dinoroc.blogspot.com,3m58s
Life Goes On,Greatest Hits [Disc 1],2Pac,"T. Shakur, J. Jackson",5m3s
You Were Good,Strategic Grill Locations,Mitch Hedberg,,2m54s
Thrills,LCD Soundsystem (Disc 1),LCD Soundsystem,,3m43s
Rhon-duh!,Talking From The Box,Henry Rollins,,5m27s
Latch Key,Reset,Set Your Goals,,3m3s
Bar One,2001,Dr. Dre,Dr. Dre,52.778s
Almost Got Hit By a Truck,Yip/Jump Music,Daniel Johnston,,3m59s
Things,Used And Abused,Danger Radio,,3m4s
Interlude,Surfer Rosa & Come On Pilgrim,Pixies,,45s
Title and Registration,Transatlanticism,Death Cab for Cutie,,3m39s
Get Your Hands Off My Woman,"Supersunnyspeedgraphic, The LP",Ben Folds,,3m36s
Chicago Is So 2 Years Ago (Live),Q101 Twisted 12,Fall Out Boy,,4m20.783s
Wrong Way,Sublime,Sublime,Sublime,2m16s
G.I. Josephine,Felt 3 (A Tribute To Rosie Perez),Felt (Slug & Murs),,3m36s
Ten,Clarity,Jimmy Eat World,,3m49s
The Gloaming,Hail To The Theif,Radiohead,Radiohead,4m23s
New Again,New Again,Taking Back Sunday,,3m34s
Bonus Track 1,Revolutionary But Gangsta (Retail),Dead Prez,,2m23s
Carl Barker,Happiness,Dance Gavin Dance,,5m13s
Say Yeah (A Cappella),Say Yeah,Wiz Khalifa,,3m46s
Next Episode (Incredible Melting Man Electro Remix),DMS,Dr Dre ft Snoop Dogg,,4m47s
Resistance,The Resistance,Muse,,5m44s
I Don't Need You,5 - EP,Die Antwoord,"Ninja, Yo-landi Vi$$er, DJ Hi-Tek & Bas Bron",3m58s
[Untitled Track],Strategic Grill Locations,Mitch Hedberg,,3m8s
028 Sully Shanks - Give Me Up (Ld Remix),,,,4m29s
Amazing Ft. Young Jeezy,808's And Heartbreaks,Kanye West,,3m59s
Georgia,Dirty Acres,CunninLynguists,,3m51s
Depression,Damaged & Jealous Again,Black Flag,,2m29s
Day 'N' Nite (Rusko's Big Trombone Remix),2009,Kid Cudi vs. Crookers,,3m16s
Will Do,,TV on the Radio,,3m40s
Celebrity Life,That's What She Said,The Friday Night Boys,,3m20s
Victory Is In My Clutches,What The Fuck Is A Jay Electronica,Jay Electronica,,2m58s
I'll Die For You,The Big Doe Rehab,Ghostface Killah,,3m7s
Mistakes We Knew We Were Making,The Everglow,Mae,Mae,5m9.08s
Warrior,Live At Stubb's,Matisyahu,,7m58.865s
Hey Bulldog,Yellow Submarine,The Beatles,John Lennon/Paul McCartney,3m14s
Lazer Boom 1 (Album Mix by Diplo),Guns Don't Kill People... Lazers Do - downtown.rcdlbl.com,Major Lazer,,3m29s
Losing Lisa,Rockin' The Suburbs,Ben Folds,"Ben Folds, Frally Hynes",4m11s
Cemetry Gates,The Queen Is Dead,The Smiths,Marr/Morrissey,2m41s
Facemelter,"Fast Cars, Danger, Fire and Knives - EP",Aesop Rock,,5m6s
My Girl Is Calling Me (a Liar),Fancy Footwork,Chromeo,Chromeo,2m21s
Somebody That I Used to Know,Figure 8,Elliott Smith,Elliott Smith,2m9s
"Bitch Please II feat. Dr. Dre, Snoop Dogg, Xzibit and Nate Dogg",The Marshall Mathers LP,Eminem,,4m49s
Intertiatic E.S.P.,De-Loused In The Comatorium,The Mars Volta,The Mars Volta,4m23.801s
Take Away,Flight School,Wiz Khalifa,,4m59s
The Hardest Button To Button,Elephant,The White Stripes,Jack White,3m32s
Warlocks,Stadium Arcadium ,Red Hot Chili Peppers,,3m26s
The Transition,The Silence In Black And White,Hawthorne Heights,Hawthorne Heights,4m4.877s
Ms Perfect ,Jamin Studio Artist,Leo Coltrane,,3m21s
Episode 187 - Larry Miller,WTF with Marc Maron Podcast,Marc Maron,,1h15m
too good to be,,Dan Frank,,2m56s
The Real Thing,Forever Comes Too Soon,The Years Gone By,,2m20s
While My Guitar Gently Weeps,The Beatles [White Album] (Disc 1),The Beatles,George Harrison,4m45.233s
Booty Got Swag (Donk Part 2),iSouljaBoyTellem,Soulja Boy,,3m7s
528491,Inception (OST),Hans Zimmer,,2m24s
2 Minutes Maher (Originally Aired 8/5/11),Real Time with Bill Maher,HBO Podcasts,,2m43s
Swing,Knocked Up Soundtrack,Savage,,3m32s
009 Man Like Me - London Town (Doorly'S Cockney Wideboy Rmx),,,,5m33s
Suckers,Greatest Hit And More,Reel Big Fish,,3m59s
Come Around (Dubstep Remix),Dubstep Collection 1,Rouguestar,,4m20s
Best I Never Had,,The Downtown Fiction,,3m6s
Episode 193 - Richard Lewis,WTF with Marc Maron Podcast,Marc Maron,,1h28m20s
Jejune Stars,The People's Key,Bright Eyes,,4m10s
Isolation,Plastic Ono Band,John Lennon,John Lennon,2m52s
#1 Zero,Out Of Exile,Audioslave,Audioslave,4m59.049s
Labyrinthian,Controller,Misery Signals,,4m12s
Young Hearts Spark Fire,Post-Nothing (Promo),Japandroids,Japandroids,5m6s
Romance,Live With The Royal Sylvan Philharmonic,Jace Vëk,,4m27s
100 Yard Dash (Sabzi Remix 3),,Raphael Saadiq,,2m55s
Los Angeles,Self-Titled Album,The Audition,,3m25s
Lift Off (feat. Beyonce),Watch the Throne  (Deluxe Version),Jay-Z and Kanye West,"Kanye West, Shawn Carter, Jeff Bhasker, Mike Dean, Pharrell Williams, Seal Samuel & Bruno Mars",4m26s
Better Than Nothing,Tear The Fences Down,Eulogies,Peter Walker,3m41s
Bodybangers - Sunshine Day (DJ,2010,VA,,3m57s
U.B.S. (Unauthorized Biography Of Slayer) (Prod. By Necro),The Hour Of Reprisal,Ill Bill,,2m29s
Doubleback,Greatest Hits,ZZ Top,Hill/Gibbons,3m56s
A Little More Time,"The Mother, The Mechanic, And The Path",The Early November,,3m24s
The End,"Spoken Word Guy 2 10-13-07 Ann Arbor, Mi",Henry Rollins,,2m21s
Spaceships On Bankhead,DJ Drama & Young Jeezy: I Am The Street Dream!,Young Jeezy,,2m37.802s
Have Love Will Travel,Thickfreakness,The Black Keys,,3m7s
#436: The Psychopath Test,This American Life,Chicago Public Media,,1h1m18s
Clock Catcher,Cosmogramma,Flying Lotus,Flying Lotus,1m12s
Going Down On E,Dirty South Dance CD,A-Trak,,2m45.72s
Untrust Us,Crystal Castles,Crystal Castles,,3m6s
Fly Paper,Atlantis: Hymns for Disco,k-os,,4m10.612s
I Didn't See,Bend To Break,The Color Fred,,3m55s
Moment of Clarity,The Grey Album,DJ Danger Mouse,"John Lennon, Paul McCartney, Jay-Z",4m2s
Bounce (feat. Nore and Isis),Fist of God,MSTRKRFT,,2m51.293s
Spidersong (Demo),Is A Real Boy (demo),Say Anything,,4m20s
Project Wakeup,3D,I See Stars,,2m26s
Sleepy Dinosaur,Los Angeles,Flying Lotus,,1m56s
The Next Movement,J. Period - Best Of The Roots,The Roots,J.Period,2m39s
Let Go Of Everything You Know,Fragile Future,Hawthorne Heights,,3m26s
Slow Dancing In A Burning Room,Continuum,John Mayer,,4m3s
Lime Tree,Cassadaga,Bright Eyes,,5m54s
Man Out Of Time,The Very Best Of Elvis Costello [Disc 1],Elvis Costello,Costello,5m25.961s
Strangers,Transistor,311,N. Hexum,2m41.192s
Error: Operator,Louder Now,Taking Back Sunday,Taking Back Sunday,2m51.92s
Through Being Cool,Through Being Cool,Saves the Day,Chris Conley,2m4s
Unnamed,Louder Now Live Tracking,Taking Back Sunday,,4m43s
Josephine,More Fish,Ghostface Killah Feat. Trife Da God & The Willie Cottrell Band,,4m10s
Bored Games,Gemini,Wild Nothing,,4m4s
Money Maker (Ft. Pharrell),Release Therapy,Ludacris,,3m51s
Chris Nasty - Dedicated To The People (Extended Mix),,www.just4dance.fw.hu,www.just4dance.fw.hu,5m48s
Sugar We're Going Down(Live),Q101 Twisted 12,Fall Out Boy,,4m29.63s
Sussudio [July 1985],No Jacket Required,Phil Collins,,4m22s
All Night Long,Lifetime,Lifetime,,2m11s
I've Been Me (Interlude),We're New Here,Gil Scott-Heron & Jamie XX,Gil Scott-Heron/D. Shell/R. Holt,28s
"Out of Egypt, into the Great Laugh of Mankind, and I shake the dirt from my sandals as I run",Illinois,Sufjan Stevens,,4m21s
Stand Up (feat. Shawnna),Chicken N Beer,Ludacris,Kanye West,3m34s
Don't Let Her Pull You Down,Not Without A Fight,New Found Glory,,3m29s
Dandelion,Out Of Exile,Audioslave,Audioslave,4m38.082s
Calabria (Acapella Out),DMS,Enur feat. Natasja,,2m54s
Alejandro,The Fame Monster,Lady GaGa,,4m35s
Kevin Spacey,Felt 3 (A Tribute To Rosie Perez),Felt (Slug & Murs),,1m11s
Myxamatosis,Hail To The Thief,Radiohead,,3m58s
Betray,Complete Discography,Minor Threat,,3m3s
"Hey John, What's Your Name Again?",Plagues,The Devil Wears Prada,,3m46s
Rec-Room Therapy (feat. Raekwon & U-God),The Big Doe Rehab,Ghostface Killah,,3m15s
The Devil's Dick Disaster,Nuclear. Sad. Nuclear,The Number 12 Looks Like You,,3m22.57s
Heart Like an Orange,Tripper,Fruit Bats,,3m27s
"Everybody Cares, Everybody Understands",XO,Elliott Smith,Elliott Smith,4m24s
Heads Or Tails Real Or Not,Equal Vision/Rise Records 2008 Sampler,Emarosa,,5m2s
Little Death,When Your Heart Stops Beating,+44,"Mark Hoppus, Travis Barker",4m5.852s
Kiss N Tell,Animal,Ke$ha,,3m29s
"Fred Jones, Part 2",Rockin' The Suburbs,Ben Folds,Ben Folds,3m46s
If It Means A Lot To You,Homesick,A Day To Remember,,4m3s
What I See,Damaged & Jealous Again,Black Flag,,1m56s
Violin Concerto No 3 In G Major K 216 Rondeau Allegro,The Best Of Mozart,Mozart,,6m47s
Miami,Louder Now Live Tracking,Taking Back Sunday,,2m53s
Where The Cash At?,Like Father Like Son,Lil Wayne & Birdman,,5m8s
Miami Vice (Ft. Currensy),The Carter Meets The Cartel 2: Lil Wayne & Drake,Lil Wayne & Drake,,2m17s
The Mission,Champion Sound,Jaylib,,2m25s
Intro,Live At The Mayan Theatre,The Format,,1m48s
Chapter 7,The Greatest Show on Earth: The Evidence for Evolution,Richard Dawkins,,28m26s
Standing Ovation,Let's Get It: Thug Motivation 101,Young Jeezy,"J. Jenkins, C. Gholson",4m14.165s
07. X - Johnny Hit And Run Pau,VA - The Decline Of Western Ci,,,2m49s
Colorado Sunrise,Want,3OH!3,,3m24s
Close To The Flame,Deep Shadows And Brilliant Highlights,H.I.M.,Ville Valo,3m46.487s
The Girl Is Mine,Thriller 25,Michael Jackson & Paul McCartney,Michael J. Jackson,3m42s
L.A. Cops,Live in London,Henry Rollins,,28m36s
Adelaide,"Supersunnyspeedgraphic, The LP",Ben Folds,,3m13s
In Repair,Continuum,John Mayer,,6m10s
OFF THAT,JAY-Z + DJ NOODLES : Bp3-Qual,JAY-Z + DRAKE,,3m38s
Reality Show (Feat. Musiq Soul,2008,T-Pain,,4m30s
Sowing Season,The Devil And God Are Raging Inside Me,Brand New,Jesse Lacey,4m30.791s
Sorry Seems To Be The Hardest Word,Greatest Hits 1970-2002 [Disc 1],Elton John,Bernie Taupin/Elton John,3m49.622s
Dick Lips,the mark tom and travis show,Blink182,,3m36s
When It Rains,Riot!,Paramore,,3m35s
TNT (RIOT 87 VIP Dubstep Remix),Serbian Bassline,ACDC,RIOT 87,5m57s
Shooter,Tha Carter II,Lil Wayne,D. Carter & R. Thicke,4m35.319s
Ephemeral Artery,Psychic Chasms,Neon Indian,,2m52s
All-Star Me,Through Being Cool,Saves the Day,Chris Conley,1m44s
Da Feelin',Maths And English,Dizzee Rascal,,3m57s
Goonies Never Say Die!,Reset,Set Your Goals,,3m
Jaded,Doomtree,Doomtree,,3m7s
Angela Baker & My Obsession With Fire,Let It Enfold You,Senses Fail,,4m4.064s
Winds Devouring Men (Interlude),Legacy Of Blood,Jedi Mind Tricks,,54s
Please Turn,Ritual Union,Little Dragon,,3m33s
From Here To LA,"The Mother, The Mechanic, And The Path",The Early November,,3m15s
Light With A Sharpened Edge,In Love And Death,The Used,The Used,3m30.163s
Forever Lost,Spilling Over Every Side,Pretty Lights,,5m9s
Where There's Gold...,The Shade Of Poison Trees,Dashboard Confessional,,2m30s
on my mind,Coming Home,New Found Glory,,3m57s
If The Brakeman Turns My Way,Cassadaga,Bright Eyes,,4m54s
Belt (Acoustic),Spin Acoustic Session,Say Anything,,4m39s
Good Ol' Fashion Nightmare,Grand,Matt & Kim,,3m30s
SongShopClip,,Say Anything,,27s
Untouchable,Sweatbox,Henry Rollins,,7m34.019s
Anyone Can Play Guitar,Pablo Honey,Radiohead,Colin Greenwood/Ed O'Brien/Jonny Greenwood/Phil Selway/Thom Yorke,3m38s
Sand In Your Shoes,Who Are You Now?,This Providence,,3m39s
The Ballad Of Big Poppa And Diamond Girl,"While The City Sleeps, We Rule The Streets",Cobra Starship,,3m27s
"Honey, This Mirror Isn't Big Enough For The Two Of Us","I Brought You My Bullets, You Brought Me Your Love",My Chemical Romance,My Chemical Romance,3m51s
D.O.A. (Death Of Auto-Tune) ,The Blueprint 3 [Soul Assassin Special Edition],Jay-Z,,4m15s
Don't Speak Liar,We The Kings,We The Kings,,3m2s
We Like Sportz,Incredibad,The Lonely Island, ,2m4s
doomed now,You Have No Idea What You're Getting Yourself Into,"Does It Offend You, Yeah?",,3m43s
Mutual Slump,Endtroducing.....,DJ Shadow,,4m5s
Boyfriend,Crazy For You,Best Coast,Best Coast,2m30s
Got No Money,Late Registration,Kanye West,Kanye West,31.416s
Rockit [November 1983],Future Shock,Herbie Hancock,,5m29s
Lying is the most fun a girl can have without taking her clothes off,A Fever You Can't Sweat Out,Panic! At The Disco,Panic! At The Disco,3m20.295s
Heaven Can Wait (Acoustic),Smile Kid (Deluxe Edition),We The Kings,,3m10s
Magic Bus,Mad Kidz,Crookers,,5m17s
I Got Hurt Feelings,Season 2 Flight of the Conchords,Flight of the Conchords,,2m27s
I'm Not Saying Goodbye,Greetings From,A Rocket To The Moon,,3m19s
Colorblind,,Say Anything,,3m36s
Nothing Like You,"Nothing Like You 7""",Frightened Rabbit,,3m6s
Coat Check Dream Song,Cassadaga,Bright Eyes,,4m10s
Mr. Carter (Featuring Jay-Z) (Produced By Just Blaze),Tha Carter 3,Lil Wayne,,5m16s
The Shit Is On Fire Show,Talking From The Box,Henry Rollins,,9m18s
Reak Class (interlude),Doomtree,Doomtree,,49s
Been Through The Storm,J. Period - Best Of The Roots,The Roots,J.Period,3m3s
17 The Finale,Listen,Emanuel and The Fear,,5m48s
26 Mahanee vs. Von D - S.A.G.E.,Disc F: The Ruff Step,"Revealomatic - No Bull, More Halfstep",,2m47s
Misery Business,The Final Riot!,Paramore,,4m41s
False Advertising,"Lifted Or The Story Is In The Soil, Keep Your Ear To The Ground",Bright Eyes,Conor Oberst,5m52.362s
Sorry My Mistake (instrumental),Grand Mal: Studio Rarities,Elliott Smith,,2m31s
One Two,The Bake Sale,The Cool Kids,,3m32.787s
American Names,Sebastien Granger Demos,Sebastien Grainger,,4m6s
Give It Up,LCD Soundsystem (Disc 2),LCD Soundsystem,,3m55s
Rock With You,Number Ones,Michael Jackson,Epic,3m40.961s
Hey,Stadium Arcadium ,Red Hot Chili Peppers,,5m41s
Slang Tang,LP,Discovery,,2m28s
Baby Blue,The Room's Too Cold,The Early November,,3m42.098s
I'm Actual,Live At The Mayan Theatre,The Format,,3m49s
Grape Juice City,LP4,Ratatat,,3m56s
Mary Jane,The Ultimate Collection,Rick James,,4m58s
Outro,2005,Three 6 Mafia,,2m43s
Slow Dance With A Stranger,Used And Abused,Danger Radio,,3m28s
Air Conditions,Different Damage,Q And Not U,Q And Not U,4m0.303s
Becky Starz,"Televison Off, Party On",Forever The Sickest Kids,,4m3s
"If All Else Fails We Must Get Ether: ""If all else fails we must get ether.""",The Gonzo Tapes [Disc 2] : Fear and Loathing in Las Vegas,Hunter S. Thompson,,29s
Holiday,We All Need A Reason To Believe,Valencia,,2m59s
California,Orange County Soundtrack,Phantom Planet,,3m14s
Mosquito Song,Songs For The Deaf,Queens Of The Stone Age,"Josh Homme, Nick Oliveri",5m38.57s
Sea To Sea,Live At Stubb's,Matisyahu,,4m7.338s
Box Chevy Pt 3,Trunk Muzik,Yelawolf feat. Rittz,Produced By Will Power For SupaHot Beats/Ghet-O-Vision Entertainment,4m24s
No Hook,American Gangster,Jay-Z,,3m16s
See You Soon,Texas,Playradioplay!,,4m6s
The Suburbs,The Suburbs,Arcade Fire,,5m15s
Get Over It,OK Go,OK Go,,3m17s
Vegas,Think Tank,Henry Rollins,,33.552s
I'm A Goon (Prod. By Ill Bill & Sicknature),The Hour Of Reprisal,Ill Bill,,3m25s
One Eleven,Donuts,J Dilla,,1m11s
It's A Hit,With Love And Squalor,We Are Scientists,"Keith Murray, Chris Cain, Michael Tapper",3m26.82s
I'm Only Sleeping,Revolver,The Beatles,,3m2s
The Royal We,Swoon,Silversun Pickups,,4m48s
This One's Gonna Leave A Bruise,GNV FLA,Less Than Jake,,2m28s
Son of Sam,"End Sessions (Seattle, WA)",Elliott Smith,Elliott Smith,3m5s
Time Turns Fragile [Acoustic Live],Acoustic At Tower Records (6/15/05),Motion City Soundtrack,,4m38s
Air Forces 2 (Produced by J.U.S.T.I.C.E. League),Trappin Ain't Dead,Young Jeezy,,4m9s
Chapter 15,The Greatest Show on Earth: The Evidence for Evolution,Richard Dawkins,,31m2s
Tightrope f. Big Boi,The ArchAndroid (Singles Collection),Janelle Monáe,"Janelle Monáe, Nate ""Rocket"" Wonder, Chuck Lightning",4m50s
I Will,The Beatles [White Album] (Disc 1),The Beatles,John Lennon/Paul McCartney,1m46.068s
Natalie's Rap (feat. Natalie Portman & Chris Parnell),Incredibad,The Lonely Island, ,2m27s
Are You Riot! (VIP Dubstep),Serbian Bassline,RIOT 87,RIOT 87,2m31s
Heavy (Chronic Mix),Champion Sound,Jaylib,,3m14s
Bitch Ass Trick (Alex Kidd (Usa) Bootleg Remix),Electrohouse Pack 23.02.2010,Starkillers,,4m36s
Lessons Learned,Grand,Matt & Kim,,3m36s
Yeah You,Black Up,Shabazz Palaces,,3m22s
Satellite,Elliott Smith,Elliott Smith,Elliott Smith,2m25s
The Introduction,It's Classy Not Classic,Breathe Carolina,,2m30s
When I'm With You,Crazy For You,Best Coast,Best Coast,2m58s
Hooray For Boobies (Hidden Track),Hooray For Boobies,Bloodhound Gang,,3m38s
Harold Faltermeyer - Axel F 2010 (Mike Nevanna Elektro Remix),,www.just4dance.fw.hu,www.just4dance.fw.hu,5m26s
Manifesto - Tyga,Manifestos,CitizensForOurBetterment.com,,24s
Fall Apart,In With The Out Crowd,Less Than Jake,,3m10s
Get Alot (Remix) (Ft. Boo Rossini) (Produced by CKP),Trappin Ain't Dead,Young Jeezy,,3m39s
Intro,Rio Baile Funk - Favela Booty Beats,Baile- Favela On Blast,,36s
Timeline,Pangaea,Visionaries,Rhettmatic,5m19.135s
Alameda,Either/Or Demos (Disc 1 of 2),Elliott Smith,Elliott Smith,3m44s
WTF_-_EPISODE_85_DANE_COOK.mp3,WTF with Marc Maron Podcast,Marc Maron,,1h13m59s
Dare,The DFA Remixes: Chapter One,Gorillaz/Shaun Ryder,Gorillaz,12m11s
105 Sex on the Internet!?,Shut Up You Fucking Baby!,David Cross,,8m16s
I Kissed A Girl (Dr. Luke & Benny Blanco REMIX),,Katy Perry,,3m28s
I Don't Care About You,VA - The Decline Of Western Ci,Fear,,3m46s
Meaning In Tragedy,Shadows Are Security,As I Lay Dying,,3m14.722s
Modern Chemistry [Acoustic Live],Acoustic At Tower Records (6/15/05),Motion City Soundtrack,,2m52s
Little Cream Soda,Icky Thump,The White Stripes,"White Stripes, The",3m46s
Dirty Hop (The Shuffle),Beat Konducta Vol. 5: Dil Cosby Suite,Madlib,,2m9s
The Love Below (Intro),Speakerboxxx/The Love Below,Outkast,,1m28s
Magic (Steve Aoki Smooth Operator Remix),dimmak.rcrdlbl.com,Robin Thicke,,4m13s
Domino Part B,"Blood, Sweat & Tears",Mr. Flash,,3m43s
In the club,"12"" Vinyl",50 Cent,,4m3s
Since Youve Been Gone Acoustic,,Kelly Clarkson,,3m19s
Barry Bonds (Ft. Lil Wayne),Graduation,Kanye West,,3m26s
Crane,UNFUN,JAWBREAKER,,3m43s
Misguided Ghosts,brand new eyes,Paramore,,3m2s
Are You Alone,Somebody's Gonna Miss Us,The Starting Line,,3m46s
Rock Creek Park  + 3.5,Ultimate Breaks And Beats Vol 19 LP,VA,,4m36s
"Hello, My Treacherous Friends",OK Go,OK Go,,2m59s
Low Light Low Life,Never Better,P.O.S.,,3m15s
Don't Go now,Live at Crystal Ballroom,Elliott Smith,,3m54s
Turn My Swag On (Remix),HotNewHipHop.com,Soulja Boy feat Lil Wayne,HotNewHipHop.com,3m38s
First Date,Take Off Your Pants And Jacket,blink-182,,2m52s
Number Nine,"Fast Cars, Danger, Fire and Knives",Aesop Rock,,4m6s
Elvis Lives (Tell Me What It Is) (DEMO VERSION),"Sweet Dreams, Sucker",Treaty Of Paris,,3m18s
"Street Bullies (Ft. Sheek Louch, Wiggs And Sun God)",Apollo Kids,Ghostface Killah,GUTTAHIPHOP.COM,3m18s
Men In Black,Big Willie Style,Will Smith,,3m48s
Rhythm Is A Dancer (1992),The Madman's Return,Snap,,3m46s
I Just Wanna Love U (Give It 2 Me),MTV Unplugged,Jay-Z,,6m58s
Yuck - The Wall,KEXP Song of the Day,Yuck,,3m57s
Dead End,Dog Problems,The Format,Linda Perry/Nate Ruess/Sam Means,4m9s
sean paul feat. janet jackson - don't know what you got (remix),,Sean Paul With Janet,,2m52s
I Am Jack's Smirking Revenge,3D,I See Stars,,4m7s
The Phrase That Pays,Almost Here,The Academy Is...,The Academy Is...,3m17.137s
Tik Tok (Skeet Skeet Remix),,Ke$ha,,5m3s
Taking Cassandra to the End of the World Party,Equal Vision Digital Sampler 2007,Fear Before The March of Flames,,2m44s
2 Minutes Maher (Originally Aired 7/15/11),Real Time with Bill Maher,HBO Podcasts,,3m17s
Give A Damn,On Your Side,A Rocket To The Moon,,3m25s
Let Me See You,Feed The Animals,Girl Talk,,4m4s
Paper Route Gangstaz vs Animal Collective - Animals Collecting Money,The Mixtape Volume Four,The Hood Internet,"ABX, STV SLV",1m23s
Valhalla,Atlantis: Hymns for Disco,k-os,,4m16.278s
Smithereens,I'll Sleep When You're Dead,El-P,,4m33s
Get My Gun,Strictly 4 Tha Streets Vol. 3,Blackstar,,1m34s
Buy American Machines(Live),Bastard Lives Comp.,Emanuel,,2m18s
Komodo-Still(Funk Stylez Press,2010,VA,,6m36s
Runnaway,About Love,Plastiscines,"Plastiscines, Jake Sinclair & Butch Walker",3m44s
Cradle,The Big Roar,The Joy Formidable,,2m47s
Your Heart Is An Empty Room,Plans,Death Cab For Cutie,,3m39s
Dare Me (Stupidisco) (Radio Edit),Beatbox 07-01,Junior Jack,,2m55s
Girl's Not Grey,Sing the Sorrow,AFI,AFI,3m10.798s
Northern Downpour,Pretty. Odd.,Panic At The Disco,,4m7.826s
Pussy Galore,J. Period - Best Of The Roots,The Roots,J.Period,1m57s
Go To Sleep,Hail To The Thief,Radiohead,,3m31s
Thank You ,The Blueprint 3 [Soul Assassin Special Edition],Jay-Z,,4m11s
Placeholder,New Moon,Elliott Smith,,2m30.209s
Dead And Gone (Featuring Justin Timberlake),T.I.-Paper.Trail.Retail-2008-[NoFS],T.I.,,5m
A Goodnight's Sleep,Somebody's Gonna Miss Us,The Starting Line,,4m19s
Magic Carpet Ride (FRESH1 Quick Edit),FRESH1 EDITS (freshone.giantsarise.com),Steppenwolf vs Run Dmc,,1m10s
Time & Confusion,Never Take Friendship Personal,Anberlin,,3m24s
We Major,Late Registration,Kanye West,Kanye West,7m28.632s
My Heart,The Final Riot!,Paramore,,5m32s
Bulletproof,,Family Force 5,,3m26s
Remade Horizon,Bitte Orca,Dirty Projectors,,3m56s
Broken Heart,Even If It Kills Me,Motion City Soundtrack,,3m4s
The Curse Of Curves,The Same Old Blood Rush With A New Touch,Cute Is What We Aim For,Cute Is What We Aim For,3m23.685s
Let's Dance,Best Of Bowie,David Bowie,David Bowie,4m10.102s
Lightness,Transatlanticism,Death Cab for Cutie,,3m30s
I Wish You All The Luck In The World,Myspace,Skrillex,,5m26s
George Michael,Walk It Off,Tapes 'N Tapes,,4m3s
What You Want (Siriusmo Remix),Infinity +1,Housemeister,,1m32s
#332: The Ten Commandments,This American Life,Chicago Public Media,,59m19s
Dazed And Confused,Led Zeppelin,Led Zeppelin,,6m26s
Post Blue,We Come In Pieces,Placebo,,3m21s
Lift Ya Skirt,DJ Kool Kid-The Hood Legend Vol. 2,Dirt McGirt,,2m4s
Mahalo,LP4,Ratatat,,2m2s
Revolution (Para One remix),Ed Rec Vol. 1,Krazy Baldhead,,3m56s
Holy Toledo,Since We Last Spoke,RJD2,,4m12s
Chinatown,Gemini,Wild Nothing,,3m24s
Before The Great Collapse,Legacy Of Blood,Jedi Mind Tricks,,17m43s
Call It A Ritual,At Mount Zoomer,Wolf Parade,Wolf Parade,2m47s
Empire State of Mind ,DMS,Jay-Z ft Alicia Keys,,4m48s
Fire Exit,Strategic Grill Locations,Mitch Hedberg,,3m13s
Fly In,2006,Lil Wayne,,3m9s
Get Ya Cock Out,Dubstep Collection 1,Rusko,,4m9s
"Still Got The Ammo (feat. Main Flow, Godilla, El Da Sensei & J. Sands)",Black Snow,Snowgoons,,4m15s
Episode 261 - Mindy Kaling,WTF with Marc Maron Podcast,Marc Maron,,1h12m35s
Akon Feat Pitbull - Shup it Do,Electro House Music Remixes-WE,VA,,5m56s
Every Girl,The Carter Meets The Cartel 2: Lil Wayne & Drake,Lil Wayne & Drake,,2m38s
Everything Means Nothing to Me,Figure 8,Elliott Smith,Elliott Smith,2m24s
All The Small Things,Greatest Hits,Blink 182,,2m52s
You've Got To Learn To Live With What You Are,Sunny 16,Ben Folds,,4m26s
Une Année Sans Lumière,Funeral,The Arcade Fire,,3m42s
This Is the Countdown,The Everglow,Mae,Mae,3m58.538s
Aggressive Expansion,The Dark Knight,The Dark Knight,,4m36s
Soap Dodger,Dubstep Collection 5,Crissy Chris,,4m29s
I Was a Kaleidoscope,The Photo Album,Death Cab For Cutie,Ben Gibbard/Christopher Walla,2m50.411s
Track 01,EP,Been Bradley,,2m7.57s
Uhn Tiss Uhn Tiss Uhn Tiss,Hefty Fine,Bloodhound Gang,,4m21s
Lollipop-Instr,www.cicana.com,Three 6 Mafia ft T-Pain,www.cicana.com,3m28s
It's Too Late,Controversy Loves Company,The Audition,,3m4s
Project Window,2003,Nas and MF Doom,,4m54s
Still Waiting,Does This Look Infected?,Sum 41,Sum 41,2m39s
"It's All Over Now, Baby Blue",The Essential: Bob Dylan,Bob Dylan,Bob Dylan,4m18.554s
Doe Or Die.,Doe Or Die.,AZ.,,4m40s
Break You Off (Remix),J. Period - Best Of The Roots,The Roots,J.Period,1m50s
Soul II Soul - Keep On Moving (Teddy Riley Mix) wicked mix,,Soul II Soul,,6m59s
Rendez-Voodoo,The Big Dirty,Every Time I Die,Every Time I Die,3m15s
Billie Jean (2008 Kanye West Remix),Thriller 25,Michael Jackson,Michael Jackson,4m38s
Vampira,Collection,The Misfits,,1m21.525s
How I Met Your Mother,Off The Deep End,The Friday Night Boys,,3m23s
Leaving Song,Sing the Sorrow,AFI,AFI,2m44.513s
Liver Let Die,Doomtree,Doomtree,,2m55s
Heart Of The City,The Blueprint,Jay-Z         ,,3m45s
Cecilia And The Silhouette Saloon,Burn Piano Island Burn,The Blood Brothers,,4m52s
Won't You Stay (ft. Kendra Ross),Quality ,Talib Kweli ,,5m24s
& Pete Krebs - Shytown/No Confidence Man Single - 02 - No Confidence Man,Shytown,Elliott Smith,,4m40s
17 Peverelist - Roll With The Punches.mp3,Disc E: The Nice Move,"Revealomatic - No Bull, More Halfstep",,2m14s
Unitasker,Dubstep Collection 1,Markomen,,6m32s
Let Go,Save The World Lose The Girl,Midtown,,2m55.032s
La Roux - Bulletproof (DjMysH Mash-Up),,www.just4dance.fw.hu,www.just4dance.fw.hu,4m39s
Sound of Sulfer,Pass The Flask,The Bled,,3m12s
Friends,Season 2 Flight of the Conchords,Flight of the Conchords,,2m13s
Love & Communication,The Greatest,Cat Power,Chan Marshall,4m34.831s
Shimmy Shimmy Ya,Return To The 36 Chambers: The Dirty Verson,Ol' Dirty Bastard,,2m41s
Under the Influence feat. D-12,The Marshall Mathers LP,Eminem,,5m24s
Black Star,The Bends,Radiohead,Colin Greenwood/Ed O'Brien/Jonny Greenwood/Phil Selway/Thom Yorke,4m5s
Golden Rule,No Time For Dreaming,Charles Bradley,,3m30s
Tacobel Canon,Classics,Ratatat,,4m28s
Catch Hell Blues,Icky Thump,The White Stripes,"White Stripes, The",4m18s
Cade A Responsa,I Luv Baile Funk,Baile- Favela On Blast,Nossa,1m42s
Livin' Thing,Light Years,Electric Light Orchestra,,3m35s
Hold On Tight,Light Years,Electric Light Orchestra,,3m8s
087 Cotti - Calm Down (feat. Doctor),,,,4m33s
This Will Be The Death Of Us,This Will Be The Death Of Us,Set Your Goals,,3m10s
Slow Cheetah,Stadium Arcadium ,Red Hot Chili Peppers,,5m22s
Track 05,EP,Been Bradley,,5m21.526s
First Name Last Name (Ft. J Money),Trappin Ain't Dead,Young Jeezy,,4m44s
Episode 203 - Carol Leifer,WTF with Marc Maron Podcast,Marc Maron,,1h20m21s
Storm In A Teacup,Stadium Arcadium ,Red Hot Chili Peppers,,3m46s
Rahzel Interlude,J. Period - Best Of The Roots,The Roots,J.Period,34s
Obnoxious,Revolutionary Vol. 2,Immortal Technique,,4m50s
She's A Handsome Woman (Live),"Sessions@AOL, California, USA, 17th April 2008",Panic! At The Disco,,3m13s
Tehran,"Spoken Word Guy 2 10-13-07 Ann Arbor, Mi",Henry Rollins,,3m12s
Suspension,The Everglow,Mae,Mae,4m2.393s
My Lack Of Skill,"The Mother, The Mechanic, And The Path",The Early November,,3m28s
Carter II,Tha Carter II,Lil Wayne,D. Carter & T-Mix,2m24.149s
Mad & Sosua - Supaconstellation (Tune Brothers Remix),,www.just4dance.fw.hu,www.just4dance.fw.hu,7m27s
Idaho Toe Tapper,"Spoken Word Guy 2 10-13-07 Ann Arbor, Mi",Henry Rollins,,1m50s
Art Of Uff,Sex Dreams and Denim Jeans CD,Uffie,,3m6s
World War Me,Heroine,From First To Last,,3m9.056s
Dirty Money,Hell Hath No Fury,Clipse,G. Thornton/P. Williams/T. Gozney Thornton,3m46s
Luckiest Loser,The Great Burrito Extrtion Case,Bowling For Soup,Bowling For Soup,3m50.016s
Pillow Talk,Plain Pat & Emile Presents a KiD named CuDi,KiD CuDi,,3m25s
Lawn,UNFUN,JAWBREAKER,,3m30s
Hard To Get (Produced by Mr. Porter)(Featuring Mr. Porter),StyleWars EP,Jay Electronica,,3m13s
The One,Chocolate Starfish And The Hot Dog Flavored Water,Limp Bizkit,"Fred Durst, Wes Borland, Sam Rivers, John Otto",5m43.237s
Suffocation,Crystal Castles,Crystal Castles,,4m3s
A Friendly Goodbye,The Great Burrito Extrtion Case,Bowling For Soup,Bowling For Soup,3m29.815s
On Your Side,On Your Side,A Rocket To The Moon,,3m10s
Drop The Girl,"Skip School, Start Fights",Hit The Lights,,3m22s
I Have Been Right All Along,What To Do When You Are Dead,Armor For Sleep,Ben Jorgenson & Armor For Sleep,3m46.255s
omerta,Ashes Of The Wake,Lamb of God,,4m46s
Chapter 9,The Greatest Show on Earth: The Evidence for Evolution,Richard Dawkins,,31m14s
Girls Do What They Want,Can't Stop Won't Stop,The Maine,,3m13s
Four Floors (Diplo Remix),www.akjigga.com,Sunday Girl,,4m23s
Evil 'kin Evil!!,Dubstep Collection 3,Beeds + Hostage,,5m12s
Only Tomorrow Knows,Saxophonic,Dave Koz,Carl Sturken/Evan Rogers,5m7.455s
I Wish,The R In R&B Collection,R. Kelly,,5m4s
Choppa To Ya Dome,Real Recognize Real,Project Pat,,3m26s
Pon de floor' feat. VYBZ Kartel,Guns Don't Kill People... Lazers Do,Major Lazer,,3m36s
Tainted Love,Guilt By Association Vol. 2,My Brightest Diamond,,3m20s
Uzi Weighs A Ton,What The Fuck Is A Jay Electronica,Jay Electronica,,3m59s
Swag Surfin',No Ceilings [illRoots.com],Lil' Wayne,,4m15s
The Way We Talk,The Way We Talk,The Maine,,3m49s
Behind the Sea,,The Beatles,,3m33s
In Between Days,"Supersunnyspeedgraphic, The LP",Ben Folds,,2m54s
"Usher w/ Petey Pablo, Ludacris - Yeah (Freak A Leak Remix)",Yeah (Remix),"Usher w/ Petey Pablo, Ludacris - Yeah (Remix)",,3m48s
Hiya Handsome,Big Ugly Mouth,Henry Rollins,,4m59.607s
Miserable,A Place In The Sun,Lit,,4m16s
Kill The Messenger,Everything In Transit,Jack's Mannequin,Andrew McMahon,3m24.382s
LEAN BACK - TS (ACCA),,Terror Squad,,4m2s
Born to Run,Atlantis: Hymns for Disco,k-os,,4m48.229s
Sweet Talkin' Woman,Light Years,Electric Light Orchestra,,3m48s
046. Wolfgang Amadeus Mozart - Vesperae De Dominica (K. 321) - Laudate Dominum.mp3,Classical Music Top 100,VA,,5m48s
The Wisdom Of Gene And Paul,"Talk Is Cheap, Vol. 2",Henry Rollins,,4m3s
I Want da Mic - Kool Keith,A Much Better Tomorrow,Dan the Automator,Dan the Automator/Kool Keith,3m51s
Shoot Me Down (Produced By Kanye West),Tha Carter 3,Lil Wayne,,4m30s
Dance Wiv Me [Ft. Calvin Harris & Chrome],Tounge N' Cheek,Dizzee Rascal,,3m24s
Too Bright To See Too Loud To Hear,Lost In The Sound Of Separation,Underoath,Underoath,4m31s
Yes Y'all (Remix),J. Period - Best Of The Roots,The Roots,J.Period,1m1s
Frontin - Pharrell & Jay-Z,Neptunes Present... Clones,The Neptunes,The Neptunes,4m1s
Pangaea,Pangaea,Visionaries,Life Rexxall (of Shape Shifters),5m11.193s
Time Bomb,Dog Problems,The Format,Nate Ruess/Sam Means,4m2s
Zealots,The Score,The Fugees,"Wyclef Jean, Prakazrel ""Pras"" Michel, Lauryn Hill",4m20.597s
"Kids Reprise (Paul Lynde, Marijane Maricle, Johnny Borden, Parents)",Bye Bye Birdie! - Original Broadway Cast,"Susan Watson,Chita Rivera,Dick Van Dyke,Dick Gautier,Paul Lynde,Michael J. Pollard,Kay Medford","Lee Adams, Charles Strouse",1m10s
Africa,(4) Toto IV,Toto,David Paich/Jeff Porcaro,5m2s
To Whom It May Concern,Define The Great Line,Underoath,,7m4s
Instant Death,Hello Nasty,The Beastie Boys,Beastie Boys,3m22.083s
37mm,Decemberunderground,AFI,,3m56s
If There's Love,Citizen Cope - Citizen Cope,Citizen Cope,,4m25s
I Better Be Quiet Now,Figure 8,Elliott Smith,Elliott Smith,3m34s
Yeah Boy And Doll Face,Equal Vision/Rise Records 2008 Sampler,Pierce The Veil,,4m24s
LAX to O'Hare,Santi,The Academy Is...,,3m37s
Yay!,I Am A Wonderful Man,Michael Ian Black,,4m53s
Holler Til You Pass Out,Want,3OH!3,,4m11s
Elderly Woman Behind The Counter In A Small Town,The Ultimate Best Of Pearl Jam,Pearl Jam,,3m18s
Da Rawkus (Sir Bang Version),Champion Sound,Jaylib,,3m27s
038. Max Christian Friedrich Bruch - Violinkonzert Nr. 1 (Op. 26) - Allegro Moderato.mp3,Classical Music Top 100,VA,,8m35s
My Chick Is Bad (DIRTY-Jason Bee Intro),For Promotional Use Only,Ludacris ft Nicki Minaj,,3m58s
Grand Theft Autumn / Where is Your Boy,Live in Phoenix,Fall Out Boy,,3m16s
Q-Tip-Gettin Up,Q-Tip-The.Renaissance-Retail-2008-[NoFS],Q-Tip,,3m18s
Chasing the Wind,Who Are You Now?,This Providence,,4m13s
039 Mr. Curtamos - Trouble,,,,5m4s
014 Mr Lager - Tell Me (Feat. Alys Be),,,,4m24s
This Is Dubstep 2 (Bonus Continuous Mix 2),This Is Dubstep Vol.2,DJ Darkside,,49m42s
All the Above (feat. T-Pain),All the Above (feat. T-Pain) - Single,Maino,,5m19.761s
Pop the glock,Ed Rec Vol. 1,Uffie,,3m27s
Nastradoomus,Nastradoomus,M.F. Doom,,4m13s
Steve Wonder - Song Review - 13 - My Cherie Amour,,,,2m52s
Leaving Song Pt.2,Sing the Sorrow,AFI,AFI,3m31.115s
Home,A Different Light,Sherwood,,4m14s
Run This Town,,miss May I,,3m46s
Glasses / Vision,Economics II,Jim Gaffigan,,3m30s
The Telephone Song,No Time For Dreaming,Charles Bradley,,3m48s
Adventure,We Don't Need to Whisper,Angels & Airwaves,,5m14s
Just Dance,The Fame,Lady GaGa & Colby O'Donis,"Lady GaGa, Red One & Aliaune ""Akon"" Thiam",4m1.998s
Feel the Rush (ft. Xzibit),Quality ,Talib Kweli ,,3m46s
Not Afraid,Action ,Punchline,,3m28s
Your Anger Manager,"Talk Is Cheap, Vol. 3",Henry Rollins,,15m13.821s
Risky Business,Whisper War,The Cab,,3m36s
Dirt Off Your Shoulder (Reggae Remix),,Jay Z  ,,4m52s
Roses,Something Real,Meg & Dia,Dia Frampton/Meg Frampton,3m29s
Picture Book,Village Green Preservation Society (Special Deluxe Edition 2004) (CD1 Stereo),The Kinks,,2m37s
Julie Thompson - What Will I Do (Zoo Brazil Remix),,www.just4dance.fw.hu,www.just4dance.fw.hu,6m54s
Optimos For Dilla (Instrumental),Champion Sound,Jaylib,,1m6s
Trip Through Your Wires,The Joshua Tree (Remastered / Expanded) (Deluxe Edition) (CD 1),U2,,3m32s
The Velvet Underground Heroin,1967,The Velvet Underground,,7m13s
When It Rains,The Final Riot!,Paramore,,4m5s
Interlude,The Party Scene,All Time Low,,1m51s
14 14 14 14 Radiohead - Hail To The Thief - 14 - A Wolf At The Door,Hail To The Thief,Radiohead,,3m25s
Optimist (We Are Not for Them),Never Better,P.O.S.,,3m20s
Closer,Apples And Oranges,Stacy Clark,,3m25s
01 01 02 The Worst Day Ever 1,,,,3m29s
Harlem Streets,Revolutionary Vol. 2,Immortal Technique,,3m52s
California Girls,Beach Boys,The Beach Boys,Brian Wilson/Mike Love,2m38.476s
Bulls in Brooklyn,Santi,The Academy Is...,,3m24s
Dirtee Cash,Tounge N' Cheek,Dizzee Rascal,,4m23s
Toasted Skin,,The Academy Is...,,2m40s
Tapes 'N Tapes - Badaboom,KEXP Song of the Day,Tapes 'N Tapes,,3m56s
One More Night [April 1985],No Jacket Required,Phil Collins,,4m47s
Bagheera,Dubstep Collection 1,Flatmate,,4m30s
I don't love you,The Black Parade is Dead !,My Chemical Romance,,3m48s
Calm Before The Storm,Take This To Your Grave,Fall Out Boy,,4m27s
Amusement,Curb Your Enthusiasm,Franco Micalizzi,,1m11s
The Grey Estates,At Mount Zoomer,Wolf Parade,Wolf Parade,3m28s
Say What You Want To Say,"Skip School, Start Fights",Hit The Lights,,3m9s
This Heart's On Fire,Apologies To The Queen Mary,Wolf Parade,Wolf Parade,4m
All The Small Things          ,1999,Blink 182                     ,,2m48s
The Queen Is Dead (Take Me Back To Dear Old Blighty),The Queen Is Dead,The Smiths,Marr/Morrissey,6m24s
Holidays in the Sun,Never Mind the Bollocks Here's the Sex Pistols,The Sex Pistols,Johnny Rotten/Paul Cook/Sid Vicious/Steve Jones,3m19s
Anything,Kingdom Come,Jay-Z Feat. Usher & Pharrell,The Neptunes,4m21.549s
In 4 The Kill Pon De Skream,Lazerproof,Major Lazer & La Roux,,4m32s
St. Ides Heaven,Elliott Smith,Elliott Smith,,3m
From Friends to Lovers,About Love,Plastiscines,"Plastiscines, Jake Sinclair & Butch Walker",2m56s
The Quiet Things That No One Ever Knows,Deja Entendu,Brand New,,4m2s
Kids In Love,Anywhere But Here,Mayday Parade,,3m37s
Love Hater,Speakerboxxx/The Love Below,Outkast,,2m50s
07 - Last Nite,,,,3m18s
Love Can Be So Mean,Sebastien Granger Demos,Sebastien Grainger,,3m38s
Dammit,2000,Blink 182,,3m8s
Symphony No 40 In G Minor K 550 Molto Allegro,The Best Of Mozart,Mozart,,7m33s
"But, Honestly","Echoes, Silence, Patience & Grace",Foo Fighters,Foo Fighters,4m35.76s
Greedy Bitches,More Fish,Ghostface Killah Feat. Redman & Shawn Wigs,,3m39s
Rome,Wolfgang Amadeus Phoenix,Phoenix,,4m49s
Get Low,,,,5m10s
Touchdown Turnaround (Don't Give Up On Me),Zombies! Aliens! Vampires! Dinosaurs!,Hellogoodbye,,2m30s
A Part Of Me,Murs For President,Murs,,4m23s
Transatlanticism,Transatlanticism,Death Cab for Cutie,,7m55s
Ignite The People (Like Obama) {prod. 6th Sense},Just Do It: A Mixtape Ode To Nike,6th Sense & Mick Boogie,,2m51s
Pieces of What,Oracular Spectacular,Mgmt,,2m44s
It Ain't Love (feat. Lil Mo),Fist of God,MSTRKRFT,,3m40.682s
When The Sun Don't Shine,Crazy For You,Best Coast,Best Coast,2m16s
Megaphone,Burning,Dynasty Electric,Jennifer Deveau,2m50s
Grand Theft Autumn (Millenium),Other,Fall Out Boy,,3m51s
"Cheer Up, Boys (Your Make Up Is Running)","Echoes, Silence, Patience & Grace",Foo Fighters,Foo Fighters,3m41.239s
Anything,The Everglow,Mae,Mae,4m5.133s
Hum Hallelujah,Live in Phoenix,Fall Out Boy,,4m
Visions,In Ghost Colours,Cut Copy,,1m9s
Benson Hedges,2009,fun.,,4m
My Love ft T.I,FutureSex/LoveSound,Justin Timberlake,,4m36s
Chasing Hamburg,Chasing Hamburg,Polar Bear Club,,4m14s
I Like Money,"Just Got Paid, Lets Get Laid",Millionaires,,2m32s
History In The Making (Produced by ID Labs),Show And Prove,Wiz Khalifa,,7m7.27s
Spiderwebs,Explains It All,Four Year Strong,,2m54s
Last Kiss,The Ultimate Best Of Pearl Jam,Pearl Jam,,3m18s
Fifteen,Fearless,Taylor Swift,,4m56s
The End Of Fraud,What To Do When You Are Dead,Armor For Sleep,Ben Jorgenson & Armor For Sleep,5m11.518s
Episode 230 - Dr. Stephen Dansiger,WTF with Marc Maron Podcast,Marc Maron,,1h15m27s
Son Of Sam,Son Of Sam,Elliott Smith,Elliott Smith,3m5s
Always Strapped Freestyle,Trappin Ain't Dead,Young Jeezy,,4m17s
**REPEAT,Dubstep Collection 4,Chase and Status,,4m1s
Steve Wonder - Song Review - 05 - Master Blaster (Jammin'),,The Strokes,,4m49s
Eulogy,"Party In The Front, Business In The Back",All In Uniform,,4m30.349s
Jubilee,Chautaqua,The Willowz,,3m12s
Transistor,Transistor,311,C. Sexton/D. Martinez/N. Hexum,3m3.089s
Sorrow,High Violet,The National,,3m25s
Meet The King,Razia's Shadow: A Musical,Forgive Durden,,5m24s
Get High Rule The World,Da Drought 3 [Disc 1],Lil Wayne,,3m49s
Dear Maria Acoustic,Other,All Time Low,,3m28s
OK Corral,If You Speak Any Faster,June,,3m6s
I Lied About Everything,One Full Year,The Secret Handshake,,3m4s
Got the Life,,KoRn,,3m45s
The National Anthem,Strung Out On Kid A,The Tallywood Strings,Radiohead,5m47s
Nowadayz (Instrumental),Champion Sound,Jaylib,,2m38s
Hands Of The Saints,Citizen Cope - Citizen Cope,Citizen Cope,,4m45s
The Hell Song,Does This Look Infected?,Sum 41,Sum 41,3m19s
God,Yip/Jump Music,Daniel Johnston,,2m33s
Asino - The Butcher (Rolvario Remix),,www.just4dance.fw.hu,www.just4dance.fw.hu,6m4s
Friday Night,Night Ripper,Girl Talk,,3m12s
Wandering,Speed Graphic,Ben Folds,,5m2s
Liberian Girl,Bad,Michael Jackson,Michael Jackson,3m54s
Contact,Quality Control,Jurassic 5,,1m16s
All Time (Magicvision Remix),Deejay Party vol.52,The River's & Nexboy!,,5m37s
Thnks Fr Th Mmrs,Infinity On High,Fall Out Boy,,3m24s
Good Times Bad Times,Led Zeppelin,Led Zeppelin,,2m47s
Dipped in Vaseline,Mickey Avalon,Mickey Avalon,,3m12s
Walking On A Dream (Pegase Remix),Mixtape Vol. 4,Empire Of The Sun,,4m6s
Track 10,,,,3m27s
Short Circuit,Discovery,Daft Punk,,3m27s
Runaway,High Violet,The National,,5m34s
Cecilia/Amanda,Grand Mal: Studio Rarities,Elliott Smith,,2m49s
Hot Knives,Cassadaga,Bright Eyes,,4m14s
Episode 182 - Ahmed Ahmed,WTF with Marc Maron Podcast,Marc Maron,,1h8m47s
Roll Call,CrunkJuice,Lil Jon ,,5m8s
Fashion,Best Of Bowie,David Bowie,David Bowie,3m27.865s
Let's Get Fucked Up And Die,Commit This To Memory,Motion City Soundtrack,Motion City Soundtrack,3m6.943s
Show 'em Whatcha Got,It Takes A Nation Of Millions ,Public Enemy,,1m56s
What More Can I Say,The Grey Album,DJ Danger Mouse,"John Lennon, Paul McCartney, Jay-Z",4m28s
Freak Out,Outside,Tapes 'n Tapes,,4m6s
Island,Somebody's Gonna Miss Us,The Starting Line,,4m26s
No One Knows,Songs For The Deaf,Queens Of The Stone Age,"Josh Homme, Mark Lanegan",4m38.732s
Gold Links,Gone fishing (Mixtape),The Cool Kids and Don Cannon,,2m47s
002. Johann Sebastian Bach - Matthäus Passion (BWV 244) - Erbarme Dich.mp3,Classical Music Top 100,VA,,7m12s
Universal Citizen,"Spoken Word Guy (Alexandria, VA 11/03/08) [Disc 1]",Henry Rollins,Henry Rollins,11m7.852s
At Least I'm Not As Sad (As I Used To Be),Aim And Ignite,fun.,,4m7s
Blind Concerto,Lambs Anger,Mr. Oizo,,3m21s
Punk Bitch,Want,3OH!3,,3m51s
Led Zeppelin - .All The Love That I've Found,,,,6m13s
Whipping,The Ultimate Best Of Pearl Jam,Pearl Jam,,2m34s
Steve Wonder - Song Review - 21 - Redemption Song,,,,3m46s
Champion Sound (Remix),Champion Sound,Jaylib,,3m29s
Gyrlz2Womyn,"Talk Is Cheap, Vol. 1",Henry Rollins,,2m31s
Gone,The Diary Of An Atlanta Brave,Donnis,Needlz,3m15s
"Lets Call It Off (feat. Peter, Bjorn & John)",So Far Gone,Drake,,3m54s
Keeping It Moving,The Anthology,A Tribe Called Quest,,3m48s
Introduction,Stories And Alibis,Matchbook Romance,,1m34s
Chapter 6,The Greatest Show on Earth: The Evidence for Evolution,Richard Dawkins,,25m59s
Maybe This Time,Oh No,OK Go,,3m16s
Rise Up,Double Up,R. Kelly,,3m31s
11 Take It From Me,Run It Up The Flagpole,Farewell,,3m17s
Concerning The Ufo Sighting Near Highland Il,Illinois,Sufjan Stevens,,2m11.076s
Sunloverz - Summer of Love Ian Carey Remix,2008,,,7m38s
Wallet,Far,Regina Spektor,,2m26s
Wars Will Always Happen,37 Everywhere,Punchline,,2m52.524s
New Zealand Instrumental,Season 2 Flight of the Conchords,Flight of the Conchords,,1m23s
Part Of You Dies,Talking From The Box,Henry Rollins,,2m57s
Weightless,Nothing Personal,All Time Low,,4m7s
Fear Not of Man,Black on Both Sides,Mos Def,,4m30s
Candle In The Wind,Greatest Hits 1970-2002 [Disc 1],Elton John,Bernie Taupin/Elton John,3m50.783s
Billie Jean,AOL Sessions Under Cover,Cobra Starship,,5m23s
Neighbors,Santi,The Academy Is...,,3m9s
Now You Wanna Show Me How,Grand Mal: Studio Rarities,Elliott Smith,,2m38s
Son Of Sam (Acoustic),Happiness,Elliott Smith,Elliott Smith,3m4s
Time-Bomb.mp3,,All Time Low,,3m30s
Somewhere (Extended Mix),Promo Only Mainstream Club July,DJ Mog Ft. Sarah Lynn,,6m11s
Minor Threat,Complete Discography,Minor Threat,,1m28s
10 Galllon Shakedown (3),Unnamed,Unnamed,,3m49s
Interview #2,"Morning Becomes Eclectic, KCRW-FM Studios",Elliott Smith,,2m50s
Pulling A Piano From A Pond,Equal Vision/Rise Records 2008 Sampler,Cinematic Sunrise,,3m31s
039. Wolfgang Amadeus Mozart - Requiem (K. 626) - Introitus.mp3,Classical Music Top 100,VA,,5m57s
Stuttering,Off The Deep End,The Friday Night Boys,,3m6s
That Green Gentlemen (Things Have Changed),Pretty. Odd.,Panic At The Disco,,3m15.07s
Life of Pain,Damaged & Jealous Again,Black Flag,,2m50s
Give Me love*,Live at Crystal Ballroom,Elliott Smith,,3m48s
Give Me A Beat,Feed The Animals,Girl Talk,,4m12s
Rock 'N' Roll Is King,Light Years,Electric Light Orchestra,,3m7s
Pages,There for Tomorrow,There For Tomorrow,,3m31.998s
Mack Daddy,,Say Anything,,3m46s
Black Out Remix,,Ming+FS,,3m21s
Jah Rain (RSD Remix),Dubstep Collection 5,Evergreen & Landlord ft Danman,,5m36s
Speed Of Sound,X&Y,Coldplay,"Chris Martin, Guy Berryman, Jon Buckland, Will Champion",4m48.484s
Family / Dad,Economics II,Jim Gaffigan,,5m5s
Clothes Off ,As Cruel As School Children,Gym Class Heroes Featuring Patrick Stump,,3m55s
Proctor Rd.,A Band In Hope,The Matches,,1m11s
Things I Dream,Dirty Acres,CunninLynguists,,4m19s
Go,Blink 182,Blink 182,blink-182,1m56s
Action,Based On A True Story,The Starting Line,,30s
You Have My Attention,In Motion,Copeland,"A. Marsh, B. Laurenson",4m2.811s
Shake That (Feat. Nate Dogg),Curtain Call: The Hits,Eminem,,4m36s
Emergency,All We Know Is Falling,Paramore,,4m0.071s
1970,Fun House,The Stooges,The Stooges,5m16s
"One Toke Over The Line: ""We could certainly use some mescaline.""",The Gonzo Tapes [Disc 2] : Fear and Loathing in Las Vegas,Hunter S. Thompson,,31s
Bob Gandhi,LP4,Ratatat,,4m1s
Fell In Love Without You,Even If It Kills Me,Motion City Soundtrack,,2m33s
Carry On,We All Need A Reason To Believe,Valencia,,3m42s
Heart Sweats,Post-Nothing (Promo),Japandroids,Japandroids,4m25s
Session 5,"The Mother, The Mechanic, And The Path",The Early November,,1m42s
Need You Tonight,Guilt By Association Vol. 2,Cassettes Won't Listen,,3m15s
Kalemba (Reso's Aguardente Remix),Dubstep Collection 3,Buraka Som Sistema,,4m17s
Last of the Steam Powered Trains,Village Green Preservation Society (Special Deluxe Edition 2004) (CD1 Stereo),The Kinks,,4m12s
Public Enemy vs HEALTH vs Nosaj Thing - Bring The Tabloid Sores,The Mixtape Volume Four,The Hood Internet,"ABX, STV SLV",1m29s
Passion Pit vs Juvenile - Back That Sleepyhead Up,The Mixtape Volume Four,The Hood Internet,"ABX, STV SLV",1m35s
Sleeping with Giants (Lifetime),Santi,The Academy Is...,,3m37s
My Beautiful Rescue (Renovated),Who Are You Now?,This Providence,,3m27s
They Bout to Find Yo Body,Da Unbreakables,Three 6 Mafia,,1m56s
Taxman,Revolver,The Beatles,,2m40s
Crushcrushcrush (Instrumental),Riot! MVI DVD Tracks,Paramore,,3m10s
018. Samuel Osborne Barber - Adagio For Strings.mp3,Classical Music Top 100,VA,,10m
Rapper's Delight,Absolute Disco (Disc 3),Sugerhill Gang,,3m57s
See My City Dead,Grand Mal: Studio Rarities,Elliott Smith,,3m31s
Close To Me,... In Color,The Summer Set,,3m33s
Fancy (featuring T.I. & Swizz Beatz),Thank Me Later,Drake,,5m21s
Over,Thank Me Later,Drake,Boi-1da & Al Khaaliq,3m56s
Attack Of The Clones,Attack Of The Clones,Jay Electronica,,2m2s
Kanye West - Gold Digger (Instrumental),Ain't Doin' Dis Shit Fa' Nothin' Vol. 26,Instrumentals,,3m46s
Nirvana - Smells Like Teen Spirit (M B Booty Mix), -- xrnb.net --, -- xrnb.net --, -- xrnb.net --,5m29s
Guilty Conscience,The Slim Shady LP,Eminem,,3m20s
Are You Watching,Act II,Jay Electronica,,2m10s
Hip Hop Chick,The Weekend: Friday,Forever The Sickest Kids,,2m47s
drumtracktompetty,Dan Frank's Album,Dan Frank,Dan Frank,3m22s
Sex Dreams And Denim Jeans,Sex Dreams and Denim Jeans CD,Uffie,,2m38s
DoMakeSayThink,Pangaea,Visionaries,KeyKool,4m14.235s
Runaway,Artist Vs Poet,Artist Vs Poet,,3m8s
Intro,Return To The 36 Chambers: The Dirty Verson,Ol' Dirty Bastard,,4m47s
Sure Baby Hold Back,,Say Anything,,4m46s
09 Drop Dead,Run It Up The Flagpole,Farewell,,3m22s
Divine Intervention,Louder Now: Parttwo,Taking Back Sunday,,5m5s
Biko,Intimacy,Bloc Party,,5m1s
One Last Thing,Saxophonic,Dave Koz,Brian McKnight,3m35.69s
Paul Whitehead - Breakdown (The Funk Out Remix),,www.just4dance.fw.hu,www.just4dance.fw.hu,5m2s
The Shade of Poison Trees,The Shade Of Poison Trees,Dashboard Confessional,,2m58s
I'm Back,The Marshall Mathers LP,Eminem,,5m11s
The Quiet,We The Kings,We The Kings,,3m13s
Heartaches And Pain,No Time For Dreaming,Charles Bradley,,2m56s
Whip It [November 1980],Freedom of Choice,Devo,,2m40s
silence,,,,3s
Can I Be (Prod. By Ryan Leslie),www.hear-it-first.net,Kid CuDi,,1m59s
Radio,Take It to the Floor,Cash Cash,"Jean Paul Makhlouf, Alexander Luke Makhlouf, Samuel Frisch & Anthony Villacari",4m13.027s
Mighty Long,Outside,Tapes 'n Tapes,,3m51s
Believe In God,Jay Loves Japan,J Dilla,,2m3s
I Never Told You What I Do For A Living,Three Cheers For Sweet Revenge,My Chemical Romance,,3m51.828s
Assassin,Battle Studies,John Mayer,,5m15s
Six Nightmares At The Pinball Mas,Burn Piano Island Burn,The Blood Brothers,,4m16s
The Turn,Kala,M.I.A.,M.I.A.,3m52s
All Time Low,,Stacy Clark,Stacy Clark,3m26s
Find The River,Automatic For The People,R.E.M.,,3m49.784s
Josey,Hold On Tight,Hey Monday,Rohan Kohli,3m23s
Let It Free,Saxophonic,Dave Koz,Jeff Koz,3m48.461s
Follow My Ruin,The Understanding (Disc 1),Röyksopp,,3m53s
Make Her Say (Ft. Kanye West & Common),Man On The Moon: The End Of Day,KiD CuDi,,3m37s
17,Hooray For Boobies,Bloodhound Gang,,11s
Part 5.mp3,,,,1h3m8s
Freakhouze - Angel (Oriental Funk Stew Remix),,www.just4dance.fw.hu,www.just4dance.fw.hu,6m24s
City Lights (3,Murder i wrote,Unnamed,Vz,2m58s
Sying Ya Rag (Ft. Swizz Beatz),T.I.-Paper.Trail.Retail-2008-[NoFS],T.I.,,3m20s
Wetter,No Ceilings [illRoots.com],Lil' Wayne,,4m21s
Brick By Boring Brick,brand new eyes,Paramore,,4m11s
Drone,UNFUN,JAWBREAKER,,3m51s
Somebody's Watching Me,,Mysto & Pizzi,,3m8s
Bottle Up & Explode,Either/Or Demos (Disc 1 of 2),Elliott Smith,,2m40s
Better Than Sex,The Inevitability Of A Strange World,Halifax,Halifax,3m48.855s
The Minstrel's Prayer,Chroma,Cartel,Will Pugh,4m38.43s
"Ladies And Gentlemen: My Brother, The Failure (With Tim Kasher)",Kill The House Lights,Thursday,,4m14.281s
Crossfire,Crossfire(Promo CDS),Brandon Flowers ,,4m9s
Holiday,American Idiot,Green Day,,3m54s
Cinders,Grand,Matt & Kim,,1m47s
Stupid Love Letter,Off The Deep End,The Friday Night Boys,,2m53s
Guns and Cigarettes,2001,Atmosphere,,4m22s
Dead Presidents II,Reasonable Doubt,Jay-Z,,4m27.308s
Girls Gone Wild,Release Therapy,Ludacris,,3m37s
Big Head Slags,Dubstep Collection 1,Caspa,,4m48s
Cardiac Attack,This Is Dubstep Vol.2,Demon,,5m57s
AAAAAAAANGRY_(with eight A's),,,,4m46s
The Big Picture,"Lifted Or The Story Is In The Soil, Keep Your Ear To The Ground",Bright Eyes,Conor Oberst,8m42.332s
Our Lawyer Made Us Change The Name Of This Song So We Wouldn't Get Sued (Live),Leaked In London EP,Fall Out Boy,,3m10s
What I Got  (Reprise),Sublime,Sublime,Brad Nowell,3m2s
At The Bottom,Daisy,Brand New,,3m47s
Superstar (feat. Matthew Santos),Lupe Fiasco's The Cool,Lupe Fiasco,,4m45s
Que Sera Sera,This Could Be A Possibility,Valencia,,3m55.078s
The Rain,Atlantis: Hymns for Disco,k-os,,3m51.897s
About Face,Veckatimest,Grizzly Bear,,3m21s
One Way,DJ Ill Will & DJ Rockstar Present Wiz Khalifa - Burn After Rolling,Wiz Khalifa,,2m39s
Shady Business,Champion,The Audition,,3m21s
Kanye_West_-_Gold_Digger,,,,3m22s
Creator,Santogold,Santogold vs. Switch and FreQ Nasty,,3m33.275s
Scratch Tools 3,DMS,DJ Whitematic,,2m13s
Ride Around Shining (feat. AB-Liva),Hell Hath No Fury,Clipse,G. Thornton/P. Williams/R. East/T. Gozney Thornton,3m56s
Steve Wonder - Song Review - 08 - Living For The City,,,,3m41s
Celebration,,Madonna,http://www.digiwaxx.com,3m35s
The Roar Of Far Off Black Jets,Kill The House Lights,Thursday,,6m46.836s
E-Mac (Interlude),Speakerboxxx/The Love Below,Outkast,,25s
Now That We Found Love (Radio Mix),100 Percent Dance Hits,Sunloverz,,2m54s
Diesel Not Petrol,Dubstep Collection 1,Sukh Knight,,3m15s
Low - Flo Rida Ft. T-Pain,Step Up 2: The Streets,Original Soundtrack,,3m51s
Wanna Party,,Yelawolf & Gucci Mane,,3m53s
now you've got something to die for,Ashes Of The Wake,Lamb of God,,3m40s
Young Folks,Writer's Block,Peter Bjorn And John,,4m39s
Puff Puff Pass,Buck The World,Young Buck,,4m42.377s
God,Plastic Ono Band,John Lennon,John Lennon,4m11s
My Dick (feat. Dirt Nasty & Andre Legacy),Mickey Avalon,Mickey Avalon,,3m9s
The Little People,Curb Your Enthusiasm,Carlo Rustichelli,,1m35s
Russia,Think Tank,Henry Rollins,,21m36.068s
Sob Story,Complete Discography,Minor Threat,,1m51s
You Never Give Me Your Money,Abbey Road,The Beatles,,3m58s
05. CATHOLIC DISCIPLINE - Unde,VA - The Decline Of Western Ci,,,3m42s
Jenny Was A Friend Of Mine,Hot Fuss [Bonus Tracks],The Killers,,4m4s
Her World Goes On (Radio version) 320 kbps,,[mp3ex.net]David Guetta ft. Bruno Mars,,3m8s
Sensi Samurai (Original Mix),2009,The Widdler,,5m42s
FTSK - What Do You Want From Me,    ,Forever The Sickest Kids      ,,2m36s
Speak For Me,You Are Free,Cat Power,,3m5s
Newjack,Cross,Justice,,3m38s
Somethin To Hold On To (Produced By Nottz),StyleWars EP,Jay Electronica,,5m41s
A Lack of Color               ,2003,Death Cab for Cutie           ,,3m36s
Stuck On Repeat (Fake Blood Remix),Infinity +1,Little Boots,,3m19s
Bad Meets Evil,The Slim Shady LP,Eminem,,4m14s
Carter II,2006,Lil Wayne,,2m48s
Drunk Chicken / America,The Joshua Tree (Remastered / Expanded) (Deluxe Edition) (CD 2),U2,,1m31s
Beg,Dubstep Collection 8,Mothboy,,5m19s
Still Here,Feed The Animals,Girl Talk,,3m57s
Yule Shoot Your Eye Out,Believers Never Die (Greatest Hits),Fall Out Boy,,3m41s
I Gotcha,Lupe Fiasco's Food & Liquor,Lupe Fiasco,The Neptunes,3m58.91s
Walking On a Dream,Walking On a Dream,Empire of the Sun,"Luke Steele, Nick Littlemore & Jonathan Sloan",3m18.507s
I'm Amazed,Surfer Rosa & Come On Pilgrim,Pixies,,1m42s
Reaction,The Secret Wars,Ace Enders,,4m
Zebra,Teen Dream,Beach House,,4m52s
I'm Like A Lawyer With The Way I'm Always Trying To Get You Off (Me & You),Infinity On High,Fall Out Boy,,3m32s
I Wanna Be Loved,The Very Best Of Elvis Costello [Disc 1],Elvis Costello,Farnell/Jenkins,4m46.348s
1000 Cigarettes (feat. Freeway),Fist of God,MSTRKRFT,,3m11.611s
The Hush Sound (interlude),Welcome to the New Administration (mixtape number 60---),CitizensFOB Mixtape,Hosted & Mixed By Clinton Sparks,24s
The Emperor's Soundtrack,Lupe Fiasco's Food & Liquor,Lupe Fiasco,Soundtrakk,2m56.61s
We Don't Care,The College Dropout,Kanye West,,4m
Madness,Deltron 3030: The Instrumentals,Deltron 3030,,4m40s
All Die Young,Dye It Blonde,Smith Westerns,,3m45s
That's the Way I Like It,DFA Compilation #2 [Disc 2],Pixeltan,Pixeltan,4m46s
Meat Is Murder,Meat is Murder,The Smiths,Johnny Marr/Morrissey,6m6.41s
Instrumentals - Atmosphere - Trying To Find A Balance (Produced by Kanye West),,,,4m14s
Time In A Picture,Action,Punchline,,5m7s
One Minute to Midnight (Live),A Cross the Universe (Live),Justice,,3m52.338s
Spiders In A Garden,Lifetime,Lifetime,,1m59s
Rocket Ship,Yip/Jump Music,Daniel Johnston,,5m6s
My Girls (Dave Wrangler Remix),goingotherplaces.com,Animal Collective,,7m2s
All We Ever Do Is Say Goodbye,Battle Studies,John Mayer,,4m37s
Monster,Black Coffee Blues,Henry Rollins,,20m9.875s
Raining Blood,Reign In Blood,Slayer,J. Hanneman/K. King,4m17.068s
Snap Vs CC Music Factory - Pow,Electro House Music Remixes-WE,VA,,5m20s
Guernica,Deja Entendu,Brand New,,3m23s
10 Mile Stereo,Teen Dream,Beach House,,5m8s
Xxx0 (Remix) ,HotNewHipHop.com,M.I.A. ft Jay-Z,,3m20s
Another Brick In The Wall: Part II [April 1980],The Wall,Pink Floyd,,4m1s
A Living Will,Grand Mal: Studio Rarities,Elliott Smith,,2m29s
No Life,Grand Mal: Studio Rarities,Elliott Smith,,4m30s
Cheek To Cheek,,The Starting Line,,4m39s
Rainy Day Women #12 & 35,The Essential: Bob Dylan,Bob Dylan,Bob Dylan,4m38.337s
A Love Story,"Talk Is Cheap, Vol. 3",Henry Rollins,,16m43.45s
Somebody's Baby%,Live at Crystal Ballroom,Elliott Smith,,4m21s
Riding The Bus,Sweatbox,Henry Rollins,,6m25.729s
Do What You Do (Original) [NoTags],www.goodmusic09.co.nr,Drake,,3m27s
Da Mystery Of Chessboxin',Enter The Wu-Tang (36 Chambers),Wu-Tang Clan,,4m49s
Summertime,Danger Days: The True Lives Of The Fabulous Killjoys,My Chemical Romance,,4m7s
"Loveline - 2006-11-02 (Guest - +44, with Stryker)",107.7 The End (KNDD),loveline,,1h31m
A Night With The Ruts Part 1,"Spoken Word Guy 2 10-13-07 Ann Arbor, Mi",Henry Rollins,,21m50s
Method Man (Skunk Mix),Enter The Wu-Tang (36 Chambers),Wu-Tang Clan,,3m10s
Hey Brittany,Underdog Alma Mater,Forever The Sickest Kids,,3m6s
07. Seven Years [Acoustic],Translating The Name,Saosin,,3m7s
To The End,Three Cheers For Sweet Revenge,My Chemical Romance,,3m1.092s
This Is Our Town,We The Kings,We The Kings,,2m30s
Cross The Dancefloor (Alex Metric Remix),discodust.blogspot.com,Treasure Fingers,Alex Metric,6m11s
Bad Romance,,Artist Vs Poet,,4m52s
In My Dreams (Cudder Anthem),Man On The Moon: The End Of Day,KiD CuDi,,3m19s
Let's Not Shit Ourselves (To Love And Be Loved),"Lifted Or The Story Is In The Soil, Keep Your Ear To The Ground",Bright Eyes,Conor Oberst,10m7.851s
Peacemaker,21st Century Breakdown,Green Day,,3m25s
Say What You Want,Apples And Oranges,Stacy Clark,,4m29s
Episode 225 - Rainn Wilson,WTF with Marc Maron Podcast,Marc Maron,,1h10m27s
Punk Rock Princess,Songs For Silent Movies,Something Corporate,,3m49s
You All Believe,Used And Abused,Danger Radio,,3m52s
The Future (Original Mix),2009,Trolley Snatcha,,2m24s
Look At This Face (Oh My God They're Gorgeous),So... How's Your Girl?,Handsome Boy Modeling School,,2m
092. Wolfgang Amadeus Mozart - Klarinettenkonzert (K. 622) - Rondo,Classical Music Top 100,VA,,9m28s
Bust It Baby Part 2 (Feat. Ne-Yo),Definition Of Real,Plies,,4m2s
Disenchanted,The Black Parade is Dead !,My Chemical Romance,,5m
Gay Fish,South Park,Kanye West,,2m29s
The Last Polka,Ben Folds Live,Ben Folds,Ben Folds and Anna Goodman,3m56s
Leggy Blonde (feat. Rhys Darby),Flight of the Conchords,Flight of the Conchords,,2m42.144s
"Breathe In, Breathe Out (ft. Ludacris)",The College Dropout,Kanye West,,4m7s
Army,Ben Folds Live,Ben Folds,"Folds, Ben",3m42s
Episode 264 - Molly Shannon,WTF with Marc Maron Podcast,Marc Maron,,1h10m2s
Take A Ride Skit,Thr33 Ringz,T-Pain,,1m48s
The Banishment Song,Tripper,Fruit Bats,,5m58s
Woe,Live at The Chain Reaction,Max Bemis,,5m50s
"One Last Kiss (Dick Gautier, Ensemble)",Bye Bye Birdie! - Original Broadway Cast,"Susan Watson,Chita Rivera,Dick Van Dyke,Dick Gautier,Paul Lynde,Michael J. Pollard,Kay Medford","Lee Adams, Charles Strouse",1m35s
My World (Ft. Billy Cravens),Man On The Moon: The End Of Day,KiD CuDi,,4m3s
I'll Run,Whisper War,The Cab,,3m47s
Beat Box,Live At Stubb's,Matisyahu,,5m5.388s
Beautiful Disaster,Transistor,311,Nicholas Hexum,4m2.091s
Dont Cha',Big Mike & Dj Envy,Pussy Cat Dolls,,4m16s
Chord Organ Blues,Yip/Jump Music,Daniel Johnston,,4m6s
Blame It,,Of Mice & Men,,3m57s
My Doorbell,Get Behind Me Satan,The White Stripes,Jack White,4m3s
Sudden Death In Carolina,Your Favorite Weapon,Brand New,,3m2s
This Is For Real,Even If It Kills Me,Motion City Soundtrack,,3m12s
Gotta Eat,Lupe Fiasco's The Cool,Lupe Fiasco,,3m24s
"We Have Seized The High Ground: ""Well, she was crazy. It was clear when I came into the room that she was nuts.""",The Gonzo Tapes [Disc 2] : Fear and Loathing in Las Vegas,Hunter S. Thompson,,5m57s
Miss Me (featuring Lil' Wayne),Thank Me Later,Drake,,5m7s
So Hard (Instrumental) (HQ),,Rihanna ft Young Jeezy,www.franchiserecordpool.com,4m13s
Feel Like Me (feat. Pharrell),Exclusive Audio Footage,Clipse,,3m43s
Dots & Dashes,Doomtree,Doomtree,,3m24s
You Don't Know What It's Like,"The Mother, The Mechanic, And The Path",The Early November,,1m35s
A Milli (Produced By Bangladesh),Tha Carter 3,Lil Wayne,,3m42s
Mope,Hooray For Boobies,Bloodhound Gang,,4m37s
Commander (Ralphi Rosario Club Mix),Promo Only Mainstream Club July,Kelly Rowland,,8m8s
Im Not Comin To Your Party Girl,3oh!3,3oh!3,,2m44s
The Sprawl,Daydream Nation,Sonic Youth,Sonic Youth,7m39s
"The Mule - Z-Ro, Devin the Dude & Juvenile",Remixes Vol. II,Ratatat,,3m57s
Everything in its Right Place,Kid A,Radiohead,,4m10s
Instrumentals - DJ Khaled feat Kanye West - Grammy Family,,,,4m20s
Well It's True That We Love One Another,Elephant,The White Stripes,,2m41s
The Chant,This Is Dubstep Vol.2,Benga,,5m17s
Intro [www.crunk-mania.gs-bg.net],Real Recognize Real,Project Pat,,51s
Waiting On The World To Change,Where The Light Is Live In Los Angeles [Disc 2],John Mayer,John Mayer,3m51s
Just The Way I'm Not,Dirty Work,All Time Low,,3m39s
Bang,Let's Get It: Thug Motivation 101,Young Jeezy,"J. Jenkins, P. Alexander, C. Harris, D. Richardson, Z. Wallace",4m28.91s
Foux Du Fafa,Flight of the Conchords,Flight of the Conchords,,2m46.556s
Mad As Rabbits (Live),"Sessions@AOL, California, USA, 17th April 2008",Panic! At The Disco,,3m40s
Thinking Of You,One Of The Boys,Katy Perry,,4m7s
Card House Dreamer,This Providence,This Providence,,2m37s
So Long,Tripper,Fruit Bats,,3m54s
Falling In Love With Brazil (Kaskade Mashup),Chubbybeavers.com,Haley vs. Deadmau5,,6m52s
Don't Be So Hard,Controversy Loves Company,The Audition,,3m15s
Kick Push (Live),Xtreme,Lupe Fiasco,,4m44s
Anasasis (Xenophontis),Killing With A Smile,Parkway Drive,Parkway Drive,3m32s
"Troublemakers (Ft. Raekwon, Method Man And Redman)",Apollo Kids,Ghostface Killah,GUTTAHIPHOP.COM,3m42s
So Haunted,In Ghost Colours,Cut Copy,,4m27s
Most Beautiful Plague,...Is A Real Boy [Disc 2],Say Anything,Max Bemis,4m53.709s
Appetite (For Lightin' Dynamit,Citizen Cope - Citizen Cope,Citizen Cope,,3m23s
The Piano Knows Something I Don't Know,The String Quartet Tribute to Panic At the Disco's Pretty. Odd,Vitamin String Quartet,,3m47s
Get Innocuous!,Sound Of Silver,LCD Soundsystem,,7m12s
Classic Cars,Cassadaga,Bright Eyes,,4m19s
Sweet Dreams [August 1983],Ultimate Collection,Eurythmics,,4m53s
Our Lawyer Made Us Change The Name Of The Song So We Wouldn't Get Sued,From Under The Cork Tree,Fall Out Boy,Franz Ferdinand,3m8.569s
Pandora,Killing With A Smile,Parkway Drive,Parkway Drive,3m59s
"Almost There, Going Nowhere",,The Starting Line,,3m26s
Trill,Hell Hath No Fury,Clipse,G. Thornton/P. Williams/T. Gozney Thornton,4m44s
I Will Come Back,I Will Come Back,Holy Ghost!,,5m21s
Put Some Clothes On,It's Classy Not Classic,Breathe Carolina,,3m55s
Run the Numbers,I'll Sleep When You're Dead,El-P,,4m43s
Cascade,You Are The Night,Deluka,Not Documented,4m16s
Dum Dumz (Original Mix),Dubstep Collection 8,Blackheart,,5m40s
Lovegame,The Fame,Lady GaGa,,3m34s
R.I.O. -  A Serenade of Bright,Electro House Music Remixes-WE,VA,,7m29s
Waiting For the DJ (ft. Bilal),Quality ,Talib Kweli ,,4m10s
For The Second Time,37 Everywhere,Punchline,,4m13.306s
Can't Tell Me Nothing,Guilt By Association Vol. 2,Francis and the Lights,,2m12s
"Of Moons, Birds & Monsters",Oracular Spectacular,Mgmt,,4m47s
Pure Morning,Without You I'm Nothing,Placebo,,4m15s
Steve Berman,The Marshall Mathers LP,Eminem,,54s
Dumb,"Die, Rugged Man, Die",R.A. the Rugged Man,M. Niles/R. Thorburn,3m32s
Can It Be All So Simple,Legend Of The Wu-Tang,Wu-Tang Clan,RZA,4m11.495s
Rollin' (Air Raid Vehicle),Chocolate Starfish And The Hot Dog Flavored Water,Limp Bizkit,"Fred Durst, Wes Borland, Sam Rivers, John Otto",3m33.832s
Interlude 2 (Ft. Shanell),No Ceilings [illRoots.com],Lil' Wayne,,1m45s
War,Speakerboxxx/The Love Below,Outkast,,2m44s
Attractive Today [Acoustic Live],Acoustic At Tower Records (6/15/05),Motion City Soundtrack,,3m38s
Street Lights,808's And Heartbreaks,Kanye West,,3m11s
Basic Space,xx,The xx,,3m8s
Cry Baby Cry,The Beatles [White Album] [Disc 2],The Beatles,John Lennon/Paul McCartney,3m11.007s
Hurt Feelings,2009 - I Told You I Was Freaky,Flight Of The Conchords,,2m38s
Five To One,The Best of The Doors,The Doors,,4m27s
Blue Eyez,Skream!,Skream,,4m40s
Riotriot,W H O K I L L,Tune-Yards,,4m15s
Passive Manipulation,Get Behind Me Satan,The White Stripes,Jack White,35s
Go Baby Go,Lupe Fiasco's The Cool,Lupe Fiasco,,3m37s
Wolf Am I! (and Shadow),"Brother, Sister",mewithoutYou,,2m37s
Fancy Footwork,Fancy Footwork,Chromeo,Chromeo,3m19s
Easy Way Out,Place Pigalle Demos,Elliott Smith,,2m43s
This Is Stupid,Hooray For Boobies,Bloodhound Gang,,10s
Bad Actors,1983,Flying Lotus,,1m29s
Homewrecker,Zombies! Aliens! Vampires! Dinosaurs!,Hellogoodbye,,2m32s
Bounce (A-Trak Remix),Infinity +1,Mstrkrft Feat. N.O.R.E.,,4m10s
Episode 260 - Jake Johannsen,WTF with Marc Maron Podcast,Marc Maron,,1h15m1s
That's How Ya Feel,Let's Get It: Thug Motivation 101,Young Jeezy,"J. Jenkins, D. Stewart",4m3.252s
She Takes Me High (Acoustic),Smile Kid (Deluxe Edition),We The Kings,,4m5s
"To Trixie And Reptile, Thanks ",2005,Chiodos,,4m17s
Scars Of The Crucifix,Legacy Of Blood,Jedi Mind Tricks,,4m1s
Black Winter Day,"Servants In Heaven, Kings In Hell",Jedi Mind Tricks,,4m11.866s
Fred Jones Part 2,Ben Folds Live,Ben Folds,"Folds, Ben",4m40s
D.O.W.N.,Revolutionary But Gangsta (Retail),Dead Prez,,2m8s
In Jah Hands (Dilla's Lament),Beat Konducta Vol. 5: Dil Cosby Suite,Madlib,,2m2s
Sweetness Follows,Automatic For The People,R.E.M.,,4m21.642s
Golden,Infinity On High,Fall Out Boy,,2m33s
Man Overboard,The Tom Mark And Travis Show,Blink 182,,2m49s
My 1st 48 Hrs (Produced by Aktual),Trappin Ain't Dead,Young Jeezy,,1m32s
Not For You,The Ultimate Best Of Pearl Jam,Pearl Jam,,5m52s
Pretty Vacant,Never Mind the Bollocks Here's the Sex Pistols,The Sex Pistols,Glen Matlock/Johnny Rotten/Paul Cook/Steve Jones,3m15s
Wat Kyk Jy?,5 - EP,Die Antwoord,"Ninja, Yo-landi Vi$$er & DJ Hi-Tek",4m37s
"In Search Of The American Dream: ""Maybe that's where we've gone wrong.""",The Gonzo Tapes [Disc 2] : Fear and Loathing in Las Vegas,Hunter S. Thompson,,1m11s
Who's Been Sleeping Here?,Between The Buttons [US],The Rolling Stones,,3m57s
Marriage To Millions,Rotation,Cute Is What We Aim For,,3m10s
I Invented Sex, Ready ( Promo CD ),Trey Songz ft Drake,www.franchiserecordpool.com,4m16s
Until You Leave,After The Room Clears,Permanent Me,,3m21s
Bone Machine,Surfer Rosa & Come On Pilgrim,Pixies,,3m4s
Uptown (Dirty),So Far Gone,Drake feat. Bun B &  Lil' Wayne,,6m22s
Vexed,In Defense Of The Genre,Say Anything,,2m40s
Violet Stars Happy Hunting! (Trackademicks Remix) - Janelle Monae,[Re]Mixtape 2 Loosies,Trackademicks,,4m
I Feel Good,StyleWars EP,Jay Electronica,,3m47s
12-Adam's Song-Blink 182,,,,4m35s
071 Magic Mash - I-Roy Skank (Original),,,,6m11s
Soulja Boy Tellem,iSouljaBoyTellem,Soulja Boy,,3m32s
Waterworld (feat. Encore),So... How's Your Girl?,Handsome Boy Modeling School,,5m23s
My Blue Heaven,Louder Now Live Tracking,Taking Back Sunday,,3m50s
Try And Stay Awake,Lifetime,Lifetime,,2m17s
Akcent - King of Disco (DJ Wit,Electro House Music Remixes-WE,VA,,3m44s
Road Is My Religion,Murs For President,Murs,,4m14s
No No No,Movie 3: The Burrprint!,Gucci Mane,,4m16s
Wolfsblood,Collection,The Misfits,,1m11.656s
Niki FM,The Silence In Black And White,Hawthorne Heights,Hawthorne Heights,3m59.676s
Hand Clap,,zDirty - Hurricane Chris,,4m26s
Think Again,Complete Discography,Minor Threat,,2m18s
Sunday Morning,Dubstep Collection 8,Borgore,,4m32s
The Rest Of My Life,"The Mother, The Mechanic, And The Path",The Early November,,2m38s
Forgot About Dre,2001,Dr. Dre,Andre Young/Marshall Mathers/Melvin Bradford,3m42s
In You (I Found A Love),No Time For Dreaming,Charles Bradley,,3m22s
Do You Know? (Transition),Beat Konducta Vol. 5: Dil Cosby Suite,Madlib,,2m8s
025. Pyotr Ilyich Tchaikovsky - Swan Lake (Op. 20) - Лебединое Озеро,Classical Music Top 100,VA,,3m14s
Scenario,The Anthology,A Tribe Called Quest,,4m10s
The Tide,Equal Vision/Rise Records 2008 Sampler,Oceana,,4m41s
People Take Pictures of Each Other,Village Green Preservation Society (Special Deluxe Edition 2004) (CD1 Stereo),The Kinks,,2m15s
Set Phasers To Stun,Where You Want To Be,Taking Back Sunday,Taking Back Sunday,3m4.854s
I Will Possess Your Heart,Narrow Stairs,Death Cab For Cutie,,8m27s
Lose Yourself,8 Mile,Eminem,,5m20.342s
Hombre,Arular,M.I.A.,,4m2.068s
Don't Bring Me Down,Light Years,Electric Light Orchestra,,4m4s
A Party Song (The Walk Of Shame),Nothing Personal,All Time Low,,3m1s
Confined,Shadows Are Security,As I Lay Dying,,3m13.631s
Business (Featuring Dr. Dre),The Eminem Show,Eminem,,4m13s
Fashion,Season 2 Flight of the Conchords,Flight of the Conchords,,1m53s
Strung Out Again,From a Basement on the Hill,Elliott Smith,Elliott Smith,3m12s
Because,Grand Mal: Studio Rarities,Elliott Smith,John Lennon/Paul McCartney,2m20s
Positive Contact,Deltron 3030,Deltron 3030,,4m43s
proimscuous,Dubstep Collection 5,Flying Lotus,,2m33s
Bruleé,LP3,Ratatat,,3m43s
"Forgiveness, the Enviable Trait",Texas,Playradioplay!,,2m22s
Lover Of Mine,Teen Dream,Beach House,,5m7s
In The Death Car (Vocal Mix),Dubstep Collection 5,16 Bit,,5m12s
Smile You're Traveling,Live At Luna Park,Henry Rollins,,29m2s
Time To Get Away (Gucci Sounds,A Bunch Of Stuff EP,LCD Soundsystem,,6m50s
Hold On,Plastic Ono Band,John Lennon,John Lennon,1m52s
Circa 1990,Live With The Royal Sylvan Philharmonic,Jace Vëk,,5m49s
A Movie Script Ending,The Photo Album,Death Cab For Cutie,Ben Gibbard,4m19.575s
Frenchies Act A Fool,Dirty South Dance CD,A-Trak,,3m28.584s
O Baile Todo,Rio Baile Funk - Favela Booty Beats,Baile- Favela On Blast,,3m24s
12 The Patron Saint Of Liars And Fak,Directors Cut,Fall Out Boy,,3m20s
Breathe Underwater,We Come In Pieces,Placebo,,3m57s
Darude - Sandstorm 2k10 (Alex,Electro House Music Remixes-WE,VA,,3m26s
Habeas Corpses (Draconian Love),I'll Sleep When You're Dead,El-P,,4m36s
Between The Bars,Live At Largo,Elliott Smith,,2m29s
Cut Up Angels,In Love And Death,The Used,The Used,3m47.137s
Chapter 1,The Greatest Show on Earth: The Greatest Show on Earth: The Evidence for Evolution,Richard Dawkins,,30m1s
Late (Hidden Track),Late Registration,Kanye West,Kanye West,3m50.55s
"Anybody In Search Of The American Dream Needs A Lawyer, A Doctor And A Bodyguard: ""How much is your cheapest clarinet?""",The Gonzo Tapes [Disc 2] : Fear and Loathing in Las Vegas,Hunter S. Thompson,,1m26s
Everything's Too Cold....But Your So Hot,The Room's Too Cold,The Early November,,6m34.089s
Honestly,Chroma,Cartel,Will Pugh,3m29.258s
Long Walks On Short Bridges,Equal Vision/Rise Records 2008 Sampler,Sky Eats Airplane,,4m6s
"One Boy (Susan Watson, Jessica Albright, Sharon Lerit, Chita Rivera)",Bye Bye Birdie! - Original Broadway Cast,"Susan Watson,Chita Rivera,Dick Van Dyke,Dick Gautier,Paul Lynde,Michael J. Pollard,Kay Medford","Lee Adams, Charles Strouse",2m46s
Sexy Back,DMS,Justin Timberlake,,3m59s
Fear Of Flying,Greetings From,A Rocket To The Moon,,3m58s
Do You Know Me,Battle Studies,John Mayer,,2m31s
Here It Goes,Chase This Light,Jimmy Eat World,,3m26s
Bruk out feat. T.O.K & Ms. Thing,Guns Don't Kill People... Lazers Do,Major Lazer,,2m57s
On Tha Pill,DJ Ill Will & DJ Rockstar Present Wiz Khalifa - Burn After Rolling,Wiz Khalifa,,3m10s
Fu-Gee-La (Refugee Camp Global Mix),The Score,The Fugees,"Wyclef Jean, Prakazrel ""Pras"" Michel, Lauryn Hill, A. McGrier, T. Marie, Salaam Remi",5m27.308s
Go With The Flow,Songs For The Deaf,Queens Of The Stone Age,"Josh Homme, Nick Oliveri",3m7.176s
Fathead,Treehouse Talk,504 Plan,,3m21s
Triveni,11:11,Rodrigo y Gabriela,,3m56s
Heart Like That,King Vs Queen,Brighten,,2m14s
Roxanne,Every Breath You Take: The Classics,The Police,G M Sumner,3m13s
Kon Queso,MM....Food,MF Doom,,4m
Kristen Beam,Treehouse Talk,504 Plan,,5m7s
077 Toast - Only One Vip (Original),,,,6m10s
She's Alive,Speakerboxxx/The Love Below,Outkast,,4m7s
The Carter Meets The Cartel 2 (Intro),The Carter Meets The Cartel 2: Lil Wayne & Drake,The Cartel,,26s
Chains (Prod. Ayatollah),,"R.A. The Rugged Man ft. Killah Priest, Masta Killa",,2m50s
Backdrifts,Hail To The Thief,Radiohead,,5m32s
Sowing Season(Yeah),The Devil and God Are Raging Inside Me,Brand New,,4m28s
Sweatshop (Antiserum Remix),Dubstep Collection 4,ILLGATES,,5m35s
A Machine Spiritual (In the People's Key),The People's Key,Bright Eyes,,4m20s
Unstoppable,Santogold,Santogold,,3m33s
Gimmie Gimmie Gimmie,Damaged & Jealous Again,Black Flag,,1m47s
J Mascis - Is It Done,KEXP Song of the Day,J Mascis,,4m51s
Money On My Mind,Tha Carter II,Lil Wayne,"D. Carter, J. Mollings & L. Mollings",4m31.627s
Everything Sucks,Greatest Hit And More,Reel Big Fish,,2m42s
Black & Blue,Miike Snow,Miike Snow,,3m39.8s
Thrones,Degeneration Street,The Dears,Murray Lightburn/Natalia Yanchak/Patrick Krief/Rob Benvie,4m33s
Willie,The Greatest,Cat Power,Chan Marshall,5m57.424s
Intro,Talking From The Box,Henry Rollins,,57s
Hoodoo,Black Holes and Revelations,Muse,,3m43s
If You Leave,Guilt By Association Vol. 2,Rafter,,3m25s
"Avalanche Warning (feat. Pacewon, Nervous Wreck & Adlib)",Black Snow,Snowgoons,,3m43s
Conclusion,Enter The Wu-Tang (36 Chambers),Wu-Tang Clan,,1m1s
Woe (Acoustic),Spin Acoustic Session,Say Anything,,4m4s
Twenty-Twenty Surgery,Louder Now Live Tracking,Taking Back Sunday,,3m47s
Bistro,Madvillainy,Madvillain,Madlib,1m8s
I Love Livin' in the City,VA - The Decline Of Western Ci,Fear,,2m17s
Oliver's Army,The Very Best Of Elvis Costello [Disc 1],Elvis Costello,Costello,2m57.841s
"Dance, Dance (AOL Live)",Live @ The Roxy,Fall Out Boy,,3m6s
Hey Fuck You,2004,Beastie Boys,,2m22s
Younger Us,Younger Us - Single,Japandroids,,3m36s
Sophomore Slump Or Comeback Of The Year,String Quartet Tribute To Fall Out Boy,Fall Out Boy (String Quartet),,3m57s
Side 2,In Conversation,Henry Rollins,,45m51.007s
Cold Outside,Word Of Mouf,Ludacris,,6m3s
Strung Out Again,Live at Crystal Ballroom,Elliott Smith,,3m31s
Until The Judgement Day,Fragile Future,Hawthorne Heights,,3m46s
Leaving the Past,Revolutionary Vol. 2,Immortal Technique,,4m29s
Freedom of Speech,Revolutionary Vol. 2,Immortal Technique,,3m7s
Down,2004,Blink 182,,3m15s
Hardcore Hustle,Madvillainy,Madvillain Feat. Wildchild,Madlib,1m22s
Give Me Anything,The Way We Talk,The Maine,,3m12s
Serenity In Murder,"Servants In Heaven, Kings In Hell",Jedi Mind Tricks,,4m7.083s
Miss Missing You,Save Rock and Roll,Fall Out Boy,,3m31s
New American Classic,Where You Want To Be,Taking Back Sunday,Taking Back Sunday,4m35.388s
Scratch Tools 4 ,DMS,DJ Whitematic,,2m23s
Drive Slow,Late Orchestration,Kanye West,,4m35s
15 Minutes,First Impressions Of Earth,The Strokes,Julian Casablancas,4m34.459s
Waves (B-Side),Fantasies,Metric,,3m6s
Things We Said Today,A Hard Day's Night,The Beatles,,2m39s
What Them Girls Like (Co-Starring Chris Brown and Sean Garrett),Theater Of The Mind,Ludacris,,4m2s
Tiesto - Knock You Out (Fazzii,Electro House Music Remixes-WE,VA,,4m6s
Blaze A 50,Nastradoomus,Nas and MF Doom,,2m42s
Fuckingham Palace (Modeselektor S Sw1a1aa Remix),Dubstep Collection 3,Alter Ego,,4m27s
Wisdom Body (Ft Ghostface Kill,Only Built 4 Cuban Linx VBR,Raekwon,,2m39s
Wamp Wamp (What It Do) (feat. Slim Thug),Hell Hath No Fury,Clipse,G. Thornton/P. Williams/S. Thomas/T. Gozney Thornton,4m
Extra Extra,What The Fuck Is A Jay Electronica,Jay Electronica,,2m37s
Won't Let You,Apples And Oranges,Stacy Clark,,2m48s
That's My DJ,Night Ripper,Girl Talk,,2m9s
Gamegirl,One Full Year,The Secret Handshake,,4m1s
Lettin' Go,"Big Boi Presents... Got Purp?, Vol. 2",Big Boi & Janelle Monáe,,4m29s
Armistice,Wolfgang Amadeus Phoenix,Phoenix,,3m6s
Foxy Lady,Are You Experienced?,Jimi Hendrix,,3m20s
I Told You So,The Secret Wars,Ace Enders,,3m58s
(Always Be My) Sunshine (Featuring Foxy Brown & Babyface)          +3,"In My Lifetime, Vol. 1",Jay-Z,,4m43s
Rep Your Clique,Controversy Loves Company,The Audition,,2m48s
Royal K - Le Smack! (Viro & Rob Analyze Remix),,www.just4dance.fw.hu,www.just4dance.fw.hu,7m15s
Welcome To Brooklyn-Lighters Up,The Naked Truth,Lil' Kim,,4m7s
Peter Frampton - Frampton Comes Alive  - 02 - Doobie Wah.mp3,Frampton Comes Alive,Peter Frampton,,5m35s
#743: Viewer Calls,The Atheist Experience,Atheist Community of Austin,,58m24s
Diana Ross,Exclusive Audio Footage,Clipse,,4m23s
Do You Know What I'm Seeing?,Pretty. Odd.,Panic At The Disco,,4m14.444s
Jeremih vs Handsome Furs - Birthday Furs,The Mixtape Volume Four,The Hood Internet,"ABX, STV SLV",1m59s
Go Head (Feat Juney Boondata),iSouljaBoyTellem,Soulja Boy,,3m42s
1976,Since We Last Spoke,RJD2,,2m28s
Growing Pains (feat. Fate Wilson & Keon Bryce),Word Of Mouf,Ludacris,,4m49s
The Sequel,Actor,St. Vincent,,1m54s
Clouds,Live At Largo,Elliott Smith,,2m30s
"It's A Sale, Son",For What It's Worth,Dave Chappelle,,3m6s
Theresa,Citizen Cope - Citizen Cope,Citizen Cope,,4m24s
The Union,Where You Want To Be,Taking Back Sunday,Taking Back Sunday,2m50.225s
"Hometown Heroes, National Nobodies",The Party Scene,All Time Low,,2m54s
14 Jakes - In The Place To Be.mp3,Disc F: The Ruff Step,"Revealomatic - No Bull, More Halfstep",,1m32s
David Cross,The Nerdist,Nerdist,Katie Levine,1h11m22s
Losing My Edge,LCD Soundsystem (Disc 2),LCD Soundsystem,,7m53s
Rainbow Man,Rainbow Man (CDS),Busy P,,3m35s
Two Weeks In Hawaii,Zombies! Aliens! Vampires! Dinosaurs!,Hellogoodbye,,4m51s
Beatdown In The Key Of Happy (Demo),Demo 2005,Four Year Strong,,3m7s
You've Made Us Conscious,Controversy Loves Company,The Audition,,3m1s
Worried Shoes,Yip/Jump Music,Daniel Johnston,,6m35s
"026. Johann Sebastian Bach - Weihnachtsoratorium (BWV 248) - Jauchzet, Frohlocket.mp3",Classical Music Top 100,VA,,8m18s
Fix,Dubstep Collection 8,Matt Green,,5m21s
Stable Song,Plans,Death Cab For Cutie,,3m43s
A Vampire's Lament,Suicide Notes And Butterfly Kisses,Atreyu,Alex Varkatzas/Brandon Saller/Dan Jacobs/Travis Miguel,3m20s
I Think She Knows,Guilt By Association Vol. 2,Kaki King,,3m5s
Hot Mess,Hot Mess (Deluxe Edition),Cobra Starship,,2m53s
Summer's Gone,Without You I'm Nothing,Placebo,,3m6s
Kissing The Beehive,At Mount Zoomer,Wolf Parade,Wolf Parade,10m47s
Cut Dick,Lambs Anger,Mr. Oizo,,2m51s
Dream City,Free Energy,Free Energy,,3m20s
Kontact Me,Power,Boys Noize,,4m24s
Look Closer,This Will Be The Death Of Us,Set Your Goals,,3m51s
Eyes As Candles,Manners,Passion Pit,,4m8s
Aerodynamic,Discovery,Daft Punk,,3m28s
Everything Means Nothing to Me,Place Pigalle Demos,Elliott Smith,,2m2s
Ballad of Big Nothing,Either/Or Demos (Disc 2 of 2),Elliott Smith,,2m48s
The Nature (feat. Justin Timberlake) (Bonus),Ear Drum,Talib Kweli,,5m4s
Haiti,Funeral,The Arcade Fire,,4m8s
Do The Right Thang (Co-Starring Common and Spike Lee),Theater Of The Mind,Ludacris,,5m12s
"Raining (feat. Brainstorm, Edo G & Jaysaun)",Black Snow,Snowgoons,,3m40s
Follow Me Home,Forever Comes Too Soon,The Years Gone By,,2m58s
Black Eyed Peas - I Gotta Feeling (Alex Astero & Evan Sax Radio Mix)l,Top 100 Club & Party (11.11.2009),WwW.LanzaMp3.CoM,,3m9s
My Secret Lover,My Secret Lover,Private,,3m3s
"Shake And Pop (Feat. Kid Sister, With Green Velvet)",Pillowface And His Airplane Chronicles,Steve Aoki,,3m11s
Twilight,From a Basement on the Hill,Elliott Smith,Elliott Smith,4m29s
Infinity,xx,The xx,,5m13s
MDWWR #67 Diplo's Moombahton 2k11 Mix,Mad Decent Worldwide Radio,diplo/mad decent,,51m30s
Sloop John B,,,,2m58s
Rapper's Delight (108-111),The Best Of The Sugarhill Gang,The Sugarhill Gang,,14m37s
Fine Art,Get Sharp,The Limousines,,4m47s
Drive All over Town,Roman Candle,Elliott Smith,Elliott Smith,2m36s
Six Feet Under The Stars,Dan Frank's Album,Dan Frank,Dan Frank,3m34s
Sharam Jey - Army of Men feat. Cornelia (Tai Remix),,www.just4dance.fw.hu,www.just4dance.fw.hu,5m30s
Moonlight Drive,The Best of The Doors,The Doors,,3m2s
Slate: The Blood and Treasure Gabfest,Slate's Political Gabfest,Slate Magazine,Podcasts,53m5s
Hit Or Miss,Hits,New Found Glory,,3m22.803s
Dizzy,Chase This Light,Jimmy Eat World,,4m57s
What We Talkin' About (feat. Luke Steele of Empire of the Sun),The Blueprint 3 [Soul Assassin Special Edition],Jay-Z,,4m4s
"Go, Go, Go",Abundance,Platinum Pied Pipers,,4m8s
Salvation,Citizen Cope - Citizen Cope,Citizen Cope,,5m16s
Jay-Z & Kanye West - Lucifer (Instrumental),Ain't Doin This Shit Fa Nothin Vol. 2,Instrumentals,,2m30s
"What Are You Doing, Man? That's Weird!",This Could Be A Possibility,Valencia,,2m56.796s
The Distance,2007,Blue Scholars,,2m55s
Eet,Far,Regina Spektor,,3m49s
Talking to Mary,Grand Mal: Studio Rarities,Elliott Smith,,3m40s
Potholderz [feat. Count Bass D],MM....Food,MF Doom,,3m21s
07 07 07 Catch-As-Catch-Can,Run It Up The Flagpole,Farewell,,3m10s
Blue Burns Orange,The Silence In Black And White,Hawthorne Heights,Hawthorne Heights,3m19.807s
The Factory,Donuts,J Dilla,,1m24s
Silent Morning,DFA Compilation #1,The Rapture,Rapture,6m48s
My Temperature Is Rising,Self-Titled Album,The AUDITION,,3m
Black Eyed Peas - I Gotta Feeling (Johnny Max Remix),,www.just4dance.fw.hu,www.just4dance.fw.hu,6m38s
Undisclosed Desires,The Resistance,Muse,,3m3s
11 11.Seat Down Low,,,,3m12s
The Towns Been Talkin',The Way We Talk,The Maine,,3m30s
Drive,I'll Sleep When You're Dead,El-P,,4m14s
Starsixtynine,Jersey's Best Dancers,Lifetime,,1m50s
036. Wolfgang Amadeus Mozart - Die Zauberflöte (K. 620) - Der Hölle Rache Kocht In Meinem Herzen,Classical Music Top 100,VA,,3m13s
Especially In Michigan,Stadium Arcadium ,Red Hot Chili Peppers,,4m2s
Shame On A Nigga,Enter The Wu-Tang (36 Chambers),Wu-Tang Clan,,2m58s
Upside Down,Hustle! Reggae Disco,Carol Cool,Bernard Edwards - Nile Rodgers,3m30s
Episode 253 - Paul Gilmartin,WTF with Marc Maron Podcast,Marc Maron,,1h27m47s
Pick Me Up,Live At The Mayan Theatre,The Format,,4m17s
Tweak Frenzy,Dubstep Collection 8,Sick Cycle,,5m23s
Hyyerr (Ft. Chip Tha Ripper),Man On The Moon: The End Of Day,KiD CuDi,,3m32s
Untitled Bonus Track,The Party Scene,All Time Low,,2m24s
The Truth,A Much Better Tomorrow,Dan the Automator,Dan the Automator,4m59s
Strapped Ft Guilty Simpson,Champion Sound,Jaylib,,3m15s
Lion In A Coma,Merriweather Post Pavilion,Animal Collective,,4m12s
Can it Be All So Simple (Remix,Only Built 4 Cuban Linx VBR,Raekwon,,5m40s
Helter Skelter,The Beatles [White Album] [Disc 2],The Beatles,John Lennon/Paul McCartney,4m29.769s
Fedde Le Grand feat. Mr. V - Back & Forth (Eric Chase Remix), -- xrnb.net --, -- xrnb.net --, -- xrnb.net --,6m57s
Purple Rain [November 1984],Purple Rain,Prince,,8m42s
Hating Someones Guts - Part 1,The Boxed Life,Henry Rollins,,5m50.412s
Autographs & Apologies,I Am The Movie,Motion City Soundtrack,,3m53s
Billie Jean,Thriller 25,Michael Jackson,Michael J. Jackson,4m54s
Cleveland Is The Reason,Plain Pat & Emile Presents a KiD named CuDi,KiD CuDi,Dot Da Genius,3m46s
Midnight Show,Hot Fuss [Bonus Tracks],The Killers,,4m3s
Who's In The House (Chuckie RMX),++ Music-Base.ws ++,Chris Kaeser,,6m25s
Blood Dem Out,,Turbulence,,4m5s
Carol of the Bells,Other,Thrice,,2m22s
Word Up! [November 1986],Word Up!,Cameo,,4m19s
Museum of Love,Yip/Jump Music,Daniel Johnston,,4m21s
Yellow Submarine In Pepperland,Yellow Submarine,The Beatles,John Lennon/Paul McCartney,2m11s
Sexy Back (Party Break),DMS,Dj Kevin Scott vs Justin Timberlake,,2m1s
Rococo,The Suburbs,Arcade Fire,,3m57s
Soundtrack of My Life,In With The Out Crowd,Less Than Jake,,3m
Monty Got A Raw Deal,Automatic For The People,R.E.M.,,3m17.764s
Mombassa,Inception (OST),Hans Zimmer,,4m54s
Everything She Wants (Remix),Make It Big,Wham,,6m30s
Survival Test (Instrumental),Champion Sound,Jaylib,,3m21s
"06 - Alone, Together",,,,3m13s
The Natives,Hollywood Undead,Hollywood Undead,,3m42s
Born As Ghosts,The Battle Of Los Angeles,Rage Against The Machine,Rage Against The Machine,3m22.013s
Can't Finish What You Started,Acoustic EP,Motion City Soundtrack,,3m23s
O.N.E.,Odd Blood,Yeasayer,,5m26s
Gutta Music w/ Reef The Lost Cauze & Chief Kamachi,"Servants In Heaven, Kings In Hell",Jedi Mind Tricks,Reef The Lost Cauze/Chief Kamachi,3m46.023s
Saviour (Album Version),Saviour EP,Lights,,3m30s
Get Up,Anywhere But Here,Mayday Parade,,3m3s
Let There Be Lite (Live),A Cross the Universe (Live),Justice,,3m25.566s
The Truth,"No Really, I'm Fine",The Spill Canvas,,3m2s
Hello Helicopter,Even If It Kills Me,Motion City Soundtrack,,4m20s
i like (manhattan clique remix)-fbe,2010,keri hilson,,6m2s
Shotgun,Fearless Summer Sampler,The Outline,,2m45s
Takeover,,Jay-Z,,5m13s
Catch A Hot One,Real Recognize Real,Project Pat,,4m17s
Interlude,Take It to the Floor,Cash Cash,"Jean Paul Makhlouf, Alexander Luke Makhlouf, Samuel Frisch & Anthony Villacari",2m33.391s
Connect The Dots,"No Really, I'm Fine",The Spill Canvas,,4m9s
In Regards To Myself,Define The Great Line,Underoath,,3m24s
Linus Spacehead,King Of The Beach,Wavves,,3m14s
Bernasconi & Farenthide - She's A Nympho (Max Farenthide Short Mix), -- xrnb.net --, -- xrnb.net --, -- xrnb.net --,3m19s
Just To Be Next To You,Saxophonic,Dave Koz,Jeff Koz,4m54.452s
20 Years,After The Room Clears,Permanent Me,,3m3s
El Monte,DFA Compilation #2 [Disc 2],Delia Gonzalez & Gavin Russom,Delia Gonzalez & Gavin Russom/Gavin Russom,14m14s
Enter the Ninja,5 - EP,Die Antwoord,"Ninja, DJ Hi-Tek & Yo-landi Vi$$er",5m6s
Contribution,Quality Control,Jurassic 5,,3m47s
Countdown to Armageddon,1988,Public Enemy,,1m41s
"It's Not A Side Effect Of The Cocaine, I Am Thinking It Must Be Love",My Heart Will Always Be The B-Side To My Tongue,Fall Out Boy,Fall Out Boy,2m11.123s
Bone Broke,Icky Thump,The White Stripes,"White Stripes, The",3m14s
"Grindin' [Remix][*] (feat. Baby, Lil Wayne & Noreaga)",Lord Willin',Clipse,Brian Williams/Chad Hugo/Dewyane Carter/Gene Thornton/Pharrell Williams/Victor Santiago,4m21s
Clyde Smith,Supreme Clientele,Ghostface Killah,,2m40s
We Built Our Own World,Inception (OST),Hans Zimmer,,1m56s
Oh My Stars (feat. Musiq Soulchild),Ear Drum,Talib Kweli,,3m43s
Drive,Automatic For The People,R.E.M.,,4m31.394s
Only A Northern Song,Yellow Submarine,The Beatles,George Harrison,3m28s
Circles,Morning View,Incubus,Incubus,4m9.405s
Episode 211 - Lisa Lampanelli,WTF with Marc Maron Podcast,Marc Maron,,1h15m28s
Episode 265 - Michael Cera,WTF with Marc Maron Podcast,Marc Maron,,1h27m51s
Seconds,Ritual Union,Little Dragon,,4m31s
See You Later,New Moon,Elliott Smith,,2m54.451s
Don't Do It,The Recession,Young Jeezy,,4m6s
Hell,Sainthood,Tegan & Sara,,3m26s
Age Of Adz,The Age Of Adz,Sufjan Stevens,Sufjan Stevens,8m
And It Rained All Night,The Eraser,Thom Yorke,,4m20.667s
I Love You,O.M.G.!,Rusko,,3m4s
Centurion,2009,L-Wiz,,5m43s
The Heist,Champion Sound,Jaylib,,3m7s
I Want You To Know,Farm,Dinosaur Jr,J Mascis,4m30s
When Acting As A Particle,Ire Works,The Dillinger Escape Plan,,1m23s
Watch Out,You Can't Imagine How Much Fun We're Having,Atmosphere,,4m18s
Pimpin' All Over The World (feat. Bobby Valentino),The Red Light District,Ludacris,Polow Da Don,5m30s
Too long/Steam Machine,Alive 2007 [Deluxe Edition],Daft Punk,,8m7s
Barbara Streisand (Extended Mix),,Duck Sauce,,5m
 It's On!,,KoRn,,4m29s
The Writhing South,...Is A Real Boy,Say Anything,Max Bemis,4m48s
Mutiny!,Mutiny!,Set Your Goals,,4m4s
Disco Dynamite,Ed Rec Vol. 2,Mr Flash,,3m8s
Hello Goodbye,Magical Mystery Tour,The Beatles,,3m34s
Antlion,Downtown Battle Mountain,Dance Gavin Dance,,3m19s
So Far Gone,Used And Abused,Danger Radio,,3m26s
Come On Eileen [April 1983],Pure 80's,Dexy's Midnight Runners,,4m12s
Ana's Song (Open Fire),Neon Ballroom,Silverchair,,3m42s
Casualties Of War (feat. Smif-N-Wessun & Respect Tha God),Black Snow,Snowgoons,,3m45s
San Pellegrino With Lemon,Act II,Jay Electronica,,3m14s
I'd Do Anything,,Simple Plan,,3m19s
Cornershop featuring Bubbley Kaur - The 911 Curry,KEXP Song of the Day,Cornershop featuring Bubbley Kaur,,3m34s
Silver & Cold,Sing the Sorrow,AFI,AFI,4m11.866s
Your Love Is My Drug (Dave Aude Club Mix),Promo Only Mainstream Club July,Kesha,,7m31s
Cliff Diving,When Your Heart Stops Beating,+44,"Mark Hoppus, Travis Barker",3m40.891s
Bite To Break Skin,Let It Enfold You,Senses Fail,,3m31.348s
Unforgettable Season,In Ghost Colours,Cut Copy,,3m13s
Dog Problems,Dog Problems,The Format,Nate Ruess/Sam Means,4m11s
Yule Shoot Your Eye Out,Other,Fall Out Boy,,3m40s
Misery (Steve Aoki Remix),Misery (Steve Aoki Remix) - dimmak.rcrdlbl.com,Good Charlotte,,4m32s
Walk This Way,Now This Is Music!,Run DMC And Aerosmith,,5m14s
Intro,Lupe Fiasco's Food & Liquor,Lupe Fiasco,Chill/Lupe Fiasco/Jay-Z/Darrale Jones,3m6.874s
Pop Punk Is Sooooo '05,"While The City Sleeps, We Rule The Streets",Cobra Starship,,3m2s
Manifesto - Patrick Stump,Manifestos,CitizensForOurBetterment.com,Hosted & Mixed By Clinton Sparks,10s
Hello I Love You,The Best of The Doors,The Doors,,2m15s
Eric Prydz Feat Adevan - And Out (Eric Prydz Mix),,www.just4dance.fw.hu,www.just4dance.fw.hu,8m31s
Damaged II,Damaged & Jealous Again,Black Flag,,3m23s
bollywood hotness,,,,3m56s
Motion Picture Soundtrack,Strung Out On Kid A,The Tallywood Strings,Radiohead,3m
Talk Us Down,This is A Stick Up...Don't Make it A Murder,Hit The Lights,,3m13s
Helicopter,Silent Alarm,Bloc Party,,3m40.218s
Viva la Vida ,Viva la Vida or Death and All His Friends,Coldplay,,4m4s
Butterflies (Demo),Floetic,Floetry,,4m4s
Kryptonite,,Big Boi and the Purple Ribbon All-Stars,,4m36s
"Rainbow Colors - Lil' Flip, Three 6 Mafia",Da Unbreakables,Three 6 Mafia,,4m31s
Teeth,The Fame Monster,Lady GaGa,,3m41s
Mad As Rabbits,Pretty. Odd.,Panic At The Disco,,3m48.112s
A Martyr For My Love For You,Icky Thump,The White Stripes,"White Stripes, The",4m20s
Dough Is What I Got,Da Drought 3 [Disc 1],Lil Wayne,,3m49s
Debate Part 2,"Spoken Word Guy (Alexandria, VA 11/03/08) [Disc 1]",Henry Rollins,Henry Rollins,13m0.027s
Neatfreak 47,3oh!3,3oh!3,,2m10s
Neighbour Riffs,Astrocoast,Surfer Blood,,2m8s
Slave To The Wage,Black Market Music,Placebo,,4m7s
"Fo Yo Sorrows (Ft. George Clinton, Too Short & Sam Chris)",Sir Lucious Left Foot: The Son of Chico Dusty,Big Boi,,3m42s
Doesn't Remind Me,Out Of Exile,Audioslave,Audioslave,4m15.837s
Friends With Money,The Carter Meets The Cartel 2: Lil Wayne & Drake,Lil Wayne & Drake,,2m27s
Sailing In The Dark Isn't Smart Kid!,Relativity,Emarosa,,3m18s
Walk In The Park,Teen Dream,Beach House,,5m28s
Freedom Skit,Arular,M.I.A.,,42.933s
Lie,David Cook,David Cook,,3m49s
It'll Be OK,Chocolate Starfish And The Hot Dog Flavored Water,Limp Bizkit,"Fred Durst, Wes Borland, Sam Rivers, John Otto",5m6.317s
Six Feet Under The Stars,"So Wrong, It's Right",All Time Low,,4m15s
Stairway To Heaven (Reggae Rem,,Jimi Hendrix,,6m38s
Steve Wonder - Song Review - 15 - Uptight (Everything's Alright),,,,2m53s
Can't Take It,Move Along,The All-American Rejects,,2m53s
087. Ennio Morricone - C'era Una Volta Il West (Once Upon A Time In The West),Classical Music Top 100,VA,,5m4s
Minnesota,Equal Vision/Rise Records 2008 Sampler,The Color Fred,,3m25s
Shame,Flight School,Wiz Khalifa,,3m41s
Sic Transit Gloria...Glory Fades,Deja Entendu,Brand New,,3m7s
Waiting To Fall,Chautaqua,The Willowz,,3m5s
Pocket Piano (Joakim Remix),Infinity +1,DJ Mehdi,,3m47s
Blue Jay Way,Magical Mystery Tour,The Beatles,,3m55s
Distorted Life,This Is Dubstep Vol.2,Unitz,,4m38s
Hit Em Up,Greatest Hits [Disc 1],2Pac Feat. Outlawz,"T. Shakur, D. Hitchings, F. Golde, D. Lambert",5m13s
What Goes Around...,Pop Volume II,Alesana     ,Punk Goes...,4m32s
If,Stadium Arcadium ,Red Hot Chili Peppers,,2m54s
They Looked Liked Strong Hands,Bayside,Bayside,,3m51s
Lose Yourself (Acappella),Lose Yourself,Eminem,,4m8s
Draped Up (Feat. Lil' KeKe),Trill,Bun-B,,4m17s
I Think Ur A Contra,Contra,Vampire Weekend,,4m27s
Taking a Fall,"""Basement II"" Demos",Elliott Smith,,2m59s
The Running Free,No World For Tomorrow,Coheed & Cambria,,4m14s
Minuteman's Pulse,Ed Banger Rec Vol. 3,Mr. Oizo,,4m
Steve Wonder - Song Review - 16 - I Was Made To Love Her,,,,2m36s
Jesus Christ Came io me in a Dream,Scared Famous,Ariel Pink's Haunted Graffiti,,7m10s
Soft,Within And Without,Washed Out,,5m32s
Shakira - She Wolf (Dave Scorp,Electro House Music Remixes-WE,VA,,4m30s
053 Richie August - Stomp,,,,4m10s
Feels Good (Breakdown Electro Remix),DMS,Tony Toni Tone ,,3m57s
How Soon Is Now?,Meat is Murder,The Smiths,Johnny Marr/Morrissey,6m46.186s
Feels So Real (feat Ben Westbeech),O.M.G.!,Rusko,,3m31s
055) A Flock of Seagulls - I Ran [October 1982],,,,5m4s
Kookies,MM....Food,MF Doom,,4m3s
Dumpweed,2000,Blink 182,,2m52s
Don't Let It Fool You,Howl,Empires,,2m23s
Boom Boom Pow (Kid Cudi Remix),DMS,Black Eyed Peas ft Kid Cudi,,4m36s
By The Time,After The Room Clears,Permanent Me,,2m57s
Fancy Clown,Madvillainy,Madvillain Feat. Viktor Vaughn,Madlib,1m56s
We Takin Over (Remix),Da Drought 3 [Disc 1],Lil Wayne,,2m22s
Join Me (D Mad Remix),Electrohouse Pack 26.02.2010,H.I.M.,,3m21s
Coming Down Is Calming Down,Lost In The Sound Of Separation,Underoath,Underoath,3m15s
Born For This,The Final Riot!,Paramore,,5m47s
Amazon,Arular,M.I.A.,,4m16.696s
SING,Danger Days: The True Lives Of The Fabulous Killjoys,My Chemical Romance,,4m30s
Keep It Movin Party Break,,DJ FRANKIE P,,3m20s
Romance Is Dead,Killing With A Smile,Parkway Drive,Parkway Drive,5m18s
I Don't Know How To Say This,"The Mother, The Mechanic, And The Path",The Early November,,3m8s
Track 05,Austin Mix (TOP SECRET),Austin,,2m54.59s
Franklin & Navaro - I Need Love (Remakerz Remix),,www.just4dance.fw.hu,www.just4dance.fw.hu,5m43s
The Ramones,"Talk Is Cheap, Vol. 3",Henry Rollins,,23m38.901s
Ramble On,Led Zeppelin II,Led Zeppelin,,4m24s
Ludacris (interlude),Welcome to the New Administration (mixtape number 60---),CitizensFOB Mixtape,Hosted & Mixed By Clinton Sparks,40s
Frowney Face,Movie 3: The Burrprint!,Gucci Mane,,4m33s
For What It's Worth,We Come In Pieces,Placebo,,2m59s
Spite & Malice,Black Market Music,Placebo,,3m37s
Speed Law,Black on Both Sides,Mos Def,,4m17s
"Men Are From Mars, Women Are From Hell",Rise Or Die Trying,Four Year Strong,,3m6s
Limousine,Ed Rec Vol. 2,Vicarious Bliss,,5m28s
High Is The Limit,Dubstep Collection 1,Kromestar,,4m58s
People Like You Are Why People Like Me Exist,In Defense of the Genre,Say Anything,,3m29s
Get 'Em (Produced by Mr. Porter) (Feat. Guilty Simpson & Mr. Porter),StyleWars EP,Jay Electronica,,2m55s
The CD Jokes,Strategic Grill Locations,Mitch Hedberg,,3m7s
Fast Foot - Electro Police (Original Mix), -- xrnb.net --, -- xrnb.net --, -- xrnb.net --,6m36s
"What You Been Drankin On Featuring P.Diddy,Paul Wall& Jha'Jha(Instrumental)",What You Been Drankin On/G's Up,Jim Jones,,3m48s
Ignore Ant,My Brain Is Alive,Charles Hamilton,C. Hamilton,3m47s
Tear It Down,Army Of The Pharaos: The Torture Papers,Jedi Mind Tricks,Loptimist/M. Collazo/S. Lacey/V. Luviner,3m50s
Looking Over My Shoulder,New Moon,Elliott Smith,,3m39.73s
I Can't Answer You Anymore,Place Pigalle Demos,Elliott Smith,,2m45s
StarTalk: A Conversation with Whoopi,StarTalk,Neil deGrasse Tyson,,47m46s
You're Ever So Inviting,Define The Great Line,Underoath,,4m15s
Ostrich & Chirping,From a Basement on the Hill,Elliott Smith,Elliott Smith,34s
Ringeader Man,2008,T-Pain,,2m58s
Mothersound,Heroine,From First To Last,,4m1.835s
Late Night Rendezvous,Howl,Empires,,3m16s
Track Eleven,Nuclear. Sad. Nuclear,The Number 12 Looks Like You,,35.967s
The End And The Beginning,Razia's Shadow: A Musical,Forgive Durden,,5m53s
With Or Without You [May 1987],The Joshua Tree,U2,,4m56s
Alcohol,"Just Got Paid, Lets Get Laid",Millionaires,,3m6s
Let The Flames Begin,The Final Riot!,Paramore,,5m39s
Dirt Off Your Shoulder (Government Remix),Government Beats Remixtape Vol. 1: Regime Change,Jay-Z,Goverment Beats,3m8s
Interlude,Speakerboxxx/The Love Below,Outkast,,1m15s
Ohio Is For Lovers,The Silence In Black And White,Hawthorne Heights,Hawthorne Heights,4m4.622s
"The Take Over, The Break's Over",Infinity On High,Fall Out Boy,,3m35s
The Car Bomb,2001,Dr. Dre,Dr. Dre,1m3.065s
070. Wolfgang Amadeus Mozart - Requiem (K. 626) - Kyrie Eleison.mp3,Classical Music Top 100,VA,,2m50s
Dirt Off Your Shoulder,The Black Album,Jay-Z,,4m7s
Jigga That Nigga/People Be Talkin',MTV Unplugged,Jay-Z,,8m22s
1000 Miles Per Hour,OK Go,OK Go,,3m34s
Little Ghost,Get Behind Me Satan,The White Stripes,Jack White,2m19s
Buggin' Out,The Anthology,A Tribe Called Quest,,3m39s
I Robot,DFA Compilation #2 [Disc 3],The Juan Maclean,The Juan Maclean,4m57s
Hey Ya! (Outcast),Punk Goes Crunk,Lorene Drive,,4m28s
It's So Easy,Rave On Buddy Holly,Paul McCartney,Buddy Holly/Norman Petty,4m35s
Interlude,The Black Parade is Dead !,My Chemical Romance,,1m1s
The black parade is dead,The Black Parade is Dead !,My Chemical Romance,,1m1s
Death Breath (Toxic Avenger),Suicide Season Cut Up,Bring Me The Horizon,,4m34s
Nine In The Afternoon,Nine In The Afternoon,Panic At The Disco,,3m13s
Sunday Morning,Atlantis: Hymns for Disco,k-os,,3m47.137s
Money Honey,The Fame,Lady GaGa,,3m8s
Come Back to Me,You Are The Night,Deluka,Not Documented,3m54s
Chop suey,Ed Rec Vol. 1,Busy P,,3m3s
Living Saints,Chasing Hamburg,Polar Bear Club,,2m34s
Dreams & Visions (Compound One Remix),Dubstep Collection 3,Landslide,,5m7s
Knocked Down,Gone fishing (Mixtape),The Cool Kids and Don Cannon,,2m30s
What Katie Said,Decomposer,The Matches,,2m53s
The Pretender,"Echoes, Silence, Patience & Grace",Foo Fighters,Foo Fighters,4m29.444s
Make Love,Human After All,Daft Punk,"Thomas Bangalter, Guy-Manuel de Homem-Christo",4m50s
Homesick At Space Camp,Take This To Your Grave,Fall Out Boy,,3m9s
Bonafied Lovin' (Tough Guys),Fancy Footwork,Chromeo,Chromeo,4m33s
Plenty Money (Radio),,Plies,,3m54s
Lost One,Kingdom Come,Jay-Z Feat. Chrisette Michele,Dr Dre,3m44.281s
Heartless At Best,,New Found Glory,,3m45s
The Beatles,Yip/Jump Music,Daniel Johnston,,2m26s
Clipse vs Yuksek - Kinda Like A Big Break,The Mixtape Volume Four,The Hood Internet,"ABX, STV SLV",1m21s
Raw Addict (Bonus Track),Champion Sound,Jaylib,,3m3s
Map of the Problematiquй,Black Holes and Revelations,Muse,,4m19s
Say Yeah (Album Version),Say Yeah,Wiz Khalifa,,4m3s
What Happens In ___ Stays In ___,Forever Comes Too Soon,The Years Gone By,,2m38s
Hold On,Chocolate Starfish And The Hot Dog Flavored Water,Limp Bizkit,"Fred Durst, Wes Borland, Sam Rivers, John Otto",5m47.765s
I'll Take Us Home,Grand,Matt & Kim,,3m27s
The Word You Wield,In Defense Of The Genre,Say Anything,,3m51s
It's Kiss! Pt. 1,"Talk Is Cheap, Vol. 2",Henry Rollins,,38m37s
Nocturne in C minor Op.48 No.1 - Lento,Chopin - The Nocturnes (Disc 2),Maurizio Pollini,,5m8.709s
Summer Vacations,Gone fishing (Mixtape),The Cool Kids and Don Cannon,,2m26s
Intro,The Red Light District,Ludacris,,1m25s
Glamorous (Poetnamelife Dance Remix),Total Dance 2008,Fergie,,4m17s
OMG We Got it (El Pollo Acido Remix),Acid Girlzz,Todosantos,,5m27s
Archetype (Original Mix),2009,Innasekt,,7m35s
Horse Hunter,Ire Works,The Dillinger Escape Plan,,3m12s
Rhythm Is A Dancer 2002 (Club Mix),Remake Hits,SNAP! vs. RUN DMC,,5m24s
Flo Rida (feat. Ke$ha) vs MSTRKRFT - 1000 Times Right Round,The Mixtape Volume Four,The Hood Internet,"ABX, STV SLV",2m
Prison Food,Songs For Silverman,Ben Folds,,4m13s
Harlem World,Return To The 36 Chambers: The Dirty Verson,Ol' Dirty Bastard,,6m16s
I Still Haven't Found What I'm Looking For,The Joshua Tree (Remastered / Expanded) (Deluxe Edition) (CD 1),U2,,4m38s
Ladies Night [January 1980],Ladies Night,Kool & The Gang,,3m30s
Dtp 4 Life (Featuring I-20 & Lil' Fate),Release Therapy (Advance),Ludacris,,4m39s
Brother Sport,Merriweather Post Pavilion,Animal Collective,,5m59s
080. Joaqu√≠n Rodrigo Vidre - Concierto De Aranjuez - Adagio.mp3,Classical Music Top 100,VA,,11m30s
Hola Hovito,The Blueprint,Jay-Z,Jay-Z/Tim Mosley,4m35s
Swim (Live),iTunes Live from SoHo - EP,Jack's Mannequin,,4m11.588s
I Can Transform Ya (Feat. Lil' Wayne & Swizz Beatz),Uk Top 40 Singles Chart 22-11-2009,Chris Brown,,3m51s
Candy Shop,Hard Candy,Madonna,,4m16s
Forever (www.xclusiveszone.net),http://www.xclusiveszone.net/,"Drake Ft Kanye West,Lil Wayne & Eminem",,5m59s
Textbook,With Love And Squalor,We Are Scientists,"Keith Murray, Chris Cain, Michael Tapper",4m1.441s
Evening Sun,First Impressions Of Earth,The Strokes,"Julian Casablancas, Fab Moretti",3m6.061s
Figure It Out,"The Mother, The Mechanic, And The Path",The Early November,,4m42s
Gin and Juice (Snoop Dogg),Punk Goes Crunk,Hot Rod Circuit,,3m48s
Why You'd Want to Live Here,The Photo Album,Death Cab For Cutie,Ben Gibbard,4m44.885s
My Uncle (Prod. By Ill Bill & Sicknature),The Hour Of Reprisal,Ill Bill,,2m46s
Strawberry Andre,Downtown Battle Mountain,Dance Gavin Dance,,3m13s
The Handshake,Oracular Spectacular,Mgmt,,3m40s
"Try Somethin - Project Pat, Three 6 Mafia",Da Unbreakables,Three 6 Mafia,,3m57s
Month Of May,The Suburbs,Arcade Fire,,3m51s
Absolute Past,The Always Open Mouth,Fear Before the March of Flames,,3m8s
There There,Hail To The Thief,Radiohead,,5m25s
Giving Up The Gun,Contra,Vampire Weekend,,4m46s
Glamorous Indie Rock & Roll,Hot Fuss [Bonus Tracks],The Killers,,4m17s
"Nobody Move, Nobody Get Hurt",With Love And Squalor,We Are Scientists,"Keith Murray, Chris Cain, Michael Tapper",3m12.354s
Fool,You Are Free,Cat Power,,3m51s
The Few That Remain (feat. Hayley WIlliams),This Will Be The Death Of Us,Set Your Goals,,3m21s
Swagga Like Us,The Carter Meets The Cartel 2: Lil Wayne & Drake,Lil Wayne & Drake,,1m6s
SModcast 29: Harry Scotter and the Order of the Penis,SModcast - SModcast.com,Kevin Smith & Scott Mosier,,58m9s
stopbmore,,Reverend mcfly,,2m35s
Surrounded (Or Spiraling),Swoon,Silversun Pickups,,4m46s
Brush The Heat,Ritual Union,Little Dragon,,4m13s
Notorious BIG - Lean Back (Remix).mp3,,,,3m49s
Nine In The Afternoon,Pretty. Odd.,Panic At The Disco,,3m11.611s
Hip-Hop(Mixtape edition),DJ Whoo Kid:G-Unit Radio 22,50 Cent,,3m8s
Eric's Trip,Daydream Nation,Sonic Youth,Sonic Youth,3m48s
Touchin On My,Touchin On My - Single,3OH!3,,3m
Eiffel Bliss Compound,Dubstep Collection 4,Sickboy,,4m11s
Do What You Do,Rotation,Cute Is What We Aim For,,4m21s
The Prelude,Kingdom Come,Jay-Z,B-Money,2m44.118s
Hippie Priest Bum-Out,45:33,LCD Soundsystem,James Murphy,4m28s
Stop Breaking Down,The White Stripes,The White Stripes,,2m22s
Show Me The Good Life (Chip Stack),Beat Konducta Vol. 6: Dil Withers Suite,Madlib,,1m19s
Language City,At Mount Zoomer,Wolf Parade,Wolf Parade,5m4s
Fall Out Boy - ALPHAdog and OMEGAlomaniac (demo),Welcome to the New Administration (mixtape number 60---),CitizensFOB Mixtape,Hosted & Mixed By Clinton Sparks,2m9s
A Different Light,A Different Light,Sherwood,,3m7s
I Liked You Better Before You Were Naked On The Internet,"Dear Diary, My Teen Angst Has A Bodycount",From First To Last,From First To Last,1m54.544s
Summer Song,See Mystery Lights,YACHT,,3m34s
Bonnie and Clyde,Bravo Black Hits,Jay-Z&Beyonce,,3m27s
Pop the Glock (Original Mix),Pop the Glock Vinyl,Uffie,,3m28s
Track 19,,,,3m1.417s
Cirrhosis of The cinema,This is my Boomstick,The Stiletto Formal,,4m22.617s
Screwed Up (feat. Lil' Flip),Chicken N Beer,Ludacris,,4m53s
"The Take Over, The Breaks Over",AOL Sessions,Fall Out Boy,,3m30s
Book Of Flags,Power,Q And Not U,,2m47s
070 Micky Slim - Skank Out (Kovu Refix),,,,6m38s
081. Pietro Mascagni - Cavalleria Rusticana - Intermezzo.mp3,Classical Music Top 100,VA,,3m36s
Second Chapter,2007,Blue Scholars,,1m55s
REVOFEV (Produced by Plain Pat & Strings by Larry Gold),Man On The Moon II The Legend Of Mr. Rager,Kid CuDi,Plain Pat; Strings by Larry Gold,3m5s
California Gurls (Phase Shorter Edit),twitter.com/djphase,Katy Perry ft Snoop Dogg,,3m12s
Demolition Freestyle Pt. 1 (Ft. Lil Wayne),Hiphopearly.com,Lil Wayne ft. Gudda Gudda,www.hiphopearly.com,4m17s
Out Of Touch (Radio Mix),++ Music-Base.ws ++,Splash,,3m49s
Marc Maron,The Nerdist,Chris Hardwick,Chris Hardwick,1h20m30s
Marrow,Actor,St. Vincent,,3m25s
"Can't Stop, Won't Stop Freestyle",Da Drought 3 [Disc 1],Lil Wayne Feat. Nikki Min,,2m31s
Bang It Out,,Papoose,,4m1s
Televators,De-Loused In The Comatorium,The Mars Volta,The Mars Volta,6m18.833s
Chapter 8,The Greatest Show on Earth: The Evidence for Evolution,Richard Dawkins,,28m46s
Ashes To Ashes,Best Of Bowie,David Bowie,David Bowie,3m38.267s
The Coolest,Lupe Fiasco's The Cool,Lupe Fiasco,,5m13s
Burn (Stenchman Remix),Blow Your Head Volume 1: Diplo Presents Dubstep,Jessica Mauboy,,3m37s
Sandpaper And Silk,The Silence In Black And White,Hawthorne Heights,Hawthorne Heights,3m36.711s
Ride Or Die,Equal Vision/Rise Records 2008 Sampler,Take The Crown,,3m36s
"We Do It For The Money, Obviously!",Mutiny!,Set Your Goals,,53s
Listen Up,We All Need A Reason To Believe,Valencia,,3m40s
Family Business,The College Dropout,Kanye West,,4m39s
Superlyrical,J. Period - Best Of The Roots,The Roots,J.Period,2m23s
Jump up feat. Leftside & Supahyp (Co-Produced by the Crookers),Guns Don't Kill People... Lazers Do,Major Lazer,,3m44s
Endeavors for Never (the Last Time We Spoke You Were Not Here I Saw You Though),Black Up,Shabazz Palaces,,2m52s
Move Move,Dancefloor Party 2010,Robbie Rivera,,3m28s
Dinner Bells,Apologies To The Queen Mary,Wolf Parade,Wolf Parade,7m35s
Holiday [Ft. Chrome],Tounge N' Cheek,Dizzee Rascal,,3m41s
So Like Candy,The Very Best Of Elvis Costello [Disc 1],Elvis Costello,MacManus/McCartney,4m35.458s
Talking All the Time,Scared Famous,Ariel Pink's Haunted Graffiti,,2m32s
Demon Woman,2009 - I Told You I Was Freaky,Flight Of The Conchords,,2m
052 Droid Sector - Lazy Days,,,,5m30s
I Made It (Cash Money Heroes),Lil.Wayne-Winter.Carter-(Bootleg)-2010-[NoFS],"Kevin Rudolf Ft. Birdman, Jay Sean, And Lil Wayne",,4m22s
Sophomore Slump (Live),Q101 Twisted 12,Fall Out Boy,,3m49.97s
It Should've Been Me,Visionary Soul,Ray Charles,Memphis Curtis,2m42.075s
How Low (The Filth Remix),www.avengethevirgins.net,Ludacris,,6m28s
Tenth Street,This Could Be A Possibility,Valencia,,3m55.055s
Bottom Of The Map,Let's Get It: Thug Motivation 101,Young Jeezy,"J. Jenkins, D. Stewart",4m21.99s
Highway 7,Atlantis: Hymns for Disco,k-os,,4m8.035s
Letters From Boris,Live At Luna Park,Henry Rollins,,4m30s
Trojan Horse,Intimacy,Bloc Party,,3m32s
Northern Downpour,The String Quartet Tribute to Panic At the Disco's Pretty. Odd,Vitamin String Quartet,,4m4s
The Bride,Bitte Orca,Dirty Projectors,,2m50s
Got My Mind Set On You [January 1988],Cloud Nine,George Harrison,,3m51s
50 In The Clip,Revolutionary But Gangsta (Retail),Dead Prez,,2m42s
shortwave,Dubstep Collection 5,Shackleton,,5m52s
That Green Gentleman (Things Have Changed) (Live),"Sessions@AOL, California, USA, 17th April 2008",Panic! At The Disco,,3m11s
Cool It Now,Guilt By Association Vol. 2,Robbers On High Street,,3m54s
27,Folie A Deux,Fall Out Boy,,3m13s
Sprawl II (Mountains Beyond Mountains) Quaalude Ed,Schitzpopinov.com,Arcade Fire,,6m8s
Up and Go,Say It Like You Mean It,The Starting Line,,3m36.92s
Sleep Though Summer,Cars,"Now, Now Every Children",,2m41s
Plans,Silent Alarm,Bloc Party,,4m10.241s
What's It Feel Like To Be A Ghost?,Louder Now: Parttwo,Taking Back Sunday,,3m51s
Secret Love And The Fastest Way To Loneliness,This Providence,This Providence,,3m
Phantom Limb,Wincing the Night Away,The Shins,,4m48s
Episode 202 - Jimmy Shubert,WTF with Marc Maron Podcast,Marc Maron,,1h9m27s
Lord Raise Me Up,Live At Stubb's,Matisyahu,,3m52.71s
Alison,The Very Best Of Elvis Costello [Disc 1],Elvis Costello,Costello,3m21.433s
Night of the Living Dead,Collection,The Misfits,,1m57.864s
Discotronic - Tricky Disco 2.1,Electro House Music Remixes-WE,VA,,6m18s
Happiness,Place Pigalle Demos,Elliott Smith,,4m31s
Reset,Controller,Misery Signals,,6m19s
My Head's In Mississippi,Greatest Hits,ZZ Top,Gibbons/Hill,4m20s
December 30th (King James) {prod. 6th Sense},Just Do It: A Mixtape Ode To Nike,6th Sense & Mick Boogie,,2m1s
Lola rastaquouère,Love and the Beat 2 - Gainsbourg (en) percusions,Serge Gainsbourg,,3m51.27s
Almost Over,"""Basement II"" Demos",Elliott Smith,,2m13s
O'no,Different Damage,Q And Not U,Q And Not U,1m15.952s
Bonus Mosh Pt. II,Where You Want To Be,Taking Back Sunday,Taking Back Sunday,3m8.174s
When I Get Back,Sound Kapital,Handsome Furs,,4m43s
Rock Star [Feat Ludacris And Kid Rock],Double Up,R. Kelly,,4m48s
Cover Me,The Everglow,Mae,Mae,4m35.62s
The Greatest Man That Ever Lived (Variations on a Shaker Hymn),Weezer (Red Album),Weezer,,5m54s
That Thing You Do! [Live at the Hollywood Television Showcase],That Thing You Do,Original Soundtrack,,2m54s
Don't Cry,Halcyon Digest,Deerhunter,,2m49s
Murder She Wrote              ,Reggaes Greatest Hits         ,Chaka Demus                   ,,4m6s
Hot Thing (feat. Will.I.Am),Ear Drum,Talib Kweli,,3m49s
I Swear This Time I Mean It,Anywhere But Here,Mayday Parade,,4m1s
Cover My Eyes,La Roux,La Roux,,4m33s
Daylight,,Matt and Kim,,2m51s
When I Hear My Name,The White Stripes,The White Stripes,,1m56s
I'm Asking Her To Stay,A Different Light,Sherwood,,5m2s
Momentum,Pangaea,Visionaries,Evidence & Porse,4m45.048s
Lillian,When Your Heart Stops Beating,+44,"Mark Hoppus, Travis Barker",4m38.569s
Banned Boucq,Dubstep Collection 8,Liquid Wicked,,5m2s
The Bad Touch,Hooray For Boobies,Bloodhound Gang,,4m21s
Prepare To Be Digitally Manipulated,Rise Or Die Trying,Four Year Strong,,3m7s
Ghosts n Stuff (Nero Remix),This Is Dubstep Vol.2,Deadmau5 feat. Rob Swire,,6m54s
Effortless (Pre-Release),Crushing Blow EP,Ethan Kray,,4m20s
Keys Open Doors,Hell Hath No Fury,Clipse,G. Thornton/P. Williams/T. Gozney Thornton,3m19s
Face To Face/Short Circuit,Alive 2007 [Deluxe Edition],Daft Punk,,25m10s
Underneath the Sycamore,Codes and Keys,Death Cab for Cutie,,3m28s
Top Of The World,Move Along,The All-American Rejects,,3m25s
"Friends, Lovers Or Nothing",Battle Studies,John Mayer,,6m
"Episode 226 - Neil Hamburger, Molly Shannon, Harris Wittels, Andy Kindler, Jim & Eddie",WTF with Marc Maron Podcast,Marc Maron,,1h27m17s
Karma Police (Radiohead Cover),Covers,Panic! At The Disco,,3m21s
Do It for Me Now,We Don't Need to Whisper,Angels & Airwaves,,4m35s
All I Wanted,brand new eyes,Paramore,,3m48s
Forgot About Dre,2001,Eminem & Dr. Dre,Dr. Dre,3m44.374s
I'm Gay,The Great Burrito Extrtion Case,Bowling For Soup,Bowling For Soup,3m29.026s
Wish You Would (Co-Starring T.I.),Theater Of The Mind,Ludacris,,4m47s
202 Flying on a Mexican Plane,Shut Up You Fucking Baby!,David Cross,,9m44s
Touch Your Toes,Dirty South Dance CD,A-Trak,,30.766s
Up Against (Blackout),Louder Now,Taking Back Sunday,Taking Back Sunday,3m2.694s
Thank Me Now,Thank Me Later,Drake,,5m29s
Drifter,Gemini,Wild Nothing,,3m34s
13 Runnin',Dirty Old Hip Hop,Marc Mac Presents: Visioneers,,4m6s
Crazy/Forever,Post-Nothing (Promo),Japandroids,Japandroids,6m5s
Cutdown,Grand,Matt & Kim,,2m52s
All Of This,Blink 182,Blink 182,blink-182,4m43s
Speed Racer,50004,Aphex Twin,,3m48s
You Are A Runner And I Am My Father's Son,Apologies To The Queen Mary,Wolf Parade,Wolf Parade,2m55s
Pretending,Deep Shadows And Brilliant Highlights,H.I.M.,Ville Valo,3m54.8s
Without Gravity,Texas,Playradioplay!,,4m2s
Random Goofabouts,Bigger and Blackerer,David Cross,,9m9s
This Picture,Sleeping With Ghosts,Placebo,,3m35s
Welcome to the black parade,The Black Parade is Dead !,My Chemical Romance,,5m7s
Ruth Buzzi Better Watch Her Back,Pass The Flask,The Bled,,3m31s
Psychic Chasms,Psychic Chasms,Neon Indian,,4m6s
"A Little Less Sixteen Candles, a Little More ""Touch Me""",Live in Phoenix,Fall Out Boy,,2m49s
Watch Dis,Definition Of Real,Plies,,3m30s
Miss Amanda Jones,Between The Buttons [US],The Rolling Stones,,2m48s
Gorgeous (feat. KiD CuDi & Raekwon),My Beautiful Dark Twisted Fantasy,Kanye West,,6m
Saved,"No Really, I'm Fine",The Spill Canvas,,3m52s
Hey Monday - Homecoming (snippet),Welcome to the New Administration (mixtape number 60---),CitizensFOB Mixtape,Hosted & Mixed By Clinton Sparks,1m7s
Astro Zombies,Collection,The Misfits,,2m11.401s
The Only Exception,brand new eyes,Paramore,,4m28s
Die For My Niggas,,Big Pun,,4m8.383s
Baby Britain (instrumental),Grand Mal: Studio Rarities,Elliott Smith,,1m6s
Blind,Animal,Ke$ha,,3m53s
Walk With It Ft. Lil Flip,What The Fuck Is A Jay Electronica,Jay Electronica,,3m39s
Lights,Love The Love You Have (EP),The Summer Set,,2m59s
Reset,Reset,Set Your Goals,,1m21s
Something Against You,Surfer Rosa & Come On Pilgrim,Pixies,,1m48s
Lunacy Fringe,In Love And Death,The Used,The Used,3m41.053s
Simple Pages,Weezer (Green Album),Weezer,,2m57s
Bam,You Can't Imagine How Much Fun We're Having,Atmosphere,,2m15s
Book of Love,Shall We Dance,Peter Gabriel,,3m37s
Fed To Death,Say Anything,Say Anything,,1m37s
Pod De Floor' feat. VYBZ Kartel,Guns Don't Kill People... Lazers Do,Major Lazer,,3m37s
Whisperer,VersaEmerge,VersaEmerge,,3m14s
Walcott,Vampire Weekend,Vampire Weekend,,3m48s
Night Watch,Sainthood,Tegan & Sara,,2m33s
Dirty Impact feat Chris Antonio - I Say You (Liten Van Huis Remix),,www.just4dance.fw.hu,www.just4dance.fw.hu,6m4s
When The Day Met The Night,The String Quartet Tribute to Panic At the Disco's Pretty. Odd,Vitamin String Quartet,,3m9s
Queens Get The Money,Second Nature,All Natural,D. Kelly/K. Bunkley,3m32s
Mika - Blame It On The Girls (Wolfgang Gartner's Dry Remix),,www.just4dance.fw.hu,www.just4dance.fw.hu,6m20s
Good Girls Go Bad (feat. Leighton Meester),Good Girls Go Bad,Cobra Starship,,3m18s
093. Jean Sibelius - Finlandia (Op. 26).mp3,Classical Music Top 100,VA,,9m6s
The Weight Of Her,Sycamore Meadows,Butch Walker,,3m43s
Sister Saviour [DFA Dub],DFA Compilation #2 [Disc 3],The Rapture,Rapture/The DFA,3m23s
No Son Of Mine,The Big Dirty,Every Time I Die,Every Time I Die,3m23s
My Way,Chocolate Starfish And The Hot Dog Flavored Water,Limp Bizkit,"Fred Durst, Wes Borland, Sam Rivers, John Otto",4m32.997s
You Got Me (Remix),J. Period - Best Of The Roots,The Roots,J.Period,2m54s
Nightvision,Discovery,Daft Punk,,1m45s
Belief,Continuum,John Mayer,,4m3s
Sandwitches,,"Tyler, The Creator And Hodgy Beats","Tyler, The Creator",3m55s
Chasing A Rock Star,That's What She Said,The Friday Night Boys,,2m51s
Expired In Goreville,2005,Chiodos,,2m56s
Track 18,,,,3m58.468s
I Want You Back,LP,Discovery,,3m26s
Mr. Blue Sky,Light Years,Electric Light Orchestra,,5m4s
Miss Misery (aborted),Live at Crystal Ballroom,Elliott Smith,,27s
Magic Man v02,,,,4m22s
Sentimental Guy,Songs For Silverman,Ben Folds,,3m1s
The Message and the Money,Revolutionary Vol. 2,Immortal Technique,,3m55s
Bamboo Banga,Kala,M.I.A.,M.I.A.,4m58s
Like Water,J. Period - Best Of The Roots,The Roots,J.Period,1m9s
Basement Ghost Singing,What To Do When You Are Dead,Armor For Sleep,Ben Jorgenson & Armor For Sleep,4m36.41s
Rutten,Skream!,Skream,,6m32s
Heard 'em Say,Late Orchestration,Kanye West,,4m10s
Capitol City,You Are The Night,Deluka,Not Documented,5m51s
The Tale Of Clarence Baskerville,Dubstep Collection 8,High Rankin,,5m35s
Jump Rope feat. Tennille,Gone fishing (Mixtape),The Cool Kids and Don Cannon,,4m36s
Lawyers,Controversy Loves Company,The Audition,,3m9s
That's What You Get,The Final Riot!,Paramore,,3m34s
Beat It,Thriller 25,Michael Jackson,M. J. Jackson,4m18s
A Short Reprise For Mary Todd Who Went Insane But For Very Good Reasons,Illinois,Sufjan Stevens,,49.713s
The Drama Summer,Say It Like You Mean It,The Starting Line,,2m52s
The Village Green Preservation Society,Village Green Preservation Society (Special Deluxe Edition 2004) (CD1 Stereo),The Kinks,,2m49s
me and you (dj g2 outstanding rmx),g2 productions 617 359 4539,Cassie and dj g-squared,,3m42s
"Heroes Get Remembered, Legends Never Die (Live)","Live @ Chain Reaction, Anaheim CA 10.13.07",Four Year Strong,,3m45s
I'm Gonna Move To The Outskirts Of Town,Visionary Soul,Ray Charles,Jacobs-Weldon,3m45.349s
Alive with the Glory of Love,...Is A Real Boy,Say Anything,Max Bemis,4m16s
Ignant Shit (feat. Lil' Wayne),So Far Gone,Drake,,5m4s
Pop It Off,2009,Prospecta,,6m7s
Famlay Freestyle (feat. FamLay),Lord Willin',Clipse,Chad Hugo/Nathaniel Johnson/Pharrell Williams,1m57s
Planet Telex,The Bends,Radiohead,Colin Greenwood/Ed O'Brien/Jonny Greenwood/Phil Selway/Thom Yorke,4m18s
I Was a Lover,Return to Cookie Mountain,TV On the Radio,D. Sitek & K. Malone,4m21.061s
Promise,Stories And Alibis,Matchbook Romance,,4m16s
"If All Else Fails We Must Get Ether: ""The White House says the guest list for Tricia Nixon and Edward Cox's wedding in June is limited to no more than 400 people.""",The Gonzo Tapes [Disc 2] : Fear and Loathing in Las Vegas,Hunter S. Thompson,,1m20s
Shell Games,The People's Key,Bright Eyes,,3m56s
Dumb It Down,Lupe Fiasco's The Cool,Lupe Fiasco,,4m9s
Mmmhmm,Cosmogramma,Flying Lotus,Flying Lotus,6m35s
Intro,Big Willie Style,Will Smith,,1m52s
037 Brackles - Get a Job,,,,3m57s
The Lick (feat VerBS),Fornever,Murs and 9th Wonder,,3m47s
Killing Fields And Beyond,"Spoken Word Guy (Alexandria, VA 11/03/08) [Disc 2]",Henry Rollins,Henry Rollins,11m16.722s
The End Of All Things Will Be Tel,Redeemer,Norma Jean,,5m14s
80s joint,Step Up,kelis ,,3m14s
What The Hell,,Avril Lavigne,,10m23s
k'naan warsame - waving flag (oficjalna piosenka mistrzostw swiata 2010),,,,3m39s
Supersnout - Original Mix,Supersnout,Mark Broom,,8m59s
Tasmanian Pain Coaster,I'll Sleep When You're Dead,El-P,,6m56s
The Ballad of Noah/Chocolate Chewing Gun,Atlantis: Hymns for Disco,k-os,,9m0.003s
Intro,Fancy Footwork,Chromeo,Chromeo,1m9s
867-5309/Jenny [May 1982],Tommy Tutone 2,Tommy Tutone,,3m48s
Episode 233 - Anthony Bourdain,WTF with Marc Maron Podcast,Marc Maron,,1h26m24s
Around The Horn (Louis XIV Remix),Snakes On A Plane: The Album,The Bronx,,3m25s
I Think This Is Love,"The Mother, The Mechanic, And The Path",The Early November,,1m7s
Time of Songs,Walk It Off,Tapes 'N Tapes,,3m42s
If You Care,Bigger and Blackerer,David Cross,,1m45s
Dead On Arrival,String Quartet Tribute To Fall Out Boy,Fall Out Boy (String Quartet),,3m35s
Free,We All Need A Reason To Believe,Valencia,,4m19s
Solo Dance,Curb Your Enthusiasm,Arcangela Wertmuller & Italo Greco,,3m35s
Phase One,Dubstep Collection 3,F,,5m36s
Say Goodbye Hollywood,The Eminem Show,Eminem,,4m34s
Jim Gaffigan,The Nerdist,Nerdist,Katie Levine,1h16m31s
Let It Roll,"So Wrong, It's Right",All Time Low,,3m
El Monte,DFA Compilation #2 [Disc 3],Delia Gonzalez & Gavin Russom,Delia Gonzalez & Gavin Russom/Gavin Russom,3m26s
Suspicion,Curb Your Enthusiasm,Ennio Morricone,,2m46s
Peter Frampton - Frampton Comes Alive  - 03 - Show Me the Way.mp3,Frampton Comes Alive,Peter Frampton,,4m33s
Mcnasty Filth Ft Frank-N-Dank,Champion Sound,Jaylib,,2m57s
Oh! Darling,Abbey Road,The Beatles,,3m27s
Do You Still Hate Me? (Jawbreaker Cover),Reset,Set Your Goals,,2m52s
Grew Up Hard,More Fish,Trife Da God Feat. Solomon Childs,,4m48s
Grown Man,Tha Carter II,Lil' Wayne Feat. Currency,D. Carter & T-Mix,4m6.479s
Texas and Sea Food,Do You Believe In Gosh,Mitch Hedberg,,2m54s
The Tragedy,Bend To Break,The Color Fred,,1m9s
Kashmir,Physical Graffiti,Led Zeppelin,,8m29s
Say Whats Real,The Carter Meets The Cartel 2: Lil Wayne & Drake,Lil Wayne & Drake,,3m22s
Let's Get High,2001,Dr. Dre,Dr. Dre,2m29.559s
Ode To Naked Pop Stars,DJ Ill Will & DJ Rockstar Present Wiz Khalifa - Burn After Rolling,Wiz Khalifa,,4m24s
Cheerleader,Veckatimest,Grizzly Bear,,4m53s
Have You Tried,Cars,"Now, Now Every Children",,4m23s
Interlude Pt 2,2005,Chiodos,,1m17s
Reasons,,New Found Glory,,3m
The's Classy,It's Classy Not Classic,Breathe Carolina,,3m37s
05 Silkie - Beauty,Disc E: The Nice Move,"Revealomatic - No Bull, More Halfstep",,1m48s
I Believe In You (Bimbo Jones Club),Promo Only Mainstream Club July,Hannah,,7m21s
Floating Soul (Peace),Beat Konducta Vol. 5: Dil Cosby Suite,Madlib,,1m45s
And I Thought My Jokes Were Bad,The Dark Knight,The Dark Knight,,2m29s
Get Lost,Live at Crystal Ballroom,Elliott Smith,,3m10s
Don't Give A Fuck,Like Father Like Son,Lil Wayne & Birdman,,4m23s
Sermonizing From The Mount,"Talk Is Cheap, Vol. 4",Henry Rollins,,5m28.051s
Say Yes,Either/Or Demos (Disc 1 of 2),Elliott Smith,Elliott Smith,2m15s
Gay?,I Am A Wonderful Man,Michael Ian Black,,4m4s
Divertimento In D Major K 136 Allegro,The Best Of Mozart,Mozart,,4m5s
Can It Be All So Simple,Enter The Wu-Tang (36 Chambers),Wu-Tang Clan,,6m56s
Time To Dance,A Fever You Can't Sweat Out,Panic! At The Disco,Panic! At The Disco,3m22.083s
To Be Continued...,Mutiny!,Set Your Goals,,3m55s
Remember To Feel Real (Machine Shop Remix),Snakes On A Plane: The Album,Armor For Sleep,,4m3s
Girls Just Wanna Have Fun [March 1984],She's So Unusual,Cyndi Lauper,,3m49s
Remember To Feel Real,What To Do When You Are Dead,Armor For Sleep,Ben Jorgenson & Armor For Sleep,3m21.084s
Shadows Like Statues,Stories And Alibis,Matchbook Romance,,4m29s
Don't U Know,Return To The 36 Chambers: The Dirty Verson,Ol' Dirty Bastard,,4m27s
Mother,Plastic Ono Band,John Lennon,John Lennon,5m37s
Painting Flowers,Almost Alice,All Time Low,,3m27s
Nice To Know You,Morning View,Incubus,Incubus,4m43.376s
The Silence,Anywhere But Here,Mayday Parade,,3m36s
Apollo Kids (Album Version),Apollo Kids (ft Raekwon)-CD Si,Ghostface Killah,,3m55s
Young Khalifa,DJ Ill Will & DJ Rockstar Present Wiz Khalifa - Burn After Rolling,Wiz Khalifa,,2m23s
Pursuit of Happiness (Steve Aoki Remix),,KiD CuDi ft. MGMT & Ratatat,,6m14s
Dollars and Cents,Amnesiac,Radiohead,,4m46s
Waltz #2 (XO),XO,Elliott Smith,Elliott Smith,4m39s
Honky Cat,Greatest Hits 1970-2002 [Disc 1],Elton John,Bernie Taupin/Elton John,5m9.243s
Up All Night,I'll Sleep When You're Dead,El-P,,2m36s
New Moon Rising (YACHT Remix),"[GIANT STEP DIGITAL DJ PROMO] - ""New Moon Rising"" Remixes",Wolfmother,,4m45s
083 Foreign Beggars - Seven Figure Swagger (Bar9 Rmx),,,,4m40s
What's A Clock Without The Batteries?,Relativity,Emarosa,,3m40s
We Are The Involuntary,Lost In The Sound Of Separation,Underoath,Underoath,4m10s
ashes of the wake,Ashes Of The Wake,Lamb of God,,5m45s
Dressed To Kill,Hits,New Found Glory,,3m28.097s
Some Girls Are Bigger Than Others,The Queen Is Dead,The Smiths,Marr/Morrissey,3m15s
Jamie,Dusty Gems And Raw Nuggets [Bonus Disc],Weezer,Weezer,4m19.738s
Interview #3,"Morning Becomes Eclectic, KCRW-FM Studios",Elliott Smith,,4m37s
Time: The Donut Of The Heart,Donuts,J Dilla,,1m39s
Entombment Of A Machine,Doom EP,Job For A Cowboy,,4m10s
SOS (Rescue Me),,Rihanna,,3m59s
Thank You,Led Zeppelin II,Led Zeppelin,,4m50s
You Don't Know What Love Is     [ibootleggedyourmum.wordpress.com],Your Mum's Phat Titz June '09 Mixtape Part 1,2000f & J Kamata,,5m47s
Mass Dampers,Dubstep Collection 2,Ekstrak,,5m29s
26 Silkie - Jazz Dubstep.mp3,Disc E: The Nice Move,"Revealomatic - No Bull, More Halfstep",,1m48s
Soft Pyramids,Different Damage,Q And Not U,Q And Not U,4m2.277s
Henry,This Is Dubstep Vol.2,Fused Forces,,4m59s
Naughty Girl,AfroStreet Records,Beyonce vs. The Marksmen,,3m32s
Fundamentally Loathsome,Mechanical Animals,Marilyn Manson,M.W. Gacy/Marilyn Manson,4m52s
The Comedown (Robotsonics),Suicide Season Cut Up,Bring Me The Horizon,,5m19s
Wooody Wooodpecker,Spiderman of the Rings,Dan Deacon,,3m50s
Lighters Up (Welcome To Brooklyn) (Dirty),Naked Truth,Lil Kim,,4m29s
Fantasy Girl ,DMS,Baby Bash ft Marty James,,4m2s
03 03 Trainwreck 1,Demi Lovato - Don't Forget,Demi Lovato,,3m19s
Poo-Putt Platter,MM....Food,MF Doom,,1m14s
Dirty Talk (Laidback Luke Mix),Promo Only Mainstream Club July,Wynter Gordon,,6m30s
For All Time,Thriller 25,Michael Jackson,Steve Porcaro/Michael Sherwood,4m4s
Complete and Utter Confusion...,The Always Open Mouth,Fear Before the March of Flames,,2m20s
Dura,LP3,Ratatat,,3m8s
If You C Jordan,Leaving Through The Window,Something Corporate,Andrew McMahon,4m15.21s
Flight Of The Bumble Bee,,Beethoven,,3m24s
The Space Between,This Could Be A Possibility,Valencia,,3m37.176s
Out Of Phase,Lights Out (Advance),Sugarcult,,3m26s
"A Little Less Sixteen Candles, A Little More ""Touch Me""",String Quartet Tribute To Fall Out Boy,Fall Out Boy (String Quartet),,3m12s
02 - The Modern Age,,The Strokes ,,3m34s
JB Stomp Down (Skit),My Ghetto Report Card,E-40,,19s
Let It Die,"Echoes, Silence, Patience & Grace",Foo Fighters,Foo Fighters,4m5.016s
Pi - One Love (Original Mix), -- xrnb.net --, -- xrnb.net --, -- xrnb.net --,4m34s
Flowin' Prose,Hello Nasty,The Beastie Boys,Beastie Boys,2m39.66s
Jess & Jonny,,Lights,,2m59s
King Without A Crown,Live At Stubb's,Matisyahu,Matisyahu Miller,4m48.67s
I Constantly Thank God For Esteban,A Fever You Can't Sweat Out,Panic! At The Disco,Panic! At The Disco,3m30.303s
026 King Midas Sound - Clashn Burn,,,,3m30s
Omega Dog,Degeneration Street,The Dears,Murray Lightburn/Natalia Yanchak/Patrick Krief/Rob Benvie,5m1s
I'm Talking,Doomtree,Doomtree,,3m46s
Baby You're A Rich Man,Magical Mystery Tour,The Beatles,,3m10s
You Think I Ain't Worth A Dollar But I Feel Like A Millionaire,Songs For The Deaf,Queens Of The Stone Age,"Josh Homme, Mario Lalli",3m13.747s
Wanna Be Startin' Somethin',Thriller,Michael Jackson,Michael Jackson,6m4s
Grievance,The Ultimate Best Of Pearl Jam,Pearl Jam,,3m15s
#665: Viewer Calls,The Atheist Experience,Atheist Community of Austin,,1h26m56s
I Still Feel Her: Part I,Relativity,Emarosa,,4m33s
A Question Mark,XO,Elliott Smith,Elliott Smith,2m41s
Cash Cash,Take It to the Floor,Cash Cash,"Jean Paul Makhlouf, Alexander Luke Makhlouf, Samuel Frisch & Anthony Villacari",3m9.474s
Fix You,X&Y,Coldplay,"Chris Martin, Guy Berryman, Jon Buckland, Will Champion",4m55.032s
The Future Freaks Me Out [Acoustic Live],Acoustic At Tower Records (6/15/05),Motion City Soundtrack,,4m58s
Figure 8,Son Of Sam,Elliott Smith,,1m32s
Hate (feat. Kanye West) ,The Blueprint 3 [Soul Assassin Special Edition],Jay-Z,,2m31s
A Beautiful Day,...For The Kids,Gym Class Heroes,,3m40s
Inner City Pressure,Flight of the Conchords,Flight of the Conchords,,3m27.214s
With An Axe,Foxy Shazam,Foxy Shazam,,4m46s
The Blonde Lead The Blind,Somewhere in the Between,Streetlight Manifesto,,4m49s
Wouldn't It Be Nice,,,,2m25s
Track 17,,,,3m29.629s
Ken Kaniff (Skit),The Marshall Mathers LP,Eminem,,1m2s
Time Stands Still,The All-American Rejects,The All-American Rejects,,3m31s
Air War,Crystal Castles,Crystal Castles,,4m12s
02 02 Get Back 1,Demi Lovato - Don't Forget,Demi Lovato,,3m22s
The Battle Of Hampton Roads,The Monitor,Titus Andronicus,,14m2s
swizz,,,,2m46s
Eloise,Say Anything,Say Anything,,3m50s
Little Else To Say,Tear The Fences Down,Eulogies,Peter Walker,2m37s
Black-Eyed,Black Market Music,Placebo,,3m48s
Slap,Release Therapy,Ludacris,,4m41s
Raid,Madvillainy,Madvillain Feat. M.E.D.,Madlib,2m31s
You're Cute When You Scream,Let It Enfold You,Senses Fail,,2m25.751s
Kilometer (A-Trak Remix),Infinity +1,Sébastien Tellier,,3m37s
Rockin' The Suburbs,Songs For Goldfish,Ben Folds,,6m33s
Makignum,Dubstep Collection 8,Suko,,6m3s
Let Your Love Grow Tall,Manners,Passion Pit,,3m32s
The Ocean,Sainthood,Tegan & Sara,,3m7s
Given To Fly,The Ultimate Best Of Pearl Jam,Pearl Jam,,4m1s
45:33 (Riley Rienhold Remix),45:33 Remixed,LCD Soundsystem,,7m33s
Wave Of Sorrow (Birdland),The Joshua Tree (Remastered / Expanded) (Deluxe Edition) (CD 2),U2,,4m6s
I'm Gonna Make You Dance - Spirit Catcher Remix,I'm Gonna Make You Dance,Wagon Cookin,,7m18s
Mr. Nigga,Black on Both Sides,Mos Def,,5m13s
Bare Feast,LP4,Ratatat,,2m38s
Dub Selection Intro,Top Ranking,Diplo,,45s
The Bitch Is Back,Greatest Hits 1970-2002 [Disc 1],Elton John,Bernie Taupin/Elton John,3m43.608s
"Swagga Like Us (Ft. Kanye West, Jay Z & Lil Wayne)",T.I.-Paper.Trail.Retail-2008-[NoFS],T.I.,,5m28s
Cone Toaster,DFA Compilation #1,Black Dice,Black Dice,8m58s
Mostly Memories,In With The Out Crowd,Less Than Jake,,3m14s
Memory Boy,Halcyon Digest,Deerhunter,,2m9s
An Ocean Between,This Providence,This Providence,,2m49s
singing man (featuring truck north & p.o.r.n.),Rising Down,The Roots,,4m12s
Prelude,2005,Chiodos,,48s
Anchorage,Astrocoast,Surfer Blood,,6m23s
005 Ginuwine - Pony (Boson Dubstep Rmx),,,,4m4s
When Doves Cry [July 1984],Purple Rain,Prince,,5m54s
Bye,Place Pigalle Demos,Elliott Smith,,1m50s
Can't stop now feat. Mr. Vegas & Jovi Rockwell,Guns Don't Kill People... Lazers Do,Major Lazer,,4m5s
Lip Gloss And Black,Suicide Notes And Butterfly Kisses,Atreyu,Alex Varkatzas/Brandon Saller/Dan Jacobs/Travis Miguel,5m5s
Intimate,Crystal Castles,Crystal Castles,,4m46s
Play Crack The Sky,Deja Entendu,Brand New,,5m28s
Fascination,La Roux,La Roux,,3m42s
Burn This City,Chroma,Cartel,Will Pugh,4m20.295s
Cot Damn (feat. AB-Liva & Roscoe P. Coldchain(,Lord Willin',Clipse,Chad Hugo/Gene Thornton/Pharrell Williams,5m1s
Starring,2010,Freelance Whales,,3m35s
"Flux (12"" Instrumental)",Flux-WEBB13ST Vinyl,Bloc Party,,6m29s
Don't You Know,The Recession,Young Jeezy,,4m58s
Say Back Something,Walk It Off,Tapes 'N Tapes,,3m13s
Blood,The Black Parade is Dead !,My Chemical Romance,,1m22s
The Last Day On Earth,Mechanical Animals,Marilyn Manson,M.W. Gacy/Marilyn Manson/Twiggy Ramirez,5m3s
Mr. Brightside,Hot Fuss [Bonus Tracks],The Killers,,3m43s
Let The Good Times Roll (w/The All-American Rejects),Unreleased,Fall Out Boy,,2m35s
The Calculation,Far,Regina Spektor,,3m9s
Track 06,,Austin,,2m5.248s
"1-01 Skinny, Mean Man",,,,3m33s
Luca,The Devil And God Are Raging Inside Me,Brand New,Jesse Lacey,5m8.987s
Bulls On Parade,Evil Empire,Rage Against The Machine,,3m51s
Physical [December 1981],Physical,Olivia Newton John,,3m45s
47,,New Found Glory,,2m53s
Date Rape (Dirty),20th Century Masters - The Millennium Collection: The Best of Sublime,Sublime,,3m40.171s
Wake Me Up Before You Go Go [November 1984],Make It Big,Wham!,,3m52s
To The Workers Of The Rockford River Valley Region,Illinois,Sufjan Stevens,,1m42.817s
The Funeral,Exclusive Audio Footage,Clipse,,3m33s
Space,Quality ,Talib Kweli ,,3m53s
Savoy Truffle,The Beatles [White Album] [Disc 2],The Beatles,George Harrison,2m54.939s
Manic Depression,Are You Experienced?,Jimi Hendrix,,3m43s
Everything Reminds Me of Her,"End Sessions (Seattle, WA)",Elliott Smith,Elliott Smith,2m46s
29 Example - Watch The Sun Come Up (Joker & Ginz RMX).mp3,Disc E: The Nice Move,"Revealomatic - No Bull, More Halfstep",,1m48s
California Soul (Diplo/Mad Decent Remix),10/08:  Sandy Acres Sound Lab Luvs You!,Marlena Shaw,,4m1s
Soulmate ft. John Record,Flight School,Wiz Khalifa,,4m37s
Feel the Love,In Ghost Colours,Cut Copy,,4m27s
Violent Dreams,Crystal Castles,Crystal Castles,,4m36s
Under My Umbrella,Morning View,Incubus,Incubus,3m31.58s
Party Break (Without Beats) [I Gotta Feeling - Guetta],Party Break,DJ Sizzahandz,"DJ Sizzahandz, David Guetta, Fatman Scoop",1m30s
No stress (remix),,Laurent Wolf,,3m26s
Beat It,**** Live,Fall Out Boy,,3m48s
Within You Without You / Tomorrow Never Knows,Love,The Beatles,,3m9s
She Won't Follow You,Say Anything,Say Anything,,2m44s
Waltz #2,Live at Crystal Ballroom,Elliott Smith,,5m50s
Street Spirit (Fade Out),The Bends,Radiohead,Colin Greenwood/Ed O'Brien/Jonny Greenwood/Phil Selway/Thom Yorke,4m13s
Love Hangover (feat. Estelle),The In Crowd,Kidz In The Hall,,4m7s
Everybody Get Dangerous,Pork And Beans,Weezer,,4m4s
Let Me Take You There,Every Second Counts,Plain White T's,,3m47s
Death Letter,De Stijl,The White Stripes,Jack White,4m30s
Silver Cruiser,Junior,Röyksopp,,4m36s
High Times,Grand Mal: Studio Rarities,Elliott Smith,,3m8s
Freaky Freaky,Tounge N' Cheek,Dizzee Rascal,,3m43s
Lose Control (feat. Ciara and Fat Man Scoop),The Cookbook,Missy Elliott,,3m50s
Noel,The Party Scene,All Time Low,,4m12s
Revelation Song,Say Hello To Sunshine,Finch,"Nate Barcalow, Randy Strohmeyer, Alex Linares, Derek Doherty, Marc Allen",3m24.428s
Waiting On The World To Change,Continuum,John Mayer,,3m22s
No More,Either/Or Demos (Disc 2 of 2),Elliott Smith,,2m36s
I'm Fresh (Feat. Mannie Fresh),Trill,Bun-B,,4m18s
Intruder Alert (feat. Sarah Green),Lupe Fiasco's The Cool,Lupe Fiasco,,4m
Horn Concerto No 3 In E Flat Major K 447 Allegro,The Best Of Mozart,Mozart,,3m38s
08. Urgent Party Break,Philly 2 Bmore Digi EP,Emynd,E. Nassar,4m52s
Life's Black Ice,Sleep Without Dreams,2*Sweet,,2m55s
Wet Sand,Stadium Arcadium ,Red Hot Chili Peppers,,5m11s
Someone Great,Sound Of Silver,LCD Soundsystem,,6m26s
Bingo,Arular,M.I.A.,,3m12.377s
Boom!/Wrath Of Kane,J. Period - Best Of The Roots,The Roots,J.Period,1m38s
Shelby Earl - Under Evergreen,KEXP Song of the Day,Shelby Earl,,3m44s
Keep It On The Hush,Word Of Mouf,Ludacris,,4m47s
"Grindin' [Selector Remix][*] (feat. Bless, Kardinal Offishall & Sean Paul)",Lord Willin',Clipse,Chad Hugo/Gene Thornton/Jason Harrow/Pharrell Williams/Sean Paul Henriques/Sean Thomas,3m48s
Opening Salvo,2007,Blue Scholars,,3m15s
Eine Kleine Nachtmusik,The Best Of Mozart,Mozart,,5m56s
Memory Loss,Deltron 3030: The Instrumentals,Deltron 3030,,4m39s
"Dr. Lee, PhD",Hello Nasty,The Beastie Boys Feat. Money Mark,Mark Nishita/Lee Perry,4m50.969s
2nd Period: Shoot Down The Stars,As Cruel As School Children,Gym Class Heroes,,3m28s
Clementine,Live At Largo,Elliott Smith,,2m41s
"A Rocket to the Moon - Oh, Dakota (acoustic demo)",Welcome to the New Administration (mixtape number 60---),CitizensFOB Mixtape,Hosted & Mixed By Clinton Sparks,1m14s
Skeet Skeet Radio 8.2010,,DJ Skeet Skeet,,34m39s
Anvil,Walk It Off,Tapes 'N Tapes,,3m35s
Love Will Tear Us Apart (Joy Division),My Heart Will Always Be The B-Side To My Tongue,Fall Out Boy,Fall Out Boy,3m22.408s
When You Were Young,Sam's Town,The Killers,,3m40s
B-Hamp vs Little Boots - Ricky Bobby Boots,The Mixtape Volume Four,The Hood Internet,"ABX, STV SLV",2m28s
Love Sick Stomach Ache (Sugar Coated Accident),The Great Burrito Extrtion Case,Bowling For Soup,Bowling For Soup,4m8.592s
Overexposed Photo,Fearless Summer Sampler,So They Say,,4m15s
Get Me Off (Peaches Remix),Electro Klash [Disc 1],Basement Jaxx,,3m14s
Other Jokes,These Are Jokes,Demetri Martin,,1m27s
Banned from the Back Porch,Through Being Cool,Saves the Day,Chris Conley,3m
XR2,Kala,M.I.A.,M.I.A.,4m21s
Yesterdays Lost,Chautaqua,The Willowz,,1m43s
Dance to the Underground,The DFA Remixes: Chapter One,Radio 4,"Anthony Roman/Collins, Geoffrey R./Thomas Williams",9m2s
We Looked Like Giants,Transatlanticism,Death Cab for Cutie,,5m33s
21 Tes La Rok - Do You Know The Future?,Disc F: The Ruff Step,"Revealomatic - No Bull, More Halfstep",,2m41s
Papercut Skin,Decomposer,The Matches,,3m26s
Girl Sailor,Wincing the Night Away,The Shins,,3m45s
Hand Clap,Night Ripper,Girl Talk,,1m54s
Stickman (Alternate Version),Basement Demos,Elliott Smith,,4m5s
The Levy,Heroine,From First To Last,,3m49.366s
Since Our Last Goodbye,No Time For Dreaming,Charles Bradley,,4m17s
The Most Dangerous Weapon Alive (Prod. By Necro),The Hour Of Reprisal,Ill Bill,,2m22s
Track 19,,,,2m37s
208 Goodnight Assholes!,Shut Up You Fucking Baby!,David Cross,,5m41s
Streets Of Philly,J. Period - Best Of The Roots,The Roots,J.Period,2m11s
Hostile Gospel Pt. 2 (Deliver Me) (feat. Sizzla) (Bonus),Ear Drum,Talib Kweli,,4m23s
Yee (Feat. Too $hort & Budda),My Ghetto Report Card,E-40,,4m34s
Dat Bitch,Definition Of Real,Plies,,3m33s
Little Bit (feat. Lykke Li),So Far Gone,Drake,,3m50s
Summer Love/Set The Mood Prelude,FutureSex/LoveSound,Justin Timberlake,,6m24s
The Lock Down Denial,Rotation,Cute Is What We Aim For,,3m14s
Dull Life,It's Blitz!,Yeah Yeah Yeahs,,4m8s
More Than Local Boys,E. Von Dahl Killed the Locals,The Matches,Harris/Matt Esposito/Mike Harwood/The Matches,3m45s
I'm Afraid Of Americans,Best Of Bowie,David Bowie,David Bowie/Brian Eno,4m25.496s
Sugalumps,2009 - I Told You I Was Freaky,Flight Of The Conchords,,2m12s
No Excuses: Play Like A Champion,"Party In The Front, Business In The Back",All In Uniform,,4m51.41s
Carpathia,,Taking Back Sunday,,3m9s
My World,Jewelz,OC,,4m16.51s
White Linen Affair (Toney Awards) (feat. Shawn Wigs),The Big Doe Rehab,Ghostface Killah,,4m8s
081 Flux Pavillion - Digital Controller (Original),,,,6m
Going Steady,"You're A Woman, I'm A Machine",Death From Above 1979,"Jesse F. Keeler, Sebastien Grainger",2m49.644s
Precious,Ritual Union,Little Dragon,,3m51s
Warning (Intro),Release Therapy,Ludacris,,2m31s
Electrik Heat - The Seekwill,Atlantis: Hymns for Disco,k-os,,3m38.476s
Believe It Or Not (Feat. Gucci Mane),,Drake,,2m24s
Snow (Hey Oh),Stadium Arcadium ,Red Hot Chili Peppers,,5m36s
Interlude,Three Cheers For Sweet Revenge,My Chemical Romance,,57.237s
Coney Island,About Love,Plastiscines,"Plastiscines, Jake Sinclair & Butch Walker",3m26s
Panpipes,This Is Dubstep Vol.2,Benny Page & Zero G,,5m7s
Township Funk - Crazy P Remix,"So, Happy In Paris",DJ Mujava,,7m30s
Eat Him By His Own Light,2008,Jonny Greenwood,,2m42s
Fuck You Lucy,God Loves Ugly,Atmosphere,,5m32s
Break Out! Break Out!,Put Up or Shut Up,All Time Low,,3m11s
Disco Friends,Overtones,Just Jack,,3m3s
Keep the Mood,Howl,Empires,,4m18s
Crazy For You,Crazy For You,Best Coast,Best Coast,1m50s
Have Faith In Me,Homesick,A Day To Remember,,3m9s
Damn Thing (Produced by Juliano & ID Labs),Show And Prove,Wiz Khalifa,,3m58.12s
Chain Me Free,E. Von Dahl Killed the Locals,The Matches,Harris/Matt Esposito/Mike Harwood/The Matches,3m15s
U Can't Tell Me Nuffin',Maths And English,Dizzee Rascal,,3m31s
"Waters Of Nazereth (Erol Alkans Durrr Durrr Durrrrrr Re-Edit, Feat. Pase Rock, With Justice)",Pillowface And His Airplane Chronicles,Steve Aoki,,2m23s
A Grand Scene For Color Film,Redeemer,Norma Jean,,3m26s
Boulevard Of Broken Dreams,American Idiot,Green Day,,4m21s
Masters Of South Ft Cliff Randall - Only The Dark (R-max Remix 4 Paulin),,www.just4dance.fw.hu,www.just4dance.fw.hu,1h24m44s
You Wanted A Hit,This Is Happening,LCD Soundsystem,,9m12.24s
Seen How Things Are Hard,New Moon,Elliott Smith,,3m21.317s
Toro Y Moi - New Beat,KEXP Song of the Day,Toro Y Moi,,4m5s
Revolution 9,The Beatles [White Album] [Disc 2],The Beatles,John Lennon/Paul McCartney,8m13.145s
Changes [Radio Edit],Changes (Single),2Pac,,4m28.956s
She's Famous Now,Greatest Hit And More,Reel Big Fish,,3m8s
Ringtone,Double Up,R. Kelly,,3m41s
While My Guitar Gently Weeps,Love,The Beatles,,3m47s
King Of The Beach,King Of The Beach,Wavves,,2m38s
Episode 248 - Paul Feig,WTF with Marc Maron Podcast,Marc Maron,,1h27m30s
Stop,Donuts,J Dilla,,1m39s
No Feelings,Sound Kapital,Handsome Furs,,7m
She Really Loved You,Explains It All,Four Year Strong,,2m6s
A,Chroma,Cartel,Will Pugh,9m45.096s
!!! My Love (Feat. T.I.),FutureSex/LoveSounds,Justin Timberlake,,4m36s
Vicar In A Tutu,The Queen Is Dead,The Smiths,Marr/Morrissey,2m22s
Highway Chile,Are You Experienced?,Jimi Hendrix,,3m33s
Four Winds,Cassadaga,Bright Eyes,,4m16s
Track 13,Austin Mix (TOP SECRET),Austin,,3m49.413s
Astro,The White Stripes,The White Stripes,,2m44s
Bad Romance (Dj Kirill Clash Extended Remix),ElectroHouse Pack 14.02.2010,Lady Gaga,,5m2s
Thrills and Spills,Curb Your Enthusiasm,"Guido Cenciarelli, Massimo Catalano, Stefano Torossi",,2m48s
Just Dance feat. Colby O'Donis,The Fame,Lady GaGa,,4m2s
Domino Part A,"Blood, Sweat & Tears",Mr. Flash,,4m24s
Repatriated,Sound Kapital,Handsome Furs,,4m48s
Darius & Finaly - Do It All Night (Dj A. Morozov Remix),,www.just4dance.fw.hu,www.just4dance.fw.hu,5m18s
Feeling Sorry,brand new eyes,Paramore,,3m5s
My Worst Nightmare,Underdog Alma Mater,Forever The Sickest Kids,,3m46s
"A Little Less Sixteen Candles, A Little More ""Touch Me""",Live at Voodoo Fest '07,Fall Out Boy,,2m47s
Hi.,Donuts,J Dilla,,1m17s
Powder To the People,Happiness,Dance Gavin Dance,,5m12s
Thin Ice,2009,Break,,3m17s
Celebration [February 1981],The Very Best of Kool & The Gang,Kool & The Gang,,4m58s
Evacuate the Dance Floor,DMS,Cascada,,4m17s
Ice Cream (Ft Ghostface Killah,Only Built 4 Cuban Linx VBR,Raekwon,,4m14s
"I'm doing OK, Pretty Good",Live at Crystal Ballroom,Elliott Smith,,3m3s
Chapter 10,The Greatest Show on Earth: The Evidence for Evolution,Richard Dawkins,,33m2s
Walkin' On the Moon (Intro into Rap Verse/ Phase Edit)),twitter.com/djphase,The-Dream & Kanye West,,3m4s
De La Soul Interlude,J. Period - Best Of The Roots,The Roots,J.Period,42s
Daniel,Greatest Hits 1970-2002 [Disc 1],Elton John,Bernie Taupin/Elton John,3m52.338s
Blah blah blah,Animal,Ke$ha,,2m54s
Suzy Lee,The White Stripes,The White Stripes,,3m23s
Rebel Rebel,The Life Aquatic - Studio Sessions,Seu Jorge,,2m47s
Hump De Bump,Stadium Arcadium ,Red Hot Chili Peppers,,3m34s
Ballad Of Big Nothing,Ballad Of Big Nothing,Elliott Smith,Elliott Smith,2m50s
Beach Chair,Kingdom Come,Jay-Z Feat. Chris Martin,Chris Martin,5m8.802s
051. Fr√©d√©ric Fran√ßois Chopin - Concerto Pour Piano No. 1 (Op. 11) - Romance.mp3,Classical Music Top 100,VA,,4m7s
Stained Glass Eyes,Grand Mal: Studio Rarities,Elliott Smith,,3m3s
Almost Here,Almost Here,The Academy Is...,The Academy Is...,3m6.874s
Electric Feel,Oracular Spectacular,Mgmt,,3m50s
Supermassive Black Hole,Black Holes and Revelations,Muse,,3m29s
All U Can Eat,"Supersunnyspeedgraphic, The LP",Ben Folds,,3m5s
Moar Ghosts N Stuff,For Lack Of A Better Name,Deadmau5,,4m30s
You Shut Up,Dubstep Collection 2,BEATure,,7m48s
All Nereids Beware,2005,Chiodos,,4m6s
Love Is A Fast Song,In Motion,Copeland,"A. Marsh, B. Laurenson",4m45.164s
Chokechain,3oh!3,3oh!3,,3m27s
Genesis,Cross,Justice,,3m55s
Twilight,This Is Dubstep Vol.2,Distance,,5m56s
Think of You Later (Empty Room),Shh. Just Go with It,Every Avenue,,2m51s
Wind It Up,Dubstep Collection 8,Mark Pritchard & Om'mas Keith,,3m42s
Miami,Blow: The 'I Can't Feel My Face' Prequel,Juelz Santana & Lil Wayne,,3m30s
Write You A Song,Every Second Counts,Plain White T's,,4m3s
Track 01,,,,4m8s
I'm Not a Hero,The Dark Knight,The Dark Knight,,6m35s
Someone Saved My Life Tonight,Greatest Hits 1970-2002 [Disc 1],Elton John,Bernie Taupin/Elton John,6m47.51s
Eleanor Rigby,Revolver,The Beatles,,2m8s
That Joke Isn't Funny Anymore,Meat is Murder,The Smiths,Johnny Marr/Morrissey,4m58.747s
Hold Me Down,Commit This To Memory,Motion City Soundtrack,Motion City Soundtrack,3m0.07s
Kiss Me Thru The Phone (Feat Sammie),iSouljaBoyTellem,Soulja Boy,,3m14s
Run This Town (feat. Rihanna & Kanye West),The Blueprint 3 (Deluxe Version),Jay-Z,,4m28s
Ottoman  [ibootleggedyourmum.wordpress.com],,Vampire Weekend,Your Mum,4m3s
Raining In My Heart,Rave On Buddy Holly,Graham Nash,Boudleaux Bryant/Felice Bryant,3m30s
No One Else,,Drake  ,,4m29s
Good Time,Crystal Castles,Crystal Castles,,2m55s
Oh No,2006,Lil Wayne,,3m38s
What This Means To Me,3D,I See Stars,,3m27s
Conspiracy,All We Know Is Falling,Paramore,,3m42.052s
Take it Easy,Astrocoast,Surfer Blood,,3m56s
Rag & Bone,Icky Thump,The White Stripes,"White Stripes, The",3m48s
A Star Is Born,"Die, Rugged Man, Die",R.A. the Rugged Man,M. Niles/R. Thorburn,4m26s
Days (From Single & 12 Track Edition),Village Green Preservation Society (Special Deluxe Edition 2004) (CD1 Stereo),The Kinks,,2m53s
Gimme Sympathy,Fantasies,Metric,,3m55s
Where Have You Been?,Greatest Hit And More,Reel Big Fish,,4m1s
Episode 188 - Christopher Titus,WTF with Marc Maron Podcast,Marc Maron,,1h10m54s
Wampercycle,Dirty South Dance CD,A-Trak,,2m45.302s
Exchanging Two-Hundred,The Room's Too Cold,The Early November,,4m27.47s
Going Away To College         ,1999,Blink 182                     ,,2m59s
Loud Pipes,Classics,Ratatat,,3m48s
El Mundo,Dubstep Collection 2,Hektagon,,5m31s
In My Time Of Dying,Physical Graffiti,Led Zeppelin,,11m6s
In My Tree,The Ultimate Best Of Pearl Jam,Pearl Jam,,4m
"Untitled (""Sticks & Stones"")","""Basement II"" Demos",Elliott Smith,,4m14s
Interlude,No Ceilings [illRoots.com],Lil' Wayne,,1m24s
The Science,Murs For President,Murs,,4m57s
Episode 262 - Fred Willard,WTF with Marc Maron Podcast,Marc Maron,,1h24m46s
Tapp ,Want,3OH!3,,1m2s
Edward Maya & Vika Jigulina - ,2010,VA,,5m52s
Eyes,Gimme Some,Peter Bjorn and John,,2m53s
Am I Ready?,Remember Right Now,Spitalfield,,3m44.327s
Llaw = Wall,The Big Roar,The Joy Formidable,,3m46s
Love Me Or Hate Me (Remix) Ft. Missy Elliott,Public Warning,Lady Sovereign,,3m40s
Whatever You Like,EP,After Play Rewind,,3m45.024s
Gobstopper,Donuts,J Dilla,,1m5s
Chapter 2,The Big Roar,The Joy Formidable,,3m9s
Mothers Of The Disappeared,The Joshua Tree (Remastered / Expanded) (Deluxe Edition) (CD 1),U2,,5m14s
Wu-Tang Clan Ain't Nuthing Ta F' Wit,Legend Of The Wu-Tang,Wu-Tang Clan,RZA & Method Man,3m32.416s
Untitled (Sticks & Stones),Grand Mal: Studio Rarities,Elliott Smith,,3m48s
rushing elephants,8 Diagrams,Wu Tang Clan,,3m1s
Bitch Look At Me Now (Two Weeks),I AM JUST A RAPPER ,Childish Gambino,,4m4s
Cheap Sunglasses,Greatest Hits,ZZ Top,Hill/Gibbons,4m47s
Headlines Read Out...,We The Kings,We The Kings,,3m15s
Put Em In The Grave,"Servants In Heaven, Kings In Hell",Jedi Mind Tricks,,3m19.761s
Sea Of Monsters,Yellow Submarine,The Beatles,George Martin,3m40s
Dirty Laundry,80's Collection,Don Henley,,5m37s
We Believe,Stadium Arcadium ,Red Hot Chili Peppers,,3m37s
Grandma,Who Is Mike Jones?,Mike Jones,,5m15s
Atlantic,Vheissu,Thrice,Dustin Kensrue/Thrice,4m3s
laid to rest,Ashes Of The Wake,Lamb of God,,3m50s
Lady Gaga Feat. Beyonce - Tele,2010,VA,,5m58s
Good Girls Go Bad (Suave Suarez on Pleasure Ryland Remix),Hot Mess (Deluxe Edition),Cobra Starship,,4m1s
Nobody Puts Baby In The Corner,From Under The Cork Tree,Fall Out Boy,Franz Ferdinand,3m20.782s
Stick Stickly,Someday Came Suddenly,Attack Attack,Attack Attack,3m22.965s
Bad Behaviour,Tounge N' Cheek,Dizzee Rascal,,4m32s
Ghost Deini,Supreme Clientele,Ghostface Killah,,4m6s
Save My Soul (The CuDi Confession),Plain Pat & Emile Presents a KiD named CuDi,KiD CuDi,,2m4s
Es-So,W H O K I L L,Tune-Yards,,3m32s
I Used To Have A Heart,In Defense Of The Genre,Say Anything,,4m18s
Snob Hop (feat. Camp Lo),The In Crowd,Kidz In The Hall,,3m36s
Hysteric,It's Blitz!,Yeah Yeah Yeahs,,3m52s
Little Wild One,That Thing You Do,Original Soundtrack,,2m30s
Down And Out,Almost Here,The Academy Is...,The Academy Is...,4m30.303s
When I Think Of You           ,Control                       ,Janet Jackson                 ,,3m58s
089 Pinch - Qawwali,,,,5m21s
Animal Bar,Stadium Arcadium ,Red Hot Chili Peppers,,5m26s
Washington Square Park,The Upsides,The Wonder Years,,3m30s
Nobody,Chautaqua,The Willowz,,2m40s
If - Nelly,Neptunes Present... Clones,The Neptunes,The Neptunes,3m45s
I Live for Love,Yip/Jump Music,Daniel Johnston,,3m22s
Your Love Gets Sweeter,Maverick A Strike,Finley Quaye,,3m14s
Incite A Riot (feat. King Magnetic & Adlib),Black Snow,Snowgoons,,2m56s
In The Garage,Weezer,Weezer,Weezer,3m55.636s
I Want to Save You (Acoustic),Songs for Silent Movies ,Something Corporate,,4m40s
Lean Back,,Terror Squad Ft Tego Calderon ,,3m57s
DJ Melloffon & Rob Reng- We're not Forget(Tom D. Mash up),,www.just4dance.fw.hu,www.just4dance.fw.hu,6m1s
Admit It (Demo),Is A Real Boy (demo),Say Anything,,6m17s
Flashlight,37 Everywhere,Punchline,,3m7.292s
Indoor Living,I Am The Movie,Motion City Soundtrack,,3m47s
New Deep,Heavier Things,John Mayer,,4m13s
Cousins,Contra,Vampire Weekend,,2m25s
Mandy,Citizen Cope - Citizen Cope,Citizen Cope,,4m10s
Graduation Day,The Papercut Chronicles,Gym Class Hereos,,1m46s
The Velvet Underground I'm Wai,1967,The Velvet Underground,,4m40s
05 - Someday,,,,3m8s
Religion - A Force for Good,The Debate,Tony Blair & Christopher Hitchens,,22m50s
Flux,Flux,Bloc Party,Ben Monder,3m39s
Part 2.mp3,,,,54m47s
Tell That Mick He Just Made My List of Things To Do Today,Live in Phoenix,Fall Out Boy,,3m33s
The Prayer,Plain Pat & Emile Presents a KiD named CuDi,KiD CuDi,Plain Pat,3m39s
Slick Hater,Real Recognize Real,Project Pat,,3m50s
REPEAT,Dubstep Collection 5,Kromestar,,5m13s
Thriller [February 1984],Thriller,Michael Jackson,,5m15s
Thinking About You,Pablo Honey,Radiohead,Colin Greenwood/Ed O'Brien/Jonny Greenwood/Phil Selway/Thom Yorke,2m42s
Guarantees,"When Life Gives You Lemons, You Paint That Shit Gold",Atmosphere,,4m33s
Hurt You (Subscape Remix),This Is Dubstep Vol.2,She Is Danger,,4m31s
Stolen,Dusk And Summer (Deluxe Edition),Dashboard Confessional,,3m20s
Phantom,2008,T-Pain,,3m37s
Paddle Out,Sublime,Sublime,Sublime,1m15s
Part 1.mp3,,,,53m17s
Pray,American Gangster,Jay-Z,,4m26s
Track 03,Austin Mix (TOP SECRET),Austin,,3m6.224s
Autopilot (Original Mix),2009,Suspicious Stench,,7m36s
Gambling,Strategic Grill Locations,Mitch Hedberg,,3m10s
Boom Style (AC Slater Remix),DJCity.com,Beat Assassins ft Sweetie Irie,,5m8s
Special Needs,Sleeping With Ghosts,Placebo,,5m16s
IMA Radio 1,Dan Frank's Album,Dan Frank,Dan Frank,50.433s
Maruyama,The Big Roar,The Joy Formidable,,1m46s
"This Ain't A Scene, It's An Arms Race (Funkrock Remix)",Infinity On High,Fall Out Boy,,3m32s
Space Olympics,Incredibad,The Lonely Island, ,2m55s
Race Against Time,The Joshua Tree (Remastered / Expanded) (Deluxe Edition) (CD 2),U2,,4m3s
Reckless,Forever Comes Too Soon,The Years Gone By,,3m1s
The Future,Get Sharp,The Limousines,,4m30s
Expectations,Tigermilk,Belle & Sebastian,,5m4s
Replay,TBA,Iyaz,IYAZ,3m3s
Of The Spirit And The Sun (Interlude),Legacy Of Blood,Jedi Mind Tricks,,43s
Sweatshop (Original Mix),Dubstep Collection 4,ILLGATES,,5m29s
All My Life Freestyle,DJ Ill Will & DJ Rockstar Present Wiz Khalifa - Burn After Rolling,Wiz Khalifa,,1m33s
No Feelings,Never Mind the Bollocks Here's the Sex Pistols,The Sex Pistols,Glen Matlock/Johnny Rotten/Paul Cook/Steve Jones,2m48s
In The Streets,Jay Loves Japan,J Dilla,,3m7s
The Proud Parent's Convention Held In The ER,Nuclear. Sad. Nuclear,The Number 12 Looks Like You,,2m36.502s
Bounce,Whisper War,The Cab,,3m35s
Life In Technicolor,Viva La Vida Or Death And All His Friends (Japan Edition),Coldplay,,2m30s
Sound Of Silver (c2 rmx rev.3),A Bunch Of Stuff EP,LCD Soundsystem,,9m21s
lost desire (featuring talib kweli & malik b),Rising Down,The Roots,,4m3s
Somethin To Hold On To,What The Fuck Is A Jay Electronica,Jay Electronica,,5m41s
Bratty B,Crazy For You,Best Coast,Best Coast,1m43s
Complicated,Between The Buttons [US],The Rolling Stones,,3m16s
Consistent (Produced by The Olympicks),Trappin Ain't Dead,Young Jeezy,,3m43s
Logan to Government Center    ,    ,Brand New                     ,,3m15s
Lolo (Intro),2001,Dr. Dre,Dr. Dre,43.816s
Sell Out,Greatest Hit And More,Reel Big Fish,,3m49s
High Times,New Moon,Elliott Smith,,3m11.843s
Young Volcanoes,Save Rock and Roll,Fall Out Boy,,3m25s
Feral,The King of Limbs,Radiohead,,3m12.795s
Muscle Cars (Feat. Keak Da Sneak & Turf Talk),My Ghetto Report Card,E-40,,4m2s
Life On Standby,The Silence In Black And White,Hawthorne Heights,Hawthorne Heights,4m11.588s
Menini And Viani - Ever Fun (Criminal Vibes Mix),,www.just4dance.fw.hu,www.just4dance.fw.hu,5m19s
Just The Two Of Us,Big Willie Style,Will Smith,,5m16s
Face Drop,Julys Hit Selection Top 20,Sean Kingston,www.RnBXclusive.com,3m5s
Stay Fly (Remix) (Ft. Slim Thu,Most Known Unknown,Three 6 Mafia,,3m51s
Napalm Brain/Scatter Brain,Endtroducing.....,DJ Shadow,,9m25s
Them That Got,Visionary Soul,Ray Charles,Charles-Harper,2m51.502s
I Don't Think I'm Ever Gonna Figure It Out,"""Basement II"" Demos",Elliott Smith,,2m12s
Tropicana,Classics,Ratatat,,4m37s
Paperback Head,Sainthood,Tegan & Sara,,2m39s
Love and Caring,Crystal Castles,Crystal Castles,,2m19s
012 Zeds Dead - Dark Side Dub (Original),,,,3m58s
Oatmeal,Strategic Grill Locations,Mitch Hedberg,,3m4s
Got Me Under Pressure,Greatest Hits,ZZ Top,Gibbons/Hill,4m
"Relax, Take Notes (XL Dubstep Remix)",Dubstep Collection 1,8Ball & MJG ft. B.I.G & Projec,,5m43s
A Whisper,A Rush Of Blood To The Head,Coldplay,Buckland/Champion/Martin,3m58.399s
Behind Closed Doors,The Sufferer And The Witness,Rise Against,,3m13s
Post Tour Employment Part 1,"Spoken Word Guy (Alexandria, VA 11/03/08) [Disc 1]",Henry Rollins,Henry Rollins,15m45.47s
Say Hello,American Gangster,Jay-Z,,5m29s
Track 17,,,,4m23s
"I'M Made Of Wax, Larry, What Are You Made Of?",Homesick,A Day To Remember,,3m1s
Color Bars (Instrumental),Place Pigalle Demos,Elliott Smith,,2m20s
Eruption Dub,This Is Dubstep Vol.2,DJ Potentz,,4m54s
False Pretense,,,,2m30s
Will Do,Nine Types Of Light,TV On The Radio,,3m46s
User Friendly,Mechanical Animals,Marilyn Manson,M.W. Gacy/Marilyn Manson/Twiggy Ramirez/Zim Zum,4m19s
Forget December,Songs for Silent Movies,Something Corporate,Josh Partington,3m15s
Stick It,Ed Rec Vol. 2,DJ Mehdi,,1m37s
Flashing Lights (Ft. Dwele),Graduation,Kanye West,,3m58s
Boys Will Be Boys,Shh. Just Go with It,Every Avenue,,3m4s
Set In Motion,Controller,Misery Signals,,3m49s
Thnks Fr Th Mmrs (Acoustic),Vh1 Unplugged,Fall Out Boy,,3m11s
Halfway Home,"Dear Science,",TV on the Radio,,5m32s
Something's Missing,Heavier Things,John Mayer,,5m9s
Fear Of Sleep,First Impressions Of Earth,The Strokes,Julian Casablancas,4m0.535s
Babe I'm Gonna Leave You,Led Zeppelin,Led Zeppelin,,6m41s
Ein Swei March,Curb Your Enthusiasm,Renato Rascel,,1m58s
Two Takes It,Lambs Anger,Mr. Oizo,,2m22s
The Way Life's Meant To Be,Light Years,Electric Light Orchestra,,4m42s
Chapter 14,The Greatest Show on Earth: The Evidence for Evolution,Richard Dawkins,,31m49s
Get down jiggy with it - Cool %26 The Gank Vs Will Smith %28Mashup Mix by DJ Uban%29,,,,4m46s
Black Out,A Refreshing Glass Of Music For A Summer Afternoon,Lovedrug,,5m39.986s
Glazed,Blow Your Head Volume 1: Diplo Presents Dubstep,Brackles,,5m5s
School Spirit (Skit),The College Dropout,Kanye West,,1m19s
Heaven and Hell (Ft Ghostface ,Only Built 4 Cuban Linx VBR,Raekwon,,4m58s
The Futile (Acoustic),Spin Acoustic Session,Say Anything,,2m51s
Drumroll (We're All Thirsty),Never Better,P.O.S.,,2m38s
Ain't Worried About Shit,Like Father Like Son,Lil Wayne & Birdman,,3m27s
(Coffee's For Closers),Folie A Deux,Fall Out Boy,,4m36s
Get Up & Rock,This Is Dubstep Vol.2,DJ Hatcha vs Lost,,5m10s
Everyone Knows Everyone,One Full Year,The Secret Handshake,,3m19s
Pussy Got Ya Hooked (Ft. Remy,Most Known Unknown,Three 6 Mafia,,4m20s
Welcome Back,The Recession,Young Jeezy,,4m7s
Brat Pack,A Refreshing Glass Of Music For A Summer Afternoon,The Rocket Summer,,3m47.81s
The Rising Tide,Doom EP,Job For A Cowboy,,4m46s
029. Maurice Ravel - Boléro.mp3,Classical Music Top 100,VA,,14m48s
"Cold, Cold Night",Elephant,The White Stripes,Jack White,2m58s
Black Mamba,Almost Here,The Academy Is...,The Academy Is...,2m46.138s
Thriller,Infinity On High,Fall Out Boy,,3m31s
Yeah You,Seeing Sounds,N.E.R.D.,,4m6s
Cowboys,The Score,The Fugees,"Wyclef Jean, Prakazrel ""Pras"" Michel, Lauryn Hill, John Forte, Young Zee, Ra Digga, Pace 1",5m23.57s
Summer Mood,Crazy For You,Best Coast,Best Coast,2m26s
Your World Don't Stop.,Doe Or Die.,AZ.,,3m33s
David Guetta Ft Madison Avenue - Dont Call Me Sexy - (Miguel Vargas Remix),,www.just4dance.fw.hu,www.just4dance.fw.hu,5m12s
Bury Your Head,Instrumental Demos,Saosin,,3m24s
"Amazing, Because It Is",Southern Weather,Almost,,4m25s
Out Of Category,Never Better,P.O.S.,,3m17s
Empathy,Crystal Castles,Crystal Castles,,4m12s
Head Club,Tell All Your Friends,Taking Back Sunday,Neil Reubenstein,3m2.044s
Sensitive Madness,Dubstep Collection 4,Gee,,4m51s
Gone,Songs For Goldfish,Ben Folds,,3m20s
Posers,Attack Of The Clones,Jay Electronica,,3m29s
"Get Throwed (Feat. Pimp C, Z-Ro, Young Jeezy & Jay-Z)",Trill,Bun-B,,3m55s
Alive For The First Time,Used And Abused,Danger Radio,,3m27s
I Feel Me,The Carter Meets The Cartel 2: Lil Wayne & Drake,Lil Wayne & Drake,,1m23s
Hard Knock Life (The Ghetto Anthem),MTV Unplugged,Jay-Z,,1m31s
Cobra Starship (interlude),Welcome to the New Administration (mixtape number 60---),CitizensFOB Mixtape,Hosted & Mixed By Clinton Sparks,1m46s
Nocturne in Eb Op.55 No.2 - Lento sostenuto,Chopin - The Nocturnes (Disc 2),Maurizio Pollini,,4m34.506s
Sticks And Stones,Visionary Soul,Ray Charles,Titus Turner,2m16.161s
Congratulations,The Carter Meets The Cartel 2: Lil Wayne & Drake,Lil Wayne & Drake,,1m30s
Buck 50,Supreme Clientele,Ghostface Killah,,4m2s
Right Right Now Now,2004,Beastie Boys,,2m48s
Tree Village,Happiness,Dance Gavin Dance,,3m23s
Sweet Disposition (Axwell & Dirty South Remix/ Jason Bee Short Dub Edit),All Things Go Workout Mixtape ,The Temper Trap,,3m10s
Let's Go Away For A While,,,,2m18s
Nobody Puts Baby in the Corner (Live),Q101 Twisted 12,Fall Out Boy,,4m32.23s
This Sweet Love (Prins Thomas Sneaky Edit),Infinity +1,James Yuill,,3m54s
Riot Coming,New Moon,Elliott Smith,,3m43.91s
Sharp Dressed Man,Greatest Hits,ZZ Top,Gibbons/Hill,4m15s
Conquest,Icky Thump,The White Stripes,"White Stripes, The",2m48s
In The Air (Axwell Remix/ Jason Bee Edit),2009,TV Rock ft Rudy,,4m45s
What They Want,The Recession,Young Jeezy,,3m53s
Party Life,American Gangster,Jay-Z,,4m31s
Never Change                  ,2001,Jay-Z                         ,,3m59s
Classifieds,Almost Here,The Academy Is...,The Academy Is...,2m52.477s
Twilight Galaxy,Fantasies,Metric,,4m54s
Southern Hospitality (feat. Pharrell),Back For The First Time,Ludacris,The Neptunes,5m1s
God Is In The Radio,Songs For The Deaf,Queens Of The Stone Age,"Josh Homme, Nick Oliveri",6m5.342s
Don't Cha,Notting Hill Music Presents R'n'B Hits,Pussy Cat Dolls,,4m3s
Catastrophe,Rise Or Die Trying,Four Year Strong,,2m37s
The Beach,"So Wrong, It's Right",All Time Low,,3m2s
Industrial Revolution,Revolutionary Vol. 2,Immortal Technique,,3m39s
Don't Let the Sun Go Down on Your Grievances,Yip/Jump Music,Daniel Johnston,,3m21s
Not In Love,Crystal Castles,Crystal Castles,,3m34s
Letter to a Christian Nation 2,Letter to a Christian Nation,Sam Harris,,56m14s
99 Biker Friends,The Great Burrito Extrtion Case,Bowling For Soup,Bowling For Soup,3m16.626s
Hollywood Hoes,Flight School,Wiz Khalifa,,2m14s
I'm Down With Brown Town,Happiness,Dance Gavin Dance,,3m1s
Salmarnir,Define The Great Line,Underoath,,2m58s
Back in the U.S.S.R.,Love,The Beatles,,1m54s
Hand Of God,Other,Fall Out Boy,,3m16s
A Lapdance Is So Much Better When the Stripper Is Crying,Hooray For Boobies,Bloodhound Gang,,5m38s
Song Or Suicide,Venus Doom,H.I.M.,,1m11s
Once And A While,Chautaqua,The Willowz,,2m20s
Glasses Malone (feat' Lil Wayne) vs Chromatics,The Mixtape Volume Four,The Hood Internet,"ABX, STV SLV",3m
Harder Better Faster,Discovery,Daft Punk,,3m45s
New Age Blues,Big Ugly Mouth,Henry Rollins,,4m52.71s
Two Doves,Bitte Orca,Dirty Projectors,,3m43s
Vamos,Surfer Rosa & Come On Pilgrim,Pixies,,4m22s
Testament (Feat. Gonja Sufi),Los Angeles,Flying Lotus,,2m30s
Chop 'Em Down,Live At Stubb's,Matisyahu,,4m3.275s
English Summer Rain,Sleeping With Ghosts,Placebo,Placebo,4m2s
Dani California,Stadium Arcadium ,Red Hot Chili Peppers,,4m43s
"Fa Fa Fa (Feat. Steve Bays, With Datarock)",Pillowface And His Airplane Chronicles,Steve Aoki,,3m31s
Part 1,Eric the Pilot,Henry Rollins,,11m4.671s
Big Ego's,2001,Dr. Dre,Dr. Dre,4m0.372s
Telephone (feat. Beyonce),The Fame Monster,Lady GaGa,"Lady GaGa, Beyoncé, Rodney Jerkins, LaShawn Daniels & Lazonate Franklin",3m40.659s
Snails,Live At The Mayan Theatre,The Format,,4m18s
Episode 247 - Ralphie May,WTF with Marc Maron Podcast,Marc Maron,,1h17m55s
The Prime Time of Your Life,Human After All,Daft Punk,"Thomas Bangalter, Guy-Manuel de Homem-Christo",4m23s
Amnesiac/Morning bell,Amnesiac,Radiohead,,3m14s
Get Smokes,Never Better,P.O.S.,,2m39s
Hard (Jump Smokers Remix),DMS,Rihanna,,3m3s
One Arm,The Carter Meets The Cartel 2: Lil Wayne & Drake,Lil Wayne & Drake,,1m40s
One More Time With Feeling,Far,Regina Spektor,,3m56s
[Untitled Hidden Track],Speakerboxxx/The Love Below,Outkast,,5m14s
"028. Giuseppe Fortunino Francesco Verdi - Nabucco - Va, Pensiero.mp3",Classical Music Top 100,VA,,5m29s
Illusion Of Love (Ft. Mattie Safer),Sex Dreams and Denim Jeans CD,Uffie,,5m20s
You Already Know What You Are,Homesick,A Day To Remember,,1m28s
Porch,The Ultimate Best Of Pearl Jam,Pearl Jam,,3m33s
Junior Caldera - The Way (2010,Electro House Music Remixes-WE,VA,,3m44s
Gossip,It's Classy Not Classic,Breathe Carolina,,3m33s
Niggas Lie Alot,,Talib Kweli,,4m18s
Tea Ski,Do You Believe In Gosh,Mitch Hedberg,,3m24s
Shit Bag,Definition Of Real,Plies,,3m35s
Terrible Love,High Violet,The National,,4m40s
"Episode 223 - Seth Meyers, Scott Adsit, Jodi Lennon, Julian McCullough, Gabe Liedman, Rachel Feinstein",WTF with Marc Maron Podcast,Marc Maron,,1h41m33s
My Beautiful Rescue,This Providence,This Providence,,2m37s
Don't Wake Me Up,Like Vines,The Hush Sound,,3m43s
Solid Snake Can't Sneak Past You,"Party In The Front, Business In The Back",All In Uniform,,2m56.657s
Excuse Me,Movie 3: The Burrprint!,Gucci Mane,,3m58s
Text Fall Out Boy: FOB to 66937 (interlude - signup and instant betterment),Welcome to the New Administration (mixtape number 60---),CitizensFOB Mixtape,Hosted & Mixed By Clinton Sparks,15s
Your New Twin Sized Bed,Narrow Stairs,Death Cab For Cutie,,3m7s
Cut! Print It,Based On A True Story,The Starting Line,,3m46s
When I'm Sixty-Four,Sgt. Pepper's Lonely Hearts Club Band,The Beatles,Lennon/McCartney/Lennon/McCartney,2m37.756s
I'm Bout Tha Stax (Intro),iSouljaBoyTellem,Soulja Boy,,3m21s
If I Fell,A Hard Day's Night,The Beatles,,2m23s
Never Better,Never Better,P.O.S.,,4m3s
A Silver Chain (Instrumental),Jackpot Demos,elliott smith,,3m
Bitch Niggaz,2001,Dr. Dre,Dr. Dre,4m15.582s
Jesus Of Suburbia,American Idiot,Green Day,,9m11s
Jeffer,Power,Boys Noize,,3m47s
You And Me,Every Second Counts,Plain White T's,,2m19s
Are You Gonna Go My Way,The Moog Cookbook,The Moog Cookbook,,3m35s
City of Delusion,Black Holes and Revelations,Muse,,4m49s
1-02 No Soul,,,,3m
Grand Theft Autumn (Live),Q101 Twisted 12,Fall Out Boy,,4m19.065s
The Minimal Kidz - Body Language (D-Unity Big Room Remix),,www.just4dance.fw.hu,www.just4dance.fw.hu,8m14s
Battles,"No Really, I'm Fine",The Spill Canvas,,3m22s
107 Shaving the Pope's Pussy,Shut Up You Fucking Baby!,David Cross,,3m54s
Abused (Instrumental - Version 2),Either/Or Demos (Disc 2 of 2),Elliott Smith,,3m3s
Thunderball - Enter the Brahmin,KEXP Song of the Day,Thunderball,,4m57s
I Slept With Someone In Fall Out Boy And All I Got Was This Stupid Song Written About Me (AOL Live),Live @ The Roxy,Fall Out Boy,,3m19s
The Projects (PJays) (feat. Dave of De La Soul & Del The Funkee Homosapien),So... How's Your Girl?,Handsome Boy Modeling School,,4m30s
Imagine Pt. 3,Dye It Blonde,Smith Westerns,,3m32s
Boombox Generation,I Am The Movie,Motion City Soundtrack,,3m8s
 Stunt Hard (Dirty),,Drake feat. Lil Wayne,,5m33s
Invincible,Oh No,OK Go,,3m31s
Shine Blockas (Ft. Gucci Mane),Sir Lucious Left Foot: The Son of Chico Dusty,Big Boi,,3m46s
Still Life Franchise,In With The Out Crowd,Less Than Jake,,3m30s
Passive Aggressive,Black Market Music,Placebo,,5m24s
This Song Is Called,Plagues,The Devil Wears Prada,,4m25s
Alphabets (Dakimh Instrumental Remix) [Explicit],Wu-Tang Meets The Indie Culture Vol. 2: Enter The Dubstep [Explicit],Wu-Tang,,3m19s
Dreaming of Manhattan,2000,Say Anything,,4m41s
Genius Next Door,Far,Regina Spektor,,5m4s
Tomb of the Boom (with Ludacris),Speakerboxxx/The Love Below,Outkast,,4m46s
Put Em Up - N.O.R.E. & Pharrell,Neptunes Present... Clones,The Neptunes,The Neptunes,3m36s
School Spirit (Skit 2),The College Dropout,Kanye West,,44s
Strawberry Swing,Viva La Vida Or Death And All His Friends (Japan Edition),Coldplay,,4m11s
Little Secrets,Manners,Passion Pit,,3m59s
Cocaine,I-Doser,I-Doser,Ebaumsworld,30m
"056. Johann Sebastian Bach - Jesu, Der Du Meine Seele (BWV 78) - Wir Eilen Mit Schwachen.mp3",Classical Music Top 100,VA,,5m19s
Don't Cry Out,We Are Pilots,Shiny Toy Guns,,4m15s
RoboCop,808's And Heartbreaks,Kanye West,,4m36s
Sorry Entertainer,Yip/Jump Music,Daniel Johnston,,2m21s
Steve Wonder - Song Review - 03 - Superstition,,The Strokes,,4m
No More,Grand Mal: Studio Rarities,Elliott Smith,,2m36s
Baby Blue Eyes,On Your Side,A Rocket To The Moon,,3m40s
Light Your Ass On Fire - Busta Rhymes,Neptunes Present... Clones,The Neptunes,The Neptunes,3m44s
Swim,Astrocoast,Surfer Blood,,3m19s
Friends,2009 - I Told You I Was Freaky,Flight Of The Conchords,,2m4s
Back it Up (Feat. Spank Rock),Ed Banger Rec Vol. 3,Feadz,,3m1s
Fucking Die 2 (€€ Cooper Mix),My Name Is Skrillex EP ,Skrillex,,5m37.06s
28 Borgore - Saturday Night.mp3,Disc F: The Ruff Step,"Revealomatic - No Bull, More Halfstep",,1m20s
Guiding Light,The Resistance,Muse,,5m50s
Dance Of The Pseudo Nymph,Cosmogramma,Flying Lotus,Flying Lotus,2m47s
038 Shed - Another Wedged Chicken (Martyn Remix),,,,6m
rob a nigga,White Widow,Marc Umbel,Dan Frank,3m14s
Lullaby For Wayne (Pre-Production Recording),Dusty Gems And Raw Nuggets [Bonus Disc],Weezer,Weezer,3m36.2s
"Beamer, Benz, or Bentley (feat. Juelz Santana)","Beamer, Benz, or Bentley (feat. Juelz Santana) - Single",Lloyd Banks,,3m27s
More of the Worst,Texas,Playradioplay!,,4m51s
#254 - The Instance: This is how you Roll,The Instance: World of Warcraft Podcast!,Scott Johnson,Scott Johnson,1h37m23s
Ralph Wiggum,Hefty Fine,Bloodhound Gang,,2m53s
07. Back At Your Ass,Philly 2 Bmore Digi EP,Emynd,E. Nassar,2m50s
Electioneering,OK Computer,Radiohead,Colin Greenwood/Ed O'Brien/Jonny Greenwood/Phil Selway/Thom Yorke,3m51s
Earth A.D.,Collection,The Misfits,,2m9.52s
Catagory,Nuclear. Sad. Nuclear,The Number 12 Looks Like You,,5m8.825s
Take The Veil Cerpin Taxt,De-Loused In The Comatorium,The Mars Volta,The Mars Volta,8m41.705s
La La Lie,Everything In Transit,Jack's Mannequin,Andrew McMahon,3m55.055s
Electric Relaxation,The Anthology,A Tribe Called Quest,,3m46s
Glazed,Donuts,J Dilla,,1m21s
The Pros And Cons Of Breathing,Take This To Your Grave,Fall Out Boy,,3m22s
Come When I Call,Where The Light Is Live In Los Angeles [Disc 1],John Mayer,John Mayer,3m24s
Split Screen Sadness,Heavier Things,John Mayer,,5m9s
I Got It (feat. Young Jeezy),2008,Young Buck,,2m47s
Back & Forth feat. Mr. V - Fedde's Future Funk Remix,Back & Forth (Fedde's Future Funk Remix),"Mr. V, Fedde Le Grand",,5m51s
Stroke Of Death,Supreme Clientele,Ghostface Killah,,1m56s
Recollections of the Wrath,Black Up,Shabazz Palaces,,3m36s
Track 15,Austin Mix (TOP SECRET),Austin,,2m59.629s
Living Each Day Like Your'e Already Dead,Suicide Notes And Butterfly Kisses,Atreyu,Alex Varkatzas/Brandon Saller/Dan Jacobs/Travis Miguel,2m45s
Hang On To Your Ego,,The Beach Boys,,3m18s
Digital (Feat. Tay Dizm),2008,T-Pain,,3m18s
155,When Your Heart Stops Beating,+44,"Mark Hoppus, Travis Barker",3m29.536s
82588,Ire Works,The Dillinger Escape Plan,,1m57s
Evaporated,Songs For Goldfish,Ben Folds,,4m35s
Unleash The Compassion,"Talk Is Cheap, Vol. 4",Henry Rollins,,35m46.173s
Brand New Game (Alternate Version),Place Pigalle Demos,Elliott Smith,,3m20s
Overtime: Episode #211 (4/29/11),Real Time with Bill Maher,HBO Podcasts,,7m1s
The Car In 20,"The Mother, The Mechanic, And The Path",The Early November,,3m45s
Jackass,Hefty Fine,Bloodhound Gang,,2m26s
Halo,Intimacy,Bloc Party,,3m36s
Monday Morning,Codes and Keys,Death Cab for Cutie,,4m20s
085. Christoph Willibald Ritter von Gluck - Orfeo Ed Euridice - Dance Of The Blessed Spirits.mp3,Classical Music Top 100,VA,,6m51s
Arcade,This Is Dubstep Vol.2,Rob Sparx,,4m14s
We'rewolf,The Big Dirty,Every Time I Die,Every Time I Die,3m25s
More Gangsta Music,Purple Haze,Cam'ron,,4m28s
Catacomb Kids,None Shall Pass,Aesop Rock,I. Bavitz,4m7s
Mathematics,Black on Both Sides,Mos Def,,4m6s
everybodys free (klaas remix),2007,Global Deejays feat Rozzalla,,6m41s
No Name No. 5,Either/Or,Elliott Smith,Elliott Smith,3m43s
Bird Priest,LP3,Ratatat,,3m7s
In This Temple As In The Hearts Of Manm For Whom He Saved The Earth,Illinois,Sufjan Stevens,,37.477s
07-reel_big_fish-beer_www.file24ever.com,,,,3m33s
Dada Life - Just Bleep Me (Satisfaction)(Original Mix), -- xrnb.net --, -- xrnb.net --, -- xrnb.net --,5m55s
Television Television,Oh No,OK Go,,2m39s
088 The Bug - Poison Dart (Skream Mix),,,,4m58s
"Paisley Darts (feat. Raekwon, Sun God, Trife Da God, Method Man & Cappadonna)",The Big Doe Rehab,Ghostface Killah,,5m39s
Fool On The Hill,Magical Mystery Tour,The Beatles,,3m1s
Manifesto - Andy Hurley,Manifestos,CitizensForOurBetterment.com,,14s
Ha,400 Degreez,Juvenile,,4m52.385s
It's Not Your Fault,Hits,New Found Glory,,3m37.524s
The Truth (feat. Roisin of Moloko & J-Live),So... How's Your Girl?,Handsome Boy Modeling School,,5m39s
Waters of Nazareth (Prelude) [Live],A Cross the Universe (Live),Justice,,2m14.907s
"The Curse (feat. King Magnetic, Charon Don & Reef The Lost Cauze)",Black Snow,Snowgoons,,3m57s
I'm In Love With A Ripper (Party Mix),See Mystery Lights,YACHT,,5m18s
Angsty,Where The Boys Are,Best Coast,,2m49s
200,"Decent Work For Decent Pay, Collected Works Volume One",Diplo,,2m26s
O Fortuna                     ,    ,Mozart                        ,,5m19s
Love Is On The Line,We've Got to Get It on Again,The Addrisi Brothers,,3m38s
taken back by you,Coming Home,New Found Glory,,3m26s
Motorcycle Boy,"Blood, Sweat & Tears",Mr. Flash,,5m7s
Fish Paste,5 - EP,Die Antwoord,"Ninja, Yo-landi Vi$$er & DJ Hi-Tek",4m18s
Bennie And The Jets,Greatest Hits 1970-2002 [Disc 1],Elton John,Bernie Taupin/Elton John,5m9.104s
Hung Up (radio version),Confessions on a Dancefloor,Madonna,,3m24s
Drop It Like It's Hot Feat. Ph,R and G (Rhythm and gangsta) T,Snoop Dogg                    ,,4m27s
Devilock,Collection,The Misfits,,1m26.587s
Tigerlily (DYWHAP Blend),Lazerproof,Major Lazer & La Roux,,2m51s
Crux,Dubstep Collection 2,Broken Note,,6m32s
059 Ekss - Apollo,,,,3m45s
Roll Right,Evil Empire,Rage Against The Machine,,4m23s
Emaline,Ben Folds Live,Ben Folds,"Folds, Ben",3m49s
King of NY,Blow: The 'I Can't Feel My Face' Prequel,Juelz Santana & Lil Wayne,,2m31s
The Show,Liberation,Talib Kweli & Madlib,,2m21s
Banana Skit,Arular,M.I.A.,,36.13s
Year of Silence,Crystal Castles,Crystal Castles,,4m54s
You Know How I Do,Tell All Your Friends,Taking Back Sunday,Gianni Lazzari/John Nolan,3m21.108s
Edson Pride - Venus (Tommy Love Spring Remix),,www.just4dance.fw.hu,www.just4dance.fw.hu,6m16s
"066. Aafje Heynis - Dank Sei Dir, Herr.mp3",Classical Music Top 100,VA,,4m24s
In Between Days,Speed Graphic,Ben Folds,,2m55s
Something Happened To Me Yesterday,Between The Buttons [US],The Rolling Stones,,4m55s
I'm Alive,Light Years,Electric Light Orchestra,,3m45s
Edge Of Desire,Battle Studies,John Mayer,,5m33s
Umi Says,Black on Both Sides,Mos Def,,5m11s
The Levees Broke,Act II,Jay Electronica,,4m43s
Outlive The War w/ Sean Price & Block McCloud,"Servants In Heaven, Kings In Hell",Jedi Mind Tricks,Sean Price/Block Mc Cloud,3m45.837s
3 (Produced By Max Martin & Shellback),The Singles Collection,Britney Spears,,3m26s
Hello Shitty,Bayside,Bayside,,1m14s
Instrumentals - Kanye West - Stronger,,,,3m12s
Champagne's For Celebrating (I'll Have A Martini),A Lesson In Romantics,Mayday Parade,,3m58s
I Can Learn,White Blood Cells,The White Stripes,Jack White/Meg White,3m33s
Stay Tonight,Stories And Alibis,Matchbook Romance,,3m22s
Flute Concerto No 1 In G Major K 313 Rondo,The Best Of Mozart,Mozart,,7m37s
Time After Time [June 1984],She's So Unusual,Cyndi Lauper,,3m59s
Dinner At The Money Table,The Room's Too Cold,The Early November,,3m57.516s
On Top Of The World (Ft. Ludacris & B.O.B.),T.I.-Paper.Trail.Retail-2008-[NoFS],T.I.,,5m
Never Ready To Leave,A Different Light,Sherwood,,3m31s
Heart In A Cage,First Impressions Of Earth,The Strokes,Julian Casablancas,3m27.493s
Fireflies,Say Hello To Sunshine,Finch,"Nate Barcalow, Randy Strohmeyer, Alex Linares, Derek Doherty, Marc Allen",3m29.745s
Me & U RMX feat. Scorcher,,Cassie/Scorcher/Brains,,4m
Pourriture 7,Lambs Anger,Mr. Oizo,,3m25s
Don't Fall Asleep on the Subway,In With The Out Crowd,Less Than Jake,,3m17s
One Of The Boys,One Of The Boys,Katy Perry,,4m8s
She's A Handsome Woman,The String Quartet Tribute to Panic At the Disco's Pretty. Odd,Vitamin String Quartet,,3m10s
I Kissed A Girl,Guilt By Association Vol. 2,Max Vernon,,3m7s
Bye.,Donuts,J Dilla,,1m28s
Dance With Me Tonight,That Thing You Do,Original Soundtrack,,2m5s
Rusholme Ruffians,Meat is Murder,The Smiths,Johnny Marr/Morrissey,4m20.04s
My Song,Apple User's Album,Apple User,Apple User,1m36.502s
Superman (Featuring Dina Rae),The Eminem Show,Eminem,,5m52s
The World,Based On A True Story,The Starting Line,,3m10s
Shakey Dog Starring Lolita (feat. Raekwon),The Big Doe Rehab,Ghostface Killah,,3m10s
"G.I.N.A.S.F.S,",Infinity On High,Fall Out Boy,,3m18s
Like Swimming Circles,Redeemer,Norma Jean,,3m6s
The Astronaut,Leaving Through The Window,Something Corporate,Andrew McMahon,4m28.724s
No It Isn't,When Your Heart Stops Beating,+44,"Mark Hoppus, Travis Barker",3m31.673s
Heartbreak Warfare,Battle Studies,John Mayer,,4m31s
Cigarettes and Liquor,Fornever,Murs and 9th Wonder,,4m18s
Guys Eyes,Merriweather Post Pavilion,Animal Collective,,4m31s
Ben (Live),Number Ones,Michael Jackson,Epic,2m58.747s
Stem/Long Stem **Transmission 2,Endtroducing.....,DJ Shadow,,9m23s
031 Ramadanman and Appleblim - Sous Le Sable,,,,10m5s
Coffee Break,Underdog Alma Mater,Forever The Sickest Kids,,2m41s
Flash Delirium,Congratulations,MGMT,,4m16s
The Potion,The Red Light District,Ludacris,Timbaland,3m55s
Disconnected,Sky Eats Airplane,Sky Eats Airplane,,3m28s
I Didn't Understand,XO,Elliott Smith,Elliott Smith,2m17s
Pathetique Movement,Classics for the Heart,Ludwig van Beethoven,,5m24s
Seventy Times 7,Your Favorite Weapon,Brand New,,3m35s
Intro.,Doe Or Die.,AZ.,,1m18s
Darkness Rising,A Band In Hope,The Matches,,3m10s
Equals,This Will Be The Death Of Us,Set Your Goals,,3m23s
Revival,Halcyon Digest,Deerhunter,,2m14s
#716: Faith vs. Evidence,The Atheist Experience,Atheist Community of Austin,,58m27s
"Girls, Girls, Girls",MTV Unplugged,Jay-Z,,4m41s
Sleep,Economics II,Jim Gaffigan,,2m30s
me & dean,jj n° 2,jj,,2m42s
D-Boi (Interlude),Speakerboxxx/The Love Below,Outkast,,41s
familiar landscapes,Coming Home,New Found Glory,,3m20s
It's Warmer In The Basement,"While The City Sleeps, We Rule The Streets",Cobra Starship,,2m57s
Astronomy (8th Light),Mos Def & Talib Kweli Are BlackStar,Black Star,,3m25s
I Don't Care (Machine Shop Remix),Folie à Deux (Bonus Tracks),Fall Out Boy,,3m3s
America's Suitehearts,Folie A Deux,Fall Out Boy,,3m35s
Four Score And Seven,The Monitor,Titus Andronicus,,8m39s
Two Miles An Hour,The Red Light District,Ludacris,,4m46s
Only Heart,Heavier Things,John Mayer,,3m53s
Green Disease,The Ultimate Best Of Pearl Jam,Pearl Jam,,2m41s
Losing My Way,FutureSex/LoveSound,Justin Timberlake,,5m22s
Pull Out,"You're A Woman, I'm A Machine",Death From Above 1979,"Jesse F. Keeler, Sebastien Grainger",1m50.225s
Fall Out Boy - America's Sweethearts (demo/snippet),Welcome to the New Administration (mixtape number 60---),CitizensFOB Mixtape,Hosted & Mixed By Clinton Sparks,37s
Truth Kills Opposition (Love Tko),My Brain Is Alive,Charles Hamilton,C. Hamilton,4m34s
Who Not Me (feat. Small World & Dolla Boy),The Red Light District,Ludacris,,4m57s
Stick 'Em Up (feat. UGK),Back For The First Time,Ludacris,Bangladesh,5m5s
Dope Boys,Movie 3: The Burrprint!,Gucci Mane,,4m17s
Sarah Smiles,Vices & Virtues,Panic! At the Disco,,3m34s
Blew Job,The Tom Mark And Travis Show,Blink 182,,1m21s
Award Tour,The Anthology,A Tribe Called Quest,,3m28s
See You,Farm,Dinosaur Jr,J Mascis,5m48s
Yellow Ledbetter,The Ultimate Best Of Pearl Jam,Pearl Jam,,5m3s
Razorblade,First Impressions Of Earth,The Strokes,Julian Casablancas,3m29.281s
Intro - One Angry Dwarf And 200 Solemn Faces,Ben Folds Live,Ben Folds,"Folds, Ben",4m17s
#270 - The Instance: Blinking in the Mists,The Instance: World of Warcraft Podcast!,Scott Johnson,Scott Johnson,1h43m57s
Meet Me In The Pocket,Different Damage,Q And Not U,Q And Not U,4m31.766s
"Take, Take, Take",Get Behind Me Satan,The White Stripes,Jack White,4m23s
Our Deal,Crazy For You,Best Coast,Best Coast,2m8s
27 6Blocc - Ganja Farmer RMX.mp3,Disc E: The Nice Move,"Revealomatic - No Bull, More Halfstep",,2m28s
Spin The Black Circle,The Ultimate Best Of Pearl Jam,Pearl Jam,,2m50s
Let's Get It / Sky's The Limit,Let's Get It: Thug Motivation 101,Young Jeezy,G. Moroder,3m42.632s
Megaton B-Boy 2000 (feat. Alec Empire & EL-P of Company Flow),So... How's Your Girl?,Handsome Boy Modeling School,,4m59s
11:11,11:11,Rodrigo y Gabriela,,4m50s
Cross That Line (Feat. Akon),Port Of Miami,Rick Ross,,4m36s
Twilight,Basement Demos,Elliott Smith,Elliott Smith,4m2s
Cowboy Universal,Dubstep Collection 1,L Wiz,,5m44s
What Gets You Through The Night,Champion,The Audition,,4m25s
11 11 Believe in Me 1,Demi Lovato - Don't Forget,LanzamientosmMp3 & Mixermusic,,3m42s
Shitty Chicken Gang Bang,,,,1m17s
Martha My Dear,The Beatles [White Album] (Disc 1),The Beatles,John Lennon/Paul McCartney,2m28.747s
A Little Push,The Dark Knight,The Dark Knight,,2m43s
War In The Making,2009,Broken Note,,6m9s
Catastrophe,Underdog Alma Mater,Forever The Sickest Kids,,3m18s
Fancy Claps,Apologies To The Queen Mary,Wolf Parade,Wolf Parade,2m51s
Say Something feat. Drake (Instrumental),Say Something feat. Drake,Timbaland,,4m3s
I Don't Trust Myself (With Loving You),Continuum,John Mayer,,4m54s
Peter Frampton - Frampton Comes Alive  - 08 - I Wanna Go to the Sun.mp3,Frampton Comes Alive,Peter Frampton,,7m7s
Izzo (H.O.V.A.),The Blueprint,Jay-Z,,4m2s
I Don't Know,Hello Nasty,The Beastie Boys,Beastie Boys,3m0.372s
My Side of the Story,If You Speak Any Faster,June,,3m36s
Charity Case,The Odd Couple,Gnarls Barkley,,3m13s
Who Hotter Than Me,Definition Of Real,Plies,,3m28s
Dancing Choose,"Dear Science,",TV on the Radio,,2m56s
231,Fragile Future,Hawthorne Heights,,3m41s
Nothing We Say Leaves This Room,Pass The Flask,The Bled,,4m50s
Where Is Home?,A Weekend In The City,Bloc Party,"Kele Okereke, Russell Lissack, Gordon Moakes, Matt Tong",4m54.336s
Massive Attack Remix,http://salacioussound.com,Bassnectar,,4m13s
Intro [Acoustic Live],Acoustic At Tower Records (6/15/05),Motion City Soundtrack,,1m51s
Boy Brushed Red Living in Black & White,Bastard Lives Comp.,Underoath,,4m46s
Shame Shame,Heroine,From First To Last,,3m35.899s
Total Revenge,Live at The Chain Reaction,Max Bemis,,5m26s
Kesha - Tik Tok (Tom Nevilles ,2010,VA,,6m55s
My Time,OMNI,Minus the Bear,,4m5s
45:33 (Theo Parrish's Space Ca,45:33 Remixed,LCD Soundsystem,,7m56s
I Think I Love Her (Ft. Tyga & Shanell),No Ceilings [illRoots.com],Lil' Wayne,,4m1s
Bed,Daisy,Brand New,,3m11s
Dust In Gravity (radio edit),Dust In Gravity (CDM),Delerium Feat. Kreesha Turner,,3m37s
In Control,Dubstep Collection 4,El Haijn,,5m20s
We Built This City [November 1985],Knee Deep In The Hoopla,Starship,,4m59s
205 My Daughter's First Date,Shut Up You Fucking Baby!,David Cross,,5m17s
Telephone (Diggz DJ Friendly Mix) (No Beyonce Quick Hitter),,Lady Gaga,,2m30s
Belt (Demo),Is A Real Boy (demo),Say Anything,,4m20s
Clones,J. Period - Best Of The Roots,The Roots,J.Period,2m35s
"My Moves Are White (White Hot, That Is)",¡Viva La Cobra!,Cobra Starship,,3m56s
Ms. Fat Booty,Black on Both Sides,Mos Def,,3m44s
Feel Good INC.,DMS,Gorillaz ft. De La Soul,,2m50s
Get Real Get Right,The Age Of Adz,Sufjan Stevens,Sufjan Stevens,5m10s
Catharsis For The Buried,Doom EP,Job For A Cowboy,,1m
Behind The Sea,Pretty. Odd.,Panic At The Disco,,3m33.484s
Writer's Block,Writer's Block,Peter Bjorn And John,,16s
Do You Really Want To Hurt Me? [March 1983],Kissing to Be Clever,Culture Club,,4m29s
Rocketship,We Are Pilots,Shiny Toy Guns,,3m29s
Turn This Boat Around,Grand,Matt & Kim,,2m10s
Conjugal Burns,Bedlam in Goliath,The Mars Volta,,6m36s
Katrina The Levees Broke,What The Fuck Is A Jay Electronica,Jay Electronica,,4m45s
The Runaway Song (feat. DJ Kid Koala),So... How's Your Girl?,Handsome Boy Modeling School,,4m49s
It's Not My Fault (It's My Fault),LP,Discovery,,2m34s
I am somebody (paris version),Ed Rec Vol. 1,DJ Mehdi,,3m13s
Why Does It Always Rain On Me?,The Man Who,Travis,,4m25s
Chicago Is So Two Years Ago,String Quartet Tribute To Fall Out Boy,Fall Out Boy (String Quartet),,4m17s
See You Again (Miley Cyrus),demo,Audio Accident,,3m15s
Overtime - Episode #240 (Originally Aired 3/9/2012),Real Time with Bill Maher,HBO Podcasts,,8m57s
Rock Star (Intro),J. Period - Best Of The Roots,The Roots,J.Period,1m5s
Spaceship (ft. GLC & Consequence),The College Dropout,Kanye West,,5m25s
Just Dont Give a Fuck,The Slim Shady LP,Eminem,,4m4s
Growing Pains,La Roux,La Roux,,3m27s
047. Georg Friederich Händel - Wassermusik (HWV 348-350),Classical Music Top 100,VA,,4m45s
Song For Junior,Hello Nasty,The Beastie Boys,Eric Bobo/Mark Nishita/Jill Cunniff,3m49.807s
d'angelo left right mambo!,,,,4m48s
Everything Is Alright [Acoustic Live],Acoustic At Tower Records (6/15/05),Motion City Soundtrack,,5m33s
Summer's Gone,Dirty Acres,CunninLynguists,,1m50s
X Marks The Spot,Playing For Keeps,The Flipside,,3m24s
Uptown (Ft. Bun B),The Carter Meets The Cartel 2: Lil Wayne & Drake,Lil Wayne & Drake,,4m16s
Black Market Blood,Black Market Music,Placebo,,3m53s
Manifesto - Gabe Saporta,Manifestos,CitizensForOurBetterment.com,,23s
Take On The Word,King Of The Beach,Wavves,,2m43s
Bulletproof [DiscoTech Remix V3],,La Roux,,4m4s
Cassandra Geminni: A. Tarantism,Frances The Mute,The Mars Volta,Omar A Rodriguez-Lopez,7m41.357s
What u like feat. Amanda Blank & Einsten,Guns Don't Kill People... Lazers Do,Major Lazer,,2m26s
Living Loving Maid (She's Just A Woman),Led Zeppelin II,Led Zeppelin,,2m39s
Kisses Over Babylon,Up From Below - Get Free Music at RCRD LBL.com,Edward Sharpe & The Magnetic Zeros,,5m17s
Weezer vs Glass Candy - Buddy Holly's Imagination,The Mixtape Volume Four,The Hood Internet,"ABX, STV SLV",2m7s
Abused (Instrumental - Version 1),Either/Or Demos (Disc 2 of 2),Elliott Smith,,2m59s
Disco Vibrator,Dubstep Collection 5,Kanji Kinetic,,5m11s
"Mind, Drips",Psychic Chasms,Neon Indian,,3m10s
Hit Me With Your Best Shot [December 1980],Crimes of Passion,Pat Benatar,,2m52s
Mutt                          ,American Pie                  ,Blink 182                     ,,3m24s
Meat Grinder,Madvillainy,Madvillain,Madlib,2m12s
Misery Business (Instrumental),Riot! MVI DVD Tracks,Paramore,,3m32s
#253 - The Instance: Vivendi Gets VivSpendy,The Instance: World of Warcraft Podcast!,Scott Johnson,Scott Johnson,1h42m34s
Right Where We Left Off,,New Found Glory,,3m6s
Stressed Out,The Anthology,A Tribe Called Quest,,4m53s
Start To Melt,Writer's Block,Peter Bjorn And John,,2m16s
Ignorance,Brand New Eyes,Paramore,,3m37s
House of wolves,The Black Parade is Dead !,My Chemical Romance,,3m39s
"Die, Die My Darling",Collection,The Misfits,,3m9.614s
Bedford Ave,,Damion,,3m22s
Television Rules the Nation/Crescendolls,Alive 2007 [Deluxe Edition],Daft Punk,,14m55s
Wet Hot American Summer,Hot Mess (Deluxe Edition),Cobra Starship,,3m50s
Viva La Vida (Live),LeftRightLeftRightLeft,Coldplay,,5m24s
Philosophy (Inc Misirlou),Ben Folds Live,Ben Folds,"Folds, Ben",7m17s
That Is Why,Live at The Chain Reaction,Max Bemis,,4m48s
Price Of Gas,Silent Alarm,Bloc Party,,4m19.297s
Starter,Power,Boys Noize,,3m43s
Bizness,W H O K I L L,Tune-Yards,,4m26s
Free Fallin' (Tom Petty Cover),,Death Cab for Cutie,,4m23s
Getaway Car,None Shall Pass,Aesop Rock,I. Bavitz,3m15s
Things Aren't So Beautiful Now (Pt. I),Things Aren't So Beautiful Now,A Thorn for Every Heart,A Thorn for Every Heart,2m33s
The Waiting Makes Me Curious,The Always Open Mouth,Fear Before the March of Flames,,4m49s
The FADER Issue #75 Podcast,The FADER » PODCASTS,The FADER,,37m43s
Eye Of The Tiger [August 1982],Eye of The Tiger,Survivor,,4m4s
Welcome To Bangkok,The Devil And God Are Raging Inside Me,Brand New,Jesse Lacey,3m5.852s
P.Y.T. (Pretty Young Thing),Thriller 25,Michael Jackson,James Ingram/Quincy Jones,3m59s
Connection,Between The Buttons [US],The Rolling Stones,,2m10s
Like This,Feed The Animals,Girl Talk,,3m21s
Liar (It Takes One To Know One),Louder Now: Parttwo,Taking Back Sunday,,3m49s
I Turned Into a Martian,Collection,The Misfits,,1m43.955s
Blow It Out,Chicken N Beer,Ludacris,,4m5s
cd2 - 1984-1986.mp3,Get in the Van,Henry Rollins,Henry Rollins/Henry Rollins,51m59s
Soma,For Lack Of A Better Name,Deadmau5,,6m8s
Go Hard Or Go Home (Feat. The Federation),My Ghetto Report Card,E-40,,3m54s
Ride With Me,Country Grammer,Nelly,,4m51s
I Met a Girl,Season 2 Flight of the Conchords,Flight of the Conchords,,2m58s
Oh Oh,Jay Loves Japan,J Dilla,,3m10s
Death Of Seasons,Sing the Sorrow,AFI,AFI,3m59.235s
Bowie,Flight of the Conchords,Flight of the Conchords,,3m15.674s
Space Ugly,This Is Dubstep Vol.2,Ikonika,,5m27s
Death of an Interior Decorato,Transatlanticism,Death Cab for Cutie,,2m57s
Love Defined,Yip/Jump Music,Daniel Johnston,,57s
Alias,Sky Eats Airplane,Sky Eats Airplane,,5m43s
Yesterday's Feelings,In Love And Death,The Used,The Used,2m48.251s
Funeral Moon,Sleep Without Dreams,2*Sweet,,3m24s
Hunting Bears,Amnesiac,Radiohead,,1m59s
The Rush,The Shade Of Poison Trees,Dashboard Confessional,,3m51s
She Drives Me Crazy [April 1989],The Raw & The Cooked,Fine Young Cannibals,,3m39s
The Times They Are A-Changin',The Essential: Bob Dylan,Bob Dylan,Bob Dylan,3m15.883s
"Out Of Style, Out Of Touch",Tear The Fences Down,Eulogies,Peter Walker,3m4s
Black And White w/Timboc King,"Die, Rugged Man, Die",R.A. the Rugged Man,D. Horwitz/R. Thorburn/T. Drayton,3m44s
Kitty Litter,We Come In Pieces,Placebo,,3m48s
Yes Yes Y'All,Big Willie Style,Will Smith,,4m23s
Bon Iver vs Friendly Fires vs Aeroplane - Lump Sum Of Paris,The Mixtape Volume Four,The Hood Internet,"ABX, STV SLV",2m17s
I Want to Know Your Plans,...Is A Real Boy,Say Anything,Max Bemis,5m13s
Junk Bond Trader (Live),Place Pigalle Demos,Elliott Smith,,3m42s
It Smells Like Electricity In Here,Houston We Have A Party,Powerspace,,2m41s
New Millenium Homes,The Battle Of Los Angeles,Rage Against The Machine,Rage Against The Machine,3m44.931s
The FADER #78 Podcast,The FADER » PODCASTS,The FADER,,25m37s
Let The Beat Build (Produced By Kanye West & Deezle),Tha Carter 3,Lil Wayne,,5m9s
02- Notorious B.I.G - Big Poppa,,,,1s
Spin,Louder Now: Parttwo,Taking Back Sunday,,3m57s
3-california.soul_diplo.remix,,,,4m9s
The Feel Good Drag,Never Take Friendship Personal,Anberlin,,3m25s
IX: Alaska,Idea Soundtrack,Idea,,4m7s
December 4th,The Grey Album,DJ Danger Mouse,"John Lennon, Paul McCartney, Jay-Z",3m37s
Accordian,Madvillainy,Madvillain,Madlib,1m59s
We Have All We Ever Wanted,See Mystery Lights,YACHT,,4m14s
Whoa,All We Know Is Falling,Paramore,,3m21.804s
Nothing's Gonna Hold Us Down,Nothing's Gonna Hold Us Down (2 Song Sampler),Danger Radio,,3m30s
Holiday,Weezer,Weezer,Rivers Cuomo,3m24.985s
Flagpole Sitta,Pop Volume II,Chiodos,Punk Goes...,3m39s
"I Didn't Say I Was Powerful, I Said I Was A Wizard",Equal Vision/Rise Records 2008 Sampler,Chiodos,,4m10s
America's Suitehearts (South Rakkas Remix),Folie à Deux (Bonus Tracks),Fall Out Boy,,3m41s
Seed,Sublime,Sublime,Sublime,2m10s
Kick Push Part 2,Xtreme,Lupe Fiasco,,5m10s
103 'You Go Girl!',Shut Up You Fucking Baby!,David Cross,,2m29s
Definition Of Beautiful,Saxophonic,Dave Koz Feat. Javier,Carl Sturken/Evan Rogers,4m56.518s
Uzi (Pinky Ring),Legend Of The Wu-Tang,Wu-Tang Clan,RZA,5m17.741s
MDWWR #72 Kassiano Baile Funk Mix 2011,Mad Decent Worldwide Radio,diplo/mad decent,,30m20s
All the Way Turnt Up,All the Way Turnt Up (feat. Soulja Boy Tell'em) - Single,Roscoe Dash,Roscoe Dash,4m55.334s
"Surprise, Surprise",Somebody's Gonna Miss Us,The Starting Line,,4m2s
Alice Practice,Crystal Castles,Crystal Castles,,2m41s
Pop Shit - Dirt McGirt & Pharrell,Neptunes Present... Clones,The Neptunes,The Neptunes,3m39s
Fold Your Hands Child,Hot Mess (Deluxe Edition),Cobra Starship,,3m14s
Love Of My Life (Remix),J. Period - Best Of The Roots,The Roots,J.Period,1m29s
Strange Magic (7' Edit),Light Years,Electric Light Orchestra,,4m10s
Finger & Kadel - Laut (Bigroom Radio Mix),,www.just4dance.fw.hu,www.just4dance.fw.hu,3m28s
Door Deal,Do You Believe In Gosh,Mitch Hedberg,,2m29s
Hammers and Strings (A Lullaby) [Live],iTunes Live from SoHo - EP,Jack's Mannequin,,4m40.241s
I Don't Think I'm Ever Gonna Figure It Out,Grand Mal: Studio Rarities,Elliott Smith,,1m56s
I'd Be a Dead Boss,"Talk Is Cheap, Vol. 1",Henry Rollins,,1m57s
Backwards,What's To Come EP,The Hoodies,Dan Armbruster/Joey Morinelli/Paul Brenner/Brandon Desormeaux,3m10s
Homewrecker,Avocado EP,Hellogoodbye,,2m43s
Tapinha,Rio Baile Funk - Favela Booty Beats,Baile- Favela On Blast,,2m33s
Shaolin Worldwide,Legend Of The Wu-Tang,Wu-Tang Clan,Allah Mathematics,4m3.716s
"Harder, Better, Faster, Stronger (Alive 2007)","Harder, Better, Faster, Stronger (Alive 2007)",Daft Punk,,3m31s
Daft Punk Is Playing At My House,LCD Soundsystem (Disc 1),LCD Soundsystem,,5m17s
Addicted,,Simple Plan,,3m54s
At the Bottom,At the Bottom - Single,Brand New,Jesse Lacey & Vincent Accardi,4m4.877s
SModcast 142: Live Nude Fargo 2,SModcast - SModcast.com,Kevin Smith & Scott Mosier,,1h4m5s
Molly Makeout,Off The Deep End,The Friday Night Boys,,3m31s
Take Me To The Town,Chasing Hamburg,Polar Bear Club,,3m35s
"Baby Girl, I'm a Blur",In Defense of the Genre,Say Anything,,4m21s
Cities And Years,The Big Dirty,Every Time I Die,Every Time I Die,2m57s
Powerlight,"Blood, Sweat & Tears",Mr. Flash,,3m22s
Sick Little Suicide,E. Von Dahl Killed the Locals,The Matches,Harris/Mike Harwood/San Souci/The Matches,4m17s
This is how i disappear,The Black Parade is Dead !,My Chemical Romance,,3m51s
Intro,Straight to DVD,All Time Low,,1m30s
Let's Build a Home,De Stijl,The White Stripes,Jack White/Meg White,1m58s
#744: The failure of prayer,The Atheist Experience,Atheist Community of Austin,,58m12s
Episode 268 - Jon Glaser,WTF with Marc Maron Podcast,Marc Maron,,1h32m52s
Miami,Big Willie Style,Will Smith,,3m18s
Independent Kill,Lazerproof,Major Lazer & La Roux,,2m55s
zulu warchant rmx,,bambatta,,4m10s
Best Rapper Alive,2006,Lil Wayne,,4m24s
Brooklyn,Black on Both Sides,Mos Def,,5m10s
Sleeping With Ghosts,Sleeping With Ghosts,Placebo,Placebo,4m39s
In My Teeth,Mean Everything To Nothing,Manchester Orchestra,,4m42s
Theatrics,2009,VersaEmerge,,39s
Dream Within A Dream,Inception (OST),Hans Zimmer,,5m4s
Coka Moschiach (Feat. Raekwon The Chef) (Prod. By Ill Bill),The Hour Of Reprisal,Ill Bill,,2m32s
Sweat The Battle Before The Battle Sweats You,The Same Old Blood Rush With A New Touch,Cute Is What We Aim For,Cute Is What We Aim For,2m52.292s
Throw Some D's In Your Life,Dirty South Dance CD,A-Trak,,2m13.932s
Ritmo Playaz ft Inusa Dawuda - Don t Go  (Miguel Vargas Original Club House Mix),,www.just4dance.fw.hu,www.just4dance.fw.hu,5m59s
Trap Goin' Crazy,Movie 3: The Burrprint!,Gucci Mane,,4m8s
13 Dont Be Afraid,I Want You,Theophilus London,,3m23s
Keep It Hood,Real Recognize Real,Project Pat,,4m36s
Black Coffee Blues (Geneva),Black Coffee Blues,Henry Rollins,,9m10.754s
"What Did I Ever See in Him? (Chita Rivera, Susan Watson)",Bye Bye Birdie! - Original Broadway Cast,"Susan Watson,Chita Rivera,Dick Van Dyke,Dick Gautier,Paul Lynde,Michael J. Pollard,Kay Medford","Lee Adams, Charles Strouse",1m56s
Blush,Playing For Keeps,The Flipside,,3m44s
"Living The Life (Featuring Snoop Dogg, Faith Evans & Cheri Den)",Release Therapy (Advance),Ludacris,,4m30s
Too Many Dicks (On The Dance Floor),2009 - I Told You I Was Freaky,Flight Of The Conchords,,2m29s
I've Got A Feeling,Sing It Loud,Sing It Loud,,2m53s
juelz  santana & just blaze - the second coming,,Just Blaze,,3m32s
The Heart Of Life,Where The Light Is Live In Los Angeles [Disc 2],John Mayer,John Mayer,3m40s
We Say Summer,The Party Scene,All Time Low,,3m7s
Hopeless (feat. Trick Daddy),The Red Light District,Ludacris,,5m6s
Pretty (Ugly Before),From a Basement on the Hill,Elliott Smith,Elliott Smith,4m45s
"Sorry, Dudes. My Bad.",In Defense Of The Genre,Say Anything,,2m43s
Embrace The Martian,Mad Kidz,Crookers,,3m42s
Hard To Concentrate,Stadium Arcadium ,Red Hot Chili Peppers,,4m3s
Lights and Music- USE jamin four to the floor,In Ghost Colours (UK Edition),Cut Copy,,4m38s
Disney Dollars,For What It's Worth,Dave Chappelle,,3m33s
Fine For Now,Veckatimest,Grizzly Bear,,5m33s
Mirror in the Sky,Atlantis: Hymns for Disco,k-os,,3m21.92s
Z,Lambs Anger,Mr. Oizo,,4m12s
Perfect Situation,Make Believe,Weezer,Rivers Cuomo,4m14.397s
Summer Smoke,Night Ripper,Girl Talk,,2m18s
Who Gon Stop Me,Watch the Throne  (Deluxe Version),Jay-Z and Kanye West,"Kanye West, Shawn Carter, Shama Joseph, Mike Dean, Maurice Simmonds & Joshua Kierkegaard",4m17s
Happy,Seeing Sounds,N.E.R.D.,,4m36s
Your Love,Take It to the Floor,Cash Cash,"Jean Paul Makhlouf, Alexander Luke Makhlouf, Samuel Frisch & Anthony Villacari",2m55.566s
I'm A DBoy Ft. Birdman,2006,Lil Wayne,,3m51s
Don't Start A Band,Greatest Hit And More,Reel Big Fish,,3m21s
"Episode 121, Dec. 7, 2011",World of Warcast: A World of Warcraft Podcast,Starman and Lindyen,Starman,1h38m52s
The Witching Hour,Gemini,Wild Nothing,,4m12s
Black Wave,Wincing the Night Away,The Shins,,3m19s
Mike Candys & Jack Holiday - Push the Feeling On (Electro Vectro Remix),Top 100 Club & Party (11.11.2009),WwW.LanzaMp3.CoM,,5m22s
Alive,The Ultimate Best Of Pearl Jam,Pearl Jam,,5m41s
"Terry's Taco Stand, USA: ""I'm getting tired of giving you advice that you're not taking.""",The Gonzo Tapes [Disc 2] : Fear and Loathing in Las Vegas,Hunter S. Thompson,,21m20s
Tha Hood,Gun Shot Tapes Presents - Papo,Papoose,,3m35s
Don't Let The Sun Go Down On Me,Greatest Hits 1970-2002 [Disc 1],Elton John,Bernie Taupin/Elton John,5m38.082s
TriangleCircleSquare,Get Sharp,The Limousines,,2m36s
The Lemon Song,Led Zeppelin II,Led Zeppelin,,6m20s
#755: April Fools,The Atheist Experience,Atheist Community of Austin,,58m33s
It Never Ends,It Never Ends - Single,Bring Me the Horizon,,4m34.134s
"Drivin' Down The Block (Remix) (feat. Pusha T, Bun B & The Cool Kids)",The In Crowd,Kidz In The Hall,,4m
Little Maggots,Decomposer,The Matches,,2m45s
Walking on a Dream (Treasure Fingers Mix),,Empire of the Sun,,5m26s
things will never be the same again,jj n° 2,jj,,3m34s
Doctor,Rotation,Cute Is What We Aim For,,3m9s
Hold'On,Citizen Cope - Citizen Cope,Citizen Cope,,6m27s
The Fame,The Fame,Lady GaGa,,3m43s
(Don't Fear) The Reaper,Some Enchanted Evening,Blue Oyster Cult,,6m11s
Me & The Moon,North,Something Corporate,,4m11.982s
Sweetness (Studio Demo),Clarity,Jimmy Eat World,,3m40s
Waters of nazareth,Ed Rec Vol. 1,Justice,,4m28s
Let Her Go,In With The Out Crowd,Less Than Jake,,2m24s
"One Toke Over The Line: ""What we should do is just call the Free Press.""",The Gonzo Tapes [Disc 2] : Fear and Loathing in Las Vegas,Hunter S. Thompson,,2m4s
Live From The PJ's,J. Period - Best Of The Roots,The Roots,J.Period,2m19s
Rubadub Shakedown (Feat. Rod Azlan),O.M.G.!,Rusko,,3m39s
I Will,Hail To The Thief,Radiohead,,2m25s
All Arise!,The King Is Dead,The Decemberists,Colin Meloy,3m10s
Html Rulez D00d,Equal Vision/Rise Records 2008 Sampler,The Devil Wears Prada,,3m45s
Glass Onion,The Beatles [White Album] (Disc 1),The Beatles,John Lennon/Paul McCartney,2m17.949s
Bubble & Squeak,Dubstep Collection 8,High Rankin feat. GYTO,,3m43s
Raise Your Weapon,4x4=12,deadmau5,,9m49s
Protagonists,Felt 3 (A Tribute To Rosie Perez),Felt (Slug & Murs),,3m41s
Sophmore Slump Or Comeback Of The Year,From Under The Cork Tree,Fall Out Boy,Fall Out Boy,3m23.801s
Oceans,Live At The Mayan Theatre,The Format,,5m16s
Kaylah Marin - On The Floor (Oh Baby Please) (Josh Harris Club Mix),,www.just4dance.fw.hu,www.just4dance.fw.hu,6m56s
The Old Fisher Burial Ground,Chasing Hamburg,Polar Bear Club,,3m46s
The Carter Meets The Cartel 2 (Outro),The Carter Meets The Cartel 2: Lil Wayne & Drake,The Cartel,,26s
Cops And Robbers,King Vs Queen,Brighten,,3m7s
We'll Be A Dream (Feat. Demi Lovato),Smile Kid (Deluxe Edition),We The Kings,,3m53s
Turn Me On,This Is Dubstep Vol.2,MRK2,,4m41s
My Sleep Pattern Changed,The Room's Too Cold,The Early November,,3m36.363s
Retaliation Is A Must (Feat. MDDL FNGZ),Trill,Bun-B,,3m49s
Hum Hallelujah,Infinity On High,Fall Out Boy,,3m51s
Exotic Talk,Since We Last Spoke,RJD2,,3m44s
Dismissed,Ed Rec Vol. 2,Uffie,,3m48s
Episode #240 (Originally Aired 3/9/2012),Real Time with Bill Maher,HBO Podcasts,,57m38s
Back Home,2007,Blue Scholars,,5m13s
Fast Jabroni,Astrocoast,Surfer Blood,,3m4s
Lost!,Viva La Vida Or Death And All His Friends (Japan Edition),Coldplay,,3m56s
I Want To,Crazy For You,Best Coast,Best Coast,2m46s
Road Rage,Tounge N' Cheek,Dizzee Rascal,,3m16s
What Can I Do,Liberation,Talib Kweli & Madlib,,2m18s
Orbit Brazil,1983,Flying Lotus,,2m41s
There Is A Light That Never Goes Out,The Queen Is Dead,The Smiths,Marr/Morrissey,4m3s
On The Block #2,Tha Carter II,Lil Wayne,D. Carter,26.029s
FOREVER (HEDSPIN RAP EDIT),,DRAKE FEAT KANYE WEST & LIL WAYNE ,,3m23s
I Can't Quit You Baby,Led Zeppelin,Led Zeppelin,,4m16s
West Coast Smoker,Folie A Deux,Fall Out Boy,,2m46s
Uprising,The Resistance,Muse,,5m7s
Behold a Lady,Speakerboxxx/The Love Below,Outkast,,4m37s
Incredibad,Incredibad,The Lonely Island, ,2m54s
Yearbook Club: Boys In Bands,As Cruel As School Children,Gym Class Heroes,,55s
When I Go Out,Ritual Union,Little Dragon,,6m2s
A Horse Is Not a Home,Miike Snow,Miike Snow,,4m12.563s
Rats,,Say Anything,,4m55s
I Can Feel A Hot One,Mean Everything To Nothing,Manchester Orchestra,,4m21s
That Girl,Dirty Work,All Time Low,,3m32s
Hip Hop Quotables,Chicken N Beer,Ludacris,Eric Sermon,3m10s
The Dope Show,Mechanical Animals,Marilyn Manson,Marilyn Manson/Twiggy Ramirez,3m49s
Nightstylers feat Marcella Woods - Nobodys Fool (12 Inch Club Mix),,www.just4dance.fw.hu,www.just4dance.fw.hu,9m4s
Nowhere Fast,Meat is Murder,The Smiths,Johnny Marr/Morrissey,2m37.036s
Fireworks (featuring Alicia Keys),Thank Me Later,Drake,,5m14s
When Love Takes Over,One Love,David Guetta Feat. Kelly Rowland,,3m12s
Brooklyn Zoo,Return To The 36 Chambers: The Dirty Verson,Ol' Dirty Bastard,,3m41s
Stop The World,Here We Go Again,Demi Lovato,,3m34s
Fierce Darts,Dubstep Collection 2,Innerlign,,6m4s
Bad Selection,4x4=12,deadmau5,,4m41s
Nocturne in G Op.37 No.2 - Andantino,Chopin - The Nocturnes (Disc 2),Maurizio Pollini,,5m54.638s
Episode 197 - Andrew Dice Clay / Max Silverstein,WTF with Marc Maron Podcast,Marc Maron,,1h23m40s
First Time,So This Is Goodbye,Junior Boys,,5m27s
Junk Bond Trader (Instrumental),Place Pigalle Demos,Elliott Smith,,3m43s
We Chose The King,King Vs Queen,Brighten,,3m22s
Trooper,Power,Boys Noize,,5m43s
Undeniable,Saxophonic,Dave Koz Feat. Bobby Caldwell,Jeff Lorber,4m13.469s
Across The Universe,Let It Be,The Beatles,,3m50s
Track 10,,,,3m28.074s
I'm Not Okay *I Promise*,Three Cheers For Sweet Revenge,My Chemical Romance,,3m8.569s
Relinquished,Doom EP,Job For A Cowboy,,4m52s
Pas De Cheval,Pretty. Odd.,Panic At The Disco,,2m39.451s
I'm Hoping You'll Stay Around,Season 2 Flight of the Conchords,Flight of the Conchords,,3m17s
Fragma - Toca's Miracle 2010 (Malesh Vocal Mix),,www.just4dance.fw.hu,www.just4dance.fw.hu,5m24s
Going Through Hell (Diplo Remix),www.maddecent.com,The Streets,,4m20s
Speed Trials,Either/Or Demos (Disc 1 of 2),Elliott Smith,Elliott Smith,3m
Word Of Mouf (Freestyle)(feat. 4-Ize),Word Of Mouf,Ludacris,,2m12s
Number Five With A Bullet,Where You Want To Be,Taking Back Sunday,Taking Back Sunday,3m49.668s
You Are a Tourist,Codes and Keys,Death Cab for Cutie,,4m47s
I May Be Rude But I'm the Truth,Hot Mess (Deluxe Edition),Cobra Starship,,3m11s
Swing Tree,LP,Discovery,,2m38s
Anything Is Possible,This Providence,This Providence,,3m19s
Make Out Kids,Commit This To Memory,Motion City Soundtrack,Motion City Soundtrack,3m4.784s
%*&@#,E. Von Dahl Killed the Locals,The Matches,,3m41s
Taste In Men,Black Market Music,Placebo,,4m15s
Moby Dick,Led Zeppelin II,Led Zeppelin,,4m21s
Strawberry Fields Forever,Magical Mystery Tour,The Beatles,,4m12s
I'd Hate To Be You When People Find Out What This Song Is About,A Lesson In Romantics,Mayday Parade,,4m3s
Bike Scene,Tell All Your Friends,Taking Back Sunday,Neil Reubenstein,3m35.457s
You Cant Touch Me (feat. Lee Harvey & Nako),Exclusive Audio Footage,Clipse,,4m55s
Pigs Is Pigs,The Big Dirty,Every Time I Die,Every Time I Die,2m40s
Cat Diesel,Atlantis: Hymns for Disco,k-os,,3m44.769s
Hip Hop,Black on Both Sides,Mos Def,,3m16s
Grounded For Life,My Brain Is Alive,Charles Hamilton,C. Hamilton,4m47s
Say Yeah (Radio Edit),Say Yeah,Wiz Khalifa,,3m47s
Calling America,Light Years,Electric Light Orchestra,,3m29s
Best Of Me,Somebody's Gonna Miss Us,The Starting Line,,4m30s
Bounce That,Night Ripper,Girl Talk,,3m24s
Marius,Think Tank,Henry Rollins,,15m20.253s
i will not apologize (featuring p.o.r.n. & dice raw),Rising Down,The Roots,,4m38s
New M.I.A. Song,2009,Death To The Throne,,3m12s
Hey I Recognize You!,Live At Luna Park,Henry Rollins,,6m45s
Blue Lips,Far,Regina Spektor,,3m32s
Jay and Silent Bob Get Old 57: Mewes Don't Know How It Feels,Jay and Silent Bob Get Old - SModcast.com,Jason Mewes and Kevin Smith,,1h13m56s
Silver Rocket,Daydream Nation,Sonic Youth,Sonic Youth,3m47s
Boxes,Chasing Hamburg,Polar Bear Club,,3m36s
Born For This,"Live at Norwegian Wood - June 14, 2008",Paramore,,4m31s
Walkinonit,Donuts,J Dilla,,1m15s
Wassup Wassup feat Rye Rye - Bart B More Remix,Blow Your Head,Diplo,,6m34s
So Ambitious (feat. Pharrell) ,The Blueprint 3 [Soul Assassin Special Edition],Jay-Z,,4m12s
"This Ain't A Scene, It's An Arms Race (Live)",Leaked In London EP,Fall Out Boy,,3m26s
All I Need,Chautaqua,The Willowz,,3m8s
Someone's Second Kiss,Since We Last Spoke,RJD2,,4m29s
She Sonnet,Felt 3 (A Tribute To Rosie Perez),Felt (Slug & Murs),,3m43s
Tell That Mick He Just Made My List Of Things To Do Today (AOL Live),Live @ The Roxy,Fall Out Boy,,3m23s
A Better Tomorrow - Kool Keith,A Much Better Tomorrow,Dan the Automator,Dan the Automator/Kool Keith,5m57s
A Diamond And A Tether,The Open Door EP,Death Cab for Cutie,,3m58s
Take A Look Around,Chautaqua,The Willowz,,3m28s
I'm Bound to Pack It Up,De Stijl,The White Stripes,Jack White/Meg White,3m10s
Allergic (To Thoughts Of Mother Earth),Without You I'm Nothing,Placebo,,3m49s
Self-Control (Acoustic),Guilt By Association Vol. 2,The Bloodsugars,,4m
Boombox (feat. Julian Casablancas),Incredibad,The Lonely Island, ,3m13s
The Only Diference Between Martyrdom And Suicide Is Press Coverage,Snakes On A Plane: The Album,Panic! At The Disco (Tommie Sunshine Brooklyn Fire Remix),,3m36s
Safe To Say,We All Need A Reason To Believe,Valencia,,3m21s
Kiss (House Remix/Jason Bee Edit),2009,Dave Kurtis vs Prince,,3m15s
Shifty,1983,Flying Lotus,,1m29s
Stay Together For The Kids,Take Off Your Pants And Jacket,blink-182,blink-182,3m59s
Don't Close Your Heart,Deep Shadows And Brilliant Highlights,H.I.M.,Ville Valo,4m38.755s
Everyone You Know,Cars,"Now, Now Every Children",,2m40s
Crazy mothafuckas,Ed Rec Vol. 1,Krazy baldhead,,4m17s
Summer Song,Wish You Were Here - Love Songs For New York,Atmosphere,,4m22s
Get Dirty [Feat Chamillionaire],Double Up,R. Kelly,,3m56s
Plenty Money,Da REAList (Deluxe Version),Plies,,3m54.684s
Say Goodbye,Chris Brown,Chris Brown,,4m44s
Place Pigalle,Place Pigalle Demos,Elliott Smith,,2m36s
Lady In A Blue Dress,Let It Enfold You,Senses Fail,,3m18.089s
"Sister, Do You Know My Name?",De Stijl,The White Stripes,Jack White/Meg White,2m52s
Lars Von Sen,Lambs Anger,Mr. Oizo,,1m24s
The Shower Scene,Your Favorite Weapon,Brand New,,2m27s
the Sun and the Moon,"Brother, Sister",mewithoutYou,,5m17s
Self-Control,Guilt By Association Vol. 2,The Bloodsugars,,4m21s
Blame Game (feat. John Legend),My Beautiful Dark Twisted Fantasy,Kanye West,,7m51s
Make You Feel Better,Stadium Arcadium ,Red Hot Chili Peppers,,3m52s
Morning Light,Album,Girls,Www.DepoDepo.Fr By Orko61,2m38s
Sex Planet,Double Up,R. Kelly,,5m35s
Summer Holiday,Gemini,Wild Nothing,,4m12s
033. Charles-François Gounod - Ave Maria.mp3,Classical Music Top 100,VA,,2m32s
The Boy's No Good,Jersey's Best Dancers,Lifetime,,1m12.887s
Fluxy,The Room's Too Cold,The Early November,Arthur Enders/Early November,3m29.606s
Cirez D Vs. Axwell - Feel the,Electro House Music Remixes-WE,VA,,9m8s
Do The Oz,Plastic Ono Band,John Lennon,Yoko Ono,3m8s
In Defense Of The Genre,In Defense Of The Genre,Say Anything,,4m3s
Warm Me Up,Champion,The Audition,,3m33s
I Am Down,About Love,Plastiscines,"Plastiscines, Jake Sinclair & Butch Walker",4m11s
018 Jakes - Calypso,,,,5m35s
Home,This Is Happening,LCD Soundsystem,,7m53.338s
Batty boyz,Born like this,DOOM,,3m16s
Almost Over,Grand Mal: Studio Rarities,Elliott Smith,,2m2s
Paper Trail (feat. Phonte),The In Crowd,Kidz In The Hall,,3m55s
Patrick,If You Speak Any Faster,June,,3m29s
"Intro / Just Got Paid, Lets Get Laid","Just Got Paid, Lets Get Laid",Millionaires,,4m11s
Handshake Meets Pokerface,GNV FLA,Less Than Jake,,2m44s
Pan Pipes,2009,Benny Page,,5m5s
Nothing to Worry About,Living Thing,Peter Bjorn and John,,2m57s
"Almost There, Going Nowhere",Somebody's Gonna Miss Us,The Starting Line,,3m35s
079 Jsaxton - Say Something (Jsaxton Rmx),,,,4m41s
It's Far Better To Learn,Saosin,Saosin,,3m56s
(Instrumentals) Kanye West - Diamonds Are Forever,,Kanye West,,2m21s
"Young, Loud, And Scotty",Jersey's Best Dancers,Lifetime,Lifetime,1m59s
Monkey Pussy,For What It's Worth,Dave Chappelle,,2m37s
Peter Frampton - Frampton Comes Alive  - 11 - Shine On.mp3,Frampton Comes Alive,Peter Frampton,,3m35s
Tell That Mick (Live),Q101 Twisted 12,Fall Out Boy,,3m30.07s
na nanana,Shared,Dj K-Swift,,2m14s
Stop What You’re Doing (James Blake Remix),Blow Your Head Volume 1: Diplo Presents Dubstep,Untold,,3m48s
Steadier Footing,The Photo Album,Death Cab For Cutie,Ben Gibbard,1m47.485s
One Love (Chuckie & Fatman Scoop Remix),DailyTunez.com,David Guetta feat. Estelle,DailyTunez.com,8m6s
Jingling,The Bake Sale,The Cool Kids,,2m47.601s
Solta O Frango,"Decent Work For Decent Pay, Collected Works Volume One",Diplo,,2m17s
Barbarism Begins At Home,Meat is Murder,The Smiths,Johnny Marr/Morrissey,6m57.587s
Word Up (feat. Ghostface Killah),Fist of God,MSTRKRFT,,3m51.108s
I Don't Mind If You Forget Me,,Morrissey,,3m18s
Homecoming,Controller,Misery Signals,,5m11s
Jesus Walks,Late Orchestration,Kanye West,,3m15s
Chicago Dance Remix,Other,Fall Out Boy,,2m24s
Head,The Understanding (Disc 2),Röyksopp,,5m4s
Wasnt Born (Prod By The Runners),The Carter Meets The Cartel 2: Lil Wayne & Drake,Lil Wayne & Drake,,1m54s
Love Her Madly,The Best of The Doors,The Doors,,3m19s
Amanda Blank vs VEGA - No Reasons To Like You Better,The Mixtape Volume Four,The Hood Internet,"ABX, STV SLV",1m57s
Shame On Me (Yuksek Remix),Shame On Me Remixes,Amanda Blank,,4m51s
When Love Takes Over (Electro Extended),xrnb.net,David Guetta,,8m20s
Dancing With The One-Legged...,Smells Like Children,Marilyn Manson,,46s
Stonehearted Man (Demo),Avalon,Anthony Green,,4m6s
Snakes On A Plane (Bring It),AOL Sessions Under Cover,Cobra Starship,,3m27s
There's Always Someone Cooler Than You,Sunny 16,Ben Folds,,4m16s
Into The Night,,Say Anything,,3m48s
The Spider And The Lamps,Razia's Shadow: A Musical,Forgive Durden,,5m10s
Hard (Jump Smpoker Remix/No Rap),DMS,Rihanna,,1m40s
Shake A Fist (Diplo Remix),"Decent Work For Decent Pay, Collected Works Volume One",Diplo,,4m6s
Australia,Wincing the Night Away,The Shins,,3m57s
Get Back,The Red Light District,Ludacris,,4m31s
Slow Down,Almost Here,The Academy Is...,The Academy Is...,4m2.137s
King's Crossing,From a Basement on the Hill,Elliott Smith,Elliott Smith,4m57s
Mulher Coca Cola,Rio Baile Funk - Favela Booty Beats,Baile- Favela On Blast,,2m10s
Pillmatic,The Papercut Chronicles,Gym Class Hereos,,3m14s
Young Forever (feat. Mr. Hudson),The Blueprint 3 [Soul Assassin Special Edition],Jay-Z,,4m14s
Pet Monster Shotglass,1983,Flying Lotus,,6m40s
Someday,Sainthood,Tegan & Sara,,2m58s
Magical World,http://salacioussound.com,Bassnectar,,5m8s
Waiting For A Train,Inception (OST),Hans Zimmer,,9m30s
Where The Sidewalk Ends,3D,I See Stars,,2m58s
Snoop Dogg Feat. Pharrell - Drop It Like It's Hot (Instrumental),Ain't Doin' Dis Shit Fa' Nothin' Vol. 1,Instrumentals,,4m31s
Echoes [DFA Edit],DFA Compilation #2 [Disc 3],The Rapture,Rapture,1m21s
On To the Next One (feat. Swizz Beatz) ,The Blueprint 3 [Soul Assassin Special Edition],Jay-Z,,4m17s
Close My Eyes,Live At Stubb's,Matisyahu,,4m24.661s
Live Last - SCREAM AND SHOUT - DUB REMIX,Myspace,Skrillex,,3m48s
Shivering Fawn,Tripper,Fruit Bats,,3m51s
King Leon,DOPEHOOD.COM,Drake,DOPEHOOD.COM,1m36s
Hell To Sell,Champion,The Audition,,3m49s
For Whom the Bell Tolls,Curb Your Enthusiasm,Gianni Ferrio,,1m4s
Acting,Strategic Grill Locations,Mitch Hedberg,,3m
Problèmes d'Amour,Infinity +1,Alexander Robotnick,,3m8s
Bada Bing! Wit A Pipe!,Rise Or Die Trying,Four Year Strong,,3m22s
Fly Union feat. 6th Sense - Bonike Applebaum Remix,Just Do It: A Mixtape Ode To Nike,6th Sense & Mick Boogie,,4m7s
073 Doctor P - Rasputin'S Gold (Original),,,,5m58s
Wet Hair,Post-Nothing (Promo),Japandroids,Japandroids,3m13s
Paper Thin Hymn,Never Take Friendship Personal,Anberlin,,3m16s
Burning Down The House,Classic MTV - Class of 1983 .,Talking Heads,,4m5s
Asian Girl (feat 9thmatic),Fornever,Murs and 9th Wonder,,3m38s
Working Together (Boys Noize Dub Mix),Infinity +1,Gonzales,,2m48s
Memories Of 3rd Base,This Is Dubstep Vol.2,Skream,,4m48s
She,The Very Best Of Elvis Costello [Disc 1],Elvis Costello,Aznavour/Kretzmer,3m5.922s
When Your Heart Stops Beating,When Your Heart Stops Beating,+44,"Mark Hoppus, Travis Barker",3m12.841s
023 Gemmy - Grime Baby,,,,5m5s
Pulsedriver - Superstar (DJs From Mars Remix),,www.just4dance.fw.hu,www.just4dance.fw.hu,5m36s
Dirty Talk (2009),,[mp3ex.net]Wynter Gordon feat. David Guetta,,3m18s
High Definition,Blow: The 'I Can't Feel My Face' Prequel,Juelz Santana & Lil Wayne,,2m23s
Father Speaks,So... How's Your Girl?,Handsome Boy Modeling School,,1m28s
The Chip,Hi-Teknology 2: The Chip,Hi-Tek,,1m43s
Chemical Reaction,This Is Dubstep Vol.2,Fused Forces,,5m4s
Days Before You Came,Black Market Music,Placebo,,2m33s
My Lovely Outro,Dirty South Dance CD,A-Trak,,2m55.589s
No Life,Place Pigalle Demos,Elliott Smith,,4m34s
First Time feat Baatin and The Ruckazoid,Jay Loves Japan,J Dilla,,2m29s
In Regards To Myself,"Survive, Kaleidoscope",Underoath,,3m2s
Running,Transistor,311,D. Martinez/T. Mahoney,3m43.329s
One,Supreme Clientele,Ghostface Killah,,3m46s
Zzzzz,Whisper War,The Cab,,3m39s
The Missing Piece,Razia's Shadow: A Musical,Forgive Durden,,4m46s
This Celluloid Dream,Sing the Sorrow,AFI,AFI,4m11.866s
The End,The Black Parade,My Chemical Romance,,1m53s
Bot,For Lack Of A Better Name,Deadmau5,,5m23s
Me Vs. Maradona Vs. Elvis,Deja Entendu,Brand New,,5m19s
Glorious Day,Weezer (Green Album),Weezer,,2m40s
Overtime - Episode #227 (Originally aired 10/7/11),Real Time with Bill Maher,HBO Podcasts,,11m4s
Brownish Spider,"Brother, Sister",mewithoutYou,,1m20s
Rambling Through The Avenues Of Time,2009 - I Told You I Was Freaky,Flight Of The Conchords,,2m44s
When It Comes,Make Yourself,Incubus,,4m1s
Saturday (Acoustic),Live on New Year's Eve,Fall Out Boy,,2m48s
Hold It Down feat Alma Horton,Creating Patterns,4Hero,,5m12s
Ziggy Stardust,The Life Aquatic - Studio Sessions,Seu Jorge,,3m42s
About Falling,In Defense Of The Genre,Say Anything,,4m14s
Keep Off the Lawn,None Shall Pass,Aesop Rock,I. Bavitz,3m45s
Believe It,Pangaea,Visionaries,KeyKool,4m37.78s
Last Call,Doomtree,Doomtree,,4m15s
Beat It (Michael Jackson),Punk Goes Crunk,Pierce The Veil,Bruce Cockburn,3m39s
Love Is On Fire (Rob & Chris Remix),2010,ItaloBrothers,,5m13s
"Goodbye Young Tutor, You've Now Outgrown Me",In Defense Of The Genre,Say Anything,,4m20s
Crown Of Love,Funeral,The Arcade Fire,,4m44s
Sunshine Fiesta (Radio Mix), Best Of Electronic The Finest House & Dance Tracks,Miami,,2m51s
"Episode 120, Oct. 22, 2011",World of Warcast: A World of Warcraft Podcast,Starman and Lindyen,Starman,1h13m23s
A Quick Little Flight,What To Do When You Are Dead,Armor For Sleep,Ben Jorgenson & Armor For Sleep,2m12.539s
Fire Fire,Arular,M.I.A.,,3m28.004s
Push Up Ya Lighter,J. Period - Best Of The Roots,The Roots,J.Period,1m58s
Donate Your Bodies To Science You Fools!,Human Butt,Henry Rollins,,27m29.243s
Use Of Time,Transistor,311,Nicholas Hexum,4m24.475s
That's That,,Say Anything,,3m25s
Hustler Musik,2006,Lil Wayne,,4m53s
Days of the Old,Shh. Just Go with It,Every Avenue,,2m46s
Sleep Now In The Fire,The Battle Of Los Angeles,Rage Against The Machine,Rage Against The Machine,3m25.705s
A Song For The Metalheads,Sycamore Meadows,Butch Walker,,2m58s
That's that,Born like this,DOOM,,2m15s
Into Your Arms,Can't Stop Won't Stop,The Maine,,3m59s
Pitbull - Maldito Alcohol (DJ,Electro House Music Remixes-WE,VA,,3m32s
Fu-Gee-La (Refugee Camp Remix),The Score,The Fugees,"Wyclef Jean, Prakazrel ""Pras"" Michel, Lauryn Hill, A. McGrier, T. Marie, Salaam Remi",4m24.15s
Don't Trust Me,,3OH!3,,3m17s
Ring Finger,Since We Last Spoke,RJD2,,3m48s
Blowing Up,The Flipside: EP,The Flipside,,3m55s
Josie,Dude Ranch,Blink 182,,3m6s
R. Kelly (feat. Keri Hilson) vs Sally Shapiro - Number One Christmas,The Mixtape Volume Four,The Hood Internet,"ABX, STV SLV",2m19s
Diamonds Aren't Forever (I Haunt Wizards),Suicide Season Cut Up,Bring Me The Horizon,,3m55s
The Greatest Light Is The Greatest Shade,The Big Roar,The Joy Formidable,,5m21s
If I Fail,Chroma,Cartel,Will Pugh,3m40.055s
SotG - EP55,State of the Game,JP McDaniel,,2h15s
Kon Karne,MM....Food,MF Doom,,2m52s
Save Rock and Roll (feat Elton John),Save Rock and Roll,Fall Out Boy,,4m41s
Manifesto - William Beckett,Manifestos,CitizensForOurBetterment.com,,28s
Globes & Maps,Leaving Through The Window,Something Corporate,Andrew McMahon,4m48.089s
Swerve the Reeping of All that is Worthwhile (Noir Not Withstanding),Black Up,Shabazz Palaces,,5m12s
The Negotiation Limerick File,Hello Nasty,The Beastie Boys,Mario Caldato Jr.,2m46.254s
"Weathermen Have Become, for the Most Part, Obsolete!",It's Not Funny,David Cross,,2m55s
I Put the Abs in Abstinence,Houston We Have A Party,Powerspace,,5m5s
Between the Bars,Either/Or Demos (Disc 1 of 2),Elliott Smith,Elliott Smith,2m17s
Gold Guns Girls,Fantasies,Metric,,4m6s
2 Steps Back,Dubstep Collection 4,Jakes,,5m45s
This Is Not America,Best Of Bowie,David Bowie,Bowie/Metheny/Mays,3m53.987s
I've Got A Dark Alley And A Bad Idea That You Should Shut Your Mouth,From Under The Cork Tree,Fall Out Boy,Franz Ferdinand,3m10.566s
Stadium Love,Fantasies,Metric,,4m13s
Onward Part 1,"Spoken Word Guy 2 10-13-07 Ann Arbor, Mi",Henry Rollins,,9m35s
How Low,"Die, Rugged Man, Die",R.A. the Rugged Man,R. Thorburn,3m32s
Chicago Is So Two Years Ago,Take This To Your Grave,Fall Out Boy,,3m20s
Sweetest Thing,The Joshua Tree (Remastered / Expanded) (Deluxe Edition) (CD 2),U2,,3m5s
Another Song For The Weekend,Homesick,A Day To Remember,,3m46s
Ironic,Explains It All,Four Year Strong,,2m50s
Distorted,2008,T-Pain,,2m27s
I Wish,Trunk Muzik,Yelawolf feat. Raekwon,Produced By Malay & KP for Ghet-O-Vision Entertainment,4m30s
"Episode 213 - Artie Lange, Nick DiPaolo, Nick Griffin, Joe Mande, Wayne Koestenbaum, Elna Baker, Morgan Spurlock, Ira Glass",WTF with Marc Maron Podcast,Marc Maron,,1h46m45s
I Wonder,Graduation,Kanye West,,4m4s
Lullabies,Put Up or Shut Up,All Time Low,,3m59s
Not The Sun,The Devil And God Are Raging Inside Me,Brand New,Jesse Lacey,3m9.683s
The Wanton Song,Physical Graffiti,Led Zeppelin,,4m10s
Still Around,Want,3OH!3,,3m9s
Jack Got Jacked ,discodust.blogspot.com,AC Slater,AC Slater,4m48s
I Don't Wanna Go There,Farm,Dinosaur Jr,J Mascis,8m43s
Scatterbrain,Hail To The Thief,Radiohead,,3m24s
Heaven Can Wait,Smile Kid (Deluxe Edition),We The Kings,,3m31s
Stained Glass Eyes,Place Pigalle Demos,Elliott Smith,,3m4s
Weekend,DJ Ill Will & DJ Rockstar Present Wiz Khalifa - Burn After Rolling,Wiz Khalifa,,2m25s
I'll Let You Live,Louder Now,Taking Back Sunday,Taking Back Sunday,5m8.035s
The Ballad Of Chasey Lain,Hooray For Boobies,Bloodhound Gang,,2m22s
Saturday Night,Dubstep Collection 8,Borgore,,3m17s
Grapevine Fires,Narrow Stairs,Death Cab For Cutie,,4m10s
Role Model,The Slim Shady LP,Eminem,,3m26s
Gold,Liquid Swords,GZA,,3m57s
The Harbor Is Yours,None Shall Pass,Aesop Rock,I. Bavitz,3m58s
Solo Dolo,Man On The Moon: The End Of Day,KiD CuDi,,4m26s
There's Always Someone Cooler Than You ,Songs For Goldfish,Ben Folds,,4m21s
Saxophonic (Come On Up),Saxophonic,Dave Koz,Jeff Koz,5m2.625s
The Dirty Dirty,Walk It Off,Tapes 'N Tapes,,5m3s
Foxtrot Uniform Charlie Kilo,Hefty Fine,Bloodhound Gang,,2m53s
Coffee Shop Soundtrack,Put Up or Shut Up,All Time Low,,5m58s
Houses Of The Holy,Physical Graffiti,Led Zeppelin,,4m2s
Your Love [Bass Mix] (Discotech Edit),,The Outfield,GIGAMESH,3m16s
Baby Britain,XO,Elliott Smith,Elliott Smith,3m13s
Casanova (Fly Guy),"Die, Rugged Man, Die",R.A. the Rugged Man,"C. Amorelli/R. Thorburn/Robinson, N. Jr.",3m49s
One More Time,DMS,Daft Punk,,3m54s
Hunting For Witches,A Weekend In The City,Bloc Party,"Kele Okereke, Russell Lissack, Gordon Moakes, Matt Tong",3m31.557s
"Retro, Dance, Freak (Clean)",,Lady GaGa,,3m23s
"Mars, Arizona",The DFA Remixes: Chapter One,Blues Explosion,Blues Explosion,10m42s
Stop This Train,Where The Light Is Live In Los Angeles [Disc 1],John Mayer,John Mayer,5m
Can't Tek No More,Tounge N' Cheek,Dizzee Rascal,,3m29s
Wasted Hours,The Suburbs,Arcade Fire,,3m21s
Earth Song,Number Ones,Michael Jackson,Epic,5m1.186s
New Prince (Crown On the Ground),I AM JUST A RAPPER ,Childish Gambino,,3m49s
Day Dreaming (Live),Xtreme,Lupe Fiasco,,3m53s
Xanadu,Light Years,Electric Light Orchestra,,3m30s
Going Nowhere,Grand Mal: Studio Rarities,Elliott Smith,,4m3s
Punch & Judy,Either/Or Demos (Disc 2 of 2),Elliott Smith,,2m31s
Nocturne in F minor Op.55 No.1 - Andante,Chopin - The Nocturnes (Disc 2),Maurizio Pollini,,4m20.249s
Down & Out,Plain Pat & Emile Presents a KiD named CuDi,KiD CuDi,,4m10s
Track 12,,,,3m37.826s
Bye Bye Bayou,Bye Bye Bayou,LCD Soundsystem,Alan Vega,7m9s
Balls Out,Hefty Fine,Bloodhound Gang,,4m20s
Ice Cream Paint Job,No Ceilings [illRoots.com],Lil' Wayne,,3m31s
Voices On A String,Kill The House Lights,Thursday,,3m34.505s
Think About It,Flight of the Conchords,Flight of the Conchords,,3m14.676s
"Element Of Danger (MSTRKRFT Remix, Feat. Har Mar Superstar, With Services)",Pillowface And His Airplane Chronicles,Steve Aoki,,3m15s
Criminology (Ft Ghostface Kill,Only Built 4 Cuban Linx VBR,Raekwon,,3m48s
Luck Of Lucien,The Anthology,A Tribe Called Quest,,4m33s
All Messed Up,Does This Look Infected?,Sum 41,Sum 41,2m45s
The New Bleak,Dubstep Collection 8,Sook,,5m20s
Sugar In The Engine,Fragile Future,Hawthorne Heights,,4m30s
My Life For Hire,Homesick,A Day To Remember,,3m34s
Za Intro,The Papercut Chronicles,Gym Class Hereos,,1m43s
Scandals and Scoundrels,If You Speak Any Faster,June,,3m27s
Ashtray Heart,We Come In Pieces,Placebo,,3m41s
Runaway II,"The Mother, The Mechanic, And The Path",The Early November,,3m43s
The Girl's a Straight-Up Hustler,Put Up or Shut Up,All Time Low,,4m1s
Montanita,Classics,Ratatat,,5m1s
The Warmth,Make Yourself,Incubus,,4m25s
Instrumentals - Kanye West - Half Price,Instrumentals,Instrumental,,4m28s
Radio Radio,The Very Best Of Elvis Costello [Disc 1],Elvis Costello,Costello,3m6.107s
Lights,The Lady Luck EP,The Cab,,3m47s
027. Georges Bizet - Les Pêcheurs De Perles - Au Fond Du Temple Saint.mp3,Classical Music Top 100,VA,,6m12s
She's A Lesbian,Trappin Ain't Dead,Young Jeezy,,4m12s
Episode 112 - Louis CK part 2,WTF with Marc Maron Podcast,Marc Maron,,1h2m42s
Isla de Encanta,Surfer Rosa & Come On Pilgrim,Pixies,,1m42s
Midnight In A Perfect World,Endtroducing.....,DJ Shadow,,5m4s
Heart Transplant,Action,Punchline,,3m58s
Ballad of Big Nothing,Either/Or,Elliott Smith,Elliott Smith,2m48s
Up Against The Wall,Writer's Block,Peter Bjorn And John,,7m7s
Living on a Prayer,,Bon Jovi,,4m10s
"You Scared, Pt. 2",Da Unbreakables,Three 6 Mafia,,4m17s
Wolly Wolly Gong,W H O K I L L,Tune-Yards,,6m9s
Be Gone,Daisy,Brand New,,1m31s
Mikey Rocks,The Bake Sale,The Cool Kids,,3m27.261s
Amity,Jackpot Demos,elliott smith,,2m22s
"A Little Less Sixteen Candles, A Little More Touch Me(Live)",Q101 Twisted 12,Fall Out Boy,,2m45.744s
Anthem Part Two (Live in Chicago - Bonus Track),Blink-182,Blink-182,blink-182,4m9s
I'm Losing My Mind,Living Thing,Peter Bjorn and John,,3m45s
SWM,Outside,Tapes 'n Tapes,,2m46s
I'm Goin In (Ft. Lil' Wayne & Drake) (Official Version),Trappin Ain't Dead,Young Jeezy,,3m47s
Alps,LP4,Ratatat,,4m21s
Robin S and Corey Gibbons - At,Electro House Music Remixes-WE,VA,,6m36s
Jumpin,Dubstep Collection 1,Kromestar,,4m31s
The Only One,Mean Everything To Nothing,Manchester Orchestra,,2m39s
Over the Top,Ed Banger Rec Vol. 3,Mr. Flash,,2m55s
Grenade Jumper,String Quartet Tribute To Fall Out Boy,Fall Out Boy (String Quartet),,3m16s
Your Kind (Speak To Me),Used And Abused,Danger Radio,,3m25s
She Doesn't Get It,Live At The Mayan Theatre,The Format,,3m53s
Go Go Gadget Flow,Lupe Fiasco's The Cool,Lupe Fiasco,,4m11s
Stayin High,Real Recognize Real,Project Pat,,3m32s
Prisoner,Transistor,311,D. Martinez/Nicholas Hexum/S.A. Martinez,2m50.829s
Resting Sound,Save The World Lose The Girl,Midtown,,3m59.444s
Pow Pow,This Is Happening,LCD Soundsystem,,8m25.034s
Lost In The World (feat. Bon Iver),My Beautiful Dark Twisted Fantasy,Kanye West,,4m17s
Summertime,Album,Girls,Www.DepoDepo.Fr By Orko61,5m41s
Locked & Loaded Featuring Kev Da Huslter (Produced by Black Czer),Show And Prove,Wiz Khalifa,,3m58.422s
Another Lesson In Love,Used And Abused,Danger Radio,,3m5s
No Sign Of Life,Oh No,OK Go,,3m48s
Do,Unreleased Demo,The Cab,,4m40s
008 L-Wiz - Mexter Dorgan (Original),,,,4m57s
The Worst,Legacy Of Blood,Jedi Mind Tricks,,4m4s
Frankly Mr Shankly,The Queen Is Dead,The Smiths,Marr/Morrissey,2m19s
12 Days Of Christmas (Christmas Is For The Birds) (Hidden Track),Louder Now: Parttwo,Taking Back Sunday,,8m8s
Do You Know What I'm Seeing?,The String Quartet Tribute to Panic At the Disco's Pretty. Odd,Vitamin String Quartet,,4m6s
Free Press and Curl,Black Up,Shabazz Palaces,,4m17s
Get Innocuous! (Soulwax Remix),A Bunch Of Stuff EP,LCD Soundsystem,,10m1s
Maniac [September 1983],"""Flashdance"" Soundtrack",Michael Sembello,,4m4s
She Doesn't Get It,Dog Problems,The Format,Nate Ruess/Sam Means,3m51s
Damaged I,Damaged & Jealous Again,Black Flag,,3m53s
The Red Dress,I Am The Movie,Motion City Soundtrack,,2m37s
Alive With The Glory Of Love,Live at The Chain Reaction,Max Bemis,,6m15s
I Wont Make You,North,Something Corporate,,3m51.944s
Extra Credit,Flight School,Wiz Khalifa,,3m26s
Valley Of Death,Dirty Acres,CunninLynguists,,2m36s
Brooklyn Zoo II (Tiger Crane),Return To The 36 Chambers: The Dirty Verson,Ol' Dirty Bastard,,7m20s
Romantic Rights,"You're A Woman, I'm A Machine",Death From Above 1979,"Jesse F. Keeler, Sebastien Grainger",3m15.21s
Bodybag,This is A Stick Up...Don't Make it A Murder,Hit The Lights,,3m14s
Falling Over Me,Here We Go Again,Demi Lovato,,4m6s
Citronella,None Shall Pass,Aesop Rock,I. Bavitz,4m53s
Whatsername,American Idiot,Green Day,,4m13s
Like a Rolling Stone,The Essential: Bob Dylan,Bob Dylan,Bob Dylan,6m11.844s
Great Expectations,Quality Control,Jurassic 5,,3m38s
Wanna Be Startin' Somethin',Thriller 25,Michael Jackson,Michael J. Jackson,6m2s
I Want Your Girlfriend To Be My Girlfriend Too,Greatest Hit And More,Reel Big Fish,,2m55s
20 Dollar Nose Bleed,Folie A Deux,Fall Out Boy,,4m18s
Icon,Dubstep Collection 3,F,,5m12s
Osaka Loop Line,LP,Discovery,,4m2s
Paper Planes,,This Century,,3m21s
Somewhere In Between,Fragile Future,Hawthorne Heights,,3m23s
Where'd All The Time Go,"Shame, Shame",Dr. Dog,,3m57s
I Can't,Pablo Honey,Radiohead,Colin Greenwood/Ed O'Brien/Jonny Greenwood/Phil Selway/Thom Yorke,4m13s
076. Pyotr Ilyich Tchaikovsky - Piano Concerto No. 1 (Op. 23) - Allegro Non Troppo E Molto Maestoso.mp3,Classical Music Top 100,VA,,9m1s
Echo,Morning View,Incubus,Incubus,3m34.366s
Here i go (Original Mix),2009,Trolley Snatcha,,2m1s
Beautiful Day Without You,The Understanding (Disc 1),Röyksopp,,5m30s
Bun-Bun,Talking From The Box,Henry Rollins,,8m34s
Gameshow Host,Doomtree,Doomtree,,3m58s
The Receiving End Of It All,Somewhere in the Between,Streetlight Manifesto,,5m18s
The Running Man,Self-Titled Album,The Audition,,3m27s
Magna Cum Nada,Hooray For Boobies,Bloodhound Gang,,4m1s
Roll Up Your Sleeves,Mickey Avalon,Mickey Avalon,,3m44s
Burial,Miike Snow,Miike Snow,,4m21.201s
Fire For The People,2007,Blue Scholars,,5m3s
Returning Empty Handed,Define The Great Line,Underoath,,4m28s
Candy Shop (Featuring Olivia),The Massacre,50 Cent,,3m29s
Something,Love,The Beatles,,3m31s
Poppin' My Collar,2005,Three 6 Mafia,,2m57s
I Hope You Die,Hooray For Boobies,Bloodhound Gang,,3m40s
Mara And Me,Say Anything,Say Anything,,3m52s
I live With You,Veckatimest,Grizzly Bear,,5m
Saturday (Live),Q101 Twisted 12,Fall Out Boy,,4m42.052s
Blame my Heart mix,,,,3m58s
Glory Burning,Felt 3 (A Tribute To Rosie Perez),Felt (Slug & Murs),,4m14s
Surf Wax America,Weezer,Weezer,Cuomo/Wilson,3m6.665s
Gimme A D,Killing With A Smile,Parkway Drive,Parkway Drive,3m32s
"Hold My Hand, Hold My Heart",That Thing You Do,Original Soundtrack,,3m11s
Passing Feeling,Live at Crystal Ballroom,Elliott Smith,,3m8s
096 TC - Where's My Money (Caspa Remix),,,,4m12s
Episode 249 - Jimmy Kimmel,WTF with Marc Maron Podcast,Marc Maron,,1h13m44s
Don't Go Down,From a Basement on the Hill,Elliott Smith,Elliott Smith,4m33s
Hostage,Exclusive Audio Footage,Clipse,,4m25s
Gettin' Jiggy Wit It ,DMS,Will Smith,,4m1s
Dance For Me,Dirty Acres,CunninLynguists,,3m21s
Save Us,Chroma,Cartel,Will Pugh,4m56.24s
Over My Head,Self-Titled Album,The Audition,,3m10s
A Distorted Reality Is Now a Necessity to Be Free,From a Basement on the Hill,Elliott Smith,Elliott Smith,4m32s
I'm A Flirt [Remix] [Feat T.I. And T-Pain],Double Up,R. Kelly,,5m17s
054 Dash Exp - Dried Up (Joint Forces Remix),,,,4m38s
A Night With The Ruts Part 2,"Spoken Word Guy 2 10-13-07 Ann Arbor, Mi",Henry Rollins,,26m51s
Timberwolves At New Jersey,Tell All Your Friends,Taking Back Sunday,John Nolan,3m23.522s
One Down,Ben Folds Live,Ben Folds,"Folds, Ben",4m3s
Conversation,Even If It Kills Me,Motion City Soundtrack,,2m45s
Block Lockdown (feat. I-20),Word Of Mouf,Ludacris,,7m49s
Bullet,Collection,The Misfits,,1m38.731s
Dance Anthem Of The 80s,Far,Regina Spektor,,3m43s
Man On The Moon (The Anthem),Plain Pat & Emile Presents a KiD named CuDi,KiD CuDi,NOSAJTHING,3m28s
Subterranean Homesick Alien,OK Computer,Radiohead,Colin Greenwood/Ed O'Brien/Jonny Greenwood/Phil Selway/Thom Yorke,4m28s
Hung Up ,Album Version,Madonna,,5m37s
Vietnow,Evil Empire,Rage Against The Machine,,4m39s
All Falls Down,Late Orchestration,Kanye West,,3m14s
Sleeping Beauty Pills,4x4=12,deadmau5,,5m10s
Nineteen Stars,Something Real,Meg & Dia,Dia Frampton/Meg Frampton,3m27s
Encore,The Black Album,Jay-Z,9th Wonder/Jay-Z,4m11.03s
One Life Stand,One Life Stand,Hot Chip,,5m26s
Guilty Pleasure,Viva La Cobra!,Cobra Starship,,3m23s
My Firecracker,Bright Lights & Shiny Things,Bench Grinder,,3m54s
I Am the Walrus,Love,The Beatles,,4m30s
T.V. Eye,Fun House,The Stooges,The Stooges,4m18s
Christian Brothers,Live at Crystal Ballroom,Elliott Smith,,5m20s
Devil In My DNA,GNV FLA,Less Than Jake,,3m29s
Purple City,This Is Dubstep Vol.2,Ginz & Joker,,4m24s
Another Kiss,About Love,Plastiscines,"Plastiscines, Jake Sinclair & Butch Walker",2m55s
Bye Bye Baby,OK Go,OK Go,,2m14s
Catch And Release,Swoon,Silversun Pickups,,4m40s
Strangers in the Wind,In Ghost Colours,Cut Copy,,4m44s
Vietnam,Crystal Castles,Crystal Castles,,5m8s
The Joy (feat. Curtis Mayfield),Watch the Throne  (Deluxe Version),Jay-Z and Kanye West,"Kanye West, Curtis Mayfield, Shawn Carter, The Tallis Scholars, Peter Phillips, Scott Mescudi, John Cameron & John Zachary",5m18s
Engine Runnin featuring Consequence,Liberation,Talib Kweli & Madlib,,3m40s
074. Georg Friederich H√§ndel - Serse (HWV 40) - Ombra Mai F√π.mp3,Classical Music Top 100,VA,,3m19s
Hidee Ho,Outside,Tapes 'n Tapes,,4m46s
Who's Sandie Jenkins,All's Well That Ends Well,Chiodos,,2m
Phantom,Ed Rec Vol. 2,Justice,,4m54s
10538 Overture (7' Edit),Light Years,Electric Light Orchestra,,4m4s
Eternity One Night Only,In Ghost Colours,Cut Copy,,3m6s
The Cool,Lupe Fiasco's Food & Liquor,Lupe Fiasco,Kanye West,3m46.719s
Touch (AC Slater Remix),palmsout.com remix sunday 122,Trash Yourself,,4m48s
Night Time,xx,The xx,,3m37s
the faded line,Ashes Of The Wake,Lamb of God,,4m37s
Snow In Hollywood,The Inevitability Of A Strange World,Halifax,Halifax,3m47.88s
Everything I Am,Graduation,Kanye West,,3m49s
Words Of Love,Rave On Buddy Holly,Patti Smith,Buddy Holly,3m22s
First Class,Big Ugly Mouth,Henry Rollins,,6m43.423s
Yamaha Mama (Feat Sean Kingston),iSouljaBoyTellem,Soulja Boy,,4m40s
I Still Remember,A Weekend In The City,Bloc Party,"Kele Okereke, Russell Lissack, Gordon Moakes, Matt Tong",4m23.36s
Could This Be Real (Joker Remix),This Is Dubstep Vol.2,Sub Focus,,4m12s
Maxwell's Silver Hammer,Abbey Road,The Beatles,,3m29s
26 Basslines,Blow Your Head Volume 1: Diplo Presents Dubstep,Benga,,5m3s
Episode 251 - Matt Graham,WTF with Marc Maron Podcast,Marc Maron,,1h36m16s
Toba The Tura,Razia's Shadow: A Musical,Forgive Durden,,4m25s
99 Problems (Just Blaze Remix),S. Carter The Remix,Jay-Z,Just Blaze,3m57s
Business Time,Flight of the Conchords,Flight of the Conchords,,4m5.225s
Keep On Runnin',You Are Free,Cat Power,,3m53s
Hot Shit,Blow: The 'I Can't Feel My Face' Prequel,Juelz Santana & Lil Wayne,,4m23s
Gangsta,W H O K I L L,Tune-Yards,,4m1s
You,Pablo Honey,Radiohead,Colin Greenwood/Ed O'Brien/Jonny Greenwood/Phil Selway/Thom Yorke,3m28s
Corner Office Bedroom,Texas,Playradioplay!,,4m9s
"Looking For The Perfect Beat (12"" Vocal Version)","J'33 Baltimore Club, Baile Funk & Influences",Afrika Bambaataa And The Soul Sonic Force,,7m1s
You Can't Have It Both Ways [Live],DFA Compilation #1,The Juan Maclean/Sam Lipsyte,The DFA/The Juan Maclean,9m22s
Honey,Crazy For You,Best Coast,Best Coast,3m2s
Brand New Game,Grand Mal: Studio Rarities,Elliott Smith,,3m26s
Nights of the Week,Blood Moon,Apes & Androids,,4m44s
It's Tricky,Ultimate Run DMC,Run-D.M.C.,"Darryl ""D.M.C."" McDaniels/Jason Mizell/Joe ""Run"" Simmons/Rick Rubin",3m4s
Black Coffee Blues (New York City),Black Coffee Blues,Henry Rollins,,9m14.306s
Saviour (Colin Munroe's Unsung Mix),Saviour EP,Lights,,3m21s
Love (Electrical Brothers Bootleg Remix 2010),Electrohouse Pack 21.02.2010,Inna,,6m38s
Would You Be Impressed?,Somewhere in the Between,Streetlight Manifesto,,3m22s
Trouble,Grand Mal: Studio Rarities,Elliott Smith,,2m56s
Go By,New Moon,Elliott Smith,,3m46.626s
"Drive Slow Remix ft. T.I., Paul Wall & GLC",Late Registration,Kanye West,Kanye West,4m32.88s
Eyebrows Down (feat. Playaz Circle),Chicken N Beer,Ludacris,,5m20s
Lemonworld,High Violet,The National,,3m24s
Shelter,xx,The xx,,4m30s
Society Is Brainwashed (Prod. By DJ Premier),The Hour Of Reprisal,Ill Bill,,3m46s
Nocturne in E minor Op. posth.72 - Andante,Chopin - The Nocturnes (Disc 2),Maurizio Pollini,,3m35.225s
See The Light,21st Century Breakdown,Green Day,,4m37s
The Number Song,Endtroducing.....,DJ Shadow,,4m39s
Don't Wait,"Skip School, Start Fights",Hit The Lights,,3m35s
Episode 209 - Charlie Day and Glenn Howerton,WTF with Marc Maron Podcast,Marc Maron,,1h7m6s
Aliens Exist,Enema of the State,Blink-182,Mark Hoppus/Tom DeLonge,3m13.027s
Yesteryear,Degeneration Street,The Dears,Murray Lightburn/Natalia Yanchak/Patrick Krief/Rob Benvie,3m51s
Gimme Sympathy (Acoustic),Fantasies,Metric,,3m27s
Johnny Guitar,The Ultimate Best Of Pearl Jam,Pearl Jam,,2m51s
Make Things For Smile,Myspace,Skrillex,,5m47s
Rude Boy,Rated R,Rihanna,,3m43s
Uncle Johnny,Sam's Town,The Killers,,4m26s
Half Of You,You Are Free,Cat Power,,2m43s
That's What Friends Are For [January 1986],N/A (Single),Dionne Warwick & Friends,,4m16s
3030,,Deltron 3030,,7m30s
Heaven's Dead,Out Of Exile,Audioslave,Audioslave,4m36.665s
Get Sharp,Get Sharp,The Limousines,,2m51s
Drive My Soul,The Listening,Lights,,3m22s
The Conversation Pt. 1,"Talk Is Cheap, Vol. 4",Henry Rollins,,11m49.741s
Denver Mint,Clarity,Jimmy Eat World,,3m50s
Anthem Part Two,Take Off Your Pants And Jacket,blink-182,,3m48s
Skylines And Turnstiles,"I Brought You My Bullets, You Brought Me Your Love",My Chemical Romance,My Chemical Romance,3m23s
Mark Knight & Dave Spoon - Dru,Electro House Music Remixes-WE,VA,,7m22s
This River Is Wild,Sam's Town,The Killers,,4m38s
Keep Your Heart,Nine Types Of Light,TV On The Radio,,5m44s
Karma Police,OK Computer,Radiohead,Colin Greenwood/Ed O'Brien/Jonny Greenwood/Phil Selway/Thom Yorke,4m22s
Chapter 5,The Greatest Show on Earth: The Evidence for Evolution,Richard Dawkins,,32m42s
No Games,Champion Sound,Jaylib,,2m33s
Vacation Part 1,"Spoken Word Guy (Alexandria, VA 11/03/08) [Disc 1]",Henry Rollins,Henry Rollins,5m38.732s
Stonehearted Man,Avalon,Anthony Green,,3m25s
Killing Me Softly,The Score,The Fugees,"Norman Gimble, Charles Fox",4m58.84s
No Damage Nocturne,Different Damage,Q And Not U,Q And Not U,3m30.21s
The Chills,Writer's Block,Peter Bjorn And John,,3m51s
Teenage Dream,Teenage Dream - Single,Katy Perry,,3m48s
My Immigrant Mom Talks Funny!,It's Not Funny,David Cross,,13m42s
Sick Wid It II (Feat. Turf Talk),My Ghetto Report Card,E-40,,3m29s
Cymbal Rush,The Eraser,Thom Yorke,,5m10.891s
Life in a Glass House,Amnesiac,Radiohead,,4m35s
"Save Yourself, I'll Hold Them Back",Danger Days: The True Lives Of The Fabulous Killjoys,My Chemical Romance,,3m50s
No One Is Fax Exempt,Think Tank,Henry Rollins,,19m28.567s
The Story Of Two Boys,Talking From The Box,Henry Rollins,,17m6s
Gossip,Equal Vision/Rise Records 2008 Sampler,Breathe Carolina,,3m36s
The FADER #76 Podcast,The FADER » PODCASTS,The FADER,,34m48s
Alex Rush - Runnin Away (2010,Electro House Music Remixes-WE,VA,,3m20s
Episode 266 - Jeffrey Tambor,WTF with Marc Maron Podcast,Marc Maron,,1h6m40s
The Brainwasher/The Primetime of Your Life/Steam Machine,Alive 2007 [Deluxe Edition],Daft Punk,,1h3m42s
"Peter Frampton - Frampton Comes Alive  - 07 - Baby, I Love Your Way.mp3",Frampton Comes Alive,Peter Frampton,,4m42s
Gemini,Gemini,Wild Nothing,,5m20s
Vultures,Continuum,John Mayer,,4m12s
Academia De Furacao,Rio Baile Funk - Favela Booty Beats,Baile- Favela On Blast,,3m54s
Better Open The Door,Commit This To Memory,Motion City Soundtrack,Motion City Soundtrack,3m0.929s
Yes,Viva La Vida Or Death And All His Friends (Japan Edition),Coldplay,,7m9s
MDWWR #71 Figure- Mad Decent Monster Mix,Mad Decent Worldwide Radio,diplo/mad decent,,57m4s
Picture of a Bird,Tripper,Fruit Bats,,3m46s
Runaway Love (Ft. Mary J. Blige),Release Therapy,Ludacris,,4m43s
Hello Brooklyn,Nothing Personal,All Time Low,,3m32s
Time For Some Action,Seeing Sounds,N.E.R.D.,,3m43s
Milk Lizard,Ire Works,The Dillinger Escape Plan,,3m56s
Mr. Right,Mickey Avalon,Mickey Avalon,,2m52s
Television Rules the Nation,Human After All,Daft Punk,"Thomas Bangalter, Guy-Manuel de Homem-Christo",4m48s
break you,Ashes Of The Wake,Lamb of God,,3m36s
Hailie's Song,The Eminem Show,Eminem,,5m22s
One Story,These Are Jokes,Demetri Martin,,6m56s
Calm Before The Storm V2,Take This To Your Grave,Fall Out Boy,,4m29.63s
That's What You Get,"Live at Norwegian Wood - June 14, 2008",Paramore,,4m32s
"""The Take Over, the Breaks Over""",Live in Phoenix,Fall Out Boy,,3m41s
Man In The Mirror,Number Ones,Michael Jackson,Epic,5m4.39s
Episode 246 - Fred Stoller,WTF with Marc Maron Podcast,Marc Maron,,1h20m15s
Jay-Z - Big Pimpin - Ludacris - Whats Your Fantasy - Timbaland ft Magoo - We At It Again - Trick Daddy - Shut Up (Jazzy Joyce Remix),http://kr8zi.tripod.com/ver2/,DJ JAZZY JOYCE,,12m2s
Unhappy Dance,Dubstep Collection 2,Mac Koall,,7m23s
Panic Switch,Swoon,Silversun Pickups,,5m45s
Make You Smile,When Your Heart Stops Beating,+44,"Mark Hoppus, Travis Barker, Carol Heller",3m44.653s
Flap Jack,Dubstep Collection 3,The Others,,6m35s
The Secret's In The Telling,Dusk And Summer (Deluxe Edition),Dashboard Confessional,,3m24s
Tik Tok (Original Version),Tik Tok [Original Promo CDRip],Kesha,,3m24s
Saturday Night's Alright For Fighting,Greatest Hits 1970-2002 [Disc 1],Elton John,Bernie Taupin/Elton John,4m7.919s
095 Pinch - Midnight Oil,,,,5m15s
Bowtie,Speakerboxxx/The Love Below,Outkast,,3m57s
Emotionally Mute,Skream!,Skream,,4m36s
Mr. Right,On Your Side,A Rocket To The Moon,,3m7s
Be Thankful For What You've Got,Hustle! Reggae Disco,One Blood,William De Vaughan,7m58s
Trigger Finger (Original Mix),2009,Benny Page & Zero G,,5m10s
Fatman Scop - Drop (J Saxton R,2010,VA,,6m2s
The Story,Trill,Bun-B,,5m57s
Chapter 11,The Greatest Show on Earth: The Evidence for Evolution,Richard Dawkins,,27m6s
Distraction,We Don't Need to Whisper,Angels & Airwaves,,5m38s
Swing Swing,All American Rejects,The All-American Rejects,,3m54s
Aberinkula,Bedlam in Goliath,The Mars Volta,,5m46s
Reduced To Teeth,Say Hello To Sunshine,Finch,"Nate Barcalow, Randy Strohmeyer, Alex Linares, Derek Doherty, Marc Allen",3m55.171s
8th Wonder,The Best Of Sugarhill Gang: Rapper's Delight,The Sugarhill Gang,,7m27s
Cry Your Eyes Out,"Skip School, Start Fights",Hit The Lights,,3m9s
life changes,8 Diagrams,Wu Tang Clan,,7m24s
Something Rotten,Sleeping With Ghosts,Placebo,Placebo,5m29s
D and J presents Charles Simmons - Show No Mercy (Envy Remix),,www.just4dance.fw.hu,www.just4dance.fw.hu,8m10s
Party Like A Rockstar,Crack Juice 11,Shop Boyz,,4m18s
Ecstasy,I-Doser,I-Doser,Ebaumsworld,30m
Wu-Gambinos (Ft Ghostface Kill,Only Built 4 Cuban Linx VBR,Raekwon,,5m40s
Come On,Save The World Lose The Girl,Midtown,,5m12.401s
Alpha Male,The Understanding (Disc 1),Röyksopp,,8m13s
106 Spiderman vs. Batman vs. Wonder Woman on the Rag,Shut Up You Fucking Baby!,David Cross,,4m56s
The First Day Of Work At The Microscope Store,Avalon,Anthony Green,,3m9s
Goodbye Sky Harbour,Clarity,Jimmy Eat World,,16m15s
When the Last Time,Lord Willin',Clipse,Chad Hugo/Gene Thornton/Pharrell Williams,4m14s
Money On My Mind,2006,Lil Wayne,,4m55s
World Famous,Best of the Firing Squad,M.O.P.,,4m6.085s
Tom Novy - Runaway (DJ Sign & ,2010,VA,,6m57s
Let The Drummer Kick,Citizen Cope - Citizen Cope,Citizen Cope,,4m17s
Dark Fantasy,My Beautiful Dark Twisted Fantasy,Kanye West,,4m41s
The Fisherman Will Be Bewildered [High & Driving EP],Avalon,Anthony Green,,3m32s
unpredictable feat dexter wiggle,8 Diagrams,Wu Tang Clan,,4m12s
Sweet Revenge,Release Therapy (Advance),Ludacris,,5m7s
Vegetable,Pablo Honey,Radiohead,Colin Greenwood/Ed O'Brien/Jonny Greenwood/Phil Selway/Thom Yorke,3m13s
Knockatomi Plaza (feat. Side Effect),Black Snow,Snowgoons,,4m22s
A Small Spark Vs. A Great Forest,Redeemer,Norma Jean,,5m
Mandy,LP4,Ratatat,,3m42s
067 The Dub Machinist & I-Tist - Nebulus,,,,4m33s
Smash Yer Face In,Dubstep Collection 8,Reso,,4m12s
Autobiography of a Nation,Bastard Lives Comp.,Thursday,,4m12s
"Two Words (ft. Mos Def, Freeway & The Boys Of Harlem)",The College Dropout,Kanye West,,4m27s
Here Is The News,Light Years,Electric Light Orchestra,,3m45s
The Calendar,Vices & Virtues,Panic! At the Disco,,4m44s
Crack Music ft. The Game,Late Registration,Kanye West,Kanye West,4m31.418s
Name on My Lips,You Are The Night,Deluka,Not Documented,4m23s
Billboards And Bumper Stickers,I Am A Wonderful Man,Michael Ian Black,,5m50s
Tiny Dancer,Greatest Hits 1970-2002 [Disc 1],Elton John,Bernie Taupin/Elton John,6m17.719s
Bitz,Dubstep Collection 1,Synkro,,4m38s
Crystalfilm,Ritual Union,Little Dragon,,4m49s
No Vacancy,It's Classy Not Classic,Breathe Carolina,,3m25s
Blueprints For The Destruction Of Earth,Sweatbox,Henry Rollins,,14m37.714s
Episode 198 - San Antonio with Lucas Molandes,WTF with Marc Maron Podcast,Marc Maron,,1h10m3s
Jack Got Jacked (Jack Beats Remix) ,palmsout.com remix sunday 131,AC Slater,,5m1s
Electric Zoo 2010,Electric Zoo 2010-- Sirius Radio Stream,Diplo,,1h3m51s
Shortly Before The End,OK Go,OK Go,,4m19s
Within You Without You,Sgt. Pepper's Lonely Hearts Club Band,The Beatles,Harrison,5m5.133s
"Podcast #20 - July 25, 2006",Hi My Name Is Mark,Mark Hoppus,,23m0.426s
Compliments,Silent Alarm,Bloc Party,,4m40.775s
Neighborhood #1 (Tunnels),Funeral,The Arcade Fire,,4m49s
Walking By,Songs For Silent Movies,Something Corporate,,4m33s
Whoop Rico (Feat Show Stoppas),iSouljaBoyTellem,Soulja Boy,,4m8s
035 Kutz - Hard Body,,,,6m4s
Vesuvius,The Age Of Adz,Sufjan Stevens,Sufjan Stevens,5m26s
Maturity,A Rollins In The Wry,Henry Rollins,,9m46.605s
Look Both Ways,Spilling Over Every Side,Pretty Lights,,6m54s
It's Kiss! Pt.2,"Talk Is Cheap, Vol. 2",Henry Rollins,,29m27s
Inspiration,Live in London,Henry Rollins,,6m51s
Warning Sign,A Rush Of Blood To The Head,Coldplay,Buckland/Champion/Martin,5m31.186s
Carby (ft. Ezra Koenig),LP,Discovery,,3m7s
097. Aram Ilich Khachaturian - Spartacus - Adagio Of Spartacus And Phrygia.mp3,Classical Music Top 100,VA,,9m54s
with a heavy heart(i regret to inform you),You Have No Idea What You're Getting Yourself Into,"Does It Offend You, Yeah?",,4m7s
Yeah [Crass Version] / Beat Connection,DFA Compilation #2 [Disc 3],LCD Soundsystem,James Murphy/Tim Goldsworthy,10m16s
Shake It (AC Slater Remix),discodust.blogspot.com,Hostage,AC Slater,4m52s
Grand Design CD04,,Stephen Hawking,,1h5m40s
Brothers,One Life Stand,Hot Chip,,4m22s
Zero,It's Blitz!,Yeah Yeah Yeahs,,4m26s
In The Morning (Hot Chip Remix),Domino Remixes,Junior Boys,,9m46s
Every You Every Me,Without You I'm Nothing,Placebo,,3m34s
080 Boson - Bag O Wire (Original),,,,5m33s
Scott Sigler,The Nerdist,Nerdist,Katie Levine,1h6m7s
Summertime Clothes,Merriweather Post Pavilion,Animal Collective,,4m30s
02 02 Devoid (That's What I Think About It),Run It Up The Flagpole,Farewell,,3m16s
Sleep With One Eye Open (M. Shawn Crahan),Suicide Season Cut Up,Bring Me The Horizon,,5m55s
062 OnDubGround - Justice,,,,4m40s
Requiem (Balkansky Rework),Dubstep Collection 8,Current Value and Rodell,,5m49s
May Seem Macabre,Gimme Some,Peter Bjorn and John,,4m42s
Episode 245 - Todd Glass,WTF with Marc Maron Podcast,Marc Maron,,1h24m20s
Whirring,The Big Roar,The Joy Formidable,,6m48s
Only In Dreams,Weezer,Weezer,Weezer,8m0.513s
Vancouver,Dubstep Collection 1,Martyn,,6m9s
North American Scum,Sound Of Silver,LCD Soundsystem,,5m26s
Sooner Or Later,Seeing Sounds,N.E.R.D.,,6m43s
Deadbeat Summer,Psychic Chasms,Neon Indian,,4m4s
Dirty and Left Out,Southern Weather,Almost,,3m44s
"Hello, I Am Old","Talk Is Cheap, Vol. 1",Henry Rollins,,13m58s
It Ends Tonight,Move Along,The All-American Rejects,,4m5s
Uniform,A Weekend In The City,Bloc Party,"Kele Okereke, Russell Lissack, Gordon Moakes, Matt Tong",5m32.277s
Beasts In The Basement,Dubstep Collection 8,Reso,,5m32s
Rhythm,This Is Dubstep Vol.2,Jakes,,5m31s
"Low Life (L.A. Riots Remix, Feat. Uffie, With Scanners)",Pillowface And His Airplane Chronicles,Steve Aoki,,5m54s
Waves,You Are The Night,Deluka,Not Documented,4m15s
Episode 256 - Diablo Cody,WTF with Marc Maron Podcast,Marc Maron,,1h11m58s
Ride Like The Wind (Klaas Remix),Ride Like The Wind - Single,Michael Mind,,6m23s
Stay This Way,Living Thing,Peter Bjorn and John,,4m20s
Said The People,Farm,Dinosaur Jr,J Mascis,7m42s
Sprawl II (Mountains Beyond Mountains),The Suburbs,Arcade Fire,,5m26s
Making Love To The Camera,Based On A True Story,The Starting Line,,3m33s
Bros,Person Pitch,Panda Bear,,12m30s
"Episode 191 - Will Arnett, Keith Robinson, Marina Franklin, Judy Gold, Jon Benjamin, Jonathan Katz",WTF with Marc Maron Podcast,Marc Maron,,1h21m33s
Episode 240 - Annabelle Gurwitch and Jeff Kahn,WTF with Marc Maron Podcast,Marc Maron,,1h18m43s
Slate: The Fighting Against the System Gabfest,Slate's Political Gabfest,Slate Magazine,Podcasts,45m46s
Last Call,The College Dropout,Kanye West,,12m43s
Sexy Bitch (Jamaica Remix) (Dirty),,David Guetta ft Akon and Lil Jon,www.franchiserecordpool.com,4m58s
Steam Machine,Human After All,Daft Punk,"Thomas Bangalter, Guy-Manuel de Homem-Christo",5m21s
Illest Motherfucker Alive,Watch the Throne  (Deluxe Version),Jay-Z and Kanye West,,8m23s
Still Got Love,2007,Blue Scholars,,6m24s
Just The Same But Brand New,Actor,St. Vincent,,5m26s
Sofi Needs A Ladder,4x4=12,deadmau5,,6m42s
In The Light,Physical Graffiti,Led Zeppelin,,8m47s
SModcast 187: SModcast 3D - The SMittle River Band,SModcast - SModcast.com,Kevin Smith & Scott Mosier,,54m48s
Big Ideas (Extended Mix),Big Ideas,LCD Soundsystem,,5m52s
The FADER #77 Podcast,The FADER » PODCASTS,The FADER,,44m18s
048. Ludwig van Beethoven - Piano Concerto No. 5 (Op. 73) - Rondo.mp3,Classical Music Top 100,VA,,12m11s
I'm A DBoy,Tha Carter II,Lil' Wayne Feat. Birdman,"B. Williams, D. Carter & T-Mix",4m0.489s
Stress (Live),A Cross the Universe (Live),Justice,,7m38.524s
Transparent,Sky Eats Airplane,Sky Eats Airplane,,6m12s
Ellie Kemper,The Nerdist,Nerdist,Katie Levine,1h20m5s
June 22nd 2008 (Do Over) - GetRightMusic.com,R.I.P. Dj AM: A Collection Of Mixes - GetRightMusic.com,DJ AM,www.getrightmusic.com,1h
"FOOLCAST 028 - DJ WONDER ""SHOPPING WITH MOM""",Fool's Gold Foolcast,DJ WONDER,,56m53s
Vacation Part 2,"Spoken Word Guy (Alexandria, VA 11/03/08) [Disc 2]",Henry Rollins,Henry Rollins,15m13.542s
Iron Horse,The Nerdist,Nerdist,Katie Levine,1h12m45s
Episode 199 - Aubrey Plaza,WTF with Marc Maron Podcast,Marc Maron,,1h4m52s
Make A Run For It,This is A Stick Up...Don't Make it A Murder,Hit The Lights,,8m54s
"PODCAST #175 - Ari Shaffir, Brian Redban",The Joe Rogan Experience,,,2h15m56s
Kevin and Sean,"Talk Is Cheap, Vol. 4",Henry Rollins,,18m32.468s
Mad Decent Worldwide Radio #57 - Luvstep,Mad Decent Worldwide Radio,diplo/mad decent,,1h5m7s
Episode 200 - Marc Maron (as told to Mike Birbiglia),WTF with Marc Maron Podcast,Marc Maron,,1h37m12s
Us V Them,Sound Of Silver,LCD Soundsystem,,8m30s
StarTalk: Live at the Bell House-The Astronaut Session,StarTalk,Discover,,47m54s
Side 1,In Conversation,Henry Rollins,,25m18.004s
013. Ludwig van Beethoven - Symphony No. 7 (Op. 92).mp3,Classical Music Top 100,VA,,14m17s
Us V Them (Any Color U Like Re,A Bunch Of Stuff EP,LCD Soundsystem,,10m52s
SModcast 197: Cosmic Cow,SModcast - SModcast.com,Kevin Smith & Scott Mosier,,1h30m44s
Real.Time.With.Bill.Maher.2011.05.06.mp3,,,,56m20s
024. Bedřich Smetana - Má Vlast - Vltava.mp3,Classical Music Top 100,VA,,12m51s
Episode 204 - Doug Stanhope,WTF with Marc Maron Podcast,Marc Maron,,1h16m49s
The Brave And The Snake,Never Better,P.O.S.,,11m56s
Jimmy Pardo,The Nerdist,Nerdist,Chris Hardwick,1h12m43s
Strobe,For Lack Of A Better Name,Deadmau5,,10m37s
Episode 231 - Penn Jillette,WTF with Marc Maron Podcast,Marc Maron,,1h28m31s
Chicken & Wobbles,,DJ Skeet Skeet,,52m43s
"FOOLCAST 025 - KID GLOVES ""POWER"" MIX",Fool's Gold Foolcast,Kid Gloves,,25m43s
#719: Greg Paul and the Problem of Evil,The Atheist Experience,Atheist Community of Austin,,58m6s
Episode #234 (Originally Aired 1/20/12),Real Time with Bill Maher,HBO Podcasts,,55m52s
050 Chango - Am Frequency,,,,5m33s
SModcast 192: Meta-Benji,SModcast - SModcast.com,Kevin Smith & Scott Mosier,,1h52m38s
HIPSTER MIX 2,,Dj YAMEZ,,52m21s
Lollapalooza,Live,Panic! At The Disco,,53m40s
"Podcast #23 - September 26, 2006",Hi My Name Is Mark,Mark Hoppus,,26m15.055s
Peter Frampton - Frampton Comes Alive  - 14 - Do You Feel Like We Do.mp3,Frampton Comes Alive,Peter Frampton,,14m18s
Willem Dafoe,The Nerdist,Nerdist,Katie Levine,51m43s
Episode 73 - Jim Norton,WTF with Marc Maron Podcast,Marc Maron,,1h6m26s
#252 - The Instance: Mostly in China,The Instance: World of Warcraft Podcast!,Scott Johnson,Scott Johnson,1h31m13s
"Podcast #21 - August 9, 2006",Hi My Name Is Mark,Mark Hoppus,,28m22.696s
The Tripwire Podcast 067,The FADER » PODCASTS,Robert English,Robert English,1h32m21s
Exit Music (For A Film),OK Computer,Radiohead,Colin Greenwood/Ed O'Brien/Jonny Greenwood/Phil Selway/Thom Yorke,4m25s
"Podcast #22 - September 5, 2006",Hi My Name Is Mark,Mark Hoppus,,55m13.116s
Can't Break,"When Life Gives You Lemons, You Paint That Shit Gold",Atmosphere,,3m34s
#669: Agnostic Delusions,The Atheist Experience,Atheist Community of Austin,,1h28m15s
"SModcast 200: Just The 'Fax, Ma'am",SModcast - SModcast.com,Kevin Smith & Scott Mosier,,1h53m56s
SotG - EP42,State of the Game,JP McDaniel,,1h46m10s
MDWWR #70 Diplo's Triple J Radio Mix,Mad Decent Worldwide Radio,diplo/mad decent,,33m20s
Who Said That?,The Nerdist,Nerdist,Katie Levine,1h8m4s
Bill Maher,The Nerdist,Chris Hardwick,Chris Hardwick,51m15s
Episode 234 - Jillian Lauren,WTF with Marc Maron Podcast,Marc Maron,,1h18m45s
#261 - The Instance: Watch out for Weiner Stalks,The Instance: World of Warcraft Podcast!,Scott Johnson,Scott Johnson,1h32m50s
Grand Design CD02,,Stephen Hawking,,1h10m21s
War's Greatest Hits Vol. 2,"Talk Is Cheap, Vol. 3",Henry Rollins,,24m8.298s
#676: Viewer Calls,The Atheist Experience,Atheist Community of Austin,,1h22m12s
FOOLCAST 026 - CUBIC ZIRCONIA,Fool's Gold Foolcast,Cubic Zirconia,,54m32s
Morgan Spurlock,The Nerdist,Nerdist,Katie Levine,1h8m22s
SModcast 201: Gene SModdenberry,SModcast - SModcast.com,Kevin Smith & Scott Mosier,,1h26m43s
#714: Dan Patrick's Confusing Beliefs,The Atheist Experience,Atheist Community of Austin,,58m17s
#734: Why did Xians stop killing Jews?,The Atheist Experience,Atheist Community of Austin,,56m48s
Episode #230 (Originally Aired 10/28/11),Real Time with Bill Maher,HBO Podcasts,,58m25s
MDWWR #66 Kito Mad Decent Mix,Mad Decent Worldwide Radio,diplo/mad decent,,1h2m33s
SotG - EPPAX12,State of the Game,JP McDaniel,,1h4m
SModcast 193: Mystery Stick,SModcast - SModcast.com,Kevin Smith & Scott Mosier,,1h37m11s
SotG - EP56,State of the Game,JP McDaniel,,1h44m25s
#740: Remembering Christopher Hitchens,The Atheist Experience,Atheist Community of Austin,,58m14s
PODCAST #179,The Joe Rogan Experience,,,2h39m48s
Episode 161 - Joe Rogan,WTF with Marc Maron Podcast,Marc Maron,,1h27m21s
"Episode 185 - Joel McHale, BJ Novak, Dwayne Perkins, Allan Havey, Jim & Eddie",WTF with Marc Maron Podcast,Marc Maron,,1h33m
Episode 192 - Paul Reiser,WTF with Marc Maron Podcast,Marc Maron,,1h17m59s
Episode 216 - Bryan Cranston,WTF with Marc Maron Podcast,Marc Maron,,1h24m56s
SModcast 191: Fat Cop Wanna Come,SModcast - SModcast.com,Kevin Smith & Scott Mosier,,1h41m37s
#670: Coming Out Atheist,The Atheist Experience,Atheist Community of Austin,,1h28m26s
Señor Dick,The Nerdist,Nerdist,Katie Levine,1h10m26s
#265 - The Instance: No have candle,The Instance: World of Warcraft Podcast!,Scott Johnson,Scott Johnson,1h38m32s
SModcast 198: Black Batman Begins,SModcast - SModcast.com,Kevin Smith & Scott Mosier,,1h41m24s
Grand Design CD01,,Stephen Hawking,,1h7m22s
Episode 194 - Rob Riggle,WTF with Marc Maron Podcast,Marc Maron,,1h13m46s
#251 - The Instance: The great Squish of 2011,The Instance: World of Warcraft Podcast!,Scott Johnson,Scott Johnson,1h47m24s
Letter to a Christian Nation 1,Letter to a Christian Nation,Sam Harris,,59m21s
#259 - The Instance: World of Warhackery,The Instance: World of Warcraft Podcast!,Scott Johnson,Scott Johnson,1h28m43s
Take Over of KROCK2,From Under The Cork Tree,Fall Out Boy,,57m25s
Episode 269 - David Cross,WTF with Marc Maron Podcast,Marc Maron,,1h47m2s
#717: Atheist Alliance/Texas Freethought,The Atheist Experience,Atheist Community of Austin,,58m22s
The FADER Issue #74 Podcast,The FADER » PODCASTS,The FADER,,36m25s
This Is Dubstep 2 (Bonus Continuous Mix 1),This Is Dubstep Vol.2,DJ Darkside,,42m28s
#249 - The Instance: Let the Panda-monium begin!,The Instance: World of Warcraft Podcast!,Scott Johnson,Scott Johnson,1h55m49s
Episode 229 - Mary Lynn Rajskub,WTF with Marc Maron Podcast,Marc Maron,,1h16m41s
#675: Viewer Calls,The Atheist Experience,Atheist Community of Austin,,1h28m31s
SModcast 188: Mitch Mayan,SModcast - SModcast.com,Kevin Smith and Scott Mosier,,1h9m34s
SModcast 90: Forgeticus!,SModcast - SModcast.com,Kevin Smith & Scott Mosier,,1h21m56s
Part 3.mp3,,,,1h7m40s
"Episode 257 - ""Weird Al"" Yankovic",WTF with Marc Maron Podcast,Marc Maron,,1h11m36s
Episode #200 (Originally Aired 1/28/11),Real Time with Bill Maher,HBO Podcasts,,55m48s
Sound Of Dubstep 2010 - Part 1,Radio one,BBC Radio 1,,1h59m56s
Episode 219 - Norm Macdonald,WTF with Marc Maron Podcast,Marc Maron,,1h27m46s
Neil deGrasse Tyson,The Nerdist,Chris Hardwick,Chris Hardwick,1h3m21s
"Episode 196 - Wyatt Cenac, Horatio Sanz, Tom Scharpling, Sam Lipsyte, Kevin Allison",WTF with Marc Maron Podcast,Marc Maron,,1h30m25s
"FOOLCAST 029 - HIS MAJESTY ANDRE ""PLAY IT, DON'T SAY IT""",Fool's Gold Foolcast,His Majesty Andre,,54m49s
#672: Viewer Calls,The Atheist Experience,Atheist Community of Austin,,1h28m17s
Episode 111 - Louis CK part 1,WTF with Marc Maron Podcast,Marc Maron,,1h18m41s
"Episode 201 - Rob Huebel, Joe Lo Truglio, Aparna Nancherla, Bob Ducca, Jim & Eddie",WTF with Marc Maron Podcast,Marc Maron,,1h32m20s
SModcast 202: My Baloney Has A First Name,SModcast - SModcast.com,Kevin Smith & Scott Mosier,,2h
#746: To Tell the Truth,The Atheist Experience,Atheist Community of Austin,,58m2s
Jay and Silent Bob Get Old 63: Mewes Had Time,Jay and Silent Bob Get Old - SModcast.com,Jason Mewes & Kevin Smith,,1h51m59s
SotG - EP65,State of the Game,JP McDaniel,,1h28m44s
Grand Design CD03,,Stephen Hawking,,1h10m16s
SotG - EP57,State of the Game,JP McDaniel,,1h46m8s
Trap House Volume 1,,DJ Skeet Skeet,,53m5s
"FOOLCAST 023 - CANBLASTER ""SKYSCRAPERS ARE THE MOUNTAINS OF THE CITY""",Fool's Gold Foolcast,Canblaster,,57m59s
Episode 215 - Jon Hamm,WTF with Marc Maron Podcast,Marc Maron,,1h11m39s
#271 - The Instance: Wave 4 Complete!,The Instance: World of Warcraft Podcast!,Scott Johnson,Scott Johnson,1h27m26s
SotG - EP44,State of the Game,JP McDaniel,,2h3m29s
Scott Ian,The Nerdist,Nerdist,Katie Levine,1h8m28s
930 Club: Live in DC!,The Nerdist,Nerdist,Katie Levine,1h15m18s
Chapter 12,The Greatest Show on Earth: The Evidence for Evolution,Richard Dawkins,,32m26s
Part 4.mp3,,,,1h7m52s
Patton Oswalt,The Nerdist,Nerdist,Chris Hardwick,1h5m28s
Jay and Silent Bob Get Old 64: Mewes Can't Do That,Jay and Silent Bob Get Old - SModcast.com,Jason Mewes & Kevin Smith,,1h53m37s
MDWWR #68 Eli Escobar and Lloydski Live at Submercer,Mad Decent Worldwide Radio,diplo/mad decent,,1h39m22s
"PODCAST #169 - Brian Redban, Doug Benson, Bert Kreischer, Ari Shaffir, Jason Gillearn",The Joe Rogan Experience,,,1h51m46s
SModcast 15: The Pretty-Good Worker,SModcast - SModcast.com,Kevin Smith and Scott Mosier,,1h21m56s
Methio,The Nerdist,Nerdist,Katie Levine,1h12m54s
#258 - The Instance: The Cataclysmic Year,The Instance: World of Warcraft Podcast!,Scott Johnson,Scott Johnson,1h27m53s
"PODCAST #181 - Iliza Shlesinger, Brian Redban",The Joe Rogan Experience,,,2h13m27s
"#188 - Amy Schumer, Brian Redban",The Joe Rogan Experience,,,2h3m49s
Episode 244 - Steven Wright,WTF with Marc Maron Podcast,Marc Maron,,1h16m33s
"SModcast 180: Harry Scotter Deftly Swallows, Part 2",SModcast - SModcast.com,Kevin Smith & Scott Mosier,,2h29m35s
#718: Camp Quest Drag,The Atheist Experience,Atheist Community of Austin,,58m11s
Episode 183 - Amy Poehler,WTF with Marc Maron Podcast,Marc Maron,,1h26m39s
Episode 60 - Bob Odenkirk,WTF with Marc Maron Podcast,Marc Maron,,1h13m41s
Episode 195 - Demetri Martin,WTF with Marc Maron Podcast,Marc Maron,,1h24m55s
The Opie & Anthony Show 3-21-2012,The Opie & Anthony Show,Twitter.com\SternGeek,,3h16m39s
SotG - EP39,State of the Game,JP McDaniel,,2h3m45s
Episode 144 - Patton Oswalt,WTF with Marc Maron Podcast,Marc Maron,,1h25m18s
"Episode 241 - Mojo Nixon, Jonah Ray, Maronzio Vance, Steve Mazan, Jim Earl, Eddie Pepitone",WTF with Marc Maron Podcast,Marc Maron,,1h31m2s
FOOLCAST 027 - FIFTEENTH,Fool's Gold Foolcast,Fifteenth,,1h8m43s
Jay and Silent Bob Get Old 65: Everything About Mewes,Jay and Silent Bob Get Old - SModcast.com,Jason Mewes & Kevin Smith,,2h13m56s
Episode 259 - Nick Offerman and Megan Mullally,WTF with Marc Maron Podcast,Marc Maron,,1h7m29s
Starcraft 2 - State of the Game EP41,State of the Game,JP McDaniel,,3h43s
#673: Purpose of Religion?,The Atheist Experience,Atheist Community of Austin,,1h28m21s
"PODCAST #160 - Eddie Bravo, Brian Redban",The Joe Rogan Experience,Joe Rogan,,2h56m6s
SModcast 196: It's All Gute,SModcast - SModcast.com,Kevin Smith & Scott Mosier,,2h2m32s
Episode #226 (Originally aired 9/30/11),Real Time with Bill Maher,HBO Podcasts,,55m32s
Episode 75 - Carlos Mencia,WTF with Marc Maron Podcast,Marc Maron,,1h7m8s
Adam Savage Live @ Largo!,The Nerdist,Nerdist,Chris Hardwick,1h47m
"PODCAST #114 - Neal Brennan, Brian Redban",The Joe Rogan Experience,,,2h18m7s
SModcast 184: Johnny Appleweed,SModcast - SModcast.com,Kevin Smith & Scott Mosier,,1h27m7s
Episode #201 (Originally Aired 2/4/11),Real Time with Bill Maher,HBO Podcasts,,55m41s
SotG - EP51,State of the Game,JP McDaniel,,2h6m32s
SModcast 177: Mosier Needs Closure,SModcast - SModcast.com,Kevin Smith & Scott Mosier,,1h23m18s
SotG - EP43,State of the Game,JP McDaniel,,1h32m39s
SotG - EP47,State of the Game,JP McDaniel,,2h21m34s
cd1 - 1981-1983.mp3,Get in the Van,Henry Rollins,Henry Rollins/Henry Rollins,52m2s
Stand-Up Cluster 2,The Nerdist,Nerdist,Katie Levine,1h59m14s
#257 - The Instance: What's in a name?,The Instance: World of Warcraft Podcast!,Scott Johnson,Scott Johnson,1h45m18s
SotG - EP52,State of the Game,JP McDaniel,,2h20m41s
"#191 - Honey Honey, Brian Redban",The Joe Rogan Experience,,,2h15m25s
#266 - The Instance: It's a Thrallio!,The Instance: World of Warcraft Podcast!,Scott Johnson,Scott Johnson,2h7m41s
David Tennant,The Nerdist,Chris Hardwick,Chris Hardwick,1h16m14s
"#193 - Jim Gaffigan, Brian Redban",The Joe Rogan Experience,,,1h26m30s
#255 - The Instance: The correct answer is 4.3,The Instance: World of Warcraft Podcast!,Scott Johnson,Scott Johnson,1h44m18s
Jon Hamm,The Nerdist,Chris Hardwick,Chris Hardwick,1h2m33s
Part 6.mp3,,,,1h35m37s
"PODCAST #178 - Joey Diaz, Brian Redban",The Joe Rogan Experience,,,2h36m18s
"PODCAST #174 - Eddie Bravo, Dr. Steve Graham, Brian Redban",The Joe Rogan Experience,,,2h37m39s
"#202 - Dom Irrera, Brian Redban",The Joe Rogan Experience,,,2h24m24s
"PODCAST #171 - EVERLAST, Brian Redban",The Joe Rogan Experience,,,2h28m19s
The Opie & Anthony Show 2-28-2012,The Opie & Anthony Show,Twitter.com\SternGeek,,1h32m54s
"FOOLCAST 024 - NEGROCLASH ""THE ACTIVATOR MIX""",Fool's Gold Foolcast,NegroClash,,1h30m33s
SotG - EP63,State of the Game,JP McDaniel,,2h21m
#256 - The Instance: Exploiting the obvious,The Instance: World of Warcraft Podcast!,Scott Johnson,Scott Johnson,1h40m36s
SotG - EP40,State of the Game,JP McDaniel,,1h48m19s
"PODCAST #173 - Peter Joseph, Brian Redban",The Joe Rogan Experience,,,2h25m51s
SotG - EP58,State of the Game,JP McDaniel,,2h31m2s
"#262 - The Instance: Now, 5% off the regular nerf!",The Instance: World of Warcraft Podcast!,Scott Johnson,Scott Johnson,1h27m8s
SModcast 203: Tenting Alderaan,SModcast - SModcast.com,Kevin Smith & Scott Mosier,,1h24m54s
Episode 190 - Todd Hanson,WTF with Marc Maron Podcast,Marc Maron,,1h38m42s
"PODCAST #76 - Bobby Lee, Brian Redban",The Joe Rogan Experience,,,2h16m10s
"#260 - The Instance: Take the player, not the race!",The Instance: World of Warcraft Podcast!,Scott Johnson,Scott Johnson,1h40m19s
"PODCAST #164 - Shane Smith, Brian Redban",The Joe Rogan Experience,,,2h44m12s
SModcast 207: The Bryning,SModcast - SModcast.com,Kevin Smith & Scott Mosier,,2h3m31s
Damn It Feels Good To Be A Gangsta ft. Murs,Damn It Feels Good To Be A Gangsta: Mixtape,The Los Angeles Leakers,The Los Angeles Leakers,1h19m21s
SotG - EP48,State of the Game,JP McDaniel,,2h3m46s
"JRE #192 - Sam Harris, Brian Redban",The Joe Rogan Experience,,,2h50m22s
SModcast 204: Scrotally Awesome,SModcast - SModcast.com,SModcast - SModcast.com,,2h35m51s
"PODCAST #146 - Ari Shaffir, Brian Redban",The Joe Rogan Experience,Joe Rogan,,2h47m39s
SModcast 205: The Hamlisch Games,SModcast - SModcast.com,,,1h52m4s
SotG - EP45,State of the Game,JP McDaniel,,2h59m6s
Phil Plait Live in Boulder,The Nerdist,Nerdist,Katie Levine,1h28m12s
SModcast 206: More Than Zero,SModcast - SModcast.com,Kevin Smith & Scott Mosier,,1h52m34s
State of the Game EP60.5,State of the Game,JP McDaniel,,2h52m26s
"PODCAST #158 - Doug Benson, Brian Redban",The Joe Rogan Experience,Joe Rogan,,2h56m13s
Audio Books - The Art of War,,,,2h27m6s
"#196 - Matt Paxton, Brian Redban",The Joe Rogan Experience,,,2h27m10s
SModcast 195: Eh Bortion,SModcast - SModcast.com,Kevin Smith & Scott Mosier,,1h54m22s
SModcast 166: Bittersweet Symphony,SModcast - SModcast.com,Kevin Smith & Scott Mosier,,1h43m54s
"PODCAST #172 - Bryan Callen, Brian Redban",The Joe Rogan Experience,,,2h35m54s
SotG - EP59,State of the Game,JP McDaniel,,2h40m58s
"JRE #190 – Greg Fitzsimmons, Brian Redban",The Joe Rogan Experience,,,2h58m23s
SotG - EP61,State of the Game,JP McDaniel,,2h55s
Jay and Silent Bob Get Old 62: Never Say Mewes Can't,Jay and Silent Bob Get Old - SModcast.com,Jason Mewes & Kevin Smith,,2h4m50s
SotG - EP53,State of the Game,JP McDaniel,,1h52m42s
Sound Of Dubstep 2010 - Part 3,BBC radio one,BBC Radio 1,,2h3s
"PODCAST #177 - Hamilton Morris, Brian Redban",The Joe Rogan Experience,,,2h45m29s
SotG - EP46,State of the Game,JP McDaniel,,2h26m53s
Sound Of Dubstep 2010 - Part 2,BBC radio one,BBC Radio 1,,1h59m58s
#250 - The Instance: The Panda Reality Distortion Field,The Instance: World of Warcraft Podcast!,Scott Johnson,Scott Johnson,2h38m44s
SModcast 182: The Doorway To Norway,SModcast - SModcast.com,Kevin Smith & Scott Mosier,,2h16m58s
Gossip Girl 2 - You Know You Love Me - Audiobook,http://www.hachettebookgroup.com,Cecily von Ziegesar,,2h27m40s
"JRE #204 - Amy Schumer, Brian Redban",The Joe Rogan Experience,,,2h32m31s
The Opie & Anthony Show 3-07-2012,The Opie & Anthony Show,Twitter.com\SternGeek,,3h37m40s
"PODCAST #176 – Steven Rinella, Brian Redban",The Joe Rogan Experience,,,3h55s
"#203 - Jim Jefferies, Brian Redban",The Joe Rogan Experience,,,1h59m25s
Jay and Silent Bob Get Old 60: What Was It Mewes Wanted,Jay and Silent Bob Get Old - SModcast.com,Jason Mewes & Kevin Smith,,2h3m11s
The Opie & Anthony Show 3-01-2012,The Opie & Anthony Show,Twitter.com\SternGeek,,3h21m30s
Ben Folds,The Nerdist,Nerdist,Chris Hardwick,1h52m55s
SotG - EP50,State of the Game,JP McDaniel,,2h6m37s
"SModcast 88: 11 Short of 99, The Number of the Great One, Wayne Gretzky, Son of Walter and Phyllis from Brantford, Ontario, Whe",SModcast - SModcast.com,Kevin Smith and Scott Mosier,,2h20m35s
"PODCAST #184 - DEADMAU5, Brian Redban, Russell Peters, Eddie Bravo",The Joe Rogan Experience,,,3h2m59s
"PODCAST #170 - Michael Ruppert, Brian Redban",The Joe Rogan Experience,Joe Rogan,,2h48m39s
The Opie & Anthony Show 2-27-2012,The Opie & Anthony Show,Twitter.com\SternGeek,,3h17m17s
SotG - EP54,State of the Game,JP McDaniel,,3h7m3s
Essential Mix: Magnetic Man [07.24.2010],www.gottadancedirty.com,Magnetic Man,,2h
SotG - EP64,State of the Game,JP McDaniel,,2h40m52s
SotG - EP60,State of the Game,JP McDaniel,,4h41m45s
"PODCAST #134 - Kevin Smith, Brian Redban",The Joe Rogan Experience,Joe Rogan,,3h33m50s
pitchfork mix AUGUST final,,Diplo,,1h8m11s





