Track URI,Track Name,Album Name,Artist Name(s),Release Date,Duration (ms),Popularity,Explicit,Added By,Added At,Genres,Record Label,Danceability,Energy,Key,Loudness,Mode,Speechiness,Acousticness,Instrumentalness,Liveness,Valence,Tempo,Time Signature
spotify:track:1mlrEJsi41bsviUMB6nEgz,"Need","GigaSol","Atticus Rush",2025-06-20,136901,50,false,,2025-11-10T05:05:06Z,"","Acid Riot Music",0.689,0.673,1,-4.38,1,0.0393,0.0203,0.218,0.137,0.169,142.003,4
spotify:track:60zIis3BtyfNQFEucmDvE7,"I Run","I Run","HAVEN.",2025-10-29,129565,75,false,,2025-11-10T05:03:03Z,"","Isekai / Broke / AAO",0.737,0.795,8,-3.919,0,0.0309,0.00291,0.00589,0.108,0.26,138.013,4
spotify:track:1dpB1jrziyaczTQvvz8du1,"WILDFIRE","WILDFIRE","FUZION;Zeli",2025-10-31,177111,59,false,,2025-11-10T04:59:41Z,"uk garage","AAO Records",0.78,0.617,9,-7.094,1,0.0583,0.253,0.054,0.0955,0.117,135.05,4
spotify:track:3il4y44v2aMLfp96IJg7qu,"Move In Silence","Memory Of A Day (Deluxe)","Phantogram;Big Boi",2025-10-31,248455,51,true,,2025-11-10T04:55:54Z,"southern hip hop","Neon Gold",0.457,0.782,7,-6.403,1,0.153,0.012,0.00011,0.127,0.26,148.093,4
spotify:track:6Wq4NDrwhOrueu45OrF8yT,"Circles & Stars","Circles & Stars","AHEE",2025-10-10,256000,40,false,,2025-11-10T04:55:25Z,"dubstep,bass music,riddim","ZOT Records",0.529,0.969,5,-3.917,0,0.0444,0.000211,0.021,0.157,0.0864,149.998,4
spotify:track:360YcR1oRtUUrYsivzxy82,"BABY!","BABY!","Super Future;Wreckno",2025-10-28,222857,27,false,,2025-11-10T04:54:25Z,"bass music","N-S-E-W",0.628,0.952,7,-4.407,0,0.0348,0.0128,0.528,0.118,0.0521,139.991,4
spotify:track:1rlPXuxUk4t8xVS05Uab4G,"Losing Control","Losing Control","Odd Mob;OMNOM",2023-09-15,165335,59,false,,2025-11-08T20:27:07Z,"tech house,bass house","Experts Only",0.711,0.748,0,-6.524,1,0.0521,0.0493,0.765,0.316,0.254,134.014,4
spotify:track:1Z2HuPvdKhdlIbHst99MnR,"Blessings - Odd Mob Remix","Blessings - The Remixes (Part 2)","Calvin Harris;Clementine Douglas;Odd Mob",2025-08-01,189850,35,false,,2025-11-08T20:26:17Z,"edm,tech house,bass house","Columbia",0.549,0.968,9,-4.583,1,0.0572,0.0006,0.325,0.196,0.693,134.041,4
spotify:track:0oB8BYocpXaQ7hxX8ZhPJ6,"System","System","Odd Mob;OMNOM;HYPERBEAM",2025-09-05,201230,59,false,,2025-11-08T20:25:01Z,"tech house,bass house","Insomniac Records",0.728,0.856,1,-4.97,0,0.0381,0.0237,0.0569,0.0985,0.152,129.987,4
spotify:track:2vxsdAnntt6eGZJJRaLBF6,"palm of my hands - Odd Mob Remix","palm of my hands (Odd Mob Remix)","John Summit;Odd Mob;venbee",2024-11-08,203636,63,true,,2025-11-08T20:25:00Z,"house,tech house,bass house,drum and bass,liquid funk","Experts Only/Darkroom Records",0.823,0.908,10,-4.07,0,0.0526,0.00273,0.0838,0.0754,0.554,132.013,4
spotify:track:2mHYjjjoCvqF4ZFXY6CIZn,"Next To You","EURÊKA!","Romain Garcia",2025-10-17,203572,49,false,,2025-11-08T20:23:07Z,"melodic house,melodic techno,progressive house","Anjunadeep",0.622,0.933,1,-8.297,0,0.0343,0.026,0.772,0.147,0.0293,125.014,4
spotify:track:3Rs4YrQRbYzZt9VvFpj3br,"Fight Club","Paralysis Analysis","Chee;Mr. Carmack",2021-02-26,168421,31,false,,2025-11-08T20:21:05Z,"drumstep,bass music,dubstep,edm trap","Deadbeats",0.571,0.85,1,-6.271,1,0.556,0.0757,0.0168,0.288,0.451,85.56,4
spotify:track:4jl12DMF8Yf9tuD5bcWP4r,"Get Lost","Aurora","Super Future",2025-05-30,222000,23,false,,2025-11-08T20:21:05Z,"bass music","Odyzey Music",0.621,0.611,9,-6.269,1,0.055,0.459,0.002,0.109,0.0557,79.975,4
spotify:track:7K5nNgiuXg5JWM4e13V0Dq,"Decimate","Decimate","Edison Cole",2025-09-26,167200,23,false,,2025-11-08T20:21:05Z,"dubstep","Bite This!",0.378,0.996,4,-0.746,0,0.411,0.0331,0.0102,0.293,0.256,149.574,4
spotify:track:0A9kmYQndXznJm1uNYKbF6,"Dead Limit (Noisia's 'Outer Edges' Remix)","Outer Edges (Noisia Remixes)","Noisia;The Upbeats",2017-06-09,262190,15,false,,2025-11-08T20:21:05Z,"drum and bass,drumstep,dubstep,breakbeat,jungle,bass music,liquid funk","Vision Recordings",0.348,0.99,5,-0.906,0,0.466,0.00442,0.176,0.0908,0.0571,171.909,4
spotify:track:4bW4m8LzKoaqwF8sCI37wn,"Drum Beats Go Like","Drum Beats Go Like","Shlump",2024-05-17,216000,34,true,,2025-11-08T20:21:05Z,"bass music,dubstep,riddim","HypnoVizion Records Inc.",0.755,0.851,1,-4.665,1,0.0815,0.0568,0.385,0.47,0.641,120.004,4
spotify:track:6qLM7FY8SPWYIyKKhzzVO0,"Here With Me","Here With Me","PEEKABOO",2020-09-25,223999,53,false,,2025-11-08T20:21:05Z,"dubstep,bass music,riddim","Rare Breed Artists",0.64,0.59,1,-2.502,0,0.0691,0.0495,0.206,0.144,0.103,90.047,4
spotify:track:5EGPcRBpUVPv28MGTI2oyc,"Louder","Danger Console","Shanghai Doom",2025-07-11,152357,11,false,,2025-11-08T20:21:05Z,"bass music,dubstep,riddim","Shanghai Doom Music",0.884,0.692,2,-0.842,1,0.0447,0.00156,0.539,0.0898,0.462,140.058,4
spotify:track:1uyZGBnuSdTXjsvi6dKgiD,"Evoke","What I Can Do","CØNTRA;Saturna",2024-10-01,226027,44,false,,2025-11-08T20:21:05Z,"bass music,downtempo","The Gradient Perspective Records",0.742,0.334,7,-9.052,0,0.0364,0.246,0.886,0.0692,0.0517,139.963,4
spotify:track:7HlbQCdVXgANsk2FMXICUs,"Diplodocus - Kill The Noise Remix","Split the Atom (Special Edition)","Noisia;Kill The Noise Remix",2012-04-09,164539,24,false,,2025-11-08T20:21:05Z,"drum and bass,drumstep,dubstep,breakbeat,jungle,bass music","Vision Recordings",0.619,0.968,6,-3.194,0,0.318,0.000646,0.027,0.291,0.274,171.869,4
spotify:track:2zRWhgtP9FAS6LNEbEb9Yu,"SOUL - VIP","PERIPHERY (Remix LP)","Ravenscoon;ZEKE BEATS;Born I;Seeka",2024-05-17,142000,27,true,,2025-11-08T20:21:05Z,"bass music,dubstep,drumstep","WAKAAN",0.662,0.909,1,-3.148,1,0.305,0.0614,0.000663,0.218,0.294,139.906,4
spotify:track:05j0dS7ZvaC6a4jnkjMags,"Sound - Chmura Remix","Digital Human Remix","Ashez;Chmura",2021-03-04,257321,37,false,,2025-11-08T20:21:05Z,"bass music,downtempo","BOY RECORDS",0.794,0.546,1,-7.004,1,0.0897,0.0458,0.501,0.0656,0.336,167.946,4
spotify:track:2ymdSGVLQG0WQCfZhGqTyS,"Fantasy","HEYZ'D And Confused","Heyz",2025-08-01,192000,38,false,,2025-11-08T20:21:05Z,"bass music,dubstep","Bassrush Records",0.382,0.697,1,-2.904,1,0.0389,0.00491,0.0000552,0.684,0.0347,140.11,4
spotify:track:2i9iY19wSpMG7kVbfj0kf3,"HYPERBEAM","HYPERBEAM","HYPERLIGHT",2025-04-04,204943,15,false,,2025-11-08T20:21:05Z,"","Lunar Bass Records",0.664,0.898,7,-4.006,1,0.0639,0.0456,0.485,0.265,0.33,173.983,4
spotify:track:2NdVOj1QOXN39tkrOeQ7EV,"Pay (For What)","Bang, Vol. 3","Mr. Carmack",2014-04-15,191351,0,false,,2025-11-08T20:21:05Z,"edm trap","Lightsleepers",0.711,0.467,11,-7.852,0,0.244,0.673,0.00801,0.0997,0.0923,148.021,4
spotify:track:3dGJRJA65RXfB8jleRtcP5,"Blood Bank","Blood Bank","Dennett;High Zombie",2025-09-12,154285,30,false,,2025-11-08T20:21:05Z,"riddim,dubstep,deathstep,bass music","Boom Records LLC",0.608,0.929,2,-2.429,1,0.0555,0.0204,0.0987,0.24,0.103,139.969,4
spotify:track:034Or1251K13U8kTi4dlLg,"You & Me - Flume Remix","Club House","Disclosure;Eliza Doolittle;Flume",2021-04-23,282812,28,false,,2025-11-08T20:21:05Z,"house,future bass","UME - Global Clearing House",0.599,0.392,10,-6.869,0,0.0257,0.378,0.000107,0.131,0.26,75.066,4
spotify:track:2nVkaBHPUf8qrxDooNAHzE,"Lose Control","Lose Control","Fourward",2020-07-31,238588,42,false,,2025-11-08T20:21:05Z,"drum and bass,liquid funk","Elevate Records",0.441,0.926,6,-4.703,1,0.128,0.000504,0.0177,0.122,0.126,174.99,4
spotify:track:4XZC1labZABgXtbAag1eWo,"Flip It","Escapism Vol. 1","Levity;Dem Jointz",2024-09-25,135000,55,false,,2025-11-08T20:21:05Z,"dubstep","Deadbeats",0.772,0.681,1,-6.7,1,0.0597,0.143,0.00237,0.106,0.761,160.039,4
spotify:track:5rxxtiVPMz0ASdNzoErvpg,"Been About","Been About","rSUN",2024-06-07,204000,35,false,,2025-11-08T20:21:05Z,"bass music","Good Society",0.708,0.755,11,-3.405,0,0.0399,0.00257,0.651,0.464,0.361,79.993,4
spotify:track:0PRoM2WmkLn04PKauQOyWz,"Flow","Entropy","rSUN",2025-03-21,205772,34,false,,2025-11-08T20:21:05Z,"bass music","Memory Palace",0.537,0.652,4,-5.19,1,0.0429,0.143,0.807,0.0948,0.0363,104.785,3
spotify:track:0F35FTyIEqHhS1qHbfyLqC,"Made It Clear","Freaks EP","Klinical",2025-05-02,195428,37,false,,2025-11-08T20:21:05Z,"drum and bass,liquid funk,dubstep,drumstep,jungle","Overview Music",0.69,0.732,11,-6.608,1,0.0373,0.0424,0.745,0.751,0.244,140.034,4
spotify:track:3FXDzAJ28I5CNC7GWDRn4K,"Bring The House Down","Bring The House Down","DJ Snake;Dillon Francis;TRXGGX",2025-10-10,222814,56,false,,2025-11-08T20:21:05Z,"moombahton,edm,edm trap,dubstep","DJ Snake Music Productions Limited",0.271,0.995,4,-0.561,1,0.164,0.0095,0.473,0.607,0.265,144.936,4
spotify:track:7lY2gIUuegI3j4mnRa8Lky,"BACK2LIFE","BACK2LIFE","Pirapus",2025-05-23,241371,42,false,,2025-11-08T20:21:05Z,"drum and bass","Thrive Music",0.492,0.944,6,-3.76,1,0.0411,0.111,0.00226,0.0796,0.243,175.034,4
spotify:track:6dMT9nL41UUJkmqXdWRFEb,"Trouble","Trouble","Effin",2024-08-09,245142,40,false,,2025-11-08T20:21:05Z,"dubstep,riddim,bass music,deathstep","Effin Music",0.687,0.899,1,-2.052,1,0.286,0.0115,0.0515,0.633,0.456,139.955,4
spotify:track:1De2GzUWYUdwAmRjDz8Qdp,"Fractal","Fractal","ERBES;REPLASED",2025-09-26,164571,18,false,,2025-11-08T20:21:05Z,"riddim,dubstep,deathstep,bass music","WHY Z MUSIC",0.748,0.591,2,-7.116,1,0.0574,0.00957,0.159,0.14,0.248,139.955,4
spotify:track:5rbZvFArrWYKE0caMq7HnB,"Brute (Josh Teed Remix)","Ancestors (Remixed)","Jaenga;Josh Teed",2025-01-17,241681,34,false,,2025-11-08T20:21:05Z,"dubstep,bass music","SubCarbon",0.458,0.716,4,-4.984,0,0.138,0.15,0.513,0.413,0.14,139.796,4
spotify:track:1jUWJ90dmJLAb0AdL39vXU,"with vengeance","with vengeance","Nikita, the Wicked",2024-05-24,200598,41,false,,2025-11-08T20:21:05Z,"uk garage,bass music","Nikita, the Wicked",0.586,0.636,7,-5.348,0,0.0744,0.0542,0.145,0.84,0.103,140.023,4
spotify:track:0YhHb73exyTlzcHyUxmG2S,"Love Potion","Love Potion","Effin",2024-04-05,246857,42,false,,2025-11-08T20:21:05Z,"dubstep,riddim,bass music,deathstep","Effin Music",0.57,0.945,11,-1.506,0,0.266,0.0312,0.00136,0.176,0.186,140.105,4
spotify:track:3xE0aFAEDbS3hjtBB5PKLT,"Flip It - Tape B Remix","Flip It (Tape B Remix)","Levity;Tape B;Dem Jointz",2024-02-28,187916,52,false,,2025-11-08T20:21:05Z,"dubstep,bass music,riddim","Deadbeats",0.748,0.859,8,-5.479,0,0.255,0.16,0.00275,0.081,0.557,144.192,4
spotify:track:0o2h4dylUGtAcQ8gwMWrP3,"CLOSER","CLOSER","VANDA",2025-01-24,207050,23,false,,2025-11-08T20:21:05Z,"edm trap","VANDA",0.628,0.858,6,-4.117,0,0.155,0.0316,0.06,0.152,0.132,142.008,4
spotify:track:49ngxNljkJchygKTBrN78X,"Noxious","Noxious","LYNY",2022-05-11,178290,33,false,,2025-11-08T20:21:05Z,"bass music,dubstep","Noxious Recordings",0.607,0.729,1,-6.562,1,0.0554,0.0321,0.548,0.318,0.388,139.539,4
spotify:track:2bsugkJJSKAI1et7Xf2F54,"I need a break.","I need a break.","The Caracal Project;Buunshin;Rhode",2022-09-01,152790,41,false,,2025-11-08T20:21:05Z,"drum and bass,liquid funk,drumstep","UKF",0.703,0.834,2,-2.536,0,0.0521,0.0349,0.0894,0.321,0.326,86.02,4
spotify:track:1vXidQNdc2qr8JPXmaXzY0,"Hyperreal","Fluorescence","Big Gigantic;Blanke;ProbCause",2025-06-20,173478,40,false,,2025-11-08T20:21:05Z,"melodic bass,future bass,dubstep,edm","Big Gigantic",0.61,0.963,10,-2.475,0,0.117,0.00436,0.0000206,0.671,0.392,92.02,4
spotify:track:47Yi7jvxnwCG0zGa41vmU1,"Buried","Buried","IMANU;HYPRESSION",2021-09-10,253333,34,false,,2025-11-08T20:21:05Z,"drum and bass,drumstep,bass house,g-house","Deadbeats",0.636,0.966,7,-3.125,0,0.0486,0.000939,0.00965,0.0813,0.0774,126.061,4
spotify:track:00k55HxLWMXRVWKOLzmrsG,"Dune","Hyperspace","Shanghai Doom",2023-10-27,153600,37,false,,2025-11-08T20:21:05Z,"bass music,dubstep,riddim","Bassrush Records",0.604,0.919,8,-2.975,0,0.0623,0.00362,0.767,0.0971,0.447,74.983,4
spotify:track:7nZq7iZXdL6R3wHnyfGZtG,"Body Work VIP","Body Work VIP","Circadian",2023-11-17,267931,37,false,,2025-11-08T20:21:05Z,"drum and bass","Elevate Records",0.559,0.968,1,-1.778,1,0.146,0.00353,0.802,0.106,0.216,174.13,4
spotify:track:1whhLeg6WV3LiQne0adJW4,"Satellite - SOTA Remix","Satellite (SOTA Remix)","Dimension;Alison Wonderland;SOTA",2024-07-25,177931,38,false,,2025-11-08T20:21:05Z,"drum and bass,liquid funk,edm trap,future bass,edm,bassline","Dimension",0.594,0.804,7,-3.812,0,0.11,0.0226,0.000172,0.0919,0.157,173.98,4
spotify:track:5OF5BXeoXG4IJKVM6dxAbO,"SOUL","SOUL","Shae District;Haasy",2025-03-21,175919,18,false,,2025-11-08T20:21:05Z,"","Putyouon Music Group",0.764,0.864,1,-6.264,0,0.0869,0.0113,0.367,0.232,0.516,135.026,4
spotify:track:4ESaz98jq3rVEimEIrVAzN,"Lonesome","Daydreams","Effin",2025-06-27,243428,45,false,,2025-11-08T20:21:05Z,"dubstep,riddim,bass music,deathstep","Effin Music",0.601,0.888,8,-3.017,0,0.143,0.0346,0.00775,0.619,0.217,139.817,4
spotify:track:5VHoqswQZpT3cc09phEmhi,"All I Need Is Bass","Eyes Wide Open","PEEKABOO",2023-11-03,169954,39,false,,2025-11-08T20:21:05Z,"dubstep,bass music,riddim","Peekaboo Music",0.877,0.837,11,-5.655,0,0.171,0.0497,0.178,0.0862,0.493,152.07,4
spotify:track:7mCDRMWEok4y7NHgKSfD2K,"Hitz","Hitz","LYNY",2024-08-16,168017,35,false,,2025-11-08T20:21:05Z,"bass music,dubstep","Noxious Recordings",0.486,0.837,10,-7.388,0,0.494,0.000698,0.00000244,0.372,0.425,132.052,4
spotify:track:1ZIglHDIFjtMiFV2VItzPg,"Bassline","Bassline","Super Future;Wreckno",2023-08-18,254117,34,false,,2025-11-08T20:21:05Z,"bass music","HypnoVizion Records Inc.",0.506,0.796,1,-3.417,1,0.301,0.173,0.0773,0.111,0.28,84.699,4
spotify:track:1jO3WNEmOGnOT3kwph4kxe,"Warrior Spirit","Warrior Spirit","HYPERLIGHT",2024-01-03,258000,16,false,,2025-11-08T20:21:05Z,"","High Vibe Records",0.602,0.935,1,-4.109,1,0.369,0.00707,0.00169,0.127,0.409,159.955,4
spotify:track:6Z2bU2WbFdgtQvbfSUmFOX,"Laws of the Matrix","Yugen","Meduso",2020-08-11,236571,4,false,,2025-11-08T20:21:05Z,"bass music","Perplex Studios",0.629,0.818,10,-5.805,1,0.0548,0.00037,0.0371,0.116,0.298,139.989,4
spotify:track:6NlBcr0CvGpWvuxgLUjD9t,"Yummy Gummy","Yummy Gummy","Mary Droppinz",2024-09-20,170704,37,false,,2025-11-08T20:21:05Z,"","Deadbeats",0.881,0.659,6,-6.193,1,0.0767,0.000513,0.0436,0.3,0.622,141.997,4
spotify:track:4t2tX7m8SPhCtvgQ1w3iRo,"Go Again","Go Again","borne",2025-05-09,130673,38,false,,2025-11-08T20:21:05Z,"uk garage,bass music,dubstep","NIGHTMODE",0.668,0.947,5,-5.165,0,0.0499,0.0433,0.89,0.311,0.288,139.986,4
spotify:track:5XOo9tUFjrP4c7aBas9HvS,"CROOKED","CROOKED","STVSH",2024-04-24,212571,41,false,,2025-11-08T20:21:05Z,"bass music,dubstep","Jadu Dala",0.7,0.718,2,-6.971,1,0.0524,0.00111,0.717,0.647,0.416,139.979,4
spotify:track:0TYpnpLfszFPlNqXd5OqPG,"Losing My Mind","Losing My Mind","Bronze Sun",2025-05-09,148965,22,false,,2025-11-08T20:21:05Z,"bass music","Liminal Bass Records",0.701,0.677,10,-6.082,0,0.0862,0.0531,0.0764,0.0777,0.292,145.03,4
spotify:track:7EyhssM3gS5EwyrRpJ802Z,"Sock'em Bop'em","All In","Know Good",2025-07-07,178285,48,true,,2025-11-08T20:21:05Z,"","KNOW GOOD LLC",0.773,0.527,1,-5.947,1,0.279,0.301,0.0000487,0.126,0.318,140.03,4
spotify:track:7xPSA2vZJgBfVAjK0Ae6Q5,"Vortex","Spiral","Rezz;PEEKABOO",2021-11-19,282947,0,false,,2025-11-08T20:21:05Z,"edm,dubstep,bass music,riddim","Rezz Music/RCA Records",0.707,0.756,0,-3.928,1,0.0426,0.00083,0.843,0.137,0.129,94.946,4
spotify:track:37FhgYB2uZKLoxtYerxht5,"Sleepwalker","Sleepwalker","Ankou;Vellum",2022-12-29,214153,0,false,,2025-11-08T20:21:05Z,"drumstep,bass music,bassline,bass house,g-house","ankoumusic",0.687,0.923,1,-3.104,1,0.387,0.000842,0.719,0.911,0.217,129.984,4
spotify:track:2q8Vitl14019j7jDORqXwz,"Hum it to google","Basspunk 2","Bassvictim;Ngahere Wafer",2025-01-30,117117,45,false,,2025-11-08T20:21:05Z,"electroclash,witch house,hyperpop,emo rap","TWIN",0.484,0.831,3,-5.903,0,0.0967,0.0225,0.0565,0.101,0.621,77.957,4
spotify:track:3E4DqfanSZc4gdUQXaovcj,"Bumpin' - LYNY Remix","Eyes Wide Open (Remixes)","PEEKABOO;LYNY",2024-05-17,130231,40,false,,2025-11-08T20:21:05Z,"dubstep,bass music,riddim","Peekaboo Music",0.624,0.995,8,-5.295,0,0.346,0.0073,0.0759,0.194,0.453,139.86,4
spotify:track:3dNDt0VLKc0xUcuTI20Q73,"Innocence 2025","Innocence 2025","NERO;Taiki Nulight",2025-03-13,168000,52,false,,2025-11-08T20:21:05Z,"dubstep,dub,bassline,bass house,g-house,uk garage","Polydor Records",0.59,0.607,8,-3.919,1,0.092,0.0135,0.166,0.0873,0.278,139.805,4
spotify:track:0PXWIkMrTBFV2og2xwdi2v,"Safe and Sound (Rebelution) [Remix]","Safe and Sound (Rebelution) [Remix]","Blunts & Blondes",2020-09-12,185600,41,false,,2025-11-08T20:21:05Z,"riddim,dubstep","87 Music",0.78,0.794,6,-3.222,1,0.18,0.0509,0,0.122,0.618,74.958,4
spotify:track:3ltMH0Qk0hp8diFx60ioIb,"IS IT","IS IT","Blooom;Phace",2025-03-11,174418,24,false,,2025-11-08T20:21:05Z,"drum and bass,drumstep,jungle","Pilot.",0.542,0.973,9,-0.345,1,0.122,0.000225,0.789,0.351,0.138,172.003,4
spotify:track:3VJPf6YFYoKvd9qQfVLM5w,"nothing like me","NOFORTUNE","Control Freak",2023-08-25,151714,28,false,,2025-11-08T20:21:05Z,"riddim,dubstep,bass music,edm trap,deathstep","Sable Valley Records",0.646,0.945,10,-6.062,0,0.0568,0.00286,0.487,0.108,0.0783,140.02,4
spotify:track:778aipVwFlzGEltPlKE7hK,"Currents","Plasma","Canabliss",2022-02-01,164571,40,false,,2025-11-08T20:21:05Z,"","WAKAAN",0.546,0.476,1,-10.681,0,0.0522,0.515,0.695,0.386,0.0377,139.957,4
spotify:track:4ZdbgG1lzEJY5YFWomSnKZ,"Headway","Headway","Ashez;Gallium",2025-06-27,195403,45,false,,2025-11-08T20:21:05Z,"bass music","Qualia",0.796,0.831,10,-5.16,0,0.0934,0.0581,0.872,0.122,0.708,140.048,4
spotify:track:3OywneuYVsbn40b9AzH58I,"Hypnotendiez","Wrecking Ball","PEEKABOO",2019-03-08,178280,31,false,,2025-11-08T20:21:05Z,"dubstep,bass music,riddim","Deadbeats",0.649,0.749,10,-4.891,0,0.212,0.003,0.3,0.111,0.448,139.875,4
spotify:track:1weRkqokOFNYbLSicGfG8I,"Clouds of Smoke","Clouds of Smoke","ETHER",2025-06-04,192000,28,false,,2025-11-08T20:21:05Z,"","True Form",0.549,0.94,1,-3.763,0,0.33,0.0315,0.00264,0.672,0.488,145.143,4
spotify:track:24xKxcxrCfWtOgonPByVNB,"Blue (Flume Remix)","Blue (Flume Remix)","Eiffel 65;Flume",2020-07-03,166666,48,false,,2025-11-08T20:21:05Z,"eurodance,europop,italo dance,future bass","Top Music IP",0.746,0.704,7,-3.905,0,0.0801,0.431,0.00794,0.249,0.665,134.938,4
spotify:track:7IZHUjEccg17iyWXBVfPs3,"Skanka - sumthin sumthin Remix","Skanka (P Money Vocal Dub)","Hamdi;sumthin sumthin",2023-12-15,140329,34,false,,2025-11-08T20:21:05Z,"uk garage,bassline,dubstep,bass music,future bass","Bassrush Records",0.736,0.736,2,-7.344,1,0.294,0.172,0.0089,0.157,0.135,129.92,4
spotify:track:3mYP9Tec1OzcwNKuCEqJzE,"Certified","Certified","EAZYBAKED;MontyCler",2023-09-12,219428,43,false,,2025-11-08T20:21:05Z,"bass music,dubstep","EAZYBAKED",0.92,0.532,10,-5.191,0,0.317,0.00517,0.0013,0.447,0.437,140.029,4
spotify:track:2MX61zLIo9LohKn8cGTqY8,"WHILE YOU WERE SLEEPING VIP","F*CK U SKRILLEX YOU THINK UR ANDY WARHOL BUT UR NOT!! <3","Skrillex;Virtual Riot;Nakeesha",2025-04-01,57599,51,false,,2025-11-08T20:21:05Z,"dubstep,edm,electro,electronic,riddim,deathstep,bass music,future bass,drumstep,dub","OWSLA/Atlantic",0.573,0.88,8,-4.325,1,0.327,0.0192,0.000325,0.368,0.92,150.02,4
spotify:track:26wNzedjBGoERhSb3mzEdl,"TEARS LOST DROP","F*CK U SKRILLEX YOU THINK UR ANDY WARHOL BUT UR NOT!! <3","Skrillex;Sleepnet;Joker",2025-04-01,76800,51,false,,2025-11-08T20:21:05Z,"dubstep,edm,electro,electronic,drum and bass,bass music,dub","OWSLA/Atlantic",0.581,0.805,5,-5.181,0,0.0434,0.000127,0.449,0.392,0.456,150.083,4
spotify:track:5g7gJzOgSt8iujy6DORM50,"Pulse","Pulse","LYNY;FLY",2023-09-27,147428,37,false,,2025-11-08T20:21:05Z,"bass music,dubstep","LYNY & FLY",0.865,0.554,9,-3.995,1,0.175,0.00104,0.868,0.454,0.0877,139.955,4
spotify:track:4J6ZXhcKEy7Dsg8ERMN17e,"Control","Control","borne",2024-09-27,151205,38,false,,2025-11-08T20:21:05Z,"uk garage,bass music,dubstep","UKF",0.643,0.726,9,-5.791,1,0.0367,0.000586,0.694,0.0456,0.0853,140.041,4
spotify:track:2Sbr3scYpI2an0wg3Sda9T,"The Beat","The Rollout","Pretty Sweet",2025-08-20,145531,28,true,,2025-11-08T20:21:05Z,"dubstep","Wubaholics",0.836,0.904,11,-1.473,0,0.105,0.00423,0.168,0.07,0.33,94.082,4
spotify:track:4Fb3APthpypgMtMp3p1Az7,"Encore","Encore","AMADRAMA",2023-01-19,129608,5,false,,2025-11-08T20:21:05Z,"bass house,g-house","AMADRAMA",0.657,0.947,9,-5.65,1,0.0374,0.000643,0.452,0.513,0.363,127.997,4
spotify:track:0izqjjVPJ1RZtunu7PPjWU,"INTRUDER","INTRUDER","Slick Portal",2025-03-14,195000,10,false,,2025-11-08T20:21:05Z,"","Dark Particle Records",0.554,0.672,0,-5.199,1,0.0313,0.0000818,0.513,0.499,0.141,79.984,4
spotify:track:3JAymUPWQlPtuzuhMD7pfh,"Bumpy Road","Bumpy Road","PEEKABOO",2022-07-08,206722,40,false,,2025-11-08T20:21:05Z,"dubstep,bass music,riddim","NIGHTMODE",0.816,0.832,2,-4.499,1,0.0548,0.00804,0.293,0.753,0.134,139.977,4
spotify:track:688MRabbIVRJRtZxef04Um,"The Deep","The Deep","Levity",2023-08-18,182608,43,false,,2025-11-08T20:21:05Z,"dubstep","Deadbeats",0.691,0.896,1,-5.074,1,0.138,0.0179,0.00477,0.397,0.354,91.938,4
spotify:track:3awHSnJDVnHm3cNCLI9sOf,"Your Lovin'","Your Lovin'","Jon Casey",2023-09-27,219718,39,false,,2025-11-08T20:21:05Z,"bass music,edm trap","bitbird",0.622,0.759,1,-5.141,1,0.0702,0.453,0.000398,0.134,0.295,141.98,4
spotify:track:29tRu5BqKiUDAoWLKIO3RN,"Tears","Quest For Fire","Skrillex;Joker;Sleepnet",2023-02-17,185571,50,false,,2025-11-08T20:21:05Z,"dubstep,edm,electro,electronic,dub,drum and bass,bass music","OWSLA/Atlantic",0.697,0.633,5,-5.288,0,0.1,0.00182,0.2,0.109,0.369,140.216,4
spotify:track:3qL63QvSTHvC4Uw8eEhz4z,"Supersonic (my existence)","Quest For Fire","Skrillex;Noisia;josh pan;Dylan Brady",2023-02-17,165372,58,false,,2025-11-08T20:21:05Z,"dubstep,edm,electro,electronic,hyperpop,glitch","OWSLA/Atlantic",0.555,0.676,9,-6.531,0,0.152,0.0144,0.00684,0.109,0.0649,85.889,4
spotify:track:5YRmvwA6P4fABxRhc61iH9,"2 MUCH (feat. 24hrs)","2 MUCH (feat. 24hrs)","Flosstradamus;24hrs",2018-02-09,182400,44,false,,2025-11-08T20:20:56Z,"edm trap","Ultra Records, LLC",0.638,0.933,4,-2.892,0,0.081,0.0657,0.0000104,0.087,0.16,150.044,4
spotify:track:0uMn8WKu3qtQLaUyal1bsz,"Mastermind","Deltron 3030","Deltron 3030;Del The Funky Homosapien;Dan The Automator;Kid Koala",2000,214306,51,false,,2025-11-08T20:20:56Z,"experimental hip hop,underground hip hop,trip hop,jazz rap","Deltron Projects",0.741,0.657,0,-9.589,0,0.0374,0.00224,0.00756,0.0825,0.25,94.211,4
spotify:track:72xhTz7tFCPjDGIl2w76D7,"Kick Some Ass - Remastered","Greatest Hits (Remastered)","Stroke 9",2010-01-26,241722,21,false,,2025-11-08T20:20:56Z,"","King Nummy",0.497,0.903,2,-5.197,1,0.0569,0.00536,0,0.347,0.562,96.006,4
spotify:track:30FURVTCpbKyykjSEQzGkH,"Back To Black","Back To Black","Amy Winehouse",2006-10-27,240440,73,true,,2025-11-08T20:20:56Z,"","Universal-Island Records Ltd.",0.49,0.725,10,-3.304,1,0.0392,0.123,0.0000268,0.0983,0.335,123.28,4
spotify:track:6x0ex5urwhqB3AYLREVRUd,"Elastic Heart - From ""The Hunger Games: Catching Fire"" Soundtrack","Elastic Heart (From “The Hunger Games: Catching Fire” Soundtrack)","Sia;The Weeknd;Diplo",2013-01-01,257986,57,false,,2025-11-08T20:20:56Z,"moombahton","Hunger Games 2/Catching Fire",0.419,0.764,9,-6.214,1,0.0555,0.0538,0,0.135,0.474,130.121,4
spotify:track:4G6pR5UAn4slysJMciH7XO,"Bleeding Mascara","The Curse","Atreyu",2004,146160,0,false,,2025-11-08T20:20:56Z,"metalcore,screamo","Victory",0.281,0.944,1,-4.702,1,0.125,0.000141,0.131,0.35,0.412,140.116,3
spotify:track:16Elz7HJPLZPMylp13ewxv,"Inertiatic Esp","Deloused in the Comatorium","The Mars Volta",2003-01-01,263773,51,false,,2025-11-08T20:20:56Z,"progressive rock,progressive metal,art rock","Motown",0.219,0.83,6,-3.585,0,0.0792,0.0041,0.0000323,0.654,0.458,169.806,3
spotify:track:3I7gJOfTamHWpDfbwQUO6T,"Cicatriz Esp","Deloused in the Comatorium","The Mars Volta",2003-01-01,748773,41,false,,2025-11-08T20:20:56Z,"progressive rock,progressive metal,art rock","Motown",0.33,0.885,11,-6.842,0,0.278,0.0683,0.124,0.683,0.16,142.086,4
spotify:track:1AKJnUOmNwlyXzOYptQhwx,"I Believe in You","I Believe in You","Kylie Minogue",2004-12-06,200973,50,false,,2025-11-08T20:20:56Z,"dance pop","Parlophone UK",0.548,0.785,7,-5.087,1,0.0704,0.00277,0.048,0.329,0.418,120.939,4
spotify:track:7aOHJPPIzSAOlz3vhikB0Q,"Reagan","Reagan","Killer Mike",2012-11-06,249973,15,true,,2025-11-08T20:20:56Z,"southern hip hop,alternative hip hop","Williams Street Records",0.331,0.659,7,-10.64,1,0.0795,0.00352,0.0000273,0.082,0.177,83.687,4
spotify:track:1KvoW6HPuW7Mu9i55XaibE,"Leave (Get Out)","JoJo","JoJo",2004-06-22,242840,68,false,,2025-11-08T20:20:56Z,"","Blackground Records",0.697,0.565,5,-6.899,1,0.201,0.161,0.0000473,0.082,0.457,87.043,4
spotify:track:5qPkEnq2wSbnLJTK31mZy4,"On My Block","The Fix","Scarface",2002-08-06,214533,50,true,,2025-11-08T20:20:56Z,"southern hip hop,gangster rap,old school hip hop,g-funk","Def Jam Recordings",0.833,0.918,10,-3.053,1,0.176,0.177,0,0.0535,0.646,82.774,4
spotify:track:7CfMr0QIGRlttIFjeLC6cA,"Dead Disco","Old World Underground, Where Are You Now?","Metric",2003-09-01,205533,0,false,,2025-11-08T20:20:56Z,"","Everloving Records",0.521,0.844,5,-6.8,0,0.0315,0.0000516,0.0104,0.325,0.666,138.443,4
spotify:track:1R6nmC4HUGOGSKU02Wqa0v,"The Coolest","Lupe Fiasco's The Cool","Lupe Fiasco",2007-01-01,312933,39,false,,2025-11-08T20:20:56Z,"","1st & 15th/Atlantic",0.493,0.882,6,-5.143,0,0.302,0.634,0,0.123,0.345,88.535,4
spotify:track:4Izx6tlGNTpflkxmVLQqkq,"She Will (feat. Drake)","I Am Music","Lil Wayne;Drake",2023-03-31,305840,39,true,,2025-11-08T20:20:56Z,"rap,hip hop","Young Money Records, Inc.",0.508,0.84,8,-4.832,1,0.0675,0.000404,0,0.24,0.0911,76.059,4
spotify:track:2CplFcQ3N7SOSmkJg7xzfI,"Reckless","Forever Comes Too Soon","The Years Gone By",2008-09-02,180533,2,false,,2025-11-08T20:20:56Z,"pop punk","Rise Records",0.378,0.93,1,-4.531,1,0.0704,0.000167,0,0.242,0.529,169.815,4
spotify:track:5mSVJjVzZEoVrg6amF8udl,"My Paper Heart","The All-American Rejects","The All-American Rejects",2002-10-15,228866,54,false,,2025-11-08T20:20:56Z,"pop punk,emo","Interscope",0.496,0.849,0,-4.975,1,0.0368,0.000333,0.00000916,0.354,0.828,171.965,4
spotify:track:0M9VqYG0wVun054JIdwFO8,"La La Land","Don't Forget","Demi Lovato",2008-01-01,196466,58,false,,2025-11-08T20:20:56Z,"","Hollywood Records",0.467,0.919,6,-2.255,0,0.069,0.0149,0,0.0193,0.706,169.987,4
spotify:track:2yJ9GVCLMmzBBfQAnfzlwr,"THat Part","Blank Face LP","ScHoolboy Q;Kanye West",2016-07-08,313573,58,true,,2025-11-08T20:20:56Z,"rap","Schoolboy Q",0.927,0.535,6,-7.59,0,0.0914,0.0856,0,0.136,0.337,112.961,4
spotify:track:5vgqOlg6pHwqYqUGIGQKRY,"Flux","Intimacy","Bloc Party",2008-10-28,215720,21,false,,2025-11-08T20:20:56Z,"indie rock","Atlantic Records",0.392,0.954,1,-4.097,0,0.372,0.000408,0.00097,0.0653,0.224,76.05,4
spotify:track:1LM6EReMkAxuDXDF26ekl2,"Get By","Quality","Talib Kweli",2002-12-16,227426,54,true,,2025-11-08T20:20:56Z,"east coast hip hop","Rawkus Entertainment",0.662,0.928,2,-4.688,1,0.377,0.00324,0,0.17,0.775,90.509,4
spotify:track:6tmd7lZnptixmQpROCKfoq,"Where There's Gold","The Shade of Poison Trees","Dashboard Confessional",2007-10-02,149146,21,false,,2025-11-08T20:20:56Z,"emo,pop punk","Vagrant Records",0.468,0.542,1,-5.944,1,0.0329,0.549,0,0.265,0.652,80.142,4
spotify:track:0AzD1FEuvkXP1verWfaZdv,"Cbat","Satin Panthers","Hudson Mohawke",2011-08-01,171720,0,false,,2025-11-08T20:20:56Z,"","Warp Records",0.58,0.52,9,-5.999,1,0.42,0.0042,0.831,0.0904,0.0585,159.722,4
spotify:track:6hB1qjBxLKp3ykezHkyxeA,"You & Me","You & Me","Skrux",2015-07-15,252590,40,false,,2025-11-08T20:20:56Z,"chillstep,future bass,melodic bass","Hegemon Select",0.355,0.888,0,-5.395,0,0.088,0.14,0.603,0.171,0.151,139.755,4
spotify:track:4YIoQqE50AdyG4BQafCi3u,"High You Are (Branchez Remix)","High You Are (Remixes)","What So Not;Branchez",2013-10-25,213340,59,false,,2025-11-08T20:20:56Z,"future bass","Sweat It Out",0.691,0.856,10,-5.614,1,0.0407,0.0614,0.119,0.034,0.414,136.98,4
spotify:track:4qikXelSRKvoCqFcHLB2H2,"Mercy","Mercy","Kanye West;Big Sean;Pusha T;2 Chainz",2012-01-01,329320,69,true,,2025-11-08T20:20:56Z,"rap,southern hip hop","Getting Out Our Dreams Inc. (G.O.O.D.) Music / IDJ",0.563,0.496,6,-9.381,0,0.406,0.0685,0.000058,0.173,0.426,139.993,4
spotify:track:4PuVBdvrBLyoIWRiXfHDCO,"Amy, I","Amy, I","Jack's Mannequin",2011-09-16,213173,5,false,,2025-11-08T20:20:56Z,"pop punk","Sire",0.452,0.915,4,-3.309,1,0.0441,0.00283,0.00000244,0.246,0.652,179.96,4
spotify:track:7GUizFgoBcD2RT6BKIdOYl,"Existentialism On Prom Night","Straylight Run","Straylight Run",2004-10-12,241453,46,false,,2025-11-08T20:20:56Z,"emo","Victory Records",0.528,0.796,9,-5.98,1,0.0315,0.12,0.00000532,0.108,0.203,133.307,4
spotify:track:5aBgb12NSTBcho6iWFNqKp,"Song Against Sex","Old Enough to Know Better: 15 Years of Merge Records","Neutral Milk Hotel",2004-07-13,222933,0,false,,2025-11-08T20:20:56Z,"anti-folk,folk punk","Merge Records",0.254,0.789,5,-6.572,1,0.0774,0.0000482,0.388,0.118,0.73,172.942,4
spotify:track:2JI71GHwq2LN8mtq3iCLYo,"CoCo","CoCo","O.T. Genasis",2014-11-10,239573,60,true,,2025-11-08T20:20:56Z,"","The Conglomerate Entertainment/Atlantc Records",0.886,0.628,8,-5.949,1,0.131,0.00215,0.0000115,0.31,0.178,119.906,4
spotify:track:62d5LKCG0ZgpzFkFjM1ObF,"Designer Skyline","Of June","Owl City",2007,208640,30,false,,2025-11-08T20:20:56Z,"","Owl City/Republic Records",0.478,0.85,11,-7.437,1,0.0312,0.0395,0.000754,0.164,0.699,80.056,4
spotify:track:5FsZsAbtxjkdicClDyUdQi,"The Fake, the Snake, and the Birthday Cake","37 Everywhere","Punchline",2006-04-11,212026,11,false,,2025-11-08T20:20:56Z,"pop punk","Rhino Atlantic",0.365,0.875,0,-4.742,1,0.188,0.00463,0,0.147,0.442,184.254,4
spotify:track:7efgw8QUcsUdcEEYcLh7Pv,"Coffee","None Shall Pass","Aesop Rock;John Darnielle",2007-08-27,574040,30,false,,2025-11-08T20:20:56Z,"underground hip hop,experimental hip hop,alternative hip hop,anti-folk,folk punk","Rhymesayers",0.445,0.79,9,-8.677,1,0.543,0.133,0,0.193,0.176,68.527,4
spotify:track:3adoFmMI4TIiMFZTEjy7dM,"Kkam","Kkam","Spark Master Tape",2017-02-18,229584,31,true,,2025-11-08T20:20:56Z,"","PAPER PLATOON LLC",0.786,0.432,6,-12.171,1,0.383,0.236,0.000939,0.336,0.319,119.991,4
spotify:track:4QfXw1g9RlZ97gwK4Qqrqf,"Badaboom","Outside","Tapes 'n Tapes",2011-01-11,236133,23,false,,2025-11-08T20:20:56Z,"","ibid records",0.548,0.819,9,-5.613,1,0.124,0.0207,0.0324,0.05,0.395,164.097,4
spotify:track:5BgBRWf4chxXGyD1rMbPUG,"Roll Up - Bauuer Remix","Fool's Gold Clubhouse Vol. 2","Flosstradamus;Bauuer",2012-09-04,191041,35,false,,2025-11-08T20:20:56Z,"edm trap","Fool's Gold Records",0.603,0.969,8,-3.163,1,0.316,0.214,0.46,0.702,0.74,165.104,4
spotify:track:6IxQ0PdozaZKch1m8tGCwb,"All That I've Got","In Love and Death","The Used",2004-09-27,230426,58,true,,2025-11-08T20:20:56Z,"emo,screamo,post-hardcore,pop punk","Reprise",0.335,0.858,7,-4.565,1,0.0532,0.00289,0,0.148,0.451,177.981,4
spotify:track:3oPGypGms49FalSmKRLtQJ,"The Kissaway","Team Boo","Mates of State",2003-09-16,219346,11,false,,2025-11-08T20:20:56Z,"","Polyvinyl Records",0.381,0.689,8,-4.463,1,0.038,0.0361,0.00446,0.0661,0.8,80.058,4
spotify:track:0LElIcqYsk9bkk8v5EHVbc,"Throw It In","No Ceilings","Lil Wayne",2020-08-28,175124,58,true,,2025-11-08T20:20:56Z,"rap,hip hop","Republic Records",0.717,0.855,1,-5.681,0,0.328,0.154,0,0.113,0.796,117.343,5
spotify:track:7xqeIdLJSf3bgmZ7vUvHrE,"Idioteque","Kid A","Radiohead",2000-10-01,309093,0,false,,2025-11-08T20:20:56Z,"art rock,alternative rock","XL Recordings",0.615,0.931,3,-7.8,1,0.24,0.0352,0.0000237,0.0914,0.53,137.544,3
spotify:track:7N1Z5IAGMEWXZcxfpFt87k,"Money Folder","Madvillainy","Madvillain;Madlib;MF DOOM",2004-03-24,182800,50,false,,2025-11-08T20:20:56Z,"experimental hip hop,alternative hip hop,jazz rap,east coast hip hop","Stones Throw Records",0.679,0.724,8,-9.265,1,0.258,0.524,0.0000238,0.765,0.874,92.585,4
spotify:track:2kfpH2OAAdpk5J3JaraAIh,"Hands On The Wheel","Hands On The Wheel","ScHoolboy Q;A$AP Rocky",2012-01-01,197800,50,true,,2025-11-08T20:20:56Z,"rap","Schoolboy Q",0.65,0.859,1,-4.54,0,0.0957,0.021,0,0.0986,0.169,127.828,4
spotify:track:09avKKLKXaJcbeaGTmLCOs,"D.R.U.G.S.","Do What Thou Wilt.","Ab-Soul",2016-12-09,356832,43,true,,2025-11-08T20:20:56Z,"","Top Dawg Entertainment",0.715,0.447,10,-10.523,0,0.166,0.216,0.00107,0.249,0.417,131.99,4
spotify:track:2Fy3LEGuvWl82AyOCJbwfQ,"World Famous","Firing Squad","M.O.P.",1996-07-21,251573,28,true,,2025-11-08T20:20:56Z,"east coast hip hop,hardcore hip hop,old school hip hop","Relativity Records",0.578,0.666,1,-9.917,1,0.302,0.0131,0,0.0516,0.639,80.737,4
spotify:track:2JPavCWYtpCSnyLwnLBvXZ,"Long Live A$AP","LONG.LIVE.A$AP (Deluxe Version)","A$AP Rocky",2013-01-11,289586,0,true,,2025-11-08T20:20:56Z,"rap","A$AP Worldwide/Polo Grounds Music/RCA Records",0.716,0.832,0,-4.939,0,0.351,0.61,0,0.115,0.399,130.042,4
spotify:track:6QfnvcOKsdN4Q6exUWVuzn,"Ohio Is for Lovers","The Silence In Black and White - Re-Issue","Hawthorne Heights",2004,244480,1,false,,2025-11-08T20:20:56Z,"emo,screamo,post-hardcore,pop punk","Victory",0.568,0.835,8,-6.896,0,0.0687,0.0411,0,0.357,0.625,170.045,4
spotify:track:7I5eQZFdlPV8LZWH2FeqaW,"Goodbye Horses","Goodbye Horses - Single","Q Lazzarus",2013-07-02,187720,68,false,,2025-11-08T20:20:56Z,"","Mon Amie Records",0.772,0.409,5,-15.061,1,0.0355,0.0896,0.252,0.0522,0.495,125.476,4
spotify:track:35hlQfjBxCEULp5M20imRc,"Shotgun","Shotgun","Yellow Claw;Rochelle",2013-11-01,193659,53,true,,2025-11-08T20:20:56Z,"edm,edm trap","Barong Family",0.656,0.908,4,-3.195,0,0.0327,0.0114,0.212,0.17,0.232,144.983,4
spotify:track:0Qk949NHy8yYcAZFfvBzn2,"You","When Life Gives You Lemons, You Paint That Shit Gold [Standard Edition]","Atmosphere",2008-04-22,194453,0,true,,2025-11-08T20:20:56Z,"underground hip hop,alternative hip hop","Rhymesayers",0.841,0.707,5,-5.502,1,0.0715,0.314,0.00000625,0.0635,0.686,113.043,4
spotify:track:3PyI8d4eB4fI4khD0SnPbS,"The Move","Hello Nasty","Beastie Boys",1998-07-14,215826,0,true,,2025-11-08T20:20:56Z,"rap rock,old school hip hop,east coast hip hop,hip hop","Capitol Records",0.658,0.719,4,-9.399,0,0.273,0.0268,0.0000146,0.318,0.628,99.924,4
spotify:track:5skHiyNrZ7i7hSMhz9jSTs,"Dead Disco","Old World Underground, Where Are You Now?","Metric",2003-09-01,205533,0,false,,2025-11-08T20:20:56Z,"","Everloving Records",0.521,0.844,5,-6.8,0,0.0315,0.0000516,0.0104,0.325,0.666,138.443,4
spotify:track:3qYVWB6ICwOzTqApjQa6h8,"Higher Ground","Higher Ground","Mizmo",2025-02-25,163157,57,false,,2025-11-08T20:20:56Z,"","Sunflower Records",0.739,0.698,2,-8.562,0,0.0359,0.0634,0.0119,0.0957,0.208,113.976,4
spotify:track:2ulWTEGFSGdV85pweEluAS,"Razorblade Salvation","Servants In Heaven, Kings In Hell","Jedi Mind Tricks",2006-09-19,261093,42,true,,2025-11-08T20:20:56Z,"underground hip hop,hardcore hip hop,horrorcore,hip hop","Babygrande Records",0.735,0.886,7,-4.31,1,0.131,0.00285,0.848,0.142,0.498,92.382,4
spotify:track:29ufIwomYfLbWBxPMdaUZm,"North American Scum","Sound of Silver","LCD Soundsystem",2007-03-12,328706,54,false,,2025-11-08T20:20:56Z,"alternative dance,new rave","Parlophone UK",0.882,0.842,9,-4.534,1,0.0933,0.0136,0.0345,0.262,0.682,138.02,4
spotify:track:5rAff9XfcWx7rguN3t0fkW,"New York, I Love You but You're Bringing Me Down","Sound of Silver","LCD Soundsystem",2007-03-12,335480,54,false,,2025-11-08T20:20:56Z,"alternative dance,new rave","Parlophone UK",0.39,0.37,7,-8.288,0,0.0457,0.474,0.00013,0.115,0.0909,176.526,3
spotify:track:3vnk9AsovxewWkXdPLZQEW,"Puppets","When Life Gives You Lemons, You Paint That Shit Gold","Atmosphere;Slug;Ant",2008-04-22,221786,47,true,,2025-11-08T20:20:56Z,"underground hip hop,alternative hip hop","Rhymesayers",0.724,0.444,4,-7.17,1,0.13,0.298,0.00000254,0.104,0.369,89.006,4
spotify:track:6wGTA8BOJZFZNlzP5KgGYs,"1904","1904","The Tallest Man On Earth",2012-05-15,239733,0,false,,2025-11-08T20:20:56Z,"indie folk,folk","Dead Oceans",0.51,0.581,0,-4.141,1,0.0266,0.723,0,0.0996,0.594,104.622,4
spotify:track:7lX1XgbH84nUVMnZIEmaqa,"Skeptics and True Believers","Almost Here","The Academy Is...",2005,174266,39,false,,2025-11-08T20:20:56Z,"emo,pop punk","Fueled By Ramen/ADA/ATL",0.554,0.965,11,-3.911,0,0.157,0.0791,0,0.144,0.477,90.097,4
spotify:track:6UgxOrbHWJeqHvh0ost7Aa,"Too Much","Nothing Was The Same","Drake;Sampha",2013-01-01,261853,62,true,,2025-11-08T20:20:56Z,"rap,indie soul","Cash Money Records/Young Money Ent./Universal Rec.",0.681,0.569,6,-5.859,1,0.546,0.173,0,0.18,0.147,140.532,4
spotify:track:5krOROgmf8adn3SJzeKLZy,"Back Then","Who Is Mike Jones?","Mike Jones",2005-04-19,244186,64,true,,2025-11-08T20:20:56Z,"southern hip hop,crunk","Warner Records",0.776,0.736,9,-6.308,1,0.255,0.0101,0,0.18,0.536,159.838,4
spotify:track:6RGV97HIkgZJjme2dzilfg,"Silver And Cold","Sing The Sorrow","AFI",2003,250706,56,false,,2025-11-08T20:20:56Z,"punk,horror punk,emo,skate punk","Interscope",0.408,0.839,3,-4.543,0,0.0369,0.00258,0.00000696,0.333,0.37,131.521,4
spotify:track:0IVdlBreRkZn0ftoUwB0T6,"Her Ghost in the Fog","Midian","Cradle Of Filth",2000-06-01,384813,43,false,,2025-11-08T20:20:56Z,"black metal,gothic metal,metal,symphonic metal,death metal","Sony BMG Music Entertainment",0.379,0.996,2,-3.023,0,0.285,0.00457,0.00000926,0.0981,0.0386,128.049,4
spotify:track:4UaQNw4hgvSDftmGxXgJ1j,"Lunacy","The Seer","Swans",2012-08-28,368986,0,false,,2025-11-08T20:20:56Z,"noise rock,post-rock,industrial rock,experimental,industrial,post-punk,avant-garde,gothic rock,art rock,drone,drone metal","Young God Records",0.261,0.41,2,-8.213,1,0.0354,0.29,0.0741,0.184,0.0371,118.805,4
spotify:track:4V0x90QcMh4ZxwHzEWOdtK,"Feel It All Around","Life of Leisure","Washed Out",2009-09-08,192080,59,false,,2025-11-08T20:20:56Z,"chillwave,dream pop","Washed Out",0.34,0.737,8,-4.681,1,0.0582,0.000105,0.762,0.0699,0.499,172.022,4
spotify:track:5brMyscUnQg14hMriS91ks,"Kanye","Kanye","The Chainsmokers;sirenXX",2014-08-05,229946,48,false,,2025-11-08T20:20:56Z,"","Dim Mak Inc",0.599,0.614,10,-6.573,1,0.0517,0.00203,0.00000156,0.117,0.122,128.044,4
spotify:track:4w7hIjpuEfvMPiyEgdqlf6,"Jude Law And A Semester Abroad","Your Favorite Weapon","Brand New",2001,222080,51,false,,2025-11-08T20:20:56Z,"emo,pop punk,post-hardcore","Razor & Tie",0.432,0.939,8,-3.369,1,0.18,0.0104,0,0.227,0.522,177.863,4
spotify:track:7vbv1mNw1fhMCaqbJ5haAT,"Welcome To New York City","Come Home With Me","Cam'ron;JAY-Z;Juelz Santana",2002-01-01,309600,46,true,,2025-11-08T20:20:56Z,"east coast hip hop,hip hop,rap","Roc-A-Fella",0.586,0.874,8,-5.528,1,0.305,0.0175,0,0.122,0.494,169.521,4
spotify:track:6NWl2m8asvH83xjuXVNsuG,"Betrayed","Betrayed","Lil Xan",2017-10-19,187453,51,true,,2025-11-08T20:20:56Z,"cloud rap","Columbia",0.823,0.419,10,-10.358,0,0.165,0.416,0,0.105,0.277,119.958,4
spotify:track:4YpXh3rVf556kJHLljnTHp,"My Friends Over You","Hits","New Found Glory",2008-01-01,222400,23,false,,2025-11-08T20:20:56Z,"pop punk,punk,emo","Geffen",0.388,0.981,2,-3.139,1,0.113,0.000229,0,0.183,0.458,177.772,4
spotify:track:7in3GxNPphXDq1Mcm586el,"Columbia Remix (Dirty)","Columbia Remix","Young Scooter;Birdman & Gucci Mane;Rick Ross",2013-03-05,310733,35,true,,2025-11-08T20:20:56Z,"southern hip hop","101 Distribution",0.752,0.636,7,-6.74,1,0.0655,0.0156,0.0000161,0.279,0.195,139.918,4
spotify:track:2QloUyCqK1enErCSmUniNu,"Yonkers","Yonkers","Tyler, The Creator",2011-02-15,251653,0,true,,2025-11-08T20:20:56Z,"","XL",0.73,0.762,11,-5.383,1,0.322,0.0169,0.0749,0.197,0.744,79.069,4
spotify:track:291y5K3NOGAUGS7MwiPfGn,"Heart Transplant","Action","Punchline",2003,234840,18,false,,2025-11-08T20:20:56Z,"pop punk","Fueled By Ramen/ADA",0.504,0.93,11,-4.744,1,0.0489,0.0138,0,0.0977,0.639,102.031,4
spotify:track:6j9iyrrmqWlQZ5SD1hSTaq,"No Lie","Based On A T.R.U. Story (Deluxe)","2 Chainz;Drake",2012-01-01,237826,54,true,,2025-11-08T20:20:56Z,"rap,southern hip hop","Def Jam Recordings",0.634,0.665,6,-5.984,0,0.176,0.0172,0,0.365,0.611,131.104,4
spotify:track:20VuO95A8RxUPlShnfYArW,"I Got The... - 2006 Remaster","Remember My Song","Labi Siffre",1975,395373,61,false,,2025-11-08T20:20:56Z,"","Parlophone UK",0.476,0.604,0,-10.85,0,0.117,0.11,0.0000415,0.134,0.583,87.304,4
spotify:track:4c5xqqf1kdVBPiQnO4fKDB,"Straw Dog","Leaving Through The Window","Something Corporate",2002-01-01,229106,33,false,,2025-11-08T20:20:56Z,"pop punk,emo","Drive Thru Records",0.493,0.73,11,-6.015,1,0.0326,0.00238,0,0.0806,0.443,102.146,4
spotify:track:1Z7qnPAL1RwerFirINUR4w,"Orions Belt","The Golden ALiEN","Riff Raff",2012-10-24,146746,19,false,,2025-11-08T20:20:56Z,"","Riff Raff",0.787,0.646,7,-4.808,1,0.32,0.265,0.0000335,0.0483,0.671,165.919,4
spotify:track:5AMrnF761nziCWUfjBgRUI,"Waltz #2 (XO)","XO","Elliott Smith",1998-08-25,280106,59,false,,2025-11-08T20:20:56Z,"singer-songwriter","DreamWorks",0.633,0.49,10,-7.668,1,0.0255,0.395,0.0000692,0.0886,0.66,132.178,3
spotify:track:7uIYZtnuaa4fz5VxQZVmX6,"Recluse","Save The World, Lose The Girl","Midtown",2000-02-15,202400,17,false,,2025-11-08T20:20:56Z,"pop punk,emo","Midtown",0.238,0.91,9,-6.054,1,0.32,0.000619,0.000551,0.127,0.522,191.31,4
spotify:track:47No93LxERvV6MtOAmQzHS,"Ignorance","Brand New Eyes","Paramore",2009-09-25,218626,71,false,,2025-11-08T20:20:56Z,"pop punk,emo","Fueled By Ramen",0.522,0.964,11,-2.645,0,0.095,0.00109,0.000389,0.0387,0.51,170.944,4
spotify:track:1a9YW7fATU351ok4zWjU7a,"Brick by Boring Brick","Brand New Eyes","Paramore",2009-09-25,253946,67,false,,2025-11-08T20:20:56Z,"pop punk,emo","Fueled By Ramen",0.436,0.942,9,-2.206,1,0.0496,0.0000956,0.000438,0.209,0.5,164.975,4
spotify:track:7kmhvwI0VlpqdoX5QBTo6Z,"Audio Blood","E Von Dahl Killed the Locals","The Matches",2004-05-11,200026,35,false,,2025-11-08T20:20:56Z,"pop punk","Pretend Record Label",0.494,0.955,9,-3.374,1,0.0523,0.00254,0,0.166,0.292,128.031,4
spotify:track:30Df6lLrwfK4XcttjwNkS1,"Chain Me Free","E Von Dahl Killed the Locals","The Matches",2004-05-11,194973,35,false,,2025-11-08T20:20:56Z,"pop punk","Pretend Record Label",0.487,0.958,9,-2.983,1,0.117,0.00312,0,0.181,0.512,102.741,4
spotify:track:1h6kgem1ai8vUgO1rZOwfB,"I Don't Like","Finally Rich","Chief Keef;Lil Reese",2012-01-01,293840,72,true,,2025-11-08T20:20:56Z,"chicago drill,drill","UMGRI Interscope",0.742,0.844,2,-4.622,1,0.0479,0.000634,0,0.0659,0.416,131.995,4
spotify:track:3O30ywyRk6EKT68sBvVqOP,"Hollywood Forever Cemetery Sings","Fear Fun","Father John Misty",2012-05-01,190613,58,false,,2025-11-08T20:20:56Z,"","Sub Pop Records",0.58,0.808,9,-4.133,1,0.0284,0.0642,0.158,0.0387,0.599,93.985,4
spotify:track:6CAG3rBGPTAinoqgVD7fBJ,"The Greatest","The Greatest","Cat Power",2006-01-24,202560,0,false,,2025-11-08T20:20:56Z,"slowcore,singer-songwriter","Matador",0.508,0.362,0,-9.688,1,0.0262,0.738,0.000998,0.0922,0.328,107.459,4
spotify:track:18uxdxYSbjqsOwc0J6Iawz,"LoveSick (Super Nintendo)","The Nothing","Johnny Polygon",2019-11-30,264253,19,true,,2025-11-08T20:20:56Z,"","Johnny Polygon",0.452,0.477,2,-12.414,1,0.0686,0.237,0,0.173,0.525,136.012,4
spotify:track:2wudVhkfXT2h2bLxofOlrR,"Fuck Your Stuff","We Don't Even Live Here (Deluxe Edition)","P.O.S",2012-10-22,232940,23,true,,2025-11-08T20:20:56Z,"underground hip hop,experimental hip hop","Rhymesayers",0.479,0.788,9,-5.534,0,0.262,0.0174,0,0.131,0.523,72.58,4
spotify:track:1cXj8FZ6aZupf1kAxTYdf6,"Nobody Speak (feat. Run The Jewels)","Deadpool 2 (Original Motion Picture Soundtrack)","DJ Shadow;Run The Jewels",2018-05-18,196400,0,true,,2025-11-08T20:20:56Z,"trip hop,downtempo,hip hop","Columbia",0.627,0.846,2,-4.578,1,0.184,0.0474,0.00665,0.289,0.326,160.061,4
spotify:track:1aDLUzCyYpRXgrjwUWzV2X,"Lazy Eye","Carnavas","Silversun Pickups",2006-07-25,354360,64,false,,2025-11-08T20:20:56Z,"","Dangerbird Records",0.633,0.831,4,-5.053,1,0.0461,0.0401,0.693,0.117,0.243,127.397,4
spotify:track:4hL16CY1B75JaHl0n9tZK9,"Holiday in Cambodia","Fresh Fruit for Rotting Vegetables","Dead Kennedys",1980-09-02,277533,44,true,,2025-11-08T20:20:56Z,"punk,hardcore punk,skate punk,proto-punk","GoldState Music",0.335,0.979,7,-3.903,1,0.0805,0.619,0.403,0.338,0.365,102.718,4
spotify:track:2XbqxKjCnE9YWfPRqwgtPq,"Whirring","The Big Roar","The Joy Formidable",2011-01-21,407160,42,false,,2025-11-08T20:20:56Z,"","Canvasback/ATL",0.335,0.968,2,-3.775,1,0.0505,0.000129,0.288,0.341,0.372,145.061,4
spotify:track:6js4GbrJjNU0Kp5ipDQ9vc,"G Code","The Foundation","Geto Boys",2005-01-25,252613,7,true,,2025-11-08T20:20:56Z,"old school hip hop,southern hip hop,gangster rap,g-funk,hardcore hip hop","Rap-A-Lot Records",0.605,0.859,1,-2.341,0,0.447,0.0727,0,0.304,0.592,94.072,4
spotify:track:05jNrrouvvb07kGZ75ML2q,"Bakin Soda In Minnesota","Daiquiri Factory Cocaine Raps Volume 2","Andre Nickatina",2000-06-02,183920,31,true,,2025-11-08T20:20:56Z,"hyphy,west coast hip hop","Fillmoe Coleman Records",0.746,0.839,11,-6.204,0,0.28,0.0111,0,0.231,0.336,115.341,4
spotify:track:4xSVkbqCz1xaevkjP8xXL5,"There's a Good Reason These Tables Are Numbered Honey, You Just Haven't Thought of It Yet","A Fever You Can't Sweat Out","Panic! At The Disco",2005-09-27,196653,59,false,,2025-11-08T20:20:56Z,"emo","Decaydance Records / Fueled By Ramen",0.427,0.737,4,-4.124,0,0.0474,0.227,0,0.376,0.653,116.98,4
spotify:track:7IiuoNT64ygM75BEvekwYo,"Time-Bomb","Dirty Work (Deluxe Version)","All Time Low",2011-01-01,209933,0,false,,2025-11-08T20:20:56Z,"pop punk,emo,punk","DGC/Interscope/Hopeless",0.521,0.911,11,-3.923,0,0.0578,0.00381,0.00000162,0.326,0.617,139.069,4
spotify:track:0ZRYBBiutc28k4GLEIa6sD,"Embrace The Martian","A Kid Named Cudi","Kid Cudi;Crookers",2022-07-15,215080,47,true,,2025-11-08T20:20:56Z,"italian trap","Republic Records",0.693,0.779,5,-6.022,0,0.0683,0.0194,0,0.418,0.646,124.997,4
spotify:track:5ynVnBhfQNJGzG359vlgp7,"Bonnie Taylor Shake Down...2K4","Hellogoodbye","Hellogoodbye",2004-01-01,152626,0,false,,2025-11-08T20:20:56Z,"","Drive Thru Records",0.507,0.984,7,-3.331,1,0.319,0.315,0.00000186,0.435,0.457,134.072,4
spotify:track:2GeLSYKBAMQVFuND07R99K,"This Is How We Do","So Wrong, It's Right (Deluxe Version)","All Time Low",2008-07-29,149613,0,false,,2025-11-08T20:20:56Z,"pop punk,emo,punk","Hopeless Records",0.314,0.953,4,-2.051,1,0.13,0.0035,0,0.348,0.644,198.906,4
spotify:track:6ocbgoVGwYJhOv1GgI9NsF,"7 rings","thank u, next","Ariana Grande",2019-02-08,178626,84,true,,2025-11-08T20:20:56Z,"pop","Republic Records",0.777,0.317,1,-10.732,0,0.308,0.591,0,0.0881,0.33,139.848,4
spotify:track:28qrhTemF8wDtkj3nRHJcI,"잊지마 It G Ma (Remix) [feat. A$AP Ferg, Father, Dumbfoundead & Waka Flocka Flame]","잊지마 It G Ma (Remix) [feat. A$AP Ferg, Father, Dumbfoundead & Waka Flocka Flame]","Keith Ape",2015-07-27,300000,0,false,,2025-11-08T20:20:56Z,"k-rap","Transparent Agency",0.788,0.741,1,-4.219,1,0.0644,0.0606,0,0.26,0.46,102.073,4
spotify:track:5N6M8yDiMV32T6Rkzh8EbW,"Boom, Boom, Boom, Boom!!","The Party Album!","Vengaboys",1999-06-04,202583,75,false,,2025-11-08T20:20:56Z,"eurodance,europop","Universal Music, a division of Universal International Music BV",0.801,0.948,11,-4.623,0,0.0386,0.0117,0.457,0.025,0.968,138.489,4
spotify:track:0vB2Rfcz6xC5FsCpBqrZZI,"Female$ Welcomed","Don't Be S.A.F.E.","Trinidad James",2013-01-01,190080,38,true,,2025-11-08T20:20:56Z,"","Gold Gang Music Group, LLC / IDJ",0.47,0.604,2,-8.585,1,0.35,0.00754,0,0.0479,0.635,139.957,4
spotify:track:21yRtB6B8EMounImAfHRCP,"Who Dat Boy (feat. A$AP Rocky)","Flower Boy","Tyler, The Creator;A$AP Rocky",2017-07-21,205093,63,true,,2025-11-08T20:20:56Z,"rap","Columbia",0.706,0.485,8,-9.671,1,0.331,0.337,0,0.122,0.144,115.414,4
spotify:track:430qNtapCS3Ue1yoSql1oV,"I Ain't Got Time!","Flower Boy","Tyler, The Creator",2017-07-21,206266,58,true,,2025-11-08T20:20:56Z,"","Columbia",0.549,0.725,1,-7.239,1,0.397,0.0539,0.0000352,0.148,0.547,108.822,4
spotify:track:0GONea6G2XdnHWjNZd6zt3,"Summer Of '69","Reckless (30th Anniversary / Deluxe Edition)","Bryan Adams",1984-11-05,216053,82,false,,2025-11-08T20:20:56Z,"","A&M",0.509,0.834,2,-6.205,1,0.0386,0.0183,0,0.0732,0.774,139.13,4
spotify:track:7hakCyC6VG1kZPkBGrFqVI,"Plenty Money","Da REAList","Plies",2008-12-12,234613,48,true,,2025-11-08T20:20:56Z,"southern hip hop","Atlantic/Slip N' Slide",0.342,0.664,9,-6.912,0,0.117,0.0416,0,0.15,0.319,73.05,4
spotify:track:663XpYXOdyF2zv4bTIXffh,"Bury Your Head","Saosin","Saosin",2006-01-01,214453,45,false,,2025-11-08T20:20:56Z,"post-hardcore,screamo,emo","Capitol Records",0.319,0.926,6,-3.882,0,0.0484,0.00012,0.000774,0.338,0.382,166.054,4
spotify:track:5weqqLD5pDadqumvcrRCVA,"Kelsey","Metro Station","Metro Station",2007-09-18,217373,39,false,,2025-11-08T20:20:56Z,"","Red Ink",0.627,0.82,0,-4.803,1,0.0327,0.00679,0,0.214,0.532,119.996,4
spotify:track:4Tb8qX7tYoldJtS3djYGks,"F That","Debbie","Lil Debbie",2016-07-15,187000,15,true,,2025-11-08T20:20:56Z,"bass house","Lil Debbie Records",0.793,0.781,6,-4.931,1,0.129,0.0276,0,0.0861,0.478,121.056,4
spotify:track:2yYASbXnAV71CLbNY1HCWf,"The Bitter End","Sleeping With Ghosts","Placebo",2003-03-24,190573,64,false,,2025-11-08T20:20:56Z,"britpop","Elevator Lady Ltd",0.328,0.904,3,-5.063,0,0.0455,0.0000431,0.064,0.11,0.516,186.253,4
spotify:track:1ixbwbeBi5ufN4noUKmW5a,"Paper Planes","Kala","M.I.A.",2007-08-20,205200,78,false,,2025-11-08T20:20:56Z,"","XL Recordings",0.447,0.848,2,-6.175,1,0.222,0.033,0.0000746,0.65,0.485,172.253,4
spotify:track:0MGyaqvvdEujbVidS2X0GR,"Mannequin","Everything's Fine","The Summer Set",2011-07-19,220200,20,false,,2025-11-08T20:20:56Z,"pop punk","Razor & Tie",0.528,0.776,1,-8.181,1,0.0446,0.0157,0,0.0862,0.458,138.028,4
spotify:track:3lgN3kbDO9FL4kB1lrd2MS,"I Don't Wanna Dance","I Don't Wanna Dance","Hey Monday",2010-07-27,240760,31,false,,2025-11-08T20:20:56Z,"pop punk,emo","Decaydance/Columbia",0.514,0.961,7,-0.821,1,0.0648,0.00126,0,0.383,0.655,144.993,4
spotify:track:2QSUyofqpGDCo026OPiTBQ,"1999 - 2019 Remaster","1999","Prince",1982-10-27,373747,57,false,,2025-11-08T20:20:56Z,"funk,funk rock","Legacy Recordings",0.864,0.826,10,-5.496,1,0.0814,0.23,0.00000236,0.0663,0.596,118.955,4
spotify:track:5Og9VyCOfxmZCuv1UhIyxE,"Six Pack","Damaged","Black Flag",1981,140493,47,true,,2025-11-08T20:20:56Z,"punk,hardcore punk,skate punk,hardcore,proto-punk","SST Records",0.33,0.784,2,-15.285,1,0.19,0.157,0.0000208,0.58,0.196,115.402,4
spotify:track:7lbVFd0T5yZGt7MNU4Kf8Y,"Art Of Uff","Sex Dreams and Denim Jeans","Uffie",2010-06-11,185066,0,true,,2025-11-08T20:20:56Z,"electroclash","Ed Banger Records",0.688,0.692,11,-6.057,1,0.0346,0.298,0.000181,0.107,0.739,142.069,4
spotify:track:7DfFc7a6Rwfi3YQMRbDMau,"Thinkin Bout You","channel ORANGE","Frank Ocean",2012-07-10,200746,83,false,,2025-11-08T20:20:56Z,"","Red Zone Entertainment / IDJ",0.721,0.339,0,-11.195,1,0.0532,0.409,0.00153,0.0973,0.2,129.83,4
spotify:track:7eWuBTL35BSBBiIjWJk0KB,"Confined","Shadows Are Security","As I Lay Dying",2005,190106,51,false,,2025-11-08T20:20:56Z,"metalcore,metal,deathcore","Metal Blade Records",0.279,0.987,0,-4.578,1,0.0992,0.0000194,0.000122,0.12,0.22,85.629,4
spotify:track:0U0p8weaMIbIFMJ0CPlvHV,"Sprawl II (Mountains Beyond Mountains)","The Suburbs","Arcade Fire",2010-08-02,325546,50,false,,2025-11-08T20:20:56Z,"indie rock,baroque pop","Sony Music CG",0.518,0.81,8,-6.445,1,0.029,0.016,0.0013,0.115,0.179,99.968,4
spotify:track:3xVps0LVwCCw7mE0zEQi5O,"The After Dinner Payback","The Fiction We Live","From Autumn To Ashes",2003,171266,0,false,,2025-11-08T20:20:56Z,"post-hardcore,screamo,metalcore,emo","Vagrant Records",0.482,0.971,4,-2.207,0,0.135,0.000348,0,0.0412,0.498,90.044,4
spotify:track:6mlGXuG5FmzcePHsMn6rIA,"Baby's On Fire","Ten$ion","Die Antwoord",2012-01-31,236840,66,true,,2025-11-08T20:20:56Z,"","Craft Recordings",0.829,0.844,4,-4.329,0,0.0967,0.0521,0.00148,0.171,0.762,130.037,4
spotify:track:7hABI1LTG3KXe131AzTfvk,"Royalty","King of Memphis","Young Dolph",2016-02-19,194882,40,true,,2025-11-08T20:20:56Z,"southern hip hop,trap","Paper Route Empire",0.882,0.502,2,-6.072,1,0.0874,0.0509,0,0.0913,0.343,130.027,4
spotify:track:0xMd5bcWTbyXS7wPrBtZA6,"Burn","Halcyon Days","Ellie Goulding",2013-01-01,231211,58,false,,2025-11-08T20:20:56Z,"","Polydor Records",0.559,0.777,1,-5.031,1,0.0432,0.31,0,0.105,0.329,87.016,4
spotify:track:7gCuKTyBb5nurNalzs0Hvp,"Supersonic (My Existence) [with Noisia, josh pan & Dylan Brady]","Supersonic (My Existence) [with Noisia, josh pan & Dylan Brady]","Skrillex;Noisia;josh pan;Dylan Brady",2021-06-10,167253,56,false,,2025-11-08T20:20:56Z,"dubstep,edm,electro,electronic,drum and bass,drumstep,breakbeat,jungle,bass music,hyperpop,glitch","OWSLA/Atlantic",0.487,0.669,9,-6.473,1,0.232,0.0145,0.00349,0.102,0.0573,172.026,3
spotify:track:6kWPgqYEwEDAk5kHMJdrDo,"Ever So Sweet","The Acoustic EP","The Early November",2005-01-01,255600,0,false,,2025-11-08T20:20:56Z,"emo,pop punk","Drive Thru Records",0.44,0.311,0,-6.811,0,0.0338,0.681,0,0.107,0.2,160.81,3
spotify:track:0PkqVbqo5Y9CLMayxMmf4i,"Bottled in Cork","The Brutalist Bricks","Ted Leo and the Pharmacists",2010-03-08,198173,19,false,,2025-11-08T20:20:56Z,"indie rock,power pop","Matador",0.576,0.895,0,-4.071,1,0.181,0.012,0,0.235,0.763,143.088,4
spotify:track:6Fe3Flc9SjE03pqwD6PVQl,"Amber","From Chaos","311",2001-06-19,206973,70,false,,2025-11-08T20:20:56Z,"reggae rock,funk rock,rap rock","Volcano",0.663,0.697,0,-9.442,1,0.0473,0.156,0.0224,0.0663,0.744,166.001,4
spotify:track:2IBM7pWht51SaU52GZGiEc,"For a Pessimist, I'm Pretty Optimistic","Riot!","Paramore",2007-06-12,228293,56,false,,2025-11-08T20:20:56Z,"pop punk,emo","Atlantic Records UK",0.537,0.927,6,-3.322,1,0.0476,0.00017,0.00000678,0.115,0.379,102.445,4
spotify:track:1GLco0U2FinSfaZuAXWsw3,"Fences","Riot!","Paramore",2007-06-12,198973,53,false,,2025-11-08T20:20:56Z,"pop punk,emo","Atlantic Records UK",0.452,0.82,11,-4.508,0,0.0325,0.00153,0,0.21,0.838,202.108,4
spotify:track:0m3Ze0cy8qBHSsV2exAfCw,"Amazing","808s & Heartbreak","Kanye West;Jeezy",2008-11-24,238333,64,false,,2025-11-08T20:20:56Z,"rap,southern hip hop,crunk,gangster rap","Roc-A-Fella",0.588,0.554,8,-8.406,1,0.0545,0.216,0.118,0.0619,0.496,146.133,4
spotify:track:1kSO3mfMjW9AaKx6B3opJY,"I Used To Have A Heart","In Defense Of The Genre","Say Anything",2007-10-23,257000,18,false,,2025-11-08T20:20:56Z,"pop punk,emo","J Records",0.4,0.892,4,-2.929,0,0.0599,0.000233,0.000388,0.245,0.635,149.85,4
spotify:track:4jDmJ51x1o9NZB5Nxxc7gY,"Careless Whisper","Ladies And Gentlemen... The Best Of George Michael","George Michael",1998-11-09,300106,9,false,,2025-11-08T20:20:56Z,"","Sony Music Entertainment",0.574,0.628,2,-8.815,0,0.036,0.13,0,0.271,0.803,153.119,4
spotify:track:7floNISpH8VF4z4459Qo18,"Look At Me!","Look At Me!","XXXTENTACION",2017-02-20,126345,76,true,,2025-11-08T20:20:56Z,"emo rap","Bad Vibes Forever / EMPIRE",0.763,0.726,1,-6.405,1,0.282,0.259,0,0.0976,0.349,139.059,4
spotify:track:613KmeuXIuqBM0plNinzUh,"I'm God","6 Kiss","Lil B",2009-12-22,276000,60,true,,2025-11-08T20:20:56Z,"cloud rap,experimental hip hop","Basedworld Records",0.516,0.788,2,-4.899,1,0.458,0.0784,0,0.0736,0.19,142.207,4
spotify:track:1OSTJFMNAxzJ3fx7D7p6f7,"Rox In The Box","The King Is Dead","The Decemberists",2011-01-18,187853,39,false,,2025-11-08T20:20:56Z,"baroque pop,indie folk","Capitol Records",0.526,0.78,11,-3.398,0,0.0275,0.0218,0,0.0851,0.517,94.333,4
spotify:track:4dmh3OPtAhbEybhGoOG9TE,"Liquid Swords","Liquid Swords","GZA",1995-11-07,270800,57,true,,2025-11-08T20:20:56Z,"east coast hip hop,old school hip hop,hip hop","Geffen",0.798,0.624,7,-7.249,1,0.391,0.417,0.0000101,0.34,0.347,89.02,4
spotify:track:5heRy6IDNiQXDJf1tZ6SUc,"Liar (It Takes One To Know One)","Louder Now (Deluxe Edition)","Taking Back Sunday",2006-04-25,191133,58,false,,2025-11-08T20:20:56Z,"emo,pop punk,screamo,post-hardcore,punk","Craft Recordings",0.436,0.946,8,-4.755,0,0.103,0.00121,0,0.215,0.603,93.544,4
spotify:track:6gDBKJ69zXvz3JSqcHlKN4,"Left Ey3","Somethin 'Bout Kreay","Kreayshawn",2012-09-14,201253,38,true,,2025-11-08T20:20:56Z,"","Columbia",0.649,0.904,9,-6.307,1,0.0326,0.0000222,0.00000399,0.379,0.842,146.996,4
spotify:track:5EM4S6pTv68dX7qCaYy4dL,"Holiday","We All Need A Reason To Believe","Valencia",2008-08-26,177986,12,false,,2025-11-08T20:20:56Z,"pop punk,emo","Columbia",0.352,0.858,4,-4.29,1,0.0418,0.000741,0.000183,0.133,0.615,159.762,4
spotify:track:4dKu1HkVL1xh96F1JfDTrn,"Shoulder to the Wheel","Through Being Cool","Saves The Day",1999,199573,43,false,,2025-11-08T20:20:56Z,"pop punk,emo","Equal Vision Records",0.35,0.958,4,-4.597,1,0.0949,0.000436,0,0.314,0.555,190.501,4
spotify:track:1zsAAnB6dMpGOvXjoYP9Um,"Yonkers","Goblin","Tyler, The Creator",2011-05-09,249333,0,true,,2025-11-08T20:20:56Z,"","XL Recordings",0.712,0.759,11,-5.397,1,0.334,0.016,0.0808,0.217,0.738,79.103,4
spotify:track:4vqzjztjulHDhcbJmSjWkY,"Ghost Ride IT","Crack Baby Anthem","Mistah F.A.B.",2015-03-31,232866,33,true,,2025-11-08T20:20:56Z,"hyphy,west coast hip hop","Digital Music Universe",0.761,0.825,8,-4.182,0,0.0786,0.0166,0,0.335,0.801,109.14,4
spotify:track:2GiIgyJtwPI8MufbswB5hR,"Public Domain","Expect the Worst","The Dopamines",2010-06-28,134974,27,true,,2025-11-08T20:20:56Z,"skate punk,punk,pop punk","Cold Duck Records",0.631,0.979,0,-3.673,1,0.0544,0.032,0,0.349,0.489,107.417,4
spotify:track:1mxTCArq9EhSg4QPGqhjhT,"The Call","Black & Blue","Backstreet Boys",2000-11-21,204800,65,false,,2025-11-08T20:20:56Z,"","Jive",0.696,0.874,10,-3.318,0,0.0772,0.117,0,0.331,0.747,104.196,4
spotify:track:1g5CHtsDQl7KVWaUiAwat0,"Lycanthrope","When Your Heart Stops Beating","+44",2006-01-01,237533,41,true,,2025-11-08T20:20:56Z,"pop punk,punk,skate punk","Interscope",0.362,0.989,9,-2.377,0,0.108,0.0000388,0,0.0616,0.38,168.061,4
spotify:track:14OxJlLdcHNpgsm4DRwDOB,"Habits (Stay High)","Queen Of The Clouds","Tove Lo",2014-01-01,209160,77,false,,2025-11-08T20:20:56Z,"","Universal Music AB",0.729,0.65,5,-3.539,1,0.0313,0.0702,0.0000669,0.0829,0.347,110.02,4
spotify:track:2QR5DdJfnpnKiidtCS7KGD,"The Heart Gently Weeps","8 Diagrams","Wu-Tang Clan;Erykah Badu;Dhani Harrison;John Frusciante",2007-01-01,337333,0,true,,2025-11-08T20:20:56Z,"east coast hip hop,old school hip hop,hip hop,gangster rap,hardcore hip hop,neo soul,r&b","SRC Records",0.546,0.752,9,-7.818,1,0.379,0.554,0,0.169,0.556,151.754,4
spotify:track:2idmlkd8oUaQvYEtINpLBX,"Heads Will Roll - A-Trak Remix","Heads Will Roll","Yeah Yeah Yeahs;A-Trak",2009,383546,68,false,,2025-11-08T20:20:56Z,"indie rock,disco house","Interscope",0.744,0.615,1,-3.908,0,0.0836,0.00685,0.346,0.0708,0.776,131.994,4
spotify:track:0KQ1LhU7vGiXqn7eAw1nfl,"Monster","Something Real & Here, Here and Here","Meg & Dia",2006,161333,60,false,,2025-11-08T20:20:56Z,"","Sire",0.35,0.834,6,-3.856,0,0.0596,0.00164,0.0000119,0.149,0.424,192.005,4
spotify:track:5f9lGdQdpuJLCINacT7AEZ,"Shenlong","Shenlong","Saka",2024-06-14,226285,37,false,,2025-11-08T20:20:56Z,"drumstep,bass music,dubstep","Memory Palace",0.657,0.71,8,-5.303,1,0.0374,0.0513,0.736,0.185,0.0411,139.957,4
spotify:track:7xyiVGD6wP114goNQ5FjM2,"Running From Lions","Put Up or Shut Up (Deluxe Version)","All Time Low",2008-05-20,180693,0,false,,2025-11-08T20:20:56Z,"pop punk,emo,punk","Hopeless Records",0.458,0.796,9,-6.993,1,0.0593,0.000959,0,0.301,0.526,176.939,4
spotify:track:4UWcrSViQZwzFzc47ltS42,"Four Winds","Cassadaga","Bright Eyes",2007-04-10,256333,0,false,,2025-11-08T20:20:56Z,"indie folk","Saddle Creek",0.497,0.89,10,-5.244,1,0.0519,0.0856,0.0000877,0.327,0.539,131.738,4
spotify:track:6O2lo7245XfRbIfpL5yRLJ,"A Real Fine Place to Start","Real Fine Place","Sara Evans",2005-10-03,238733,44,false,,2025-11-08T20:20:56Z,"country,christian country","RCA Records Label Nashville",0.585,0.789,8,-2.834,1,0.041,0.00143,0.00087,0.141,0.208,120.953,4
spotify:track:4zBRdLegVtJFYsxVZMHDUt,"Pro Nails","Ultraviolet","Kid Sister;Kanye West",2009-01-01,202560,21,true,,2025-11-08T20:20:56Z,"baltimore club,rap","Downtown Music/Republic Records",0.883,0.943,1,-4.719,1,0.167,0.0274,0.00000692,0.223,0.789,133.021,4
spotify:track:5BtbRb1XfakaECaQoa0AOo,"King's Crossing","From A Basement On The Hill","Elliott Smith",2004-10-19,297973,0,false,,2025-11-08T20:20:56Z,"singer-songwriter","Kill Rock Stars",0.395,0.343,10,-10.027,0,0.0329,0.183,0.0622,0.451,0.0589,122.553,4
spotify:track:5xllEWq8rUH9s8H0p6WiAw,"Got 5 On It","Welcome to the Hood","Young Buck",2012-09-27,203000,5,true,,2025-11-08T20:20:56Z,"southern hip hop,crunk","Cashville Records",0.61,0.683,10,-6.684,0,0.383,0.338,0,0.315,0.703,86.908,4
spotify:track:7t2xveDk2f46i8riy1nywS,"Activist (feat. Waka Flocka Flame, Ben G.)","Activist (feat. Waka Flocka Flame & Ben G.) - Single","Brick Squad Monopoly",2013-08-06,238088,26,true,,2025-11-08T20:20:56Z,"","Brick Squad Monopoly LLC",0.576,0.741,11,-6.56,1,0.0797,0.000291,0,0.0883,0.477,130.092,4
spotify:track:7grzMnF1FHponm2aJBWj8E,"Off To The Races","Born To Die","Lana Del Rey",2012-01-30,299920,45,false,,2025-11-08T20:20:56Z,"","Polydor Records",0.4,0.722,4,-5.566,0,0.062,0.061,0.00171,0.4,0.136,160.065,4
spotify:track:48TrG16S6Qg3NxOlfRI73b,"I Wanna Meet Dave Grohl","Life Sux","Wavves",2011-09-27,302113,18,false,,2025-11-08T20:20:56Z,"garage rock,surf rock,noise rock,indie punk","Ghost Ramp",0.372,0.961,2,-4.989,1,0.091,0.00142,0.0000947,0.173,0.323,147.929,4
spotify:track:463wBlCYhDPuOVvAU8bS1h,"Big Casino","Chase This Light","Jimmy Eat World",2007-01-01,220733,49,false,,2025-11-08T20:20:56Z,"emo,pop punk","Interscope",0.491,0.978,2,-3.654,1,0.0493,0.0000976,0,0.373,0.524,136.007,4
spotify:track:7mlhOgD7MObyiXqcCGwCKa,"Lessons","Die, Rugged Man, Die","R.A. The Rugged Man",2004-11-16,232093,31,true,,2025-11-08T20:20:56Z,"underground hip hop,east coast hip hop","Nature Sounds",0.693,0.851,11,-5.642,0,0.359,0.0992,0,0.0933,0.865,90.932,4
spotify:track:6htLkgVPbqwnunLKYy7ztE,"The Mountain Range In My Living Room","The Room's Too Cold","The Early November",2003,251626,0,false,,2025-11-08T20:20:56Z,"emo,pop punk","Drive Thru Records",0.49,0.726,1,-5.184,1,0.0442,0.157,0,0.532,0.0814,100.447,1
spotify:track:3r7gP3kGBkldTrOO6ebMGy,"Bullet and a Target","The Clarence Greenwood Recordings","Citizen Cope",2004,263400,53,false,,2025-11-08T20:20:56Z,"","RCA Records Label",0.732,0.835,5,-3.279,0,0.0819,0.335,0.00000243,0.0354,0.892,80.696,4
spotify:track:2dam1YcpllKLaeIunQvIrV,"Jetpack Blues, Sunset Hues","Dawn Metropolis","Anamanaguchi",2009-03-03,208014,0,false,,2025-11-08T20:20:56Z,"vocaloid","Normative",0.377,0.959,6,-4.606,1,0.0573,0.0000085,0.918,0.139,0.372,93.729,4
spotify:track:58m9LH2EpkEIxjpwqhQlEg,"Bottled In Cork","The Brutalist Bricks","Ted Leo and the Pharmacists",2010-03-08,198173,0,false,,2025-11-08T20:20:56Z,"indie rock,power pop","Matador",0.575,0.895,0,-4.07,1,0.18,0.012,0,0.235,0.778,143.091,4
spotify:track:3n9ABQpqK6EgaOPEtfzD4I,"Art Is Dead","Words Words Words","Bo Burnham",2010-10-19,152893,57,true,,2025-11-08T20:20:56Z,"comedy","Comedy Central Records",0.523,0.616,4,-6.167,1,0.0566,0.844,0,0.936,0.703,85.531,4
spotify:track:1nWmXWGAveQr0tcqW293ky,"Party Foul","Someday Came Suddenly","Attack Attack!",2008-11-11,156266,34,false,,2025-11-08T20:20:56Z,"metalcore,post-hardcore,screamo","Rise Records",0.154,0.988,8,-3.866,1,0.146,0.00314,0.00193,0.159,0.161,202.168,4
spotify:track:1zOtStOZd9nvnFiRM5Namm,"Salute 2 el Chapo","Evil Wayz, Vol. 2","Dj Smokey",2013-09-27,310203,16,true,,2025-11-08T20:20:56Z,"cloud rap,phonk,drift phonk","Positive Squad Records",0.567,0.476,5,-9.325,1,0.127,0.0191,0.0424,0.337,0.202,119.844,4
spotify:track:5LgiqEgpK54OfXC6947wbU,"Where Eagles Dare","Collection","Misfits;Glenn Danzig",1986-01-01,128426,59,false,,2025-11-08T20:20:56Z,"horror punk,punk,psychobilly,hardcore punk,skate punk","Astralwerks",0.282,0.943,2,-7.746,1,0.121,0.741,0.414,0.178,0.15,182.381,4
spotify:track:57TcwVXrJEnFt5Rpe262X1,"Let The Games Begin","The Words You Don't Swallow","Anarbor",2010-04-20,200106,16,false,,2025-11-08T20:20:56Z,"pop punk","Hopeless Records",0.573,0.846,11,-3.504,0,0.0387,0.00101,0,0.128,0.625,146.066,4
spotify:track:00AAj1kdx0mf5agqVniktg,"My Uncle","The Hour Of Reprisal","ILL BILL",2008-09-16,165186,29,true,,2025-11-08T20:20:56Z,"horrorcore,hardcore hip hop,underground hip hop,hip hop","Fat Beats Records",0.559,0.949,2,-4.288,1,0.497,0.184,0,0.361,0.738,96.502,4
spotify:track:3ABG1UQTk0eLYUAeWkmfMi,"Shimmy Shimmy Ya","Return to the 36 Chambers: The Dirty Version","Ol' Dirty Bastard",1995,161400,65,true,,2025-11-08T20:20:56Z,"east coast hip hop,old school hip hop,hardcore hip hop","Rhino/Elektra",0.814,0.481,0,-5.183,1,0.245,0.097,0.0000383,0.0495,0.193,96.252,4
spotify:track:7oK9VyNzrYvRFo7nQEYkWN,"Mr. Brightside","Hot Fuss","The Killers",2004-06-15,222586,8,false,,2025-11-08T20:20:56Z,"alternative rock","Island Records",0.356,0.924,1,-3.74,1,0.0808,0.00101,0,0.0953,0.232,148.017,4
spotify:track:7wCmS9TTVUcIhRalDYFgPy,"Where Is My Mind? - 2007 Remaster","Surfer Rosa (2007 Remaster)","Pixies",1988-03-21,234973,79,false,,2025-11-08T20:20:56Z,"alternative rock","4AD",0.519,0.441,4,-14.178,1,0.0353,0.0204,0.000453,0.076,0.25,81.334,4
spotify:track:7hTA34zHD3gRagk4U5qB2i,"Original Don","Original Don (Remixes)","Major Lazer;The Partysquad",2011-11-01,253413,37,false,,2025-11-08T20:20:56Z,"moombahton","Mad Decent",0.786,0.937,6,-3.893,0,0.198,0.136,0.00426,0.358,0.533,135.003,4
spotify:track:6ohrNpsMNhDnEEku38CB2K,"Norf Norf","Norf Norf","Vince Staples",2015-06-23,183586,29,true,,2025-11-08T20:20:56Z,"","Def Jam Recordings",0.927,0.559,7,-6.558,1,0.0587,0.423,0.000255,0.106,0.108,100.008,4
spotify:track:5KHhsH8FqVs5CxyDeMOFAT,"Bleeding Mascara","The Curse (Deluxe Edition)","Atreyu",2004-06-28,146160,50,true,,2025-11-08T20:20:56Z,"metalcore,screamo","Craft Recordings",0.274,0.951,1,-4.731,1,0.151,0.000135,0.16,0.333,0.438,99.168,4
spotify:track:60p03EMhcCFUFyzAKS6m3p,"High Times","New Moon","Elliott Smith",2007,191773,0,false,,2025-11-08T20:20:56Z,"singer-songwriter","Kill Rock Stars",0.616,0.235,10,-13.144,0,0.0353,0.35,0.00000418,0.0989,0.249,122.443,4
spotify:track:0PSPw9H35cdqKo7YzkjNiT,"Money","Money (feat. Fly Ty)","D/R Period",2011,206000,39,false,,2025-11-08T20:20:56Z,"","RockBoy Records, LLC",0.652,0.829,8,-3.643,1,0.217,0.0000915,0.000121,0.28,0.628,158.066,4
spotify:track:7cz70nyRXlCJOE85whEkgU,"Flagpole Sitta","Where Have All The Merrymakers Gone?","Harvey Danger",1997-01-01,217266,65,false,,2025-11-08T20:20:56Z,"","Decca Music Group Ltd.",0.361,0.901,4,-4.133,0,0.0443,0.00152,0.000263,0.286,0.482,144.97,4
spotify:track:4HoGyB1LUwZlO0m3h56bPy,"L'Via L'Viaquez","Frances the Mute","The Mars Volta",2005-01-01,741600,0,false,,2025-11-08T20:20:56Z,"progressive rock,progressive metal,art rock","Motown",0.335,0.818,7,-5.673,0,0.181,0.0359,0.00275,0.08,0.574,174.854,4
spotify:track:0t2QiRkpag0fAgs9zuCPlH,"Disparate Youth","Master of My Make-Believe","Santigold",2012-04-16,284400,68,false,,2025-11-08T20:20:56Z,"","Atlantic Records",0.642,0.931,1,-4.142,1,0.0417,0.0131,0.825,0.215,0.548,152.005,4
spotify:track:2PKgrfkc1HRaN9FnGlz9o5,"Romantic Rights","You're A Woman, I'm A Machine","Death From Above 1979",2005-02-28,195106,35,false,,2025-11-08T20:20:56Z,"garage rock","679 Recordings UK. Ltd.",0.516,0.961,5,-5.37,0,0.157,0.00316,0,0.404,0.458,150.147,4
spotify:track:54jGdUgkPfGNVPVj0wlS3v,"Arizona","Hold On Tight","Hey Monday",2008-10-07,216626,27,false,,2025-11-08T20:20:56Z,"pop punk,emo","Decaydance/Columbia",0.418,0.944,4,-1.398,1,0.0559,0.00439,0,0.127,0.557,154.927,4
spotify:track:0xCNCDofDmt1iwBXhoX9wq,"The Boys You Do (Get Back At You)","Love Like This (Deluxe Edition)","The Summer Set",2010,182160,15,true,,2025-11-08T20:20:56Z,"pop punk","Razor & Tie",0.526,0.891,2,-3.806,1,0.0414,0.000314,0,0.296,0.655,135.037,4
spotify:track:0gpFiquPvir7e3RrM4kii9,"IT G MA REMIX (feat. A$AP Ferg, Father, Dumbfoundead, Waka Flocka Flame)","IT G MA REMIX (feat. A$AP Ferg, Father, Dumbfoundead, Waka Flocka Flame)","Keith Ape;A$AP Ferg;Father;Dumbfoundead;Waka Flocka Flame",2015-07-27,300000,43,true,,2025-11-08T20:20:56Z,"k-rap,rap","OWSLA",0.787,0.743,1,-4.206,1,0.0642,0.061,0,0.294,0.454,102.076,4
spotify:track:6FwulO51932yA6ksMi1rj4,"Jetpack Blues, Sunset Hues","Dawn Metropolis","Anamanaguchi",2009-03-03,209080,24,false,,2025-11-08T20:20:56Z,"vocaloid","Polyvinyl Records",0.388,0.966,6,-5.473,1,0.0616,0.000253,0.813,0.125,0.472,93.732,4
spotify:track:5bucc34poGOBnycWgSqHev,"F'@k You Lucy","God Loves Ugly","Atmosphere",2002,331333,0,true,,2025-11-08T20:20:56Z,"underground hip hop,alternative hip hop","Rhymesayers",0.807,0.756,8,-2.884,0,0.211,0.398,0.000105,0.311,0.655,81.988,4
spotify:track:7fh2bdy4tG4lhaJMpRiRA7,"Dancing at Her Funeral","Get Sharp","The Limousines",2011-04-26,223573,14,false,,2025-11-08T20:20:56Z,"","Dangerbird Records",0.579,0.981,9,-3.2,0,0.0659,0.354,0.0000133,0.162,0.505,117.039,4
spotify:track:4b9jRNwMUvABxTD1amyfA6,"All over You","No Really, I'm Fine (Standard Version)","The Spill Canvas",2007-10-01,202573,52,false,,2025-11-08T20:20:56Z,"emo,pop punk","Sire/Reprise",0.554,0.941,10,-3.159,0,0.0347,0.00848,0,0.102,0.524,134.916,4
spotify:track:3U5TzKrZP6sqiR43LQArV7,"Understanding In A Car Crash","Full Collapse","Thursday",2001-04-10,264546,53,false,,2025-11-08T20:20:56Z,"post-hardcore,screamo,emo","Victory Records",0.401,0.907,5,-4.956,1,0.102,0.000041,0.000468,0.151,0.415,162.542,4
spotify:track:25nzKGDiua1lE9Qo5V19GL,"Young Blood","Passive Me, Aggressive You","The Naked And Famous",2010,246600,68,false,,2025-11-08T20:20:56Z,"","Polydor Records",0.579,0.865,6,-4.692,1,0.0302,0.0000563,0.000221,0.649,0.358,104.99,4
spotify:track:0KhMj83N700Wrofm3hgyiN,"The Rest of My Life","In With The Out Crowd","Less Than Jake",2006-05-22,213066,38,false,,2025-11-08T20:20:56Z,"ska punk,ska,punk,skate punk,pop punk","Sire",0.411,0.909,8,-5.203,1,0.0381,0.00808,0,0.0995,0.719,194.042,4
spotify:track:5Tj9CegEANcJq3Bq0ff1Lg,"Second Chances","A Season In Hell","October Fall",2006-02-21,177453,19,false,,2025-11-08T20:20:56Z,"","Decaydance Records / Fueled By Ramen",0.614,0.811,11,-4.048,1,0.0292,0.11,0.0000044,0.0834,0.748,103.011,4
spotify:track:44OxMEnyeiF4KoABexhPwz,"Omega Dog","Omega Dog","The Dears",2011-01-05,297706,0,false,,2025-11-08T20:20:56Z,"","Dangerbird Records",0.385,0.797,6,-4.779,0,0.047,0.0253,0.156,0.694,0.552,150.488,4
spotify:track:6GHYC5wFfCWKlZBNZ2t2ex,"My Racing Thoughts","People And Things (Deluxe)","Jack's Mannequin",2011-09-30,259026,30,false,,2025-11-08T20:20:56Z,"pop punk","Sire",0.436,0.9,0,-2.87,1,0.0392,0.00737,0,0.157,0.61,146.986,4
spotify:track:3ATfsEiBwoNVSq1JPDNwcb,"Gimme Sympathy","Fantasies","Metric",2009-05-01,234600,0,false,,2025-11-08T20:20:56Z,"","Arts & Crafts Mexico",0.457,0.882,9,-6.143,1,0.0739,0.007,0.00141,0.111,0.119,139.032,4
spotify:track:5WyuRWUcOOhAic0tj9Pl28,"Satellite of Love","Transformer","Lou Reed",1972-12-01,221120,55,false,,2025-11-08T20:20:56Z,"glam rock,proto-punk,art rock","RCA/Legacy",0.458,0.502,5,-10.186,1,0.0294,0.442,0.00000551,0.299,0.571,121.861,4
spotify:track:6GWNDW8TXls6Vbr8L6P3oD,"The Mountain Range In My Living Room","The Room's Too Cold","The Early November",2003-10-07,251626,25,false,,2025-11-08T20:20:56Z,"emo,pop punk","Drive Thru Records",0.352,0.722,1,-5.418,1,0.0532,0.142,0,0.567,0.0752,99.602,1
spotify:track:3uUCgL0cbSd0isnqhHCm1f,"Off To The Races","Born To Die - The Paradise Edition","Lana Del Rey",2012-01-01,299933,62,false,,2025-11-08T20:20:56Z,"","Polydor Records",0.399,0.721,4,-5.562,0,0.0523,0.0621,0.00282,0.278,0.113,160.125,4
spotify:track:0bDgqN6snQ3JCl0ybPn6CA,"Keep The Change, You Filthy Animal","Nothing Personal (Deluxe Version)","All Time Low",2009-07-07,200133,0,false,,2025-11-08T20:20:56Z,"pop punk,emo,punk","Hopeless Records",0.396,0.985,4,-2.8,1,0.128,0.0033,0,0.481,0.517,166.017,4
spotify:track:6C2nRgaujO84uuHZkaXcZQ,"Feels So Good - Single Version","A&M Gold Series","Chuck Mangione",1991-02-18,212226,53,false,,2025-11-08T20:20:56Z,"smooth jazz,yacht rock,jazz,jazz fusion","A&M",0.608,0.504,6,-12.431,1,0.0432,0.344,0.0171,0.113,0.602,104.801,4
spotify:track:4mrR64jwacrmiZluhBelDB,"Chonkyfire","Aquemini","Outkast",1998-09-29,371253,41,true,,2025-11-08T20:20:56Z,"southern hip hop,hip hop","Arista/LaFace Records",0.595,0.675,8,-8.817,1,0.465,0.0617,0,0.1,0.358,90.966,4
spotify:track:1nK3sKV6p7qMFJ9QzvHYTH,"Beat On The Brat","EODM Presents Boots Electric Performing The Best Songs We Never Wrote","Eagles Of Death Metal",2019-06-07,201946,19,false,,2025-11-08T20:20:56Z,"stoner rock,garage rock","Eagles of Death Metal (AG Records 2017) PS",0.928,0.973,6,-8.671,0,0.0402,0.786,0.019,0.254,0.966,117.919,4
spotify:track:58KPPL1AdLHMvR2O2PZejr,"Jesus of Suburbia","American Idiot","Green Day",2004-09-21,548253,67,true,,2025-11-08T20:20:56Z,"punk,pop punk","Reprise",0.3,0.929,1,-3.214,1,0.0636,0.000259,0.00000226,0.329,0.59,147.116,4
spotify:track:48dxLly3L9QERpreYM7MKv,"Sandwitches","Goblin","Tyler, The Creator;Hodgy",2011-05-09,291226,43,true,,2025-11-08T20:20:56Z,"","XL Recordings",0.576,0.587,4,-9.763,1,0.222,0.0676,0.00000221,0.204,0.373,152.468,4
spotify:track:6FoVj4XLb8Aro1gxcCT6Rk,"Backstage Baddies","Backstage Baddies","bradeazy;Mike Renza",2024-09-05,181818,26,false,,2025-11-08T20:20:56Z,"","Thrive Music, LLC",0.738,0.944,9,-5.252,1,0.0651,0.00385,0.0103,0.271,0.194,132,4
spotify:track:4tBDO1ph3o0y4PLxJ79gZq,"Spineless","Spineless","Nick Lutsko",2020-08-12,226423,19,false,,2025-11-08T20:20:56Z,"","Nick Lutsko",0.517,0.607,2,-8.902,1,0.0299,0.000657,0,0.422,0.398,89.996,4
spotify:track:4toNCOvSAD6UmIcshU0tL3,"Hell","Sainthood","Tegan and Sara",2009-10-23,204200,35,false,,2025-11-08T20:20:56Z,"","Vapor/Sire",0.512,0.936,1,-3.74,1,0.0555,0.000313,0.000135,0.058,0.755,166.113,4
spotify:track:5yh1LmyANpuUVy5vqaHBvg,"El Rey Azul","Emmanuel ... En La Soledad","Emmanuel",1998-12-11,261266,41,false,,2025-11-08T20:20:56Z,"latin pop","RCA Records Label",0.565,0.521,9,-12.949,0,0.0362,0.462,0,0.122,0.61,85.221,4
spotify:track:5RjbFGeWVsCpw8EcE8OrvZ,"Gone","Late Registration","Kanye West;Consequence;Cam'ron",2005-08-30,333293,57,true,,2025-11-08T20:20:56Z,"rap,east coast hip hop","Roc-A-Fella",0.842,0.668,1,-6.043,1,0.26,0.015,0,0.0699,0.345,92.703,4
spotify:track:4XjXXK9GhDdMVR8xMKZLih,"All Die Young","Dye It Blonde","Smith Westerns",2011,226693,32,false,,2025-11-08T20:20:56Z,"","Fat Possum",0.267,0.702,4,-4.062,1,0.0364,0.104,0.489,0.125,0.282,145.723,4
spotify:track:4589wtRhDebcQsRJtAqTl7,"Dead Leaves and the Dirty Ground","White Blood Cells","The White Stripes",2001-07-03,183933,0,false,,2025-11-08T20:20:56Z,"garage rock,blues rock,rock,alternative rock","Warner Records",0.376,0.608,11,-4.071,0,0.0329,0.439,0.00000282,0.0753,0.439,80.528,4
spotify:track:69BMd64Zq2W84cOeCRguEp,"I've Got Friends","Mean Everything To Nothing","Manchester Orchestra",2009-04-21,297493,42,false,,2025-11-08T20:20:56Z,"","Favorite Gentlemen/Canvasback",0.396,0.898,6,-5.428,1,0.0544,0.000272,0.000708,0.287,0.352,164.727,4
spotify:track:4EPgjvnIn2Nv5pZLPa4IFU,"I Loved the Way She Said L.A.","Remember Right Now","Spitalfield",2003,199293,0,false,,2025-11-08T20:20:56Z,"pop punk,emo","Victory",0.501,0.924,0,-3.903,1,0.0567,0.000468,0.00000377,0.119,0.881,178.893,4
spotify:track:0TZ1MAPCWb2jpaKzS5Muyz,"Everything Went Numb","Everything Goes Numb","Streetlight Manifesto",2003-08-26,209973,50,false,,2025-11-08T20:20:56Z,"ska,ska punk,punk","Pentimento Music Co.",0.652,0.897,8,-5.165,1,0.0562,0.0131,0.015,0.0447,0.913,134.923,4
spotify:track:0SujigeT7cxuxBfhN3eOcp,"Run Up","Run Up","Major Lazer;PARTYNEXTDOOR;Nicki Minaj",2017-01-26,203180,0,true,,2025-11-08T20:20:56Z,"moombahton,dark r&b,r&b,trap soul","Mad Decent",0.803,0.743,1,-3.602,0,0.0681,0.105,0.00000212,0.099,0.674,108.005,4
spotify:track:55mKuESqpfgqe0kooIkTH2,"Beat on the Brat - 2016 Remaster","Ramones (40th Anniversary Deluxe Edition; 2016 Remaster)","Ramones",1976-04-23,151960,54,false,,2025-11-08T20:20:56Z,"punk,proto-punk","Rhino/Warner Records",0.481,0.88,4,-1.108,1,0.176,0.00305,0.642,0.13,0.961,156.859,4
spotify:track:6mapJIPnQ23RTAevUoE0DL,"Swang","SremmLife 2 (Deluxe)","Rae Sremmurd",2016-08-12,208120,72,true,,2025-11-08T20:20:56Z,"","Mike WiLL Made-It",0.681,0.314,8,-9.319,1,0.0581,0.2,0.00000982,0.1,0.166,139.992,4
spotify:track:6plT7nFGiXKSBP9HFSI4ef,"Chum","Doris","Earl Sweatshirt",2013-08-16,243773,58,true,,2025-11-08T20:20:56Z,"experimental hip hop,alternative hip hop","Tan Cressida/Columbia",0.51,0.503,10,-8.756,0,0.242,0.0216,0.002,0.108,0.193,153.582,4
spotify:track:2fKO33xCTSd9DiJmTyUHNF,"Time Bomb","Dog Problems (Bonus Track Version)","The Format",2006-07-11,241666,35,false,,2025-11-08T20:20:56Z,"emo","The Vanity Label",0.726,0.917,0,-6.002,1,0.0426,0.0222,0.000305,0.318,0.811,132.005,4
spotify:track:4Zz1ctRTK04dytKiFuavBX,"Oliver's Army","Armed Forces (Remastered 2020)","Elvis Costello & The Attractions",2020-11-06,180840,44,false,,2025-11-08T20:20:56Z,"new wave,power pop","UMe/Elvis Costello",0.527,0.725,4,-9.405,1,0.0287,0.336,0,0.221,0.94,143.162,4
spotify:track:5vb6PvAnSoKQpNypJAdm6k,"What I Represent","Trill","Bun B",2005,279346,0,true,,2025-11-08T20:20:56Z,"southern hip hop","Rap-A-Lot Records",0.846,0.523,11,-7.164,0,0.149,0.0056,0,0.092,0.542,158.072,4
spotify:track:3UFQM2oW4KXP3ZZ3jtBx2P,"Peruvian Cocaine","Revolutionary Vol. 2","Immortal Technique;Tonedeff;Pumpkinhead;Poison Pen;Loucipher;Diabolic;C-Rayz Walz",2003-11-18,288666,47,true,,2025-11-08T20:20:56Z,"hardcore hip hop,underground hip hop,east coast hip hop,horrorcore","Rebel Army Records",0.671,0.628,4,-7.43,0,0.386,0.563,0,0.333,0.645,86.274,4
spotify:track:2QhpHppbPvYurQ09uhGLus,"Let It All Go","Daybreak","Saves The Day",2011-09-13,166533,9,false,,2025-11-08T20:20:56Z,"pop punk,emo","Razor & Tie",0.549,0.58,11,-4.417,1,0.0324,0.0975,0,0.118,0.6,77.055,4
spotify:track:2krCgSTjz6Ex8tJ6j8Qllj,"Cotton","We Shall All Be Healed","The Mountain Goats",2004-02-02,205600,0,false,,2025-11-08T20:20:56Z,"folk punk,anti-folk,indie folk","4AD",0.598,0.287,5,-12.278,1,0.0337,0.461,0.66,0.0852,0.291,144.112,4
spotify:track:2374M0fQpWi3dLnB54qaLX,"Africa","Toto IV","TOTO",1982-04-08,295893,86,false,,2025-11-08T20:20:56Z,"yacht rock,soft rock","Columbia",0.671,0.373,9,-18.064,1,0.0323,0.257,0.0000801,0.0481,0.732,92.718,4
spotify:track:6YEs8KWsFKQmULF5CUOz4n,"Alive With the Glory of Love","Is a Real Boy","Say Anything",2005-10-01,255175,55,true,,2025-11-08T20:20:56Z,"pop punk,emo","Doghouse Records",0.339,0.93,9,-4.619,1,0.131,0.0111,0,0.172,0.589,203.098,4
spotify:track:3JtdmGmWOoZ4j37gj9Uzmp,"Here's Your Future","The Body, The Blood, The Machine","The Thermals",2006-08-22,148866,0,false,,2025-11-08T20:20:56Z,"","Sub Pop Records",0.246,0.96,9,-3.465,1,0.216,0.0514,0.000101,0.0922,0.145,175.965,4
spotify:track:1xfFPJdRjgDAaMcDgbXwyh,"STAR","SATURATION","BROCKHAMPTON",2017-06-09,161000,45,true,,2025-11-08T20:20:56Z,"","QUESTION EVERYTHING, INC. / EMPIRE",0.776,0.388,0,-9.143,1,0.282,0.147,0,0.394,0.294,75.01,4
spotify:track:6HPZo9krwjbhMGKbqVkkDQ,"Every Single Night","The Idler Wheel Is Wiser Than the Driver of the Screw and Whipping Cords Will Serve You More Than Ropes Will Ever Do (Expanded Edition)","Fiona Apple",2012-06-18,209386,46,false,,2025-11-08T20:20:56Z,"art pop","Epic",0.687,0.195,0,-12.612,1,0.0603,0.859,0,0.226,0.402,125.949,4
spotify:track:3m1OyPw3fzMPAwDMcYcM6Z,"This Photograph Is Proof (I Know You Know)","Where You Want To Be","Taking Back Sunday",2004-07-27,251373,51,false,,2025-11-08T20:20:56Z,"emo,pop punk,screamo,post-hardcore,punk","Craft Recordings",0.536,0.855,7,-5.269,1,0.144,0.00139,0,0.0815,0.522,157.942,3
spotify:track:0fonaf88IEDQM309zmU80L,"Be My Baby","My Everything (Deluxe)","Ariana Grande;Cashmere Cat",2014-08-22,217053,66,false,,2025-11-08T20:20:56Z,"pop","Universal Records",0.622,0.586,3,-6.241,0,0.0356,0.0735,0.00000741,0.0803,0.434,145.081,4
spotify:track:2780vKj4IUvNu26FfCQ66u,"Monkey In Love","Monkey In Love","Tommy Trash",2013-07-18,310312,6,false,,2025-11-08T20:20:56Z,"","Downright",0.843,0.955,10,-1.722,1,0.201,0.0486,0.0109,0.549,0.0398,127.996,4
spotify:track:1mUUUaB58ingYU0hMSjveh,"Hello St. Louis","Old Solar","Allosaurus",2011,347611,0,false,,2025-11-08T20:20:56Z,"","Other Songs Music Co.",0.682,0.627,0,-9.138,1,0.302,0.0486,0.00000287,0.294,0.36,132.009,4
spotify:track:4h8nJVEsWTAKKWqVu8Fjho,"The Fear","Babylon (U.S. Version)","Skindred",2004-08-31,226026,14,false,,2025-11-08T20:20:56Z,"nu metal,rap metal","Lava",0.655,0.86,2,-4.799,0,0.0426,0.0194,0.00000234,0.0773,0.529,84.794,4
spotify:track:1eyzqe2QqGZUmfcPZtrIyt,"Midnight City","Hurry Up, We're Dreaming","M83",2011,241440,72,false,,2025-11-08T20:20:56Z,"","Mute",0.526,0.712,11,-6.525,0,0.0356,0.0161,0,0.179,0.32,105.009,4
spotify:track:6ciXM2ZqX2v5vzfPm8DHGa,"Beauty in Thirds","Modulus","T-Mass",2013-09-02,231131,19,false,,2025-11-08T20:20:56Z,"future bass,edm trap,chillstep","Seeking Blue",0.366,0.692,5,-6.825,1,0.0502,0.0213,0.805,0.112,0.441,65.382,4
spotify:track:1h9ACt0sFymqhR41Fe1r71,"Burn It Down","Burn It Down","Sims",2010-12-14,177613,20,true,,2025-11-08T20:20:56Z,"underground hip hop","Doomtree Records",0.701,0.816,11,-4.593,0,0.22,0.141,0,0.324,0.626,118.041,4
spotify:track:5ZFFQEEINuTztkeFUJT4an,"Good To Go","Trunk Muzik 0-60","Yelawolf;Bun B",2010-01-01,217813,37,true,,2025-11-08T20:20:56Z,"country hip hop,southern hip hop","Slumerican/DGC",0.799,0.769,6,-7.4,0,0.0657,0.0194,0.00000204,0.118,0.506,76.007,4
spotify:track:1YusvISvGXpEDHYjOZfyoX,"Jejune Stars","The People's Key","Bright Eyes",2011-02-01,250133,0,false,,2025-11-08T20:20:56Z,"indie folk","Saddle Creek",0.53,0.751,9,-7.209,1,0.0781,0.00771,0.00000212,0.747,0.58,147.095,4
spotify:track:4uB28m7RAflobYpnLMb6A2,"Linoleum","Punk In Drublic","NOFX",1994-07-19,130266,57,false,,2025-11-08T20:20:56Z,"punk,skate punk,ska punk,ska,melodic hardcore,hardcore punk","Epitaph",0.414,0.933,4,-8.699,1,0.0875,0.0000332,0.000559,0.0702,0.436,98.375,4
spotify:track:63OQupATfueTdZMWTxW03A,"Karma Police","OK Computer","Radiohead",1997-05-28,264066,81,false,,2025-11-08T20:20:56Z,"art rock,alternative rock","XL Recordings",0.36,0.501,7,-9.129,1,0.0258,0.0638,0.0000932,0.172,0.324,74.807,4
spotify:track:2n5xlfjZ9nvNtHy2gLWprS,"Back In The High Life Again","Revolutions: The Very Best Of Steve Winwood","Steve Winwood",2010-01-01,263853,28,false,,2025-11-08T20:20:56Z,"yacht rock,soft rock","Island Records",0.605,0.681,2,-8.697,1,0.0341,0.318,0.0000785,0.288,0.752,168.603,4
spotify:track:0bKs1y9PTFBddM9qj0JGvb,"Puritania","Puritanical Euphoric Misanthropia","Dimmu Borgir",2001-03-12,186488,49,false,,2025-11-08T20:20:56Z,"black metal,metal,symphonic metal,death metal","Nuclear Blast",0.303,0.969,8,-2.466,1,0.162,0.0000903,0.844,0.417,0.163,109.384,5
spotify:track:2CCaFbnGcOkSZIkgdmvXcP,"My Paper Heart","The All-American Rejects","The All-American Rejects",2002-01-01,228866,0,false,,2025-11-08T20:20:56Z,"pop punk,emo","Interscope",0.491,0.843,0,-4.962,1,0.0413,0.000352,0.00000287,0.343,0.8,171.978,4
spotify:track:3swc6WTsr7rl9DqQKQA55C,"Psycho (feat. Ty Dolla $ign)","beerbongs & bentleys","Post Malone;Ty Dolla $ign",2018-04-27,221440,74,true,,2025-11-08T20:20:56Z,"trap soul","Republic Records",0.75,0.56,8,-8.094,1,0.105,0.546,0,0.111,0.459,140.06,4
spotify:track:42A4dSYBf0g9OHreccqU5o,"Sic Transit Gloria ... Glory Fades","Deja Entendu","Brand New",2003-06-17,186493,57,false,,2025-11-08T20:20:56Z,"emo,pop punk,post-hardcore","Razor & Tie",0.645,0.704,8,-6.02,1,0.0396,0.0124,0,0.543,0.758,92.774,4
spotify:track:2IsXzSI88vNpFGMXG7wD9K,"Step","Unbelievers","Vampire Weekend;Danny Brown;Heems;Despot",2013,261240,0,false,,2025-11-08T20:20:56Z,"indie,baroque pop,experimental hip hop,alternative hip hop","XL Recordings",0.593,0.747,10,-6.78,1,0.334,0.289,0,0.213,0.845,78.261,4
spotify:track:4YWLXT4VwXzxnh26ibqzov,"Sweet Shop","Sweet Shop / Gargoyle","Doctor P",2010-01-25,273014,31,false,,2025-11-08T20:20:56Z,"dubstep,dub,riddim,drumstep","Circus Records",0.589,0.887,7,-5.654,0,0.0322,0.0048,0.0572,0.525,0.101,139.915,4
spotify:track:6m9qPYXmhge2QhBLfFKnVF,"Same Drugs","Coloring Book","Chance the Rapper",2016-05-27,257775,56,false,,2025-11-08T20:20:56Z,"","Chance the Rapper",0.461,0.293,6,-9.52,1,0.0555,0.947,0.00000995,0.0936,0.531,180.297,4
spotify:track:7KWGfnsUU4Ri46TIvjpAPx,"Home - 2019 - Remaster","Up From Below (10th Anniversary Edition) [2019 - Remaster]","Edward Sharpe & The Magnetic Zeros",2009-07-07,306373,1,false,,2025-11-08T20:20:56Z,"","Vagrant Records",0.53,0.634,2,-5.759,1,0.0311,0.249,0.000622,0.0979,0.106,111.615,4
spotify:track:1Up4RdOBpChNDytatxKDXP,"The Best Of Me","Say It Like You Mean It","The Starting Line",2002-07-16,258266,59,false,,2025-11-08T20:20:56Z,"pop punk,emo,punk","Geffen*",0.533,0.802,4,-4.212,1,0.0384,0.001,0,0.314,0.293,106.969,4
spotify:track:5whEXN8r6D7qe9iAIf7A7N,"Shame Shame","Heroine","From First To Last",2006-03-21,215853,26,false,,2025-11-08T20:20:56Z,"post-hardcore,screamo,emo","Epitaph",0.232,0.994,4,-2.701,0,0.178,0.000209,0.000108,0.343,0.0494,185.038,3
spotify:track:1wv8znqSJDcyI60eRkSaRc,"Helena Beat","Torches","Foster The People",2011-06-24,276173,0,false,,2025-11-08T20:20:56Z,"","Columbia",0.67,0.876,5,-4.905,0,0.0536,0.0127,0.00302,0.109,0.736,126.968,4
spotify:track:625SmNWs5ggrNdqqaQNp7p,"The Illest","The Illest","Far East Movement;Riff Raff",2013-01-01,219866,40,true,,2025-11-08T20:20:56Z,"","Cherrytree Records/Kierszenbaum 33%",0.666,0.716,6,-4.332,1,0.0678,0.0105,0.000017,0.122,0.544,142.066,3
spotify:track:66XKXxfXwNHfkuQ9JcOOyA,"God, Steve McQeen ""The Work Song""","Shave The Planet","Guttermouth",2006-08-26,204173,17,false,,2025-11-08T20:20:56Z,"skate punk,punk,ska punk,melodic hardcore,ska","Volcom Entertainment",0.434,0.927,0,-4.565,1,0.0886,0.0489,0,0.131,0.825,158.935,4
spotify:track:4cAgkb0ifwn0FSHGXnr4F6,"New Slaves","Yeezus","Kanye West",2013-06-18,256093,65,true,,2025-11-08T20:20:56Z,"rap","Rock The World/IDJ/Kanye/LP6",0.506,0.59,1,-4.322,1,0.076,0.165,0.0000109,0.096,0.359,141.099,4
spotify:track:7pHz9U4AZVAQXjs6ik0duH,"Cath...","Narrow Stairs","Death Cab for Cutie",2008-05-09,229666,53,false,,2025-11-08T20:20:56Z,"","Atlantic Records",0.376,0.92,9,-7.438,1,0.0349,0.0288,0.0142,0.132,0.381,165.792,4
spotify:track:2d1D1E8M48hHE99u6BO8RN,"That Green Gentleman (Things Have Changed)","Pretty. Odd.","Panic! At The Disco",2008-03-21,195013,53,false,,2025-11-08T20:20:56Z,"emo","Decaydance/Fueled By Ramen/ATL",0.536,0.796,10,-6.32,1,0.0333,0.103,0,0.177,0.397,95.98,4
spotify:track:1EHkLFZZd9BCwd95RhQgJ4,"Shakey Dog","Fishscale","Ghostface Killah",2006-01-01,224533,0,true,,2025-11-08T20:20:56Z,"east coast hip hop,hardcore hip hop","Def Jam Recordings",0.595,0.931,4,-4.612,1,0.31,0.222,0,0.922,0.613,84.192,4
spotify:track:2UlqyTvN462RKJ83bCyw5N,"50k (feat. Gucci Mane)","Salute Me or Shoot Me: The Extended Clip","Waka Flocka Flame;Gucci Mane",2018-09-14,216737,5,true,,2025-11-08T20:20:56Z,"southern hip hop,rap,trap","RBC Records",0.891,0.464,2,-7.08,1,0.32,0.000246,0,0.104,0.177,143.974,4
spotify:track:1uiMIYFziXyxDC6HuXhgmN,"My Only Offer","Re-Arrange Us","Mates of State",2008,178760,33,false,,2025-11-08T20:20:56Z,"","Barsuk Records",0.74,0.75,2,-6.4,1,0.0346,0.0282,0.00601,0.131,0.403,123.998,4
spotify:track:2HoDr1yVksl19omOhc1zWy,"Hip-Hop","Let's Get Free","Dead Prez",2000-02-08,214066,59,true,,2025-11-08T20:20:56Z,"east coast hip hop,hardcore hip hop","LOUD Records",0.725,0.737,4,-7.453,1,0.324,0.000633,0.00417,0.109,0.219,77.162,4
spotify:track:12ettGOse4b5vko513KTuX,"Bruised - 2015 Remaster","Everything In Transit","Jack's Mannequin",2005,242746,46,false,,2025-11-08T20:20:56Z,"pop punk","Rhino/Warner Records",0.484,0.92,3,-4.603,1,0.0533,0.00909,0,0.119,0.357,136.034,4
spotify:track:70MLCfNoBdpSFjlvVTQE7c,"Practice Makes Perfect","Rotation","Cute Is What We Aim For",2008-06-20,224040,44,false,,2025-11-08T20:20:56Z,"pop punk,emo","Fueled By Ramen/Atlantic",0.413,0.914,6,-5.795,1,0.0596,0.00044,0,0.301,0.258,158.199,4
spotify:track:3N5oiETJEStSB71TjTFkWV,"Bounce It (feat. Wale & Trey Songz)","Stay Trippy","Juicy J;Wale;Trey Songz",2013-08-23,260560,55,true,,2025-11-08T20:20:56Z,"crunk,r&b","Kemosabe Records/Columbia",0.785,0.572,11,-9.383,1,0.0859,0.00811,0,0.111,0.477,140.032,4
spotify:track:6mCjOSXkABONouTVa6PQOy,"Tell That Mick He Just Made My List of Things to Do Today","Take This to Your Grave","Fall Out Boy",2003-05-06,210426,51,false,,2025-11-08T20:20:56Z,"emo,pop punk","Fueled By Ramen/ADA/ATL",0.444,0.963,1,-3.565,0,0.108,0.000617,0,0.202,0.418,197.073,4
spotify:track:3bpEKv2yAsMjipSx3j2riX,"Larry Bird","Rap Game Bon Jovi","Riff Raff",2012-07-03,161093,17,false,,2025-11-08T20:20:56Z,"","Riff Raff",0.808,0.431,8,-13.836,1,0.409,0.507,0.00917,0.0649,0.752,166.091,4
spotify:track:1RhrMPd8wdpM2gTI6aiUQA,"A Party Song (The Walk of Shame)","Nothing Personal (Deluxe Version)","All Time Low",2009-07-07,179173,37,false,,2025-11-08T20:20:56Z,"pop punk,emo,punk","Hopeless Records",0.548,0.958,3,-2.981,1,0.0411,0.014,0,0.122,0.608,98.982,4
spotify:track:5XVjNRubJUW0iPhhSWpLCj,"Better Off Alone","Who Needs Guitars Anyway?","Alice Deejay",2000-10-01,214883,79,false,,2025-11-08T20:20:56Z,"eurodance,europop","Universal Music, a division of Universal International Music BV",0.671,0.882,8,-6.149,0,0.0552,0.00181,0.667,0.285,0.787,136.955,4
spotify:track:0dssTLrqY79Klk6jx2RXCj,"When The World Was At War We Kept Dancing","Lust For Life","Lana Del Rey",2017-07-21,275616,56,true,,2025-11-08T20:20:56Z,"","Polydor Records",0.616,0.605,7,-7.234,1,0.0343,0.097,0.00812,0.165,0.185,116.031,4
spotify:track:1DIXPcTDzTj8ZMHt3PDt8p,"Gangsta's Paradise","Gangsta's Paradise","Coolio;L.V.",1995-11-07,240693,86,false,,2025-11-08T20:20:33Z,"west coast hip hop,g-funk","Tommy Boy Music, LLC",0.647,0.514,8,-10.05,1,0.0593,0.0655,0,0.398,0.386,79.975,4
spotify:track:4zWAI3re2nG4MxYbnu6g43,"Frick Park Market","Blue Slide Park","Mac Miller",2011-11-08,197559,52,true,,2025-11-08T20:20:33Z,"","Rostrum Records",0.592,0.808,6,-5.643,1,0.0598,0.0225,0,0.293,0.227,156.125,4
spotify:track:1NiAMp0CzUdG6e97VYRB1a,"In the Aeroplane Over the Sea","In the Aeroplane Over the Sea","Neutral Milk Hotel",1998-02-20,202346,64,false,,2025-11-08T20:20:33Z,"anti-folk,folk punk","Merge Records",0.271,0.714,7,-5.124,1,0.0329,0.392,0,0.115,0.239,94.157,3
spotify:track:0Q0IVlqMV64kNLlwjPj0Hl,"Killing Me Softly With His Song","The Score (Expanded Edition)","Fugees;Ms. Lauryn Hill",1996-02-13,298666,79,true,,2025-11-08T20:20:33Z,"east coast hip hop,neo soul","Columbia",0.765,0.289,4,-17.125,0,0.147,0.0268,0.00000177,0.562,0.501,92.413,4
spotify:track:77EfrbrhSpMJcJmTgRigPO,"TTU (Too Turnt Up) (feat. Waka Flocka Flame)","HDYNATION RADIO","Flosstradamus;Waka Flocka Flame",2015-11-20,241701,37,false,,2025-11-08T20:20:33Z,"edm trap","Ultra Records, LLC",0.579,0.79,11,-4.683,0,0.0468,0.00399,0.135,0.101,0.233,144.998,4
spotify:track:6SNcS3vZRU4CCwntDbjeXs,"I Know I Know I Know - Live","Get Along","Tegan and Sara",2011-11-11,181746,11,false,,2025-11-08T20:20:33Z,"","Vapor/Warner Records",0.632,0.499,3,-7.135,1,0.0359,0.582,0.00000272,0.861,0.388,128.12,4
spotify:track:6xAu3QW0qtNmMRRwTLOtvi,"Wanted","Wanted","Primate",2024-08-23,184827,38,false,,2025-11-08T20:20:33Z,"drum and bass,bassline","Primate Music",0.455,0.938,7,-0.832,0,0.075,0.00652,0.00000211,0.127,0.242,174.31,4
spotify:track:2UWdUez9MB9yzL7Y81Mcip,"The Suburbs","The Suburbs","Arcade Fire",2010-08-02,315200,55,false,,2025-11-08T20:20:33Z,"indie rock,baroque pop","Sony Music CG",0.616,0.682,6,-6.148,0,0.0265,0.0578,0.0241,0.342,0.528,117.78,4
spotify:track:7lRlq939cDG4SzWOF4VAnd,"I'm Not Okay (I Promise)","Three Cheers for Sweet Revenge","My Chemical Romance",2004-06-08,186480,77,true,,2025-11-08T20:20:33Z,"emo,pop punk","Reprise",0.21,0.94,9,-3.427,1,0.123,0.00602,0,0.269,0.255,179.722,4
spotify:track:1RjgQ5btVt82Urns3Fyzbc,"I Wanna Be at the RNC","Songs on the Computer","Nick Lutsko",2021-01-07,51387,18,false,,2025-11-08T20:20:33Z,"","Nick Lutsko",0.732,0.631,10,-8.864,1,0.3,0.0159,0,0.263,0.833,159.889,4
spotify:track:5Tl0HJvynZtKdSUMKbFVVX,"Hard Knock Life (Ghetto Anthem)","Vol.2... Hard Knock Life","JAY-Z",1998-11-29,238466,65,true,,2025-11-08T20:20:33Z,"hip hop,east coast hip hop,rap","Roc Nation / Jay-Z",0.884,0.679,10,-5.857,0,0.282,0.0957,0.00209,0.0289,0.591,76.993,4
spotify:track:4uQ7wYsuL0DryknoDc11Hk,"Norf Norf","Summertime '06","Vince Staples",2015-06-30,183160,62,true,,2025-11-08T20:20:33Z,"","Def Jam Recordings",0.925,0.549,7,-6.572,1,0.0656,0.396,0.000154,0.11,0.0904,100.014,4
spotify:track:24yaR0CyO2oRISmeL2AvVj,"Karma Police - Remastered","OK Computer OKNOTOK 1997 2017","Radiohead",2017-06-23,261426,0,false,,2025-11-08T20:20:33Z,"art rock,alternative rock","XL Recordings",0.389,0.577,7,-7.578,1,0.0276,0.0397,0.0000523,0.107,0.367,74.551,4
spotify:track:3VuMvmrQgXoGmuJYXqMtW1,"The Progress","The Progress","Kromestar",2016-07-29,208581,26,false,,2025-11-08T20:20:33Z,"dubstep,dub,bass music,drumstep","Library Music",0.587,0.758,2,-4.467,1,0.0328,0.00000471,0.879,0.0848,0.225,84.898,4
spotify:track:2Srd8Jgif3kc6ou6Z4pSYJ,"Every You Every Me","Without You I'm Nothing","Placebo",1998-10-12,213800,67,false,,2025-11-08T20:20:33Z,"britpop","Elevator Lady Ltd",0.478,0.923,10,-7.547,1,0.0569,0.000027,0.719,0.325,0.165,133.135,4
spotify:track:5XfeHUB3HCzm4jLxtpC349,"Awake Now (What So Not Remix)","Can't Get Better Than This (Remixes, Pt. 2)","Parachute Youth;What So Not",2012-06-22,305168,5,false,,2025-11-08T20:20:33Z,"future bass","Sweat It Out",0.641,0.512,9,-5.314,0,0.113,0.0152,0.00145,0.0923,0.189,139.818,4
spotify:track:2tkmkThbmSsJvBH8Q0y12d,"Love Story","Underdog Alma Mater Deluxe Edition","Forever The Sickest Kids",2009-01-01,204266,12,false,,2025-11-08T20:20:33Z,"pop punk,emo","Motown",0.484,0.847,11,-7.019,0,0.146,0.000279,0,0.364,0.355,131.984,4
spotify:track:7ehvyx8K9ZRbOofjeUyIic,"Thinkin Bout You","Thinkin Bout You","Frank Ocean",2012-01-01,201106,49,false,,2025-11-08T20:20:33Z,"","Red Zone Entertainment / IDJ",0.726,0.329,0,-11.181,1,0.0408,0.331,0.00349,0.134,0.216,129.844,4
spotify:track:4iG2gAwKXsOcijVaVXzRPW,"Time to Pretend","Oracular Spectacular","MGMT",2007-12-14,261000,75,true,,2025-11-08T20:20:33Z,"indie","Red Ink/Columbia",0.438,0.94,2,-3.249,1,0.0452,0.0000874,0.0777,0.3,0.421,100.99,3
spotify:track:1A2PWRltFrX8iB8IP3CUgo,"St. Elmos Fire (Man in Motion)","St. Elmo's Fire - Music From The Original Motion Picture Soundtrack","John Parr",1985-01-01,251800,62,false,,2025-11-08T20:20:33Z,"","Atlantic Records",0.612,0.6,9,-10.945,1,0.0327,0.15,0.00000304,0.222,0.471,111.203,4
spotify:track:7dhyG5sdLYlvR7uwDKa1fH,"Up And Go","Say It Like You Mean It","The Starting Line",2002-07-16,216866,45,false,,2025-11-08T20:20:33Z,"pop punk,emo,punk","Geffen*",0.429,0.826,1,-3.793,0,0.0385,0.000282,0,0.115,0.47,84.998,4
spotify:track:3mof6Z6vz6gonsuIEQXank,"Limelight (NGHTMRE Remix)","Limelight (NGHTMRE Remix)","Just A Gent;NGHTMRE",2015-10-12,254896,48,false,,2025-11-08T20:20:33Z,"future bass,dubstep,edm,edm trap","Just A Gent",0.574,0.576,1,-8.267,1,0.0446,0.0579,0.00147,0.208,0.287,145.094,4
spotify:track:53dkS3h9uTNsWYZTPacnpx,"Oldie","The OF Tape Vol. 2","Odd Future",2012-03-16,636213,58,true,,2025-11-08T20:20:33Z,"","Odd Future",0.839,0.583,1,-5.941,1,0.268,0.239,0,0.262,0.564,87.99,4
spotify:track:0FXEclPDVfUNHYDiyAPXYP,"Drop In","Drop In","Mary Droppinz",2025-04-16,149793,47,false,,2025-11-08T20:20:33Z,"","Deadbeats",0.757,0.55,8,-7.935,0,0.0496,0.0646,0.0334,0.111,0.379,144.961,4
spotify:track:6JQuimfgRhPOWx6koqfJVc,"Rush","Rush","JOXION",2025-04-11,129565,14,false,,2025-11-08T20:20:23Z,"bass house,uk garage","Crucast",0.784,0.784,1,-6.715,1,0.103,0.00147,0.0265,0.39,0.828,137.966,4
spotify:track:2AJzSl2iYq7Thk2P535MwI,"Diet Coke","Diet Coke","Fallon",2025-10-10,155624,63,false,,2025-11-08T20:20:23Z,"tech house,latin house,stutter house","Experts Only",0.826,0.628,9,-6.479,1,0.0483,0.0905,0.0633,0.123,0.609,128.003,4
spotify:track:52LWiiRlohdA6DQ0PvIwgX,"Lose Control","Lose Control","Jauz",2025-09-19,176250,46,false,,2025-11-08T20:20:23Z,"bass house,edm,future house,dubstep,electro house","Bite This!",0.701,0.867,11,-2.174,1,0.0389,0.0311,0.106,0.0811,0.114,127.995,4
spotify:track:1JFteRyORpC1dXMIKenftc,"Go Mode","Go Mode","INZO;Blookah;DijahSB",2025-06-27,232031,37,false,,2025-11-08T20:20:23Z,"future bass,hip house,jazz rap","Local Void",0.814,0.893,11,-4.983,1,0.159,0.012,0.0018,0.132,0.4,127.993,4
spotify:track:1jaTuItYBaqERsI7rU3MSE,"Don't Do It","Don't Do It","longstoryshort",2025-06-06,112417,35,false,,2025-11-08T20:20:23Z,"bass house,stutter house","JustUs Records",0.778,0.986,8,-2.028,1,0.128,0.0334,0.112,0.227,0.602,135.961,4
spotify:track:45JZTzLLLFfXWNLWjI2zi6,"Beats On My Mind","Beats On My Mind","Eskei83",2025-07-24,159000,29,false,,2025-11-08T20:20:23Z,"drum and bass","ESKEi83",0.38,0.99,1,-0.818,1,0.0592,0.0000183,0.587,0.0888,0.325,174.948,4
spotify:track:1U3nHai9ueJCuEXbf8TvBA,"Lithium","Diffusion","Odd Mob",2017-02-13,193432,52,false,,2025-11-08T20:20:23Z,"tech house,bass house","Tinted Records",0.795,0.836,7,-5.412,0,0.0486,0.00702,0.546,0.319,0.736,133.995,4
spotify:track:23iKK3KMQjKCcYJfe0stqE,"1 More Night","1 More Night","Axel Boy",2025-04-18,234857,12,false,,2025-11-08T20:20:23Z,"bass house,bassline,dubstep,drum and bass","Axel Boy",0.609,0.954,11,-3.249,0,0.0467,0.00143,0.0501,0.117,0.337,140.04,4
spotify:track:5viFsPSN55GsseOzY5wJ0K,"LEFTRIGHT","LEFTRIGHT","Zoey808",2025-05-30,170666,30,false,,2025-11-08T20:20:23Z,"uk garage","Zoey Worldwide",0.754,0.952,10,-1.284,0,0.0548,0.0138,0.11,0.17,0.449,135.025,4
spotify:track:2bSiBDGQsHG2wUeF0y4Vme,"Polite - AC Slater Remix","Pearl (Remixes)","Anna Lunoe;AC Slater;Shanique Marie",2025-06-20,186303,19,false,,2025-11-08T20:20:23Z,"nu disco,bass house,bassline,g-house,uk garage,reggae,ragga","NLV Records",0.876,0.944,7,-4.359,1,0.158,0.0218,0.0263,0.291,0.644,134.015,4
spotify:track:3lSJ1gU84t2odvmbdGqGKE,"THAT BOY","THAT BOY","Tough Break",2025-03-07,192969,27,false,,2025-11-08T20:20:23Z,"uk garage,tech house,bass house","October Records",0.7,0.893,11,-5.593,0,0.0519,0.00601,0.77,0.375,0.658,142.005,4
spotify:track:0dAfw35k2hBsnbSl74AVJF,"dashstar*","dashstar*","Knock2",2021-02-05,198095,58,false,,2025-11-08T20:20:23Z,"bass house,edm,bassline","NIGHTMODE",0.699,0.949,9,-2.994,1,0.0739,0.00872,0.328,0.151,0.186,126.07,4
spotify:track:5pOS4XAtt2rbDJhpEVIgzA,"Nighthawk","Nighthawk","King of the Beats;Plump DJs;Krafty Kuts;Freestylers",2025-08-15,161818,32,false,,2025-11-08T20:20:23Z,"breakbeat,big beat,dubstep","Speaker Freaker",0.646,0.95,10,-4.662,0,0.059,0.00689,0.626,0.29,0.167,132.033,4
spotify:track:5NijKQmTmExKSb5KiDo7yC,"blackbrick","blackbrick","dunne",2025-05-09,180869,20,false,,2025-11-08T20:20:23Z,"uk garage","7976119 Records DK2",0.716,0.972,5,-3.553,1,0.113,0.101,0.765,0.945,0.667,138.078,4
spotify:track:0RwFBS4jnzY8hW2wtGInuh,"wasting my time with you","live a little","Sebass",2025-06-27,252342,38,false,,2025-11-08T20:20:23Z,"liquid funk,drum and bass","sebassvienna",0.781,0.755,4,-4.768,0,0.0629,0.00702,0.441,0.105,0.0538,87.494,4
spotify:track:7g4g0VNf7MfBWBLTddNYet,"Feel Like U Wanna","Feel Like U Wanna","Terry Moon",2025-08-08,172666,29,false,,2025-11-08T20:20:23Z,"","HEXAGON",0.8,0.751,5,-7.355,1,0.164,0.0662,0.313,0.267,0.237,134.994,4
spotify:track:5vu69csqeUJheoQWPd2MoM,"LA NOCHE","LA NOCHE","Chris Lake;Skrillex;ANITA B QUEEN",2025-10-03,212244,67,false,,2025-11-08T20:20:23Z,"tech house,house,bass house,dubstep,edm,electro,electronic","Black Book Records",0.797,0.777,8,-3.634,1,0.0601,0.000279,0.645,0.0633,0.763,126.993,4
spotify:track:0CBgWjwrrW61VBMHgTI8sU,"Reckless","Reckless","AMADRAMA",2022-07-14,183307,4,false,,2025-11-08T20:20:23Z,"bass house,g-house","AMADRAMA",0.73,0.92,0,-5.279,1,0.0868,0.000233,0.865,0.108,0.0449,126.99,4
spotify:track:4LWkiX6p8miAZwlgeCEK8h,"Hollow Thrills","Hollow Thrills","Ashez",2025-03-07,227988,31,false,,2025-11-08T20:20:23Z,"bass music","Odyzey Music",0.76,0.876,8,-4.183,1,0.0479,0.00269,0.536,0.336,0.753,140.048,4
spotify:track:1b6lq9XLhXLq7PQFcfvRtb,"Mash Up","Mash Up","33 Below",2025-05-16,185720,31,false,,2025-11-08T20:20:23Z,"stutter house,uk garage,bassline","Major Recordings/Warner Records",0.835,0.929,6,-3.496,0,0.271,0.00269,0.00834,0.0788,0.8,137.071,4
spotify:track:21dx0x8Q8s0rw4loRxgzUk,"Hittem","Hittem","Lokal",2025-04-11,212000,31,false,,2025-11-08T20:20:23Z,"uk garage,bassline,dubstep,bass music,breakbeat","Crucast",0.711,0.956,1,-3.839,1,0.0903,0.0182,0.0136,0.736,0.551,136.064,4
spotify:track:6I3QqlCCrZdeDyAuvCvECj,"Lunatics","Lunatics","Cloverdale",2025-05-23,156472,18,false,,2025-11-08T20:20:23Z,"bass house,tech house,g-house","Vibrancy",0.629,0.846,2,-3.662,1,0.0387,0.0049,0.0603,0.15,0.178,139.993,4
spotify:track:30BqkCHBcVtFJptWKJgJw6,"6am","6am","rSUN",2025-01-17,171468,43,false,,2025-11-08T20:20:23Z,"bass music","Bassrush Records",0.775,0.869,9,-4.827,0,0.034,0.0826,0.245,0.301,0.116,140.039,4
spotify:track:46yEOnHmANlGGjv9X2vXWO,"Run Away","Run Away / Don't Stop","Bloody Boy",2022-01-28,170639,12,false,,2025-11-08T20:20:23Z,"g-house,bass house","Moretin",0.778,0.874,11,-7.323,0,0.0506,0.00646,0.825,0.184,0.203,128.014,4
spotify:track:7JRe1LqDIY8f0f2YDVhHec,"Dye My Hair - Branchez Remix","Dye My Hair (Branchez Remix)","ALMA;Branchez",2017-02-03,190991,20,false,,2025-11-08T20:20:23Z,"","Intercord",0.903,0.558,7,-5.643,1,0.0485,0.244,0.000325,0.0638,0.53,121.959,4
spotify:track:54KY54uI6AJGJOR0MxT56G,"SOMETHING ELSE","SOMETHING ELSE","Blurrd Vzn",2025-05-30,118285,27,false,,2025-11-08T20:20:23Z,"bass music,dubstep,riddim","MONTA",0.506,0.795,8,-5.763,0,0.188,0.0189,0.153,0.261,0.196,140.18,4
spotify:track:4EuPxwTyJBcASfF7pGy0uP,"Sauce","Sauce","Body Ocean;Merc The Big Body Benz",2025-03-14,180937,16,false,,2025-11-08T20:20:23Z,"bass house,uk garage","Night Bass Records",0.857,0.858,10,-4.667,0,0.129,0.0214,0.251,0.0935,0.375,128.028,4
spotify:track:78nx0HDJIFD5xDq2L5420Z,"Blessings","Blessings","Calvin Harris;Clementine Douglas",2025-05-09,219650,84,false,,2025-11-08T20:20:23Z,"edm","Columbia",0.721,0.875,11,-4.125,0,0.0557,0.0022,0.0285,0.0888,0.642,129.913,4
spotify:track:2S6Vwq2g1OBfiZdLDBm4cy,"Bang Bang","Crossroads","Lil Fish;Mr. Ours",2023-03-10,214883,31,false,,2025-11-08T20:20:23Z,"electro swing,glitch","Odyzey Music",0.671,0.853,10,-5.139,0,0.0668,0.00963,0.747,0.104,0.267,172.067,4
spotify:track:1IzwekNme3RkOs7Djz8G2Q,"Down To Pop","Down To Pop","Segan",2025-02-27,156206,10,false,,2025-11-08T20:20:23Z,"drum and bass","Segan",0.752,0.946,1,-1.854,1,0.564,0.362,0.0201,0.056,0.347,174.041,4
spotify:track:3CzGkeHBJTd5ZdWd62tsWM,"HOLDIN ME","HOLDIN ME","So Dope",2025-03-21,164776,29,false,,2025-11-08T20:20:23Z,"uk garage","Night Bass Records",0.831,0.873,10,-4.303,0,0.0726,0.0843,0.371,0.0792,0.627,134.098,4
spotify:track:3E72tD2Bs5pigcWeKzsPDa,"Don't Call","URL;;irl","Crosstalk;georgeluqas",2025-06-06,154714,32,false,,2025-11-08T20:20:23Z,"grime","Daisy Chain Recordings",0.7,0.663,10,-7.433,0,0.0538,0.105,0.773,0.0736,0.0941,139.902,4
spotify:track:7n02YQrtZv1496e6db2sMc,"Will You?","Will You?","Justin Blau;3LAU",2025-08-08,187826,33,false,,2025-11-08T20:20:23Z,"edm","Justin Blau",0.687,0.773,11,-6.776,0,0.0633,0.0468,0.584,0.291,0.147,137.984,4
spotify:track:2vwDjFZGma27ITt4lOpSDD,"Baby - NXSTY & RYA Remix","Baby (Remix)","Habstrakt;NXSTY;RYA",2025-04-25,160459,27,false,,2025-11-08T20:20:23Z,"bass house,g-house,dubstep,bassline","Distorted Reality Records",0.729,0.855,6,-3.229,0,0.0891,0.0009,0.141,0.0665,0.249,132.134,4
spotify:track:7GPmsXRE5VhqKmmkJ0DQpA,"MEANT2B","MEANT2B","So Dope",2025-05-30,141739,23,false,,2025-11-08T20:20:23Z,"uk garage","Night Bass Records",0.883,0.779,1,-5.136,1,0.104,0.101,0.157,0.113,0.135,137.911,4
spotify:track:4KNjK6R0aB4j8IT9LU0o6T,"Spellbound","Spellbound","oskar med k",2025-10-24,137790,70,false,,2025-11-08T20:20:23Z,"","7CULT powered by PULSE.CX",0.772,0.682,1,-6.504,0,0.428,0.641,0.138,0.211,0.331,128.977,4
spotify:track:275UK4dZzVVgwWMzjRKw2i,"Bass Go Silly","Dream Machine","Jaenga",2025-08-08,193883,42,false,,2025-11-08T20:18:06Z,"dubstep,bass music","Field Trip Records",0.856,0.689,11,-0.547,1,0.0356,0.0261,0.0907,0.179,0.226,90.022,4
spotify:track:4j5g0lk3tv7kUWeSlk2s8d,"Hustle","Dream Machine","Jaenga;Josh Teed",2025-08-08,236620,29,false,,2025-11-08T20:18:06Z,"dubstep,bass music","Field Trip Records",0.665,0.743,2,-2.519,1,0.078,0.00855,0.0015,0.135,0.271,91.991,4
spotify:track:4madkqL1bB8rweDVBG8FvR,"Let It Go","Let It Go","NOTSOBAD;MA:RK",2024-04-19,196160,70,false,,2025-11-08T20:18:06Z,"slap house,deep house","Selected.",0.644,0.695,5,-7.202,0,0.0383,0.255,0.828,0.142,0.198,126.004,4
spotify:track:6seStQ8B2Bx2Gnis7LF3cr,"BRUK DOWN","BRUK DOWN","Major Lazer;Diplo;Parris Goebel;SadBoi;America Foster",2025-10-24,165692,53,false,,2025-11-08T20:18:06Z,"moombahton,sexy drill,uk garage","Mad Decent",0.789,0.62,1,-8.258,1,0.0652,0.00204,0.00129,0.593,0.339,130.114,4
spotify:track:4Bu4mjekd4HCC8THjEtnDi,"Bussin - Jayceeoh Remix","Bussin - Jayceeoh Remix","MVPZ;The Gaff;Johanna Phraze;Amp Live",2025-05-29,144000,6,false,,2025-11-08T20:18:06Z,"uk garage,breakbeat,g-house","MOST VALUABLE RECORDS",0.818,0.878,1,-6.394,1,0.144,0.018,0.0102,0.0709,0.482,130.123,4
spotify:track:63KF7nZNOjEoPlGhDsRKdd,"Headspun","Danger Console","Shanghai Doom",2025-07-11,143513,23,false,,2025-11-08T20:18:06Z,"bass music,dubstep,riddim","Shanghai Doom Music",0.857,0.648,11,-3.295,1,0.14,0.000244,0.797,0.166,0.362,148.059,4
spotify:track:4lNAIalHgxfJGztrrxVFom,"Renegade Master - Don Diablo Edit","Renegade Master (Don Diablo Edit)","G-POL;Don Diablo",2025-05-09,217846,46,false,,2025-11-08T20:18:06Z,"future house,bass house,edm","HEXAGON",0.809,0.714,11,-6.622,0,0.114,0.101,0.0771,0.0961,0.719,130.019,4
spotify:track:6csDhb03N9jdJUmkif5UmG,"Bad Luck","Bad Luck / Feel","Kyle Watson;Nevve",2025-10-24,185212,47,false,,2025-11-08T20:18:06Z,"tech house,bass house,house,g-house,future bass,melodic bass,edm","Black Book Records",0.752,0.796,6,-6.039,0,0.0441,0.000844,0.0146,0.135,0.382,132.983,4
spotify:track:0gahmokctHhYjyR3ZUGr7L,"Final Song - Diplo & Jauz Remix","Final Song (Diplo & Jauz Remix)","MØ;Diplo;Jauz",2016-12-30,190480,45,false,,2025-11-08T20:18:06Z,"moombahton,bass house,edm,future house,dubstep,electro house","Chess Club/RCA Victor",0.687,0.843,9,-2.974,1,0.0312,0.208,0.000917,0.0751,0.344,126.012,4
spotify:track:1ZQaqKN2nodOh2KRFOSdtx,"White Claw Wobbler","White Claw Wobbler","Casey Club",2025-04-11,195428,31,false,,2025-11-08T20:18:06Z,"uk garage,dubstep,bass music,bassline","UKF",0.705,0.946,1,-3.752,1,0.318,0.000639,0.00053,0.193,0.156,140.021,4
spotify:track:0pyjqTGLsrg1r6m5YR4tuq,"Home - Mind Against Remix","Home (Mind Against Remix)","Adriatique;Marino Canal;Delhia De France;Mind Against",2022-05-06,437647,44,false,,2025-11-08T20:18:06Z,"melodic techno,melodic house,afro house,minimal techno","Siamese",0.651,0.744,7,-7.441,0,0.0314,0.0167,0.621,0.115,0.0372,119.995,4
spotify:track:0Do1AZJJ03M0g8MmzUXLYf,"Guess featuring billie eilish","Brat and it’s completely different but also still brat","Charli xcx;Billie Eilish",2024-10-14,143330,56,false,,2025-11-08T20:18:06Z,"hyperpop,art pop","Atlantic Records",0.78,0.713,0,-4.493,1,0.0888,0.0167,0.206,0.144,0.615,130.034,4
spotify:track:3nPwkr8RE4VfhF80fyDVXJ,"OK OK","OK OK","Fred again..;Danny Brown;BEAM;PARISI;JPEGMAFIA",2025-10-10,206197,65,false,,2025-11-08T20:18:06Z,"stutter house,house,experimental hip hop,alternative hip hop,melodic techno,experimental","Atlantic Records UK",0.703,0.806,2,-6.641,1,0.0682,0.00343,0.0262,0.256,0.484,142.01,4
spotify:track:40jqRY00ZBurt1HqDxUOt3,"The Action","The Action","AHEE;Sømething",2022-01-19,193200,45,false,,2025-11-08T20:18:06Z,"dubstep,bass music,riddim","Jadu Dala",0.742,0.796,1,-3.613,1,0.117,0.000715,0.00267,0.0956,0.349,100.014,4
spotify:track:5uh8m2Lna0Gfk8YGqYVb6d,"Make U SWEAT!","Make U SWEAT!","Knock2",2023-01-13,234285,53,false,,2025-11-08T20:18:06Z,"bass house,edm,bassline","NIGHTMODE",0.589,0.965,6,-1.234,0,0.0619,0.0234,0.849,0.503,0.232,126.046,4
spotify:track:7oouv30MA1XJGi0PvCosE7,"Light Up","Light Up","Eptic;LYNY",2025-02-26,190285,43,false,,2025-11-08T20:18:06Z,"dubstep,riddim,deathstep,bass music,bass house,dub","Overlord Music",0.629,0.981,8,-2.856,0,0.24,0.119,0.0000342,0.0671,0.606,140.045,4
spotify:track:6amFTa4qtw7wHiSKNZsBUw,"The Don","The Don","AC Slater;Jay Robinson;Gabi'el",2024-04-26,166237,41,false,,2025-11-08T20:18:06Z,"bass house,bassline,g-house,uk garage,tech house","Night Bass Records",0.842,0.801,9,-5.503,1,0.0657,0.00424,0.379,0.114,0.727,127.01,4
spotify:track:4ifmZ99yelqAEHIIHCS6Dg,"GIVE MY LOVE","GIVE MY LOVE","JOYRYDE",2016-11-07,260952,33,false,,2025-11-08T20:18:06Z,"bass house,g-house","UNWANTED",0.721,0.938,1,-3.818,1,0.0921,0.00409,0.275,0.38,0.161,126.011,4
spotify:track:2dps4BWM4a4Tp8QNU3NWdQ,"Gone Fishin","Gone Fishin","Grieves;Prof;Pants",2024-08-16,117894,46,true,,2025-11-08T20:18:06Z,"underground hip hop","Storm Watch Record Club",0.834,0.614,5,-6.577,0,0.229,0.0725,0,0.132,0.63,113.923,4
spotify:track:6ivEQ2t5SyuPxwTT45Mtxn,"Bruise","Nothing To Lose","Know Good",2024-11-25,112436,48,true,,2025-11-08T20:18:06Z,"","KNOW GOOD LLC",0.914,0.504,9,-9.344,0,0.133,0.0139,0.0024,0.135,0.179,118.999,4
spotify:track:4D3XVVyxjxNvZLXMhmF9x3,"Donnie Brasco","Nothing To Lose","Know Good",2024-11-25,182166,54,false,,2025-11-08T20:18:06Z,"","KNOW GOOD LLC",0.829,0.703,8,-2.972,0,0.18,0.0677,0.000619,0.367,0.459,89.995,4
spotify:track:0mwlZQjUxspUTpAzLwexw7,"P.O.V.","Let God Sort Em Out","Clipse;Tyler, The Creator;Pusha T;Malice",2025-07-11,258030,67,true,,2025-11-08T20:18:06Z,"","Roc Nation Distribution",0.636,0.574,10,-10.915,0,0.195,0.0532,0,0.123,0.488,156.08,4
spotify:track:2FfAhHNThapVBQEQ3FHqw0,"Never Go Back","STAY IN YOUR LANE...","Smoakland;INZO",2023-11-03,170802,38,false,,2025-11-08T20:18:06Z,"bass music,dubstep,future bass","Left Coast Records",0.724,0.772,1,-9.139,1,0.0752,0.0314,0.782,0.0949,0.426,136.992,4
spotify:track:2qs6tpFeTo3BFmc86Y0Y6Q,"Head Rock","Head Rock","Mersiv;Sully;Nat James",2025-07-22,213428,43,false,,2025-11-08T20:18:06Z,"bass music,dubstep,riddim","WAKAAN",0.669,0.978,9,-2.357,1,0.0849,0.00115,0.00000171,0.252,0.37,139.919,3
spotify:track:0qICNf9xJjMQtZLqNSLopD,"Jaded","Escapism Vol. 1","Levity",2024-09-25,210122,51,true,,2025-11-08T20:18:06Z,"dubstep","Deadbeats",0.63,0.918,9,-3.331,1,0.124,0.0167,0.179,0.942,0.393,154.849,4
spotify:track:1UU97xBiylIgf8mqZ0R7TL,"The Largest","The Largest","BERNZIKIAL",2025-07-25,94674,29,true,,2025-11-08T20:18:06Z,"riddim,deathstep,dubstep","BERNZIKIAL",0.597,0.775,0,-4.249,1,0.655,0.186,0.0746,0.104,0.0374,73.401,4
spotify:track:2kweKRcwSQUzn9YZv7onfJ,"You'll Be Mine","You'll Be Mine","Marco Lys",2019-09-20,233196,13,false,,2025-11-08T20:18:06Z,"tech house,house","Armada Subjekt",0.614,0.954,7,-5.066,1,0.0448,0.000938,0.599,0.149,0.792,123.988,4
spotify:track:6XIh9BtczdxO7HRQwrIPti,"I Don't Trust A Soul","I Don't Trust A Soul","Disco Lines;Ship Wrek",2025-08-06,146059,63,true,,2025-11-08T20:18:06Z,"stutter house,bass house","Experts Only",0.784,0.799,7,-3.963,0,0.094,0.00258,0.00527,0.0855,0.598,131.98,4
spotify:track:4DejIFYUvkb0cgJBw6t8qR,"Wave","Fantasy","Whethan",2020-10-16,122454,32,false,,2025-11-08T20:18:06Z,"","Big Beat Records",0.755,0.805,4,-6.443,1,0.0706,0.00209,0.029,0.683,0.318,134.91,4
spotify:track:60J5MfZgaDUQYhwJMdWjFI,"Bout Me","Bout Me","Super Future;Wreckno",2019-11-15,231529,32,false,,2025-11-08T20:18:06Z,"bass music","1414405 Records DK2",0.43,0.563,1,-8.425,0,0.313,0.0333,0.0000042,0.119,0.188,77.312,4
spotify:track:6SrryrPVbduP7JxQoEls3O,"Bebe","Bebe","T & Sugah;Justin Hawkes",2025-07-25,168275,40,false,,2025-11-08T20:18:06Z,"drum and bass,liquid funk","Bassrush Records",0.65,0.992,10,-0.508,0,0.0671,0.0303,0.675,0.111,0.484,174.018,4
spotify:track:4zzFiS5QEovRo8PRCH16Fk,"FREAK NASTY","FREAK NASTY","Pretty Sweet",2025-03-04,138857,48,false,,2025-11-08T20:18:06Z,"dubstep","Pretty Sweet Music",0.625,0.907,5,-1.54,1,0.174,0.261,0.000184,0.16,0.326,139.699,3
spotify:track:1ZXtVE7Orb5JnUWT06Oqwo,"Too Heavy","Too Heavy","Neon Tide",2025-05-09,180000,53,false,,2025-11-08T20:18:06Z,"","7CULT powered by PULSE.CX",0.818,0.618,10,-7.815,0,0.0715,0.152,0.189,0.111,0.267,124.002,4
spotify:track:3l48UcyogWNWHp47DSjdt2,"Thin Floors And Tall Ceilings - ford. Remix","A Moment Apart Remixes","ODESZA;ford.",2018-11-28,294390,22,false,,2025-11-08T20:18:06Z,"chillwave,chillstep","Counter Records",0.705,0.446,11,-9.227,1,0.0536,0.485,0.819,0.0999,0.275,99.999,4
spotify:track:2D6makyG9bp5Zve7nUXUP2,"Go Mode","Nexum","INZO;Blookah;DijahSB",2025-08-08,232031,50,false,,2025-11-08T20:18:06Z,"future bass,hip house,jazz rap","Local Void",0.814,0.893,11,-4.983,1,0.159,0.012,0.0018,0.132,0.401,127.993,4
spotify:track:1GfJCWGLfdev016PSsrUO8,"Make Me Feel","Make Me Feel","oskar med k",2025-06-20,186240,84,false,,2025-11-08T20:18:06Z,"","7CULT powered by PULSE.CX",0.797,0.71,6,-8.008,0,0.0862,0.139,0.107,0.152,0.175,124.919,4
spotify:track:5kLCiVEIxFFASV0XWt65D2,"4RUNNA","4RUNNA","Dera Meelan",2025-06-13,231125,27,false,,2025-11-08T20:18:06Z,"","45rpm",0.74,0.873,1,-8.131,1,0.1,0.0127,0.624,0.743,0.374,132.987,4
spotify:track:7AoZ39tdZt9OLEsfQ6bdiA,"SAVE U","SAVE U","SVDKO;Klo",2025-05-30,161142,34,false,,2025-11-08T20:18:06Z,"uk garage,stutter house","Boom Records LLC",0.694,0.772,2,-6.547,1,0.0454,0.116,0.762,0.254,0.185,139.976,4
spotify:track:6VfURLdwW6jBCu4nHdAKBm,"The Sound","The Sound","Dillon Francis;Julian Jordan",2024-08-30,155147,38,false,,2025-11-08T20:18:06Z,"moombahton,edm,bass house,big room,future house","STMPD RCRDS",0.631,0.949,10,-5.346,0,0.0433,0.000725,0.747,0.487,0.158,130.001,4
spotify:track:3djWekEDgbhAtkXGdFNbFt,"BALD!","EP!","JPEGMAFIA",2020-11-06,153932,53,true,,2025-11-08T20:18:06Z,"experimental hip hop,alternative hip hop,experimental","Universal Records",0.594,0.917,10,-2.382,1,0.3,0.0372,0,0.495,0.675,154.703,4
spotify:track:5NuwEN7sWlqALO3GVNlDRA,"Carousel","Carousel","MEWONE!",2025-06-26,187586,4,false,,2025-11-08T20:18:06Z,"drum and bass,drumstep","Divine Hate",0.378,0.913,11,-4.293,0,0.0649,0.00708,0.342,0.144,0.0368,174.054,4
spotify:track:7D8Wc7eLhLoPwZ9q1lij9n,"Body Rock","Body Rock","Rova",2025-09-26,176914,39,false,,2025-11-08T20:18:06Z,"drum and bass","ROVA",0.786,0.976,11,-0.71,0,0.23,0.0153,0.262,0.0861,0.523,175.03,4
spotify:track:0fK7ie6XwGxQTIkpFoWkd1,"like JENNIE","Ruby","JENNIE",2025-03-07,123517,87,true,,2025-11-08T20:18:06Z,"k-pop","OA Entertainment/Columbia",0.811,0.743,10,-5.321,0,0.0611,0.281,0.00671,0.0868,0.815,130.019,4
spotify:track:00kiqMQGZQFH8YSiyrN8Ew,"Dress Code","Dress Code","Mau P",2023-10-06,203437,63,false,,2025-11-08T20:18:06Z,"tech house,house","Black Book Records",0.716,0.94,1,-5.443,1,0.0539,0.00799,0.728,0.0807,0.737,128.015,4
spotify:track:0PBQS0GycsYJ4yJJRjAIXU,"Fuck It Up","Fuck It Up","Disco Lines;SIDEPIECE;Mike Sherm",2024-12-13,132974,55,true,,2025-11-08T20:18:06Z,"stutter house,tech house,edm,hyphy","Good Good Records",0.78,0.924,11,-4.465,1,0.12,0.042,0.000135,0.316,0.491,130.001,4
spotify:track:1gS8DaYjlzRT8dU8F3908X,"DANCE (SAY MY NAME)","DANCE (SAY MY NAME)","BLVZE",2025-04-04,185678,38,false,,2025-11-08T20:18:06Z,"edm trap","BLVZE",0.672,0.946,2,-3.699,1,0.0385,0.000333,0.197,0.386,0.0909,140.096,4
spotify:track:6L0xIwnRJhTvDmrAnG5yYB,"I Don't Know How - French 79 Remix","With Julia (Bonus Edition)","Kid Francescoli;French 79",2015-03-09,425755,1,false,,2025-11-08T20:18:06Z,"french indie pop,french house","Alter K",0.665,0.521,11,-10.469,1,0.0614,0.138,0.884,0.108,0.197,117.975,4
spotify:track:4tuetYH9VyFN6swmsdocZ1,"Fangs","Fangs","Mindset;Saka",2025-08-01,122109,24,false,,2025-11-08T20:18:06Z,"bass music,drumstep,dubstep","soundslikesaka",0.611,0.812,2,-5.476,1,0.121,0.00377,0.843,0.0898,0.174,127.991,4
spotify:track:7amTNi6wRWUzvAh5aC9fmd,"Blue","Blue","Hairitage",2025-10-22,185600,41,false,,2025-11-08T20:18:06Z,"dubstep,riddim,deathstep,bass music","Monstercat",0.398,0.807,3,-1.675,0,0.0504,0.00345,0.648,0.159,0.143,150.031,4
spotify:track:4CUwiZG9BQaVh7xsKs95wc,"Brain Tickler","Brain Tickler","AHEE",2023-12-06,144134,52,false,,2025-11-08T20:18:06Z,"dubstep,bass music,riddim","Jadu Dala",0.834,0.849,9,-3.658,1,0.0655,0.014,0.0000821,0.469,0.34,149.941,4
spotify:track:4fuRN2DclIn0H2Zz3paFzh,"Gates","Gates","Just A Gent;Slowboy",2025-08-04,156098,33,false,,2025-11-08T20:18:06Z,"future bass,phonk,brazilian phonk,rally house","Monstercat",0.521,0.91,8,-2.269,0,0.186,0.207,0.555,0.0855,0.465,140.067,4
spotify:track:6bqKjzTRCFudLgD4kPpMpC,"Closer","Closer","Wenzday;Confession",2025-04-30,186240,25,false,,2025-11-08T20:18:06Z,"bass house,g-house,tech house","Confession",0.688,0.915,1,-6.217,1,0.122,0.0415,0.824,0.29,0.537,124.985,4
spotify:track:02Y5z5UbRPqpXiLHfDRzeK,"Coast 2 Coast ft. Flowdan","Coast 2 Coast ft. Flowdan","GRiZ;Flowdan",2025-07-18,174751,52,false,,2025-11-08T20:18:06Z,"dubstep,drum and bass,grime","GRiZ LLC",0.603,0.989,1,-1.812,1,0.266,0.0134,0.0854,0.355,0.345,139.969,4
spotify:track:3flWoQdYrWyqUsHbURIJby,"Stephanie - HNTR Remix","Stephanie (HNTR Remix)","Cloonee;Young M.A;InntRaw;HNTR",2025-02-07,145467,71,false,,2025-11-08T20:18:06Z,"tech house,house,latin house","Hellbent Records",0.765,0.948,6,-4.048,0,0.0436,0.00701,0.00651,0.113,0.743,134.011,4
spotify:track:6mwrQ7UyriEE3P2DVUZzke,"GO!","GO!","Jon Casey;PEEKABOO",2025-08-15,141517,42,true,,2025-11-08T20:18:06Z,"bass music,edm trap,dubstep,riddim","Monstercat",0.778,0.651,6,-4.881,1,0.555,0.0445,0.00000206,0.372,0.436,72.004,4
spotify:track:5MvvEKnfgMVLLBkzsgStpD,"Silent","Silent","Ship Wrek",2022-05-13,190498,45,true,,2025-11-08T20:18:06Z,"stutter house,bass house","Spinnin' Records",0.79,0.84,2,-4.637,1,0.0609,0.0025,0.422,0.0783,0.627,126.001,4
spotify:track:1XvGtoO3ubLRFHXChk3Q1P,"BodyMove","Turn It Up EP","Eliminate",2025-09-12,143450,36,false,,2025-11-08T20:18:06Z,"dubstep,riddim,bass music,deathstep,bass house","Eliminate Music",0.591,0.999,4,-0.007,1,0.338,0.0052,0.471,0.362,0.491,173.977,4
spotify:track:6qJhrI2BMuA8qHcmycD3fL,"TESLA","TESLA","Mau P",2025-08-08,186818,66,true,,2025-11-08T20:18:06Z,"tech house,house","Insomniac Records",0.757,0.792,10,-5.507,1,0.044,0.000344,0.864,0.0663,0.708,132.014,4
spotify:track:7jY6W92bLfnXnevTa7JKHi,"Perfect (Exceeder)","Perfect (Exceeder)","David Guetta;Mason;Princess Superstar",2024-02-09,151929,65,false,,2025-11-08T20:18:06Z,"edm,electroclash","Armada Music",0.678,0.952,4,-5.584,0,0.0484,0.0524,0.81,0.0872,0.0649,127.927,4
spotify:track:26xlCgHpcF4GE0FFVsS6Oy,"Fly Kicks - Wax Motif Remix","Night Bass Remixed Vol. 1","AC Slater;Chris Lorenzo;Wax Motif",2017-07-07,278400,48,false,,2025-11-08T20:18:06Z,"bass house,bassline,g-house,uk garage,house,tech house","Night Bass Records",0.897,0.692,11,-4.985,0,0.0492,0.0187,0.725,0.0603,0.607,125.023,4
spotify:track:0WTtGE4UaKUDpAE4aouoa8,"You're Not Alone","You're Not Alone","andhim",2024-02-29,214204,28,false,,2025-11-08T20:18:06Z,"deep house","Higher Ground",0.65,0.896,7,-6.654,0,0.0365,0.0032,0.602,0.247,0.115,123,3
spotify:track:62UKHYhsdm8q4yTJt0CWpo,"Spiral","Spiral","rSUN",2025-08-13,281147,38,false,,2025-11-08T20:18:06Z,"bass music","Tru MGMT & Good Society",0.443,0.746,8,-4.346,1,0.0547,0.1,0.239,0.133,0.0776,139.914,4
spotify:track:7zTRvRbzMgFBaqQp864JPF,"Instinct","Instinct","ERBES",2025-08-29,199680,41,true,,2025-11-08T20:18:06Z,"riddim,dubstep,deathstep,bass music","WHY Z MUSIC",0.502,0.676,0,-7.58,1,0.0586,0.0124,0.0994,0.114,0.139,124.974,4
spotify:track:1e7qYV3aIEoSrwrpFA4YAT,"BIG BOY TIME","BIG BOY TIME","MadBliss",2020-04-17,132166,30,false,,2025-11-08T20:18:06Z,"","MadBliss",0.498,0.872,5,-4.777,1,0.181,0.168,0.0234,0.111,0.101,148.304,4
spotify:track:7nUEIbsjYDQHgizLAosWCr,"Rage Money Power","Rage Money Power","ZISO",2024-04-09,150603,51,false,,2025-11-08T20:18:06Z,"","Artlist Original",0.757,0.427,11,-9.904,1,0.0635,0.0648,0.0339,0.231,0.647,160.062,4
spotify:track:1VKWQgq0g2uKtgNfL0ceNM,"Perfect (Exceeder) - 1991 Remix","Perfect (Exceeder) [1991 Remix]","Mason;Princess Superstar;1991",2024-01-26,200086,54,false,,2025-11-08T20:18:06Z,"electroclash,drum and bass,liquid funk","Armada Music",0.689,0.903,1,-0.925,1,0.103,0.0118,0.691,0.0367,0.271,174.113,4
spotify:track:5jN9CZatmP4sQWBk6sYU3B,"Pyro","Pyro","Feed Me;EMSKI",2025-08-15,301818,34,false,,2025-11-08T20:18:06Z,"dubstep,electro house","Sotto Voce",0.722,0.798,6,-4.16,0,0.0525,0.0953,0.0969,0.231,0.316,132.019,4
spotify:track:0IsIY8pfu1yaGkPUD7pkDx,"Guess featuring billie eilish","Brat and it’s completely different but also still brat","Charli xcx;Billie Eilish",2024-10-11,143330,80,false,,2025-11-08T20:18:06Z,"hyperpop,art pop","Atlantic Records",0.78,0.713,0,-4.493,1,0.0888,0.0167,0.206,0.144,0.615,130.034,4
spotify:track:2455baTqhlhvI3bgjE5fJq,"Fortress - Moojo Remix","Diplo Presents Higher Ground 3 Years LP","Diplo;Joeski;Rhye;Moojo",2022-12-13,271475,42,false,,2025-11-08T20:18:06Z,"moombahton,afro house,latin house,tribal house,tech house,afro tech","Higher Ground",0.59,0.942,7,-7.401,0,0.039,0.00364,0.769,0.128,0.131,122.009,4
spotify:track:3wWdJGv0iqFJRQ82Uixaiu,"What's a Gremlin?","What's a Gremlin?","SIPPY",2025-06-18,140142,43,false,,2025-11-08T20:18:06Z,"dubstep,riddim,bass music","Gremlin Records",0.714,0.897,10,-4.228,0,0.103,0.0627,0.0169,0.345,0.554,139.973,4
spotify:track:6ewgmx37XRRI3WZgtUbEEY,"Cash Out - YDG Remix","Cash Out (YDG Remix)","SIDEPIECE;Bobby Shmurda;YDG",2025-09-12,123428,43,true,,2025-11-08T20:18:06Z,"tech house,edm,riddim,dubstep","LIP SERVICE",0.609,0.981,11,-3.181,1,0.0713,0.00561,0.000312,0.12,0.0564,139.997,4
spotify:track:6fviOwXHvwwN7GdAuVaH5v,"Fool Me","Fool Me","CHYL",2023-03-06,133600,38,false,,2025-11-08T20:18:06Z,"bass house","Monstercat",0.669,0.984,6,-3.799,0,0.299,0.00575,0.0196,0.324,0.351,150.002,4
spotify:track:0mK92Hp80kOOhn086qcDgZ,"Everything In Its Right Place","Everything In Its Right Place","Bugwell",2025-10-03,204827,37,false,,2025-11-08T20:18:06Z,"drum and bass","R.O.A.M",0.364,0.96,2,-1.09,1,0.0426,0.00005,0.579,0.128,0.13,173.956,4
spotify:track:6QcU4iwfLjjsrW7zsqyc1D,"The Space In Between - Ben Böhmer Remix","The Space In Between (Ben Böhmer Remix)","Jan Blomqvist;Ben Böhmer",2018-06-29,253812,64,false,,2025-11-08T20:18:06Z,"melodic house,melodic techno,progressive house,deep house","Armada Electronic Elements",0.559,0.656,5,-10.794,0,0.0365,0.0574,0.627,0.177,0.0386,122.007,4
spotify:track:68DQ6HkS9A7WxDnAobzeIC,"Poison Ivy","Poison Ivy","SubDocta;Wreckno",2025-07-11,243932,27,true,,2025-11-08T20:18:06Z,"dubstep,riddim,bass music","Kannibalen Records",0.771,0.915,1,-3.123,1,0.0711,0.0123,0.636,0.654,0.49,125.943,4
spotify:track:0mUl6JYEkXaOERNgHGTn91,"IJUSTWANNA","IN MY MIND EP","longstoryshort;SPORTMODE",2024-11-15,179144,33,false,,2025-11-08T20:18:06Z,"bass house,stutter house,uk garage,bass music,edm trap","NIGHTMODE",0.615,0.916,1,-2.419,0,0.0514,0.00545,0.0606,0.346,0.15,139.951,4
spotify:track:2LIygs54xLMIOlpaLg8hFE,"Yeke Yeke","Yeke Yeke","PEEKABOO",2025-09-19,256285,44,false,,2025-11-08T20:18:06Z,"dubstep,bass music,riddim","Major Recordings/Warner Records",0.729,0.935,8,-1.209,1,0.103,0.0523,0,0.0664,0.559,139.94,4
spotify:track:3EzDk1bmMrFFTaH1qt1KkL,"Shantique","Shantique / Double","CØNTRA",2025-10-15,254489,38,false,,2025-11-08T20:18:06Z,"bass music","Deep Dark & Dangerous",0.598,0.703,2,-5.911,1,0.0645,0.00462,0.077,0.114,0.0394,140.056,4
spotify:track:20exgZnMHVhwHKlazaEt8N,"Daydreams","Daydreams","Effin;NGHTMRE",2025-06-27,228251,44,false,,2025-11-08T20:18:06Z,"dubstep,riddim,bass music,deathstep,edm,edm trap","Effin Music",0.449,0.904,10,-1.985,0,0.121,0.0157,0.0644,0.242,0.235,142.88,4
spotify:track:6DsSjkCfTRyvfNAewQ2BEM,"what u want!","what u want!","Rad Cat",2025-09-19,192727,53,false,,2025-11-08T20:18:06Z,"","Boom Records LLC",0.641,0.982,6,-3.015,1,0.0664,0.000246,0.0958,0.0621,0.102,132.003,4
spotify:track:1j82usKGX1GrVQ13NXwawu,"Floor It","Floor It","Mt. Eden",2025-08-08,195428,27,false,,2025-11-08T20:18:06Z,"chillstep,dubstep","Mt. Eden",0.759,0.836,2,-2.689,1,0.0768,0.00413,0.355,0.0733,0.258,140.016,4
spotify:track:4orH1YqyAjXBtBr0DfsqjV,"Swag Surfin'","Swag Surfin'","Whethan",2025-10-03,228368,56,false,,2025-11-08T20:18:06Z,"","Wallflower Records",0.728,0.845,2,-5.264,1,0.089,0.00582,0.0293,0.262,0.344,144.038,4
spotify:track:4hphReh7hXDCFb14FfB7n1,"Entwined","Entwined","Sub Focus;Grimes",2025-10-31,220689,65,false,,2025-11-08T20:18:06Z,"drum and bass,liquid funk,art pop","Positiva",0.462,0.967,6,1.044,1,0.0476,0.00664,0.0426,0.516,0.0959,173.99,4
spotify:track:20iODoi8eZUC1sBS5C01GF,"Down Low - YDG Remix","Down Low (YDG Remix)","it's murph;YDG;Sorana",2024-06-21,189517,60,false,,2025-11-08T20:18:06Z,"stutter house,house,riddim,dubstep","Darkroom Records",0.522,0.931,10,-2.585,0,0.0859,0.268,0.0137,0.206,0.356,145.069,4
spotify:track:6HDkeyKBhD0Q4WKDH7h3vA,"No Sleep","No Sleep","MEDUZA",2025-10-24,162187,54,false,,2025-11-08T20:18:06Z,"","Experts Only",0.642,0.878,1,-5.988,1,0.0345,0.0107,0.762,0.435,0.508,128.008,4
spotify:track:4tEjAxqf752XUL2mT6cJba,"Don't Stop","Don't Stop","Slang Dogs;rSUN;Zoso",2025-09-12,185142,32,false,,2025-11-08T20:18:06Z,"bass music,dubstep","TRIPPY BEE RECORDS",0.857,0.926,5,-3.542,1,0.107,0.141,0.253,0.105,0.121,139.992,4
spotify:track:7MGFtEfMe8WolDUfuZ474I,"Harmony","Harmony","rSUN",2025-03-07,236618,38,false,,2025-11-08T20:18:06Z,"bass music","Memory Palace",0.551,0.668,8,-4.719,0,0.0363,0.0666,0.85,0.119,0.0664,139.995,4
spotify:track:4ih71VL7RWG0RbRbVTGxS8,"Like This","Like This","Levity;NITTI",2025-04-09,133615,45,true,,2025-11-08T20:18:06Z,"dubstep,bass house,g-house","Ultra Records, LLC",0.827,0.898,10,-6.259,0,0.0426,0.0217,0.114,0.117,0.387,130.009,4
spotify:track:6M3EGEavhttWiN2IsYB282,"You & Me","You & Me","AC Slater;Qlank;Col3man",2025-06-27,205568,45,false,,2025-11-08T20:18:06Z,"bass house,bassline,g-house,uk garage","Night Bass Records",0.811,0.527,11,-6.655,1,0.119,0.259,0.000256,0.119,0.101,131.965,4
spotify:track:0bcoPdat6SIiixawZvWNws,"HOOLIGANS","HOOLIGANS","GHENGAR;Izzy Vadim",2025-09-05,127448,49,true,,2025-11-08T20:18:06Z,"riddim,dubstep,deathstep","RATED M RECORDS",0.778,0.928,1,-2.411,1,0.363,0.102,0.000165,0.602,0.78,145.066,4
spotify:track:5E63a1hpsZYXvdqTVzOtOd,"Drop Top","Drop Top","Great Dane",2019-02-13,202666,29,false,,2025-11-08T20:18:06Z,"","ADBC Records",0.568,0.273,1,-9.72,1,0.284,0.152,0.028,0.0989,0.185,178.89,4
spotify:track:1LOjIBinbAVfmVqqELvgLh,"ELECTRIC LOVE","ELECTRIC LOVE","AVELLO",2025-08-27,164307,51,false,,2025-11-08T20:18:06Z,"melodic bass","Thrive Music",0.665,0.93,6,-1.523,0,0.0465,0.175,0.00000387,0.374,0.283,130.072,4
spotify:track:6uRe0wVj0a53HoWs3KGnb7,"Step 2 It","Noise To Dance To","LYNY",2025-10-17,210000,48,false,,2025-11-08T20:18:06Z,"bass music,dubstep","Noxious Recordings",0.603,0.893,8,-2.356,0,0.0537,0.0224,0.0116,0.118,0.233,140.139,4
spotify:track:6iGDeaY8vCTqxfGz6B8gTk,"Mind Awake, Body Asleep","Mind Awake, Body Asleep","Odd Mob;OMNOM;HYPERBEAM",2023-11-03,150447,31,false,,2025-11-08T20:18:06Z,"tech house,bass house","Insomniac Records",0.741,0.849,1,-7.755,1,0.0874,0.251,0.625,0.163,0.265,133.938,4
spotify:track:2TW3Kl3bF92ySog514hA8w,"ARROWS","ARROWS","Dirt Monkey;Eligh",2025-09-10,212800,27,false,,2025-11-08T20:18:06Z,"dubstep,riddim,bass music,dub,underground hip hop","19K",0.698,0.728,10,-6.712,0,0.26,0.0895,0,0.537,0.461,159.846,4
spotify:track:1rFjOggo1LDoT6wqX41baU,"One Chance","One Chance","Knock2;NGHTMRE;Marlhy",2023-07-07,220952,51,false,,2025-11-08T20:18:06Z,"bass house,edm,bassline,dubstep,edm trap","88rising Music",0.657,0.858,7,-4.755,1,0.0457,0.112,0.0777,0.252,0.205,126.041,4
spotify:track:764ZCVAqzjPdwY98It4072,"Dominate","Dominate","CHYL",2025-10-10,152275,43,false,,2025-11-08T20:18:06Z,"bass house","Ultra Records, LLC",0.679,0.94,2,-4.842,1,0.274,0.131,0.0824,0.11,0.198,144.872,4
spotify:track:46WqNBxyjLaxbHMM4BKTA2,"PUT IT DOWN - Jkyl & Hyde Remix","PUT IT DOWN (Jkyl & Hyde Remix)","Angrybaby;Jkyl & Hyde",2025-05-16,194782,57,false,,2025-11-08T20:18:06Z,"stutter house,riddim,deathstep,dubstep,bass music","TH3RD BRAIN",0.738,0.913,6,-3.3,0,0.1,0.183,0.00878,0.155,0.496,138.006,4
spotify:track:54jbSweLQxs8izE3tDQXM4,"Geez","Back Around","Late Night Radio",2022-07-15,195091,35,false,,2025-11-08T20:18:06Z,"","Philos Records",0.716,0.755,10,-6.462,1,0.109,0.0116,0.0011,0.317,0.573,144.077,4
spotify:track:0jRhIOQaI0wbZe7UVbKeZg,"Transformation","Transformation","Lumasi",2024-03-06,229714,41,false,,2025-11-08T20:18:06Z,"bass music","Wubaholics",0.64,0.766,4,-4.759,0,0.0424,0.0175,0.171,0.108,0.0567,139.959,4
spotify:track:4L7w7nmwyABdYPesCdmjKP,"Show You","Show You","rSUN",2025-07-30,228066,49,false,,2025-11-08T20:18:06Z,"bass music","Tru MGMT",0.482,0.606,11,-3.114,1,0.0363,0.00189,0.0331,0.11,0.0641,139.958,4
spotify:track:6YiIWuVXS4AqF1KvUGMwyx,"crystallized (feat. Inéz)","crystallized (feat. Inéz)","John Summit;Inéz",2025-09-12,217646,72,false,,2025-11-08T20:18:06Z,"house,tech house","Experts Only/Darkroom Records",0.529,0.857,1,-4.689,1,0.075,0.011,0.0000485,0.126,0.292,128.049,4
spotify:track:2YHUlS8D0qH6GUUMNBHFgT,"Forever (feat. Malou & Yuna)","Forever (feat. Malou & Yuna)","HUGEL;Diplo;Malou;Yuna",2024-09-20,140500,69,false,,2025-11-08T20:18:06Z,"latin house,afro house,techengue,moombahton,melodic house,malay,malaysian pop","Insomniac Records",0.542,0.946,9,-6.046,0,0.0425,0.0312,0.641,0.107,0.23,120.037,4
spotify:track:4rRTod6LMw93a04uHAh9Ix,"Tech Cvlt","Zero Day","Hackwaves;MIDNIGHT CVLT",2025-09-15,223448,15,false,,2025-11-08T20:18:06Z,"drum and bass,breakbeat,bass house","Eatbrain",0.504,0.991,7,0.782,1,0.127,0.0000364,0.615,0.213,0.0773,174.002,4
spotify:track:5KTZgG84bKFGm53lhLtTqc,"Mwaki","SURRENDER","Zerb;Sofiya Nzau",2023-10-27,208135,72,false,,2025-11-08T20:18:06Z,"afro house","TH3RD BRAIN",0.847,0.637,7,-8.751,0,0.0587,0.201,0.201,0.121,0.0509,120.033,4
spotify:track:4KxhSt1i8RgqGdurA9tLvS,"Inside of Me (Posij Remix)","Free Moksi (Remix Album)","Moksi;NANAMI;Posij",2022-10-19,153600,35,false,,2025-11-08T20:18:06Z,"bass house,future house,g-house,drumstep,drum and bass,bass music","Barong Family",0.604,0.794,9,-5.821,0,0.0313,0.000794,0.87,0.207,0.164,125.097,3
spotify:track:57UFzhgsL7Q4lxaEKosMSb,"B€NZ","B€NZ","€URO TRA$H;Yellow Claw;Syaqish",2022-08-05,244218,36,false,,2025-11-08T20:18:06Z,"bass house,g-house,tech house,edm,edm trap,indonesian r&b","Barong Family",0.914,0.589,9,-7.866,1,0.0817,0.0105,0.494,0.0693,0.41,125.01,4
spotify:track:5mpJ8Rrt0JPPXFuIrySFXh,"Jaw Drop","Jaw Drop","Curbi",2020-07-03,173085,32,false,,2025-11-08T20:18:06Z,"future house,bass house","Confession",0.737,0.941,1,-3.34,1,0.112,0.0238,0.289,0.222,0.241,128.035,4
spotify:track:05lUNz9yIOg4CdeA3mAutQ,"it boy","bbno$","bbno$",2025-10-17,146426,68,true,,2025-11-08T20:18:06Z,"","bbno$$",0.762,0.885,9,-6.388,1,0.0551,0.00176,0.000598,0.278,0.823,129.97,4
spotify:track:4I4Yk0fDL0UktRt4TsKO2P,"Space Cake","Space Cake","Norman Sann",2023-07-21,133679,31,false,,2025-11-08T20:18:06Z,"","UnderCurrent",0.799,0.655,6,-10.956,0,0.325,0.248,0.00000117,0.118,0.399,118.313,4
spotify:track:0rln7cFteLIh27eT02rr6q,"Let's Begin","Let's Begin","Devault",2025-08-15,232835,52,false,,2025-11-08T20:18:06Z,"stutter house","Putyouon Music Group",0.695,0.87,6,-4.029,1,0.0462,0.0127,0.749,0.0713,0.308,133.972,4
spotify:track:7D3bAkuBmpTDksMwEgVBp6,"ONLYFORYOU.","ONLYFORYOU.","Holmesick",2025-07-04,188689,49,false,,2025-11-08T20:18:06Z,"","Joytime Collective",0.623,0.887,8,-4.131,0,0.0359,0.0366,0.0352,0.0941,0.105,145.042,4
spotify:track:1NJH4ROnDMzFuFDGLsDo4S,"White Flag","White Flag","Romain Garcia",2021-01-08,198463,54,false,,2025-11-08T20:18:06Z,"melodic house,melodic techno,progressive house","Ton Töpferei",0.658,0.775,2,-10.136,1,0.0424,0.0414,0.821,0.119,0.0396,121.01,4
spotify:track:4PLv9pEMN70ZV3WJEgUsKI,"Feel (Real Love)","Feel (Real Love)","Henry Fong",2024-09-06,161503,33,false,,2025-11-08T20:18:06Z,"bass house,moombahton,melbourne bounce,electro house,big room","Dim Mak Records",0.726,0.983,2,-4.037,1,0.0753,0.0618,0.0125,0.094,0.544,132.978,4
spotify:track:3RE3izHxUijcckK3JDLLq5,"Stay With The Tempo","Stay With The Tempo","Flux Pavilion;Habstrakt",2025-09-25,214218,47,false,,2025-11-08T20:18:06Z,"dubstep,edm,dub,bass house,g-house,bassline","Circus Records",0.594,0.954,6,-3.178,1,0.0784,0.00226,0.878,0.927,0.363,128.097,4
spotify:track:13IFfr6kVUSLb19xnQjMk6,"Section","Section","LYNY",2025-07-25,174857,55,false,,2025-11-08T20:18:06Z,"bass music,dubstep","Noxious Recordings",0.594,0.87,8,-3.826,1,0.0537,0.0719,0.000194,0.655,0.3,139.933,4
spotify:track:1iKV3cC7eQEzc41i5dfs3Y,"Need You","StepBroStep EP","Boogie T;Mr. Bill",2025-09-03,252414,37,false,,2025-11-08T20:18:06Z,"riddim,dubstep,bass music,edm,glitch,idm,psytrance,drumstep","Drama Club Recordings",0.647,0.714,3,-2.04,0,0.0409,0.000486,0.512,0.324,0.426,144.955,4
spotify:track:3pr4EH9ruCYRhGbicJQDNP,"YES!","YES!","Wreckno;Super Future",2025-10-01,141904,35,true,,2025-11-08T20:18:06Z,"bass music","N-S-E-W",0.814,0.574,6,-6.321,1,0.0392,0.00013,0.122,0.062,0.166,126.008,4
spotify:track:75PrFuEaAaW7oAosEAocdz,"BETTER OFF ALONE","BETTER OFF ALONE","AVELLO;glasscat",2025-06-20,208551,45,false,,2025-11-08T20:18:06Z,"melodic bass,future bass","AVELLO",0.385,0.987,8,-2.147,0,0.241,0.0171,0.853,0.125,0.183,145.045,4
spotify:track:2R0h3rbx75tFhwZHL2K12e,"Operator - Junk Mail Remix","Operator (Junk Mail Remix)","A.M.C;Junk Mail",2024-06-07,242758,30,false,,2025-11-08T20:18:06Z,"drum and bass,bassline","Titan Records",0.561,0.978,1,0.615,1,0.219,0.00213,0.0954,0.69,0.352,174.065,4
spotify:track:2ST4u9GusI2ddDfuMvXA5l,"Yeah The Girls","Yeah The Girls","FISHER;MERYLL",2022-09-02,194310,1,false,,2025-11-08T20:18:06Z,"tech house,house,hardstyle","Catch & Release",0.755,0.968,8,-5.282,1,0.0424,0.00117,0.773,0.103,0.785,126.007,4
spotify:track:03g9zBj3bCqIuF7KvRw72z,"the floor - fred remix","the floor","Skin On Skin;BEAM;Fred again..",2025-10-17,341250,66,false,,2025-11-08T20:18:06Z,"lo-fi house,stutter house,house","Atlantic Records UK",0.671,0.839,10,-7.678,0,0.0839,0.0322,0.572,0.605,0.445,138.024,4
spotify:track:6cNxZMmp08PYnzoHd4f3ly,"On My Knees - Adriatique Remix","Surrender (Remixes)","RÜFÜS DU SOL;Adriatique",2022-08-12,452000,48,false,,2025-11-08T20:18:06Z,"melodic techno,melodic house,afro house","Rose Avenue/Reprise",0.65,0.624,1,-8.828,1,0.0292,0.0117,0.319,0.11,0.309,119.992,4
spotify:track:6hAII4Wyrr0eV4MmPnsTuY,"Always - Monkey Safari Remix","Surrender (Remixes)","RÜFÜS DU SOL;Monkey Safari",2022-08-12,411024,56,false,,2025-11-08T20:18:06Z,"melodic house,organic house,afro house,deep house,melodic techno","Rose Avenue/Reprise",0.66,0.836,8,-5.203,0,0.0383,0.00659,0.92,0.0868,0.765,123.997,4
spotify:track:10lsR0inpRtc4GCBUiDjf4,"123","AFROJACK presents NLW","NLW",2022-07-29,213355,24,false,,2025-11-08T20:18:06Z,"big room,bass house","Wall Recordings",0.682,0.942,2,-5.291,1,0.0591,0.000754,0.199,0.0845,0.366,125.993,4
spotify:track:2iV7bMk39T5hF8rHL0kdCC,"Evolution","Evolution","Koji Aiken;Bass Ventura",2025-08-27,215734,30,false,,2025-11-08T20:18:06Z,"stutter house,drum and bass","Koji Aiken",0.479,0.95,2,-0.816,1,0.165,0.00118,0.000172,0.594,0.498,146.054,3
spotify:track:0pjCsB0XNSyqM9UazlTODC,"Jazz Suite No. 2: VI. Waltz 2","Shostakovich: Jazz Suites Nos. 1 - 2 / The Bolt / Tahiti Trot","Dmitri Shostakovich;Russian State Symphony Orchestra;Dmitry Yablonsky",2002-04-15,193600,68,false,,2025-11-08T20:18:06Z,"classical,chamber music,orchestral,japanese classical","Naxos",0.322,0.184,0,-18.312,0,0.0338,0.984,0.902,0.0813,0.356,107.847,4
spotify:track:3rrPZx3OjSI9Ofj71OF8DR,"Rhyme Dust - Major Lazer Remix","Rhyme Dust (feat. Dom Dolla) [Major Lazer Remix]","MK;Dom Dolla;Major Lazer",2023-06-30,183196,24,false,,2025-11-08T20:18:06Z,"house,tech house,moombahton","Ultra Records, LLC",0.759,0.754,2,-7.334,1,0.0483,0.0000661,0.773,0.0567,0.625,122.014,4
spotify:track:3PHVj8LcrqgZUhS5LPAHc8,"Say To Me","Say To Me","WHTKD",2016-08-12,154000,53,false,,2025-11-08T20:18:06Z,"","All Around The World",0.769,0.443,4,-10.857,0,0.0711,0.0103,0.358,0.106,0.589,125.976,4
spotify:track:7rBUiBC1mXwNYzn53foDUB,"Flip The Switch","Flip The Switch","Valentino Khan;Chris Lorenzo",2019-08-08,190866,38,true,,2025-11-08T20:18:06Z,"bass house,moombahton,g-house,bassline,house,tech house","Mad Decent",0.827,0.88,9,-3.188,1,0.0411,0.0202,0.685,0.074,0.101,127.015,4
spotify:track:37iVjhBGNBnxVSuF67TX0H,"Cyanide","MINDFULL","NGHTMRE;Viperactive;JT Roach",2025-08-29,186000,52,false,,2025-11-08T20:18:06Z,"dubstep,edm,edm trap,riddim,bass music,deathstep,melodic bass,future bass","BMG Rights Management (US) LLC",0.584,0.898,2,-4.772,1,0.044,0.000495,0.497,0.163,0.14,140,4
spotify:track:5TApzob787T2WoMrbCknQG,"Keep My Luvv","MINDFULL","NGHTMRE;WINK",2025-08-29,176571,40,false,,2025-11-08T20:18:06Z,"dubstep,edm,edm trap,bass music","BMG Rights Management (US) LLC",0.662,0.828,7,-4.149,0,0.0462,0.292,0.00572,0.247,0.176,139.979,4
spotify:track:4etHuFADJ1ZxYYLj40nEiu,"On & On","Chemistry","Chris Lake;Yael Watchman",2025-07-11,195601,57,false,,2025-11-06T01:06:46Z,"tech house,house,bass house","Black Book Records",0.625,0.852,10,-6.82,0,0.0436,0.0919,0.629,0.103,0.558,129.076,4
spotify:track:2vFabIc6h3F6GiZCsxq8zw,"X-Rated","X-Rated","Cloonee;Funkdoobiest",2025-05-16,184620,64,true,,2025-11-06T01:04:07Z,"tech house,house,latin house","Epic/Legacy",0.91,0.831,9,-5.489,1,0.257,0.3,0.00293,0.0699,0.704,129.954,4
spotify:track:5eQXvONU5KeLF8jYCiLN1N,"Pretty People (feat. INJI) [longstoryshort Remix]","Pretty People (feat. INJI) [longstoryshort Remix]","Dillon Francis;longstoryshort;INJI",2023-05-12,155076,19,false,,2025-11-06T00:04:23Z,"moombahton,edm,bass house,stutter house","Astralwerks",0.804,0.877,9,-2.669,0,0.0653,0.00961,0.0069,0.0938,0.416,129.969,4
spotify:track:6THfFUlHUQEQzDSTzUHRqo,"2HEARTs","2HEARTs","Knock2",2021-08-06,196428,36,false,,2025-11-06T00:00:01Z,"bass house,edm,bassline","Rare Breed Artists",0.633,0.985,2,-2.445,1,0.126,0.0227,0.417,0.403,0.247,125.834,4
spotify:track:7hU38LHqMSPFrvoqADFJp4,"Chicken Soup","HOWSLA","Skrillex;Habstrakt",2017-05-05,207292,49,false,,2025-11-05T16:25:02Z,"dubstep,edm,electro,electronic,bass house,g-house,bassline","OWSLA",0.823,0.815,11,-3.947,1,0.134,0.00129,0.0494,0.599,0.474,125.989,4
spotify:track:6oWmcKVK6atTCoWVYTdSg1,"Dreamin (feat. Daya)","Dreamin (feat. Daya)","Dom Dolla;Daya",2025-02-07,171526,72,false,,2025-11-05T05:07:03Z,"house,tech house","Three Six Zero Recordings/Columbia Records",0.775,0.672,6,-7.554,0,0.161,0.0419,0.0000459,0.1,0.713,134.047,4
spotify:track:5UZIVxzI4UyrSbg3ZLTGTH,"Fuze","Fuze","Skrillex;ISOxo",2025-10-24,188571,65,false,,2025-11-04T23:49:03Z,"dubstep,edm,electro,electronic,bass house,edm trap","OWSLA/Atlantic",0.59,0.933,10,-2.584,1,0.107,0.000758,0.232,0.0761,0.127,139.969,4
spotify:track:0NPTpdVrseb7YGggATplQn,"Want You","Want You / Numb","NITTI;Marten Hørger",2021-09-10,181935,39,false,,2025-11-03T09:43:24Z,"bass house,g-house,tech house","Hush Money Records",0.813,0.726,9,-5.792,1,0.0933,0.0301,0.519,0.1,0.809,123.999,4
spotify:track:497uVzPuobNyP1jGrljGH0,"No Gods, No Masters","No Gods, No Masters","Ainonow",2025-08-26,279069,30,false,,2025-11-03T09:43:01Z,"drum and bass","Reciprocal Space Records",0.565,0.919,1,-3.122,0,0.0779,0.000881,0.925,0.177,0.0398,171.981,4
spotify:track:35DO23Ldz5uro1bwOjxZ2a,"turn Up the MUSIK","ULTimate","runThis",2025-05-02,238285,40,false,,2025-11-03T09:42:37Z,"bass house","I WANT MORE",0.61,0.989,11,-2.578,0,0.126,0.0172,0.661,0.72,0.314,139.988,4
spotify:track:420DvBd6Vbis3MDer9LNYF,"NOT ALONE","NOT ALONE","Tej",2025-10-22,150857,31,false,,2025-11-03T09:41:36Z,"","bitbird",0.604,0.981,6,-4.602,1,0.0648,0.00463,0.634,0.504,0.29,139.994,4
spotify:track:606HUTqRzUBZfaKbQE2A4n,"Cultus","Cultus","Screamarts",2025-10-20,253793,29,false,,2025-11-03T09:40:06Z,"drum and bass,drumstep,liquid funk","Monstercat",0.537,0.958,6,-1.408,1,0.0969,0.00143,0.737,0.106,0.0631,87.013,4
spotify:track:1N2Q9gRErMF1cjZULDbjmx,"Knock the Wind Out","Knock the Wind Out","Von Storm",2021-03-17,184761,32,true,,2025-11-03T09:37:22Z,"phonk,drift phonk","Von Storm",0.829,0.656,11,-4.824,0,0.066,0.0888,0.0161,0.148,0.703,126.032,4
spotify:track:2j4pHLL3ud1mIDP2HwUCPB,"HOME.","THERE’S A GHOST IN MY HOUSE.","Armani White",2025-10-31,153256,38,true,,2025-11-02T08:27:31Z,"","Armani White PS/ Def Jam",0.634,0.528,0,-7.854,0,0.327,0.565,0,0.256,0.47,145.769,4
spotify:track:5fNaWjwU4FvSZoX1Q7g8gZ,"Cocaine Inside My Blunts","Cocaine Inside My Blunts","Disco Lines",2025-10-29,187733,61,true,,2025-11-02T08:24:20Z,"stutter house","Good Good Records",0.789,0.702,10,-6.698,1,0.0405,0.168,0.139,0.405,0.764,129.998,4
spotify:track:2pZwLbKPazJUZItP235e6O,"Fancy $hit","Fancy $hit","CID;Taylr Renee",2025-09-05,168837,60,true,,2025-11-02T06:37:11Z,"tech house,progressive house","Catch & Release",0.766,0.975,0,-3.516,1,0.0466,0.0977,0.814,0.111,0.876,128.997,4
spotify:track:4vCfipe9rh9mJ5aj0tL22x,"Run It Up (feat. 24Hrs)","Run It Up (feat. 24Hrs)","Wax Motif;Juos;24hrs",2025-10-24,282487,48,false,,2025-11-02T06:35:15Z,"bass house,g-house,tech house,latin house,techengue","Divided Souls",0.798,0.891,6,-6.263,0,0.0477,0.00146,0.508,0.0505,0.743,130.009,4
spotify:track:1Uc9DYvDCAqIrvpcttsAt4,"Wrong Is Right","Wrong Is Right","Biscits",2025-10-24,171692,51,false,,2025-11-02T06:34:27Z,"tech house,house","WRONG.",0.701,0.857,9,-6.691,1,0.0507,0.026,0.00051,0.336,0.43,130.008,4
spotify:track:7MbfrPIsgFDVJifA7p7Evk,"On My Knees - Adriatique Remix","On My Knees (Adriatique Remix)","RÜFÜS DU SOL;Adriatique",2022-07-29,452000,46,false,,2025-11-02T06:23:30Z,"melodic techno,melodic house,afro house","Rose Avenue/Reprise",0.65,0.624,1,-8.828,1,0.0292,0.0117,0.319,0.11,0.309,119.992,4
spotify:track:2U9RtZORzcu54vkWI19PIL,"Raw","Raw","MPH",2025-06-20,192121,52,false,,2025-11-01T22:54:22Z,"uk garage,bassline,bass house,rally house","Black Book Records",0.89,0.941,11,-3.524,1,0.21,0.00872,0.000425,0.426,0.462,131.941,4
spotify:track:1y2RxVO6ByEantKv7cDqRt,"Tomorrow - Sultan + Shepard Remix","Tomorrow (Sultan + Shepard Remix)","Joris Voorn;Sultan + Shepard",2025-10-10,160952,51,false,,2025-11-01T22:53:49Z,"melodic techno,melodic house,deep house,progressive house","Armada Music",0.61,0.831,3,-6.664,0,0.0287,0.00111,0.593,0.0788,0.395,125.977,4
spotify:track:38Cn5WXAveelCjMczHaK2P,"Call You Back","Call You Back","Layton Giordani;GENESI;Be No Rain",2025-10-17,201230,55,false,,2025-11-01T22:53:18Z,"melodic techno,techno,tech house,acid techno,melodic house","MADMINDS",0.67,0.823,9,-5.555,1,0.0396,0.0245,0.0742,0.0903,0.485,130.048,4
spotify:track:4rG7VqNRA9NxXoGD0FKnzD,"Dopamine (feat. Malou)","Dopamine (feat. Malou)","Mr. Belt & Wezol;Malou",2025-10-24,123446,51,false,,2025-11-01T22:53:11Z,"future house,house,afro house,melodic house","Sony Music Entertainment",0.921,0.766,8,-7.047,1,0.185,0.00542,0.00892,0.122,0.697,127.002,4
spotify:track:0LwKAX0JzRSYvOreNvSQzN,"Love Parade","Quantum Echoes, Pt. I","Cassian;YOTTO;Da Hool",2025-09-19,206308,39,false,,2025-11-01T22:52:15Z,"melodic techno,melodic house,progressive house,deep house","Afterlife",0.694,0.909,2,-5.817,1,0.0426,0.000193,0.865,0.0605,0.0334,127.989,4
spotify:track:6jYXP1jrYIHkEYglFgeL2Q,"Home","Home","Adriatique;Marino Canal;Delhia De France",2020-05-29,330500,60,false,,2025-11-01T21:49:45Z,"melodic techno,melodic house,afro house","Siamese",0.612,0.767,2,-5.972,0,0.0317,0.33,0.221,0.353,0.0458,120.018,4
spotify:track:2AUHVjR5lhg6GcztbGvRkc,"Lick It","Lick It","Valentino Khan",2018-03-16,215040,41,false,,2025-11-01T07:51:37Z,"bass house,moombahton,g-house","Spinnin' Records",0.798,0.837,4,-2.531,1,0.0582,0.00737,0.121,0.0942,0.662,124.994,4
spotify:track:01A16AjdJ0dKGixfZa0Ugd,"At Night - Anyma x Layton Giordani Remix","At Night (Anyma x Layton Giordani Remix)","Shakedown;Anyma;Layton Giordani",2025-06-27,232440,59,false,,2025-11-01T07:51:21Z,"disco house,funky house,melodic techno,melodic house,stutter house,techno,tech house,acid techno","Defected Records",0.804,0.776,1,-3.415,1,0.0407,0.0137,0.00968,0.0751,0.675,127.049,4
spotify:track:72mweatPntr8C1rj76GB2H,"Bronx Brooklyn Queens","White Man On The Moon","Carte Blanche",2011-05-30,304308,24,false,,2025-11-01T06:46:40Z,"french house,electroclash","Ed Banger Records",0.74,0.823,6,-7.494,0,0.0583,0.00432,0.852,0.0959,0.594,120,4
spotify:track:20kaCbdgkJRUPniPVZgsoR,"Won’t Be Possible","Won’t Be Possible","Tiësto;Odd Mob;Goodboys",2025-05-09,136615,69,false,,2025-11-01T02:16:35Z,"edm,trance,big room,tech house,bass house","Atlantic Records",0.929,0.846,10,-3.629,0,0.0756,0.0361,0.0457,0.113,0.574,129.968,4
spotify:track:5fqzAlhEUdPCWkLGiKajUU,"Motivashun","No Big Deal","Walker & Royce;Reggie Watts",2024-03-29,181251,37,false,,2025-11-01T00:29:19Z,"tech house,bass house,house,comedy,jazz house","DIRTYBIRD",0.728,0.662,11,-7.981,0,0.0653,0.0505,0.541,0.0874,0.595,130.049,4
spotify:track:766ngeTKA2AJEyzTKELhkN,"You","You","Dom Dolla",2016-09-16,222019,56,false,,2025-11-01T00:29:02Z,"house,tech house","Sweat It Out",0.744,0.726,9,-5.717,0,0.0561,0.0147,0.0000769,0.388,0.213,121.995,4
spotify:track:1MFSuqSBKU0U8GsmXFPwm4,"Cheap Thrills","Cheap Thrills","Walker & Royce;Barney Bones",2023-11-01,217570,25,false,,2025-11-01T00:28:34Z,"tech house,bass house,house","DIRTYBIRD",0.71,0.875,7,-7.642,1,0.0515,0.0469,0.032,0.135,0.579,131.078,4
spotify:track:6lNYE1wSCTtBxFvcdUAymQ,"buttons! (with Knock2)","This Mixtape is Fire TOO","Dillon Francis;Knock2",2023-12-01,239047,41,true,,2025-10-31T21:31:55Z,"moombahton,edm,bass house,bassline","Astralwerks",0.74,0.955,11,-3.956,0,0.0675,0.00735,0.76,0.328,0.338,126.008,4
spotify:track:0mi7aK49tdp8ES22clJWAB,"Hardcore","Hardcore","AVE",2025-07-25,128291,31,true,,2025-10-31T20:44:00Z,"bass house","HEXHIBITION",0.743,0.95,1,-6.105,0,0.0754,0.0362,0.495,0.0802,0.347,129.005,4
spotify:track:4dYgP7qrxMxIQ5MKIQ9PdQ,"Spooked","The Drop","Bro Safari;DJ Craze",2013-10-23,217411,27,false,,2025-10-31T20:40:01Z,"moombahton,edm trap,dubstep","Bro Safari Music / mTheory",0.577,0.675,1,-5.937,1,0.0488,0.0122,0.000148,0.313,0.12,170.111,5
spotify:track:2doKqoV1Tniy0rwcnNAYoa,"House FM","House FM","Hitty",2025-06-13,216541,28,false,,2025-10-31T20:26:39Z,"","Glove Seazon",0.794,0.96,2,-5.363,1,0.048,0.00787,0.649,0.0804,0.578,132.991,4
spotify:track:3HxaXZ9pS1r3GFgv4Eh5sI,"F*CK THAT","F*CK THAT","Ship Wrek",2025-02-21,191818,41,true,,2025-10-31T20:24:57Z,"stutter house,bass house","Armada Music",0.616,0.965,1,-5.571,1,0.0576,0.0216,0.569,0.382,0.296,132.002,4
spotify:track:0xDSZ754ZOdthmF784uuE5,"feel U luv Me","feel U luv Me","Knock2",2024-09-27,234158,51,false,,2025-10-31T20:23:35Z,"bass house,edm,bassline","88rising Music",0.655,0.944,11,-2.995,0,0.0821,0.0969,0.0311,0.178,0.287,130.035,4
spotify:track:5Cw7nxRDInmjQ1sCE9jyRi,"Wish We Could","Wish We Could","Nico de Andrea;Darla Jade;Syon",2020-05-29,234250,57,false,,2025-10-31T16:09:22Z,"afro house,melodic house,latin house,afro tech,tribal house","Headroom Records",0.652,0.865,6,-7.573,1,0.0412,0.000474,0.725,0.0721,0.367,120.01,4
spotify:track:6mfHJzb7C3EO1c8K3Jd6aC,"She Likes","She Likes","Dyzen",2024-04-11,404000,47,false,,2025-10-31T16:08:46Z,"melodic techno,melodic house","Habitat Recordings",0.844,0.576,8,-9.524,0,0.0437,0.0762,0.672,0.0738,0.129,119.994,4
spotify:track:3PpvhYXmJdfoxeXGWJmeas,"What To Do - &ME Remix","What to Do (Remixes)","Guy Gerber;&ME",2018-10-26,504590,56,false,,2025-10-31T16:07:18Z,"melodic house,afro house,afro tech,house","Rumors",0.904,0.727,7,-9.992,0,0.0591,0.0000648,0.861,0.0737,0.408,122.002,4
spotify:track:4SpESjSScmJyuMamD9MKOL,"Far Away Place - Rampa Remix","Far Away Place (Rampa Remix)","Xinobi;Vaarwell;Rampa",2018-11-30,219330,57,false,,2025-10-31T16:07:04Z,"melodic house,afro house,afro tech,house","Discotexas",0.566,0.826,6,-9.751,0,0.0357,0.173,0.76,0.166,0.162,123.005,4
spotify:track:0koayp1WcjhQjN5kS5JxoE,"The Way It Goes","Smiling Through The Pain","Swimming Paul",2024-06-21,184790,56,false,,2025-10-31T15:06:55Z,"stutter house","Headroom Records",0.825,0.688,8,-5.661,1,0.141,0.0079,0.169,0.286,0.361,128.021,4
spotify:track:3QTRSMkio5iEka29Ek2DD5,"Moving In","Feeling Fades","Rezident;Elmar",2025-05-09,243453,51,false,,2025-10-31T15:05:39Z,"melodic house,deep house","Anjunadeep",0.757,0.66,6,-8.051,1,0.0348,0.038,0.866,0.088,0.596,123.052,4
spotify:track:5cWaFA6vscNgj0lr7VI9U5,"Rain","Rain","oskar med k;Marini",2023-02-10,147840,43,false,,2025-10-31T15:04:34Z,"","7CULT powered by PULSE.CX",0.704,0.619,5,-10.148,1,0.138,0.5,0.701,0.137,0.348,124.948,4
spotify:track:2qtQauWqPaGHrmrXbDa35k,"Constellations","Constellations","Ian Asher;Jade LeMac",2025-10-10,163843,70,false,,2025-10-31T15:04:00Z,"","Arista Records",0.542,0.871,6,-4.064,0,0.0629,0.0943,0.000136,0.362,0.24,170.245,4
spotify:track:7KElj0MFcdUPPuBhIdbsfA,"Foolproof (Andhim Remix)","Foolproof (Andhim Remix)","Hayden James;Gorgon City;Nat Dunn;andhim",2021-05-07,222580,18,false,,2025-10-31T15:02:20Z,"house,deep house","Future Classic",0.619,0.898,1,-6.741,1,0.0356,0.00735,0.818,0.109,0.213,124.006,4
spotify:track:6hgwWlIP6LoMtJS4tc8NNv,"Hold Me Down","Hold Me Down","borne",2025-06-06,179062,43,false,,2025-10-31T14:58:05Z,"uk garage,bass music,dubstep","NIGHTMODE",0.666,0.642,7,-7.91,0,0.042,0.0184,0.855,0.289,0.116,140.034,4
spotify:track:3ywT26BnBxt1hSyXphVRu2,"Tippy","Tippy","Austeria",2023-12-13,200000,49,false,,2025-10-31T14:54:21Z,"dubstep","Wubaholics",0.552,0.445,8,-9.519,0,0.0895,0.00784,0.129,0.676,0.158,120.155,4
spotify:track:671OYld52yfCeFoZZSbVP0,"Ancient Dirt (L'etrusco uccide ancora)","Ancient Dirt (L'etrusco uccide ancora)","NIGHTMARE IN ROME;Ghostface Killah",2025-10-31,226298,30,false,,2025-10-31T13:54:53Z,"east coast hip hop,hardcore hip hop","Cam Sugar UME",0.42,0.724,5,-5.265,0,0.201,0.735,0.00000329,0.72,0.558,137.241,4
spotify:track:7DECteJjqNfryTmWFgG1Q9,"the time","the time","jigitz;Tabi",2025-10-17,122386,61,true,,2025-10-31T13:52:34Z,"stutter house","R&R Digital",0.771,0.788,8,-3.458,0,0.0532,0.0017,0.0135,0.273,0.34,130.031,4
spotify:track:1AONUJWKH8RufJKrN1p6Mr,"It's Strange (feat. K.Flay) - jigitz Remix","It's Strange (feat. K.Flay) [10th Anniversary Edition]","Louis The Child;K.Flay;jigitz",2025-10-22,173093,52,true,,2025-10-31T13:51:20Z,"stutter house","Ultra Records, LLC",0.533,0.872,0,-3.531,1,0.0575,0.0421,0.000446,0.0706,0.149,172.052,4
spotify:track:0QgRQ5uxzGcRFcjXU0bt9L,"ON JOB","ON JOB","Zero",2025-10-03,198002,46,false,,2025-10-31T13:50:45Z,"bassline,uk garage,bass house,drum and bass","Deadbeats",0.613,0.736,10,-5.829,0,0.0739,0.476,0.21,0.963,0.417,140.031,4
spotify:track:3AVhbEtlXyewtYlW1y8J3F,"Penjamin Franklin","Penjamin Franklin","Dank Sauce",2025-10-10,203089,37,true,,2025-10-31T13:49:41Z,"","Sauce Records",0.566,0.517,0,-9.8,1,0.0377,0.0151,0.00000531,0.114,0.25,140.203,4
spotify:track:4UKWtuFJqdCIRGjqAb8ykS,"LOOK","LOOK","Nikita, the Wicked;Emi Grace",2025-10-03,159964,49,false,,2025-10-31T13:49:23Z,"uk garage,bass music","Helix Records",0.727,0.862,0,-4.722,1,0.125,0.0101,0.172,0.118,0.35,140.045,4
spotify:track:6qWLbvEkHL64oRjX0Am9zq,"UGS","UGS","Kill Safari;Kill The Noise;Bro Safari",2025-10-31,137379,39,true,,2025-10-31T13:48:44Z,"dubstep,deathstep,riddim,melodic bass,moombahton,edm trap","Deadbeats",0.629,0.943,2,0.198,1,0.0711,0.00102,0.00921,0.195,0.0908,144.948,4
spotify:track:1Km1gkxBuN49H3dIsCRxgx,"Runna","Runna","Rova",2025-10-30,170057,45,false,,2025-10-31T13:48:30Z,"drum and bass","UKF",0.564,0.98,5,-0.829,0,0.0859,0.0619,0.847,0.118,0.587,174.961,4
spotify:track:4u3aErjHkwVqqdyfNDMyJ1,"I Know Places","Wounded Rhymes","Lykke Li",2011,386786,51,false,,2025-10-31T13:20:23Z,"","Atlantic Records UK",0.368,0.114,7,-14.043,0,0.0334,0.762,0.0145,0.0872,0.0488,102.061,4
spotify:track:509azf6Ov9iwk2QoxvBCb9,"Stay High","Crew 8","Chris Di Perri",2025-08-25,177230,20,false,,2025-10-31T12:34:00Z,"tech house","BANDIDOS",0.801,0.951,8,-5.826,0,0.043,0.000542,0.358,0.115,0.901,129.992,4
spotify:track:5P0xOBVKe4B71zy9iGiyod,"I Got It","Come to Me","Darius Syrossian",2025-09-22,321860,25,false,,2025-10-31T12:33:58Z,"tech house,house,disco house","Happy Techno Music",0.749,0.728,8,-7.173,0,0.0928,0.000104,0.235,0.0706,0.225,128.985,4
spotify:track:4uBBfGGVzLFd5oJc1ayn9A,"Gonna Like It - Radio Edit","Catchy Cuts, Vol. 7","Victor Romero",2025-08-29,195000,6,false,,2025-10-31T12:33:56Z,"tech house","Flashmob Records",0.798,0.878,1,-9.767,0,0.0612,0.0146,0.724,0.12,0.627,128.03,4
spotify:track:1Gj1JQ1ICic57hEaNHs56f,"Mad Man - Radio Edit","Catchy Cuts, Vol. 7","Lexx Groove",2025-08-29,224500,3,false,,2025-10-31T12:33:55Z,"tech house","Flashmob Records",0.802,0.775,6,-8.124,0,0.062,0.000812,0.704,0.312,0.362,124.999,4
spotify:track:1JR3cLdPWwOuLOKeOEdigw,"Can't Stop","Can't Stop","Solomun",2024-06-14,205977,39,false,,2025-10-31T12:33:54Z,"melodic techno,minimal techno,deep house,melodic house","Running Back",0.593,0.746,7,-10.857,1,0.0388,0.00541,0.78,0.282,0.38,133.004,4
spotify:track:2F5vyJXCFLsgbZhmMk5uOy,"BOOM","BOOM","Slugg",2025-08-08,220446,28,false,,2025-10-31T12:33:52Z,"tech house","Factory 93 Records",0.707,0.82,7,-6.581,1,0.0401,0.00516,0.799,0.0746,0.769,128.024,4
spotify:track:7MmsdCY9pWDShRZadCieHX,"Body On Point - Detlef Remix","Body On Point EP","Artslaves;Detlef",2025-04-18,318892,4,false,,2025-10-31T12:33:51Z,"tech house","Issues",0.802,0.562,2,-10.525,1,0.0938,0.000328,0.718,0.094,0.711,130.011,4
spotify:track:4tnmkIz3khL591h4O59ayg,"Gheddo","Blow","Chris Di Perri",2025-06-27,177230,18,false,,2025-10-31T12:33:50Z,"tech house","BANDIDOS",0.794,0.759,6,-5.873,1,0.0525,0.0011,0.831,0.147,0.687,130.018,4
spotify:track:69Mas4xp4qfFJOUQVkwnFd,"Eularia","Blow","Chris Di Perri",2025-06-27,171162,15,false,,2025-10-31T12:33:49Z,"tech house","BANDIDOS",0.795,0.773,10,-5.814,0,0.0453,0.0000678,0.441,0.102,0.759,129.007,4
spotify:track:18WDPbY4nqbzHIgzkU2GGQ,"Blackout","Blackout","Harry Romero",2025-05-09,168423,17,false,,2025-10-31T12:33:47Z,"tech house,tribal house,house","Faith",0.701,0.904,9,-7.124,0,0.0618,0.0024,0.909,0.149,0.708,126.992,4
spotify:track:4m864EvyloLwPVHUyup5QE,"Dreams","Be Mine EP","Simes",2025-08-08,209302,15,false,,2025-10-31T12:33:46Z,"house","LTF Records",0.801,0.893,7,-6.494,1,0.0412,0.00153,0.926,0.12,0.468,129.026,4
spotify:track:62bjfb5YMLvZU44vfjJVxp,"BEATS FOR THE UNDERGROUND","BEATS FOR THE UNDERGROUND","Mau P",2024-01-26,214527,59,false,,2025-10-31T12:33:44Z,"tech house,house","Repopulate Mars",0.746,0.978,10,-4.879,0,0.0644,0.0211,0.00939,0.112,0.659,125.99,4
spotify:track:2kEQ7K0wfUeTYF4AywqF4I,"The Beat","Bassline","Danny Serrano",2025-04-18,164516,8,false,,2025-10-31T12:33:42Z,"tech house,tribal house","Moon Harbour",0.834,0.912,10,-6.64,0,0.0601,0.00047,0.886,0.104,0.262,123.98,4
spotify:track:5htuJrbCpEAkRhEuOqwML8,"Bassline","Bassline","Danny Serrano",2025-04-18,177637,6,false,,2025-10-31T12:33:41Z,"tech house,tribal house","Moon Harbour",0.817,0.83,8,-6.125,1,0.0525,0.0303,0.555,0.0328,0.305,127.008,4
spotify:track:5Td21CfLLkb4wUmipNwifP,"Dat Girl - Original Mix","Anti Hype","ENNE (BR)",2025-07-18,360218,11,false,,2025-10-31T12:33:40Z,"tech house,latin house","DPE",0.806,0.662,2,-8.837,1,0.0532,0.00627,0.337,0.0847,0.822,128.008,4
spotify:track:4CtGY92cHrh6FfokI6crgg,"Anti Hype - Original Mix","Anti Hype","ENNE (BR)",2025-07-18,366505,11,false,,2025-10-31T12:33:39Z,"tech house,latin house","DPE",0.8,0.898,11,-9.101,0,0.0725,0.00505,0.818,0.0811,0.857,131.001,4
spotify:track:5kR8mAWFPLsQsUQlLCNKZt,"Again","Again","Eddy M",2025-04-25,167272,12,false,,2025-10-31T12:33:38Z,"tech house","EMrec",0.818,0.787,2,-8.898,1,0.0757,0.00139,0.0613,0.0879,0.46,131.992,4
spotify:track:3Cl6P4lQNDAiSSWVTbp4L9,"After Track - wAFF Remix","After Track EP","Lorenzo De Blanck;wAFF",2024-10-25,390000,5,false,,2025-10-31T12:33:37Z,"tech house,deep house","Moan",0.801,0.888,11,-8.121,0,0.0426,0.00481,0.893,0.103,0.963,127.996,4
spotify:track:4IQyORSJmEUrOFAdUvylW0,"After Five","After Five","Luke Alessi",2024-11-08,216253,45,false,,2025-10-31T12:33:36Z,"indie dance","Life And Death",0.79,0.926,6,-5.709,0,0.0486,0.0572,0.838,0.0727,0.272,125.994,4
spotify:track:3XF34wLLHxrHBrl5uIryiE,"Forever - MEDUZA Remix","Forever (MEDUZA Remix)","HUGEL;Diplo;Malou;Yuna;MEDUZA",2025-01-03,161463,41,false,,2025-10-31T12:28:01Z,"latin house,afro house,techengue,moombahton,melodic house,malay,malaysian pop","Insomniac Records",0.42,0.706,7,-7.838,1,0.0483,0.0146,0.131,0.373,0.0376,122.987,4
spotify:track:6ASkRRVqWOZxREtftzcd0t,"Bullet","Bullet","Diplo;VAVO;Priscilla Block",2025-04-23,155135,48,false,,2025-10-31T12:27:52Z,"moombahton,country","Sony Music Nashville",0.729,0.773,1,-7.495,1,0.0332,0.00311,0.000157,0.165,0.539,123.995,4
spotify:track:5aVG8jRqGOHVtm5zfwqEta,"No California - Diplo Remix","No California (Diplo Remix)","Ilsey;Diplo",2025-05-09,186446,32,false,,2025-10-31T12:27:37Z,"moombahton","Atlantic Records",0.682,0.83,9,-6.11,0,0.106,0.0253,0.000276,0.126,0.305,120.862,4
spotify:track:5nPbKG04fhLkIAjcPFaZq7,"I Adore You (feat. Daecolm)","I Adore You (feat. Daecolm)","HUGEL;Topic;Arash;Daecolm",2024-07-19,214000,84,false,,2025-10-31T12:26:37Z,"latin house,afro house,techengue","Intercord",0.704,0.787,11,-6.751,0,0.0462,0.00926,0.00538,0.159,0.31,119.996,4
spotify:track:1Ks2UH3WvpohH9q8b03NM7,"Skank N Flex (with Scrufizzer)","House of Wax","Wax Motif;Taiki Nulight;Scrufizzer",2022-02-18,200742,44,false,,2025-10-31T10:14:35Z,"bass house,g-house,tech house,bassline,uk garage,grime,drum and bass","Divided Souls (CMG)",0.969,0.87,9,-4.805,1,0.123,0.00416,0.00593,0.0789,0.567,130.054,4
spotify:track:71UHQXakPcIRxsUz6rUbu2,"Chop Dat","Chop Dat","Becking",2024-10-18,219440,37,false,,2025-10-31T05:16:14Z,"uk garage","24hr Garage Girls",0.749,0.898,11,-5.236,0,0.0689,0.00119,0.525,0.53,0.175,140.022,4
spotify:track:77gSOIxkAv7wQpfHyfX2Sx,"GANGSTA","GANGSTA (Remixes)","Major Lazer;Diplo;Busy Signal;Kybba",2025-10-03,132244,26,false,,2025-10-31T05:15:10Z,"moombahton,dancehall,reggae,lovers rock,ragga,soca,riddim,roots reggae,shatta","Mad Decent",0.812,0.559,5,-6.507,0,0.248,0.0176,0.00000338,0.679,0.349,98.056,4
spotify:track:2yS6i6FNnc9kTSlgcRQoQm,"HOLLYWOOD - Diplo Remix","HOLLYWOOD (Diplo Remix)","YG;Shoreline Mafia;OHGEESY;Diplo",2025-10-10,162000,54,true,,2025-10-31T05:14:46Z,"moombahton","BMG Rights Management (US) LLC",0.966,0.714,10,-4.191,1,0.258,0.35,0,0.0834,0.769,119.982,4
spotify:track:6gRNWnK8b8BVfzrF65HGcf,"PSYCHWARD (with WesGhost ft. Project Pat)","PSYCHWARD","Diplo;WesGhost;Project Pat;d00mscrvll",2025-10-17,173333,51,true,,2025-10-31T05:14:29Z,"moombahton,southern hip hop,crunk,gangster rap","d00mscrvll",0.627,0.772,7,-6,1,0.0311,0.0143,0.00000244,0.13,0.528,144.031,4
spotify:track:32seaxN8ylWOJuzLbCVIGT,"My Money (ft. Yo Gotti)","My Money (ft. Yo Gotti)","Diplo;Yo Gotti;d00mscrvll",2025-10-30,115680,34,true,,2025-10-31T05:14:00Z,"moombahton,southern hip hop","d00mscrvll",0.752,0.648,1,-7.116,1,0.168,0.143,0.0000314,0.124,0.532,124.943,4
spotify:track:40MmSkfSJXyJu7cvaBG17t,"Teke Teke","Teke Teke","HUGEL;Tom Enzy",2024-10-25,212682,54,false,,2025-10-31T03:24:48Z,"latin house,afro house,techengue,slap house,tribal house","Make The Girls Dance Records",0.903,0.669,10,-7.274,0,0.226,0.00688,0.832,0.115,0.0528,122.992,4
spotify:track:7lDGg8CFySbkKUrjgzcLlY,"The Less I Know The Better","The Less I Know The Better","Mau P",2025-02-28,176114,73,false,,2025-10-31T03:24:35Z,"tech house,house","Nervous Records",0.754,0.8,6,-7.383,0,0.0506,0.000793,0.651,0.352,0.948,128.001,4
spotify:track:2g9w3HSybtedX4QQCwITWt,"Losing Control - VIP","Losing Control (VIP)","Jaenga",2025-10-23,248511,38,false,,2025-10-30T08:21:12Z,"dubstep,bass music","Field Trip Records",0.65,0.743,1,-2.796,1,0.0309,0.00639,0.439,0.248,0.264,140.048,4
spotify:track:6TNKtqFDj2gRQNHn2bbJF4,"Home","Starlight","Jaenga;Charmae",2025-03-28,231697,41,false,,2025-10-30T08:21:02Z,"dubstep,bass music","Field Trip Records",0.603,0.535,8,-5.22,0,0.0292,0.0246,0.42,0.211,0.235,144.928,4
spotify:track:6Xx6KRpa03FgxyLy1H11XY,"Gold","Gold","Ashez;Heirz",2025-09-25,233142,39,false,,2025-10-30T08:19:40Z,"bass music","Sleeveless Records",0.696,0.714,11,-4.299,1,0.0711,0.0523,0.177,0.147,0.28,140.02,4
spotify:track:3NVBJRH0UiPvqAf0ItonHt,"LOOK4MYLOVE","LOOK4MYLOVE","33 Below;RL Grime",2025-08-29,220108,48,false,,2025-10-30T02:41:42Z,"stutter house,uk garage,bassline,edm trap","Major Recordings/Warner Records",0.621,0.942,8,-3.689,1,0.0639,0.000555,0.255,0.164,0.365,138.01,4
spotify:track:7KQo3yh1nwpFdFXAdIDI5P,"2 Step","2 Step","Jauz",2025-10-03,147200,40,false,,2025-10-30T02:41:17Z,"bass house,edm,future house,dubstep,electro house","Bite This!",0.494,0.998,11,-1.774,1,0.0951,0.0193,0.19,0.187,0.653,150.122,4
spotify:track:4dU0IAbfvmoooQwcHBobjD,"Got Damn - Hotfire Remix","Night Bass Remixed Vol. 1","AC Slater;Petey Clicks;Hotfire",2017-07-07,230000,14,false,,2025-10-30T01:30:10Z,"bass house,bassline,g-house,uk garage","Night Bass Records",0.82,0.872,4,-6.695,0,0.0498,0.0223,0.849,0.0775,0.695,126.997,4
spotify:track:7pZJ7jGR6skYEkIYpjIE8b,"Seismic","Seismic","AC Slater;Chris Lorenzo;Fly With Us",2023-09-29,208125,46,false,,2025-10-30T01:28:43Z,"bass house,bassline,g-house,uk garage,house,tech house","Fly With Us",0.508,0.729,10,-6.424,0,0.207,0.0508,0.867,0.161,0.335,128.031,4
spotify:track:3ply3Sng6ThYQU6EXjKl1X,"King","Noise To Dance To","LYNY;Elohim",2025-10-17,182464,41,true,,2025-10-29T22:59:29Z,"bass music,dubstep","Noxious Recordings",0.689,0.945,6,-2.363,0,0.0404,0.0433,0.000234,0.0811,0.16,140.053,4
spotify:track:1PzHhr0ba4iuHOl4O00J60,"Fire","Noise To Dance To","LYNY",2025-10-17,210490,41,false,,2025-10-29T22:59:19Z,"bass music,dubstep","Noxious Recordings",0.43,0.971,9,-2.11,1,0.246,0.11,0.00000536,0.138,0.236,129.074,4
spotify:track:069jC1F0niMQheWmuDjy0Y,"Money","Noise To Dance To","LYNY",2025-10-17,202816,41,false,,2025-10-29T22:58:53Z,"bass music,dubstep","Noxious Recordings",0.697,0.886,7,-3.318,1,0.215,0.106,0.0029,0.144,0.467,142.087,4
spotify:track:6XLfe3gcwz3Q6yPdJQHjxu,"Triumph","Noise To Dance To","LYNY;Cozy Kev",2025-10-17,141584,43,false,,2025-10-29T22:58:18Z,"bass music,dubstep,lo-fi beats","Noxious Recordings",0.668,0.717,1,-4.341,1,0.307,0.354,0.00386,0.414,0.24,140.051,4
spotify:track:2V1eowXHI3hjSJkVauC7DS,"Section","Noise To Dance To","LYNY",2025-10-17,174857,46,false,,2025-10-29T22:57:55Z,"bass music,dubstep","Noxious Recordings",0.594,0.871,8,-3.826,1,0.054,0.0719,0.000194,0.655,0.289,139.933,4
spotify:track:3mPJHVpCvzykoxmWnYdnFq,"Frontier Psychiatrist","Since I Left You (20th Anniversary Deluxe Edition)","The Avalanches",2000-11-27,287693,53,false,,2025-10-29T05:41:33Z,"","Universal Music Australia Pty. Ltd.",0.712,0.902,6,-7.426,1,0.355,0.114,0.000216,0.394,0.402,98.938,4
spotify:track:2RJnW5OLYkMUcxn9Hv8XIg,"Cursive (feat. Manchester Orchestra)","A Quiet and Harmless Living","Matt Maeson;Manchester Orchestra",2025-09-12,227920,58,false,,2025-10-29T04:58:44Z,"","Atlantic Records",0.546,0.521,2,-7.789,1,0.0289,0.346,0.00000291,0.113,0.314,142.007,3
spotify:track:4oS1UEAjl1Fs2nCpOAbp9Q,"Shake It Out","Mean Everything To Nothing","Manchester Orchestra",2009-04-21,311440,42,false,,2025-10-29T04:57:00Z,"","Favorite Gentlemen/Canvasback",0.431,0.877,10,-4.762,0,0.0704,0.0002,0.000252,0.152,0.262,148.298,4
spotify:track:2pwdgph51JIwFkhmvZdgAn,"I Can Feel a Hot One","Mean Everything To Nothing","Manchester Orchestra",2009-04-21,259346,42,false,,2025-10-29T04:51:20Z,"","Favorite Gentlemen/Canvasback",0.552,0.299,8,-11.372,1,0.0315,0.485,0,0.113,0.0608,124.273,4
spotify:track:1TmMehHY1wPOkukAVBA7fb,"Handcuffs","The Devil And God Are Raging Inside Me","Brand New",2006-01-01,250906,37,false,,2025-10-29T03:50:23Z,"emo,pop punk,post-hardcore","Dreamworks Brand New",0.538,0.436,11,-8.972,0,0.0252,0.184,0.000096,0.0933,0.159,102.601,4
spotify:track:0K3Xm2MeSXKbvydIJfTpuN,"Like Eating Glass","Silent Alarm","Bloc Party",2005-03-22,260972,48,false,,2025-10-29T03:47:31Z,"indie rock","Vice Records/Atlantic",0.399,0.982,6,-4.832,0,0.159,0.0003,0.000204,0.0947,0.224,160.261,4
spotify:track:0MEjZnIzUxdGZUMRNJJujA,"Luno","Silent Alarm","Bloc Party",2005-03-22,235813,36,false,,2025-10-29T03:47:25Z,"indie rock","Vice Records/Atlantic",0.402,0.969,6,-3.359,0,0.163,0.0000289,0.0000487,0.147,0.569,185.952,4
spotify:track:2YxXuCdbUpil3P7tRjhW1t,"Banquet","Silent Alarm","Bloc Party",2005-03-22,196613,62,false,,2025-10-29T03:47:15Z,"indie rock","Vice Records/Atlantic",0.578,0.892,10,-7.952,0,0.0441,0.000139,0.0111,0.215,0.892,150.255,4
spotify:track:2P1qDEybMfCl9b51DxXTfm,"Concertina","Tremulant","The Mars Volta",2002-04-02,294596,25,false,,2025-10-29T03:40:45Z,"progressive rock,progressive metal,art rock","Clouds Hill",0.201,0.784,0,-4.297,0,0.0508,0.000389,0.0217,0.0498,0.217,171.431,3
spotify:track:2WpuMgNECj9urF4xHQVoav,"World Is Yours","Nexum","INZO;Blookah;ProbCause",2025-08-08,204000,41,false,,2025-10-28T13:59:56Z,"future bass","Local Void",0.622,0.802,10,-5.413,0,0.171,0.02,0,0.0953,0.243,130.031,4
spotify:track:1UtglVF0qRCElmVdU6bWuc,"Drugs I Like (AVELLO Remix)","Drugs I Like (AVELLO Remix)","nate band;AVELLO",2025-09-19,145714,49,false,,2025-10-28T13:58:48Z,"melodic bass","Thirty Knots",0.618,0.942,2,-0.807,1,0.299,0.254,0.00037,0.699,0.205,140.169,4
spotify:track:6oGFDrlsSXovBIAY7gNYIq,"By My Side","Snack Pack Vol. 1","Levity",2025-09-24,222978,57,false,,2025-10-28T13:57:51Z,"dubstep","Ultra Records, LLC",0.631,0.936,5,-2.314,0,0.0953,0.0496,0.0000315,0.139,0.338,140.996,4
spotify:track:2vVYYm1KgXXQ6QjKTTdiDl,"Halfstep","Halfstep","TRICKSTAR",2025-09-12,151113,39,false,,2025-10-28T13:56:53Z,"edm trap","Dim Mak Records",0.876,0.626,9,-1.331,1,0.0882,0.00153,0.774,0.286,0.816,139.993,4
spotify:track:4uL8aMOboWSKK0CWsW5KyD,"Untouchable","Substance","MPH;Habstrakt",2025-10-03,234723,45,false,,2025-10-28T13:55:44Z,"uk garage,bassline,bass house,rally house,g-house,dubstep","MPH",0.85,0.949,7,-3.924,1,0.266,0.134,0.252,0.904,0.311,136.038,4
spotify:track:6VQCmKT5jFdHJVGMbAnxoO,"Threads","Threads","What So Not;Buunshin;Maiah Manser",2025-10-03,294404,51,false,,2025-10-28T13:55:05Z,"future bass,drum and bass,liquid funk,drumstep","For My Sanity",0.42,0.776,9,-4.658,0,0.108,0.0695,0.477,0.118,0.0782,171.995,4
spotify:track:3JKVYwlQnahhXpgggzTffU,"Hot Like This","Hot Like This","Yellow Claw;Acyan",2025-10-10,147229,46,false,,2025-10-28T13:54:50Z,"edm,edm trap,bass music","Barong Family",0.572,0.998,1,-2.224,0,0.0531,0.00794,0.123,0.0742,0.771,150.008,4
spotify:track:2XV4F7YxRJJLvNpzdobbnB,"MOSHPIT","WHOISZOEY?","Zoey808",2025-09-19,157808,36,true,,2025-10-28T13:54:42Z,"uk garage","Zoey Worldwide",0.613,0.956,1,-4.133,1,0.0421,0.00877,0.0749,0.412,0.224,145.903,4
spotify:track:79731bpTWayIgYcrNynym3,"SHAKE A LIL’ SOMETHIN’","SHAKE A LIL’ SOMETHIN’","ero808;NXSTY;RYA",2025-08-29,181384,53,false,,2025-10-28T13:52:49Z,"bass house","ero808",0.764,0.769,0,-3.958,1,0.0751,0.0287,0.0206,0.107,0.747,129.976,4
spotify:track:4BZDFSkvQHfvM1MoWbCLSR,"XTC","XTC","Alison Wonderland;Whyte Fang",2025-10-03,162266,51,false,,2025-10-28T13:52:14Z,"edm trap,future bass,edm","EMI Recorded Music Australia Pty Ltd",0.641,0.907,2,-4.09,1,0.0996,0.00014,0.291,0.337,0.261,154.985,4
spotify:track:2c1qDyayLpbLMunxnnADZ5,"Og Future","Og Future","Specter FXX-K",2022-01-21,156800,23,false,,2025-10-28T13:43:43Z,"","Specter FXX-K Records",0.531,0.653,4,-12.607,0,0.0287,0.0434,0.851,0.147,0.418,150.018,4
spotify:track:3sHzLu2ZMATeZgF552TDBM,"Fortnite OG Classic Theme - Piano Version","Fortnite OG Classic Theme (Piano Version)","NPT Music",2023-12-08,122000,15,false,,2025-10-28T13:41:53Z,"","Pearl Productions",0.276,0.0752,9,-19.684,1,0.0411,0.961,0.893,0.0894,0.116,74.597,5
spotify:track:5ozX433yfK9ud4w3tcB90A,"Bout Dat","Bout Dat","PHANTASM",2025-10-10,187499,18,false,,2025-10-28T12:50:28Z,"bass house,bassline","Bite This!",0.747,0.914,1,-5.558,1,0.0473,0.00835,0.851,0.385,0.137,128.004,4
spotify:track:4aiNvu0I7nvz2eWQOVZzur,"Roller - 2025 Remaster","Blood For Mercy (10th Anniversary 2025 Remaster)","Yellow Claw",2025-10-10,197160,27,false,,2025-10-28T12:44:01Z,"edm,edm trap","Mad Decent",0.65,0.757,2,-5.767,0,0.0301,0.0816,0.676,0.55,0.339,139.968,4
spotify:track:2LM4iwg5H429UfCe7Gu6HA,"Want It","Want It","PEEKABOO;borne",2025-10-17,224727,50,false,,2025-10-28T12:37:29Z,"dubstep,bass music,riddim,uk garage","Major Recordings/Warner Records",0.596,0.953,2,-3.039,1,0.0767,0.00674,0.714,0.166,0.0618,139.916,4
spotify:track:44VOnQs3PpC7MztB3RVj9A,"Reach Me","Reach Me","Phrva;Rico 56",2025-10-09,277333,33,false,,2025-10-28T12:37:16Z,"bass music,dubstep,deep house","Deadbeats",0.565,0.623,2,-9.361,0,0.0365,0.0409,0.0525,0.632,0.039,134.966,4
spotify:track:7eVE8AwiAd4kbzDceKs7qm,"Cry - Extended Mix","Cry","Adventure Club;AVELLO",2025-10-10,186857,34,false,,2025-10-28T12:37:01Z,"melodic bass,dubstep,edm,chillstep,future bass","Ultra Records, LLC",0.52,0.974,4,-1.574,0,0.136,0.173,0.00447,0.671,0.0918,140.034,4
spotify:track:1Ca7IBRiNfOJT5STMI7suU,"Funk You Up!","Funk You Up!","GRiZ",2025-10-24,151578,55,false,,2025-10-28T12:36:49Z,"dubstep","GRiZ LLC",0.682,0.941,7,-0.91,1,0.108,0.00108,0.0253,0.117,0.572,95.035,4
spotify:track:2wGRIasMJFkp2NLAISSZov,"Just What I Said (Everything In Its Right Place)","Just What I Said (Everything In Its Right Place)","High Beam",2025-02-14,196088,68,false,,2025-10-27T05:07:49Z,"","High Beam",0.824,0.502,1,-8.179,1,0.0477,0.482,0.409,0.109,0.197,124.021,4
spotify:track:150C8CyF5Gw1C2o7ZW16c6,"Concentration","Don't Slow Down","Grafix",2025-10-10,206896,39,false,,2025-10-27T04:48:20Z,"drum and bass,liquid funk","Grafix Music",0.454,0.987,1,-1.373,1,0.0509,0.01,0.867,0.224,0.537,174.045,4
spotify:track:7n1xnkjwwJcPtjtKUz8M0P,"Tell Me","Hallow Tapes","Tape B",2021-10-27,120000,33,false,,2025-10-27T04:47:44Z,"dubstep,bass music,riddim","Tape B",0.792,0.72,1,-4.785,1,0.047,0.0251,0.602,0.277,0.354,84.043,4
spotify:track:2GSIXbSNZRF2mUl4LnoOeD,"I HATE RICH CUNTS","SOCIAL COHESION","MUDRAT",2025-08-29,166140,52,true,,2025-10-13T05:37:33Z,"","MUDRAT",0.692,0.889,0,-5.903,1,0.22,0.0321,0,0.112,0.91,85.055,4
spotify:track:0IoD88QDxy5GPip9IzlzyI,"Certified","Certified","AYYBO",2024-07-26,216093,60,false,,2025-10-13T05:19:42Z,"tech house,house","Insomniac Records",0.796,0.908,2,-4.894,1,0.0959,0.0335,0.676,0.366,0.57,128.039,4
spotify:track:20UnbY4JAUTbSCf38TKDdz,"Play Me","Play Me","Fcukers",2025-07-22,169411,55,true,,2025-10-13T05:18:51Z,"","Ninja Tune",0.733,0.697,11,-5.984,1,0.101,0.0514,0.00831,0.029,0.846,169.94,4
spotify:track:5o3iFDr3syIS8juM2YCkqI,"Wyl' Out","Wyl' Out","Duckwrth",2025-09-10,173933,50,true,,2025-10-13T05:18:17Z,"","Them Hellas/The Blind Youth",0.727,0.691,7,-6.371,1,0.0357,0.0314,0.000255,0.193,0.552,127.961,4
spotify:track:4zfgGrMsGjveZJbp5Id7qX,"Handle With Care","Handle With Care/Be The 1","Conducta",2025-03-05,181874,50,false,,2025-10-13T05:17:30Z,"uk garage,bassline,uk funky","Independent",0.638,0.728,7,-4.049,0,0.028,0.011,0.335,0.685,0.388,127.996,4
spotify:track:11RXJgrGmyPJEtbOJ9ZFYQ,"Beat Keep Rockin'","Beat Keep Rockin'","Starjunk 95",2025-02-14,183857,57,false,,2025-10-13T05:16:55Z,"rally house,breakcore","Smile Bomb",0.749,0.827,8,-6.617,0,0.0399,0.00343,0.483,0.114,0.512,139.962,4
spotify:track:2bCjaF7cRm53Wdq9RtkYJu,"Neck And Neck - DNMO Remix","Northern Lights (Remixes)","Zeds Dead;Dragonette;DNMO",2017-06-09,182400,54,false,,2025-10-13T05:15:43Z,"dubstep,edm,drum and bass","Deadbeats",0.601,0.591,5,-7.407,0,0.0337,0.0188,0.0766,0.126,0.37,150.044,4
spotify:track:0jyNWv3M0TGvVS4QD77uO7,"Flamethrower","Flamethrower","Circadian;Cody Frost",2025-09-25,251379,56,false,,2025-10-13T05:15:20Z,"drum and bass","UKF",0.341,0.857,7,-2.638,0,0.056,0.00521,0.0212,0.119,0.0428,173.972,4
spotify:track:6zSLy6mrBrMlzaIn9UDw6o,"SIN MIEDO","I LAY DOWN MY LIFE FOR YOU","JPEGMAFIA",2024-08-01,166960,55,true,,2025-10-11T22:47:06Z,"experimental hip hop,alternative hip hop,experimental","2024 Peggy Under Exclusive License to AWAL Recordings America, Inc.",0.602,0.764,0,-2.885,1,0.192,0.0213,0,0.216,0.768,145.141,4
spotify:track:5Kqr27us3rTeuchp9Z6Inf,"Dead Presidents II","Reasonable Doubt","JAY-Z",1996-06-25,266066,37,true,,2025-10-11T22:45:28Z,"hip hop,east coast hip hop,rap","Roc-A-Fella",0.626,0.912,7,-8.758,0,0.426,0.174,0.00000108,0.149,0.579,174.57,4
spotify:track:5NSDa2BUcy8pj4WiOLQWGV,"Entwine","Entwine","Vacult",2025-10-03,178295,23,false,,2025-10-10T19:34:54Z,"bass house","Cult House",0.703,0.942,4,-4.596,0,0.0462,0.00761,0.159,0.19,0.605,132.044,4
spotify:track:6ih6vYggeYPomAbJupA4hA,"LONG DISTANCE","Escapism","Sam Gellaitry",2015-11-30,219474,47,false,,2025-10-08T02:12:29Z,"","XL Recordings",0.648,0.764,3,-4.594,1,0.364,0.778,0.00019,0.407,0.375,75.565,4
spotify:track:0MIyU9W5yGG11uMeBdm80J,"Keys Open Doors","Hell Hath No Fury","Clipse",2006-11-27,199426,45,true,,2025-10-08T02:00:15Z,"","Arista",0.61,0.982,6,-3.077,0,0.266,0.196,0.0245,0.154,0.711,84.737,4
spotify:track:6cAldqwmbUwpM8D17FWtPL,"Mr. Me Too","Hell Hath No Fury","Clipse",2006-11-27,221906,53,true,,2025-10-08T01:59:42Z,"","Arista",0.683,0.581,7,-7.077,1,0.316,0.337,0,0.208,0.708,90.984,4
spotify:track:0N4oKW9st8vwSEQi9Y3vHn,"Community (with Clipse, Pusha T & Malice)","God Does Like Ugly (Preluxe Edition)","JID;Clipse;Pusha T;Malice",2025-08-07,265527,58,true,,2025-10-08T00:29:11Z,"","Dreamville/Interscope Records",0.504,0.841,11,-4.079,0,0.341,0.474,0,0.0954,0.67,151.497,4
spotify:track:1z6pTKnrEpokcfwked9cNx,"I'm Not Alone - MPH Remix","I'm Not Alone (MPH Remix)","Calvin Harris;MPH",2025-08-08,213333,67,false,,2025-10-08T00:09:32Z,"edm,uk garage,bassline,bass house,rally house","Columbia",0.749,0.96,6,-4.204,1,0.0881,0.00799,0.721,0.156,0.0589,135.025,4
spotify:track:0IvrXoiEersp0bPYwCEMNC,"LA NYC","Substance","MPH",2025-10-03,245333,47,false,,2025-10-08T00:07:57Z,"uk garage,bassline,bass house,rally house","MPH",0.828,0.958,10,-2.786,0,0.104,0.0509,0.0000184,0.0778,0.354,134.986,4
spotify:track:0YDD142tXRHzkhMeVdD0PB,"DIAMONDzZz","WHOISZOEY?","Zoey808",2025-09-19,171428,23,false,,2025-10-07T20:23:36Z,"uk garage","Zoey Worldwide",0.816,0.974,8,-0.833,0,0.0787,0.0378,0.172,0.0752,0.408,140.003,4
spotify:track:7B3ePElP8QFJcKLSqCVvtJ,"ROUGH","ROUGH","Finnuh",2025-10-01,171428,21,false,,2025-10-07T01:15:14Z,"riddim,deathstep,dubstep","Recall Records",0.722,0.942,1,-0.043,1,0.427,0.0576,0.0000483,0.315,0.312,140.202,4
spotify:track:4FL3d3TCUJJ9eBs49g5nKL,"Scarface","Piñata (Deluxe Edition)","Freddie Gibbs;Madlib",2021-02-26,126866,25,true,,2025-10-06T04:20:39Z,"jazz rap,alternative hip hop,experimental hip hop","Madlib Invazion",0.566,0.83,9,-5.82,1,0.396,0.0235,0.0002,0.301,0.686,89.603,4
spotify:track:2IoJwpD8R974MRaRsDI2md,"S2S","S2S","STVSH;Pryzms",2025-04-11,192000,34,false,,2025-10-04T07:11:50Z,"bass music,dubstep,edm trap","STVSH & PRYZMS",0.769,0.887,2,-5.05,1,0.0759,0.0145,0.0603,0.112,0.132,139.987,4
spotify:track:5OKAxnNilTLPHcAMESCjWy,"Light","Return to the Spectrum of Intergalactic Happiness","Zeds Dead",2025-03-07,258000,40,false,,2025-10-03T02:50:45Z,"dubstep,edm","Deadbeats",0.308,0.902,3,-5.543,1,0.0931,0.0792,0.824,0.163,0.0865,160.028,4
spotify:track:1erl1XqkftPhI9spxYnJsv,"Run for Your Life","Big Grams","Big Grams",2015-09-25,236093,30,true,,2025-10-03T02:42:59Z,"","Epic/Republic",0.773,0.785,1,-7.592,1,0.166,0.372,0.000466,0.369,0.369,107.023,4
spotify:track:3GFtSFKveLPMsILFZScPS6,"King","Ali","Mike G",2010-04-11,186005,28,true,,2025-10-03T02:40:52Z,"","Odd Future Records",0.873,0.415,6,-10.239,1,0.269,0.655,0,0.0987,0.478,145.927,4
spotify:track:5XupGqFWL9gxTYIrzJhRgN,"Invoice","Sidewalk Exec","Bodega Bamz;V Don;A$Ton Matthews",2015-04-14,174146,26,true,,2025-10-03T00:41:26Z,"boom bap,underground hip hop,west coast hip hop","Duetti",0.731,0.557,0,-7.859,1,0.189,0.251,0.00000909,0.168,0.0604,121.556,4
spotify:track:76u8fZG1oGAZhxfhDsKIuH,"Droppin Bodies (feat. Fat Nick)","Droppin Bodies (feat. Fat Nick)","Don Krez;Bodega Bamz;Pouya;Fat Nick",2018-02-23,177777,26,true,,2025-10-03T00:38:48Z,"horrorcore,emo rap,underground hip hop,trap metal,cloud rap","DKAF Records / EMPIRE",0.839,0.456,1,-10.459,1,0.0795,0.0494,0.0000381,0.115,0.091,108.062,3
spotify:track:50qM1Rff27gt9FSpzmmvsl,"Woopty Woop Blahzay Blah","Sidewalk Exec","Bodega Bamz;V Don",2015-04-14,172373,29,true,,2025-10-03T00:31:22Z,"boom bap,underground hip hop","Duetti",0.33,0.654,4,-7.509,0,0.44,0.114,0,0.205,0.333,68.028,5
spotify:track:2ZGxSTfJsIahKwRD5QZcup,"Untitled","Untitled","Bodega Bamz;Pouya;$uicideboy$;Germ",2015-12-31,112000,35,true,,2025-10-03T00:27:33Z,"horrorcore,emo rap,underground hip hop,trap metal,cloud rap","100 Keep It",0.898,0.669,1,-7.916,0,0.166,0.435,0,0.112,0.563,111.993,4
spotify:track:11zZzE1SUrry7LNwOtJPCi,"Bring Em Out","Sidewalk Exec","Bodega Bamz;V Don;Flatbush Zombies",2015-04-14,265533,38,true,,2025-10-03T00:27:10Z,"boom bap,underground hip hop","Duetti",0.733,0.745,8,-7.131,1,0.115,0.308,0,0.0921,0.237,108.53,4
spotify:track:5t4xArxems9xV4SJFJjNQB,"365 featuring shygirl","Brat and it’s completely different but also still brat","Charli xcx;Shygirl",2024-10-14,121273,52,true,,2025-10-02T23:56:50Z,"hyperpop,art pop","Atlantic Records",0.746,0.714,0,-7.202,1,0.178,0.239,0.0361,0.626,0.755,137.707,4
spotify:track:6S4WM9LW6oGkAtBFePffh2,"STUNTMAN (feat. Vince Staples)","CALL ME IF YOU GET LOST: The Estate Sale","Tyler, The Creator;Vince Staples",2023-03-31,199742,55,true,,2025-10-02T20:43:37Z,"","Columbia",0.731,0.663,1,-7.758,1,0.246,0.0568,0,0.781,0.43,95.972,4
spotify:track:0zAEYV8TCz7YVpw4QcIYcA,"VCRs (with Vince Staples)","God Does Like Ugly (Preluxe Edition)","JID;Vince Staples",2025-08-07,238272,56,true,,2025-10-02T20:41:46Z,"","Dreamville/Interscope Records",0.561,0.807,8,-4.591,1,0.351,0.308,0,0.229,0.463,165.849,4
spotify:track:21QNvLDoeQS1G4FxRvZNBL,"Weight","Freddie","Freddie Gibbs",2018-06-22,168009,36,true,,2025-10-02T20:40:12Z,"jazz rap,alternative hip hop","ESGN / EMPIRE",0.873,0.696,4,-5.176,0,0.22,0.219,0.000177,0.326,0.771,160.036,4
spotify:track:5xyaPwLmgoyGlDDu2H0Uix,"365 featuring shygirl","Brat and it’s completely different but also still brat","Charli xcx;Shygirl",2024-10-11,121273,62,true,,2025-10-02T06:42:26Z,"hyperpop,art pop","Atlantic Records",0.735,0.654,0,-8.633,1,0.237,0.244,0.00514,0.709,0.688,137.713,4
spotify:track:11J4S7N9cyB1Xvx2ClzTkt,"Mean girls featuring julian casablancas","Brat and it’s completely different but also still brat","Charli xcx;Julian Casablancas",2024-10-11,226705,50,true,,2025-10-02T06:34:27Z,"hyperpop,art pop","Atlantic Records",0.657,0.622,6,-6.458,1,0.0332,0.126,0.0000156,0.183,0.883,129.958,4
spotify:track:2zbtUOuh8lREqhg8JCRrhs,"Club classics featuring bb trickz","Brat and it’s completely different but also still brat","Charli xcx;Bb trickz",2024-10-11,174325,60,true,,2025-10-02T06:01:57Z,"hyperpop,art pop","Atlantic Records",0.912,0.594,1,-4.445,1,0.0826,0.0178,0.00762,0.113,0.802,131.027,4
spotify:track:3nQ24dxqvxZEVwlHTeuLz0,"Sympathy is a knife featuring ariana grande","Brat and it’s completely different but also still brat","Charli xcx;Ariana Grande",2024-10-11,154126,63,true,,2025-10-02T03:32:02Z,"hyperpop,art pop,pop","Atlantic Records",0.711,0.603,3,-7.815,1,0.0405,0.0962,0,0.112,0.339,135.151,4
spotify:track:5sMEEjviCkH6Rp5X2ZvIIc,"Everything is romantic","BRAT","Charli xcx",2024-06-07,203482,75,false,,2025-10-02T00:22:10Z,"hyperpop,art pop","Atlantic Records",0.485,0.638,2,-6.962,0,0.139,0.309,0.0000413,0.137,0.421,149.99,4
spotify:track:5Fa2Co67IvaThdol0jCbIm,"Thug Tears","Veteran: Director's Cut","JPEGMAFIA",2025-06-06,198314,30,true,,2025-10-01T17:00:58Z,"experimental hip hop,alternative hip hop,experimental","PEGGY",0.883,0.79,10,-5.768,0,0.293,0.265,0.000195,0.318,0.785,138.965,4
spotify:track:3FsqOTQT3d7c296eStnEnl,"Lean Beef Patty","SCARING THE HOES","JPEGMAFIA;Danny Brown",2023-03-24,107586,52,true,,2025-10-01T16:51:33Z,"experimental hip hop,alternative hip hop,experimental","2023 PEGGY under exclusive license to AWAL Recordings America, Inc.",0.497,0.967,2,-1.424,1,0.427,0.149,0,0.335,0.753,157.203,4
spotify:track:7GkCDQoewpIImS7YBpMPyy,"WASSUP (feat. JPEGMAFIA)","HYPERYOUTH","Joey Valence & Brae;JPEGMAFIA",2025-08-15,180915,53,true,,2025-10-01T16:50:09Z,"experimental hip hop,alternative hip hop,experimental","JVB Entertainment/RCA Records",0.807,0.972,1,-2.586,0,0.409,0.0102,0.00000457,0.609,0.709,140.02,4
spotify:track:0xOqJjMOnem8EhkHYZKbQS,"Sympathy is a knife","Brat and it’s completely different but also still brat","Charli xcx",2024-10-11,151125,50,true,,2025-10-01T16:39:50Z,"hyperpop,art pop","Atlantic Records",0.718,0.706,7,-5.596,0,0.0587,0.0539,0,0.41,0.58,131.944,4
spotify:track:3Y1EvIgEVw51XtgNEgpz5c,"Von dutch","BRAT","Charli xcx",2024-06-07,164284,79,true,,2025-10-01T14:35:37Z,"hyperpop,art pop","Atlantic Records",0.706,0.698,10,-5.679,1,0.0537,0.00298,0.00375,0.116,0.648,130.013,4
spotify:track:5h68SoVFGleijCtjEja3xG,"365","BRAT","Charli xcx",2024-06-07,203618,75,true,,2025-10-01T11:38:03Z,"hyperpop,art pop","Atlantic Records",0.761,0.856,1,-5.121,1,0.109,0.154,0.503,0.16,0.729,127.111,4
spotify:track:3EWaU5exMayFzQMkIfTX7w,"either on or off the drugs","I LAY DOWN MY LIFE FOR YOU","JPEGMAFIA",2024-08-01,140593,63,true,,2025-10-01T11:09:53Z,"experimental hip hop,alternative hip hop,experimental","2024 Peggy Under Exclusive License to AWAL Recordings America, Inc.",0.505,0.605,6,-5.564,0,0.191,0.15,0,0.785,0.631,184.473,3
spotify:track:5Z6hdVHH39nARjTBfMUVl6,"I'll Be Right There","I LAY DOWN MY LIFE FOR YOU","JPEGMAFIA",2024-08-01,168400,55,true,,2025-10-01T11:04:27Z,"experimental hip hop,alternative hip hop,experimental","2024 Peggy Under Exclusive License to AWAL Recordings America, Inc.",0.553,0.874,6,-5.993,1,0.434,0.0447,0,0.904,0.698,151.87,4
spotify:track:3J4lO2oyDMLEYGdHgRcJHW,"E.B.I.T.D.A.","Let God Sort Em Out","Clipse;Pharrell Williams;Pusha T;Malice",2025-07-11,119973,61,true,,2025-10-01T05:49:49Z,"","Roc Nation Distribution",0.589,0.95,9,-4.318,1,0.223,0.0612,0.00000113,0.176,0.879,199.852,4
spotify:track:79p4r2hNuPpYzXVSDI5ghB,"Came Thru/Easily","Easily","Chuck Inglish;Ab-Soul;Mac Miller",2013-10-15,273853,8,true,,2025-10-01T03:39:31Z,"","Federal Prism Records, LLC",0.817,0.545,10,-5.97,0,0.241,0.0687,0.00000895,0.0837,0.486,143.973,4
spotify:track:5dhYmSVGhAVVSf5uTwj7hv,"Two Matches (feat. Ab-Soul)","GO:OD AM","Mac Miller;Ab-Soul",2015-09-18,276386,51,true,,2025-10-01T03:37:35Z,"","Warner Records",0.622,0.873,2,-4.995,1,0.298,0.204,0,0.572,0.492,79.715,4
spotify:track:3Sl62Dyoh3wI3gLIJSypnb,"Johnny Quest Thinks We're Sellouts","Losing Streak","Less Than Jake",1996-01-01,169106,49,false,,2025-10-01T03:32:37Z,"ska punk,ska,punk,skate punk,pop punk","Capitol Records",0.42,0.921,1,-4.165,1,0.049,0.00105,0.000726,0.147,0.76,140.521,4
spotify:track:06ZX08uRQDK02emdw9mN28,"Ensalada (feat. Anderson .Paak)","Alfredo 2","Freddie Gibbs;The Alchemist;Anderson .Paak",2025-07-25,226546,69,true,,2025-10-01T03:12:17Z,"jazz rap,alternative hip hop,experimental hip hop,boom bap","Freddie Gibbs and Alchemist",0.73,0.702,8,-8.943,0,0.259,0.421,0.00266,0.672,0.467,93.997,3
spotify:track:3oImOUmlh3VnTc0saqOqVG,"Want It","Want It (Remixes)","Kumarion",2020-11-06,216000,41,false,,2025-10-01T03:08:35Z,"drum and bass,drumstep","Jadu Dala",0.669,0.639,5,-7.452,0,0.455,0.195,0.00301,0.0735,0.139,159.913,3
spotify:track:6kblAEj0T0312fv5QWsXzo,"Congratulations","Congratulations","MGMT",2010-04-09,235386,56,false,,2025-10-01T00:30:14Z,"indie","Columbia",0.761,0.637,7,-8.169,1,0.0268,0.439,0.0082,0.102,0.656,125.115,4
spotify:track:5esEbMt6LHtiha7cqsGdO7,"Flash Delirium","Congratulations","MGMT",2010-04-09,255906,43,false,,2025-10-01T00:30:07Z,"indie","Columbia",0.575,0.804,9,-3.933,0,0.0626,0.0826,0.000363,0.0681,0.399,122.08,4
spotify:track:52a9fyhPzrMz6bxVQoEIcX,"Hasa Diga Eebowai","The Book Of Mormon (Original Broadway Cast Recording)","Michael Potts;Andrew Rannells;Josh Gad;Michael James Scott;Lawrence Stallings;Rema Webb;Tyson Jennette;Maia Nkenge Wilson;Brian Tyree Henry;Darlesia Cearcy",2011-05-17,264573,49,true,,2025-09-30T21:07:18Z,"musicals","Ghostlight Records",0.76,0.605,6,-8.782,1,0.372,0.431,0,0.141,0.452,105.69,4
spotify:track:3ftdZ6WtsQo7o5tSFI2WV5,"Is It All","Crave","Phrva",2024-10-30,222857,43,false,,2025-09-30T06:02:46Z,"bass music,dubstep","Wubaholics",0.727,0.701,2,-8.2,1,0.0412,0.111,0.219,0.15,0.0394,140.032,4
spotify:track:3F6DRq9JshCbbjEFjcxHt5,"LIKE ME","LIKE ME","Nikita, the Wicked",2024-07-19,207964,50,false,,2025-09-30T06:02:46Z,"uk garage,bass music","Gud Vibrations",0.765,0.721,2,-6.354,1,0.0336,0.0998,0.0000171,0.0791,0.203,139.947,4
spotify:track:2JwtQuzb0BwkBNx7qZScr4,"Crocodile","All In","Know Good;JEANLOUIS",2025-07-07,146666,44,false,,2025-09-30T02:04:36Z,"","KNOW GOOD LLC",0.76,0.576,11,-4.85,1,0.379,0.0966,0.000102,0.237,0.474,180.082,4
spotify:track:4N26bddMOIbODSTod2iW5K,"Dreams Come True","Daydreams","Effin",2025-06-27,243428,45,false,,2025-09-30T02:04:19Z,"dubstep,riddim,bass music,deathstep","Effin Music",0.473,0.868,11,-2.928,0,0.102,0.0229,0.000103,0.192,0.248,139.776,4
spotify:track:6mUwMth1MQT8NVSMI7lKjx,"Shake Something (feat. Joey Purp)","Shake Something (feat. Joey Purp)","Louis The Child;Joey Purp",2018-03-08,193512,45,true,,2025-09-30T01:59:29Z,"","Louis The Child / Interscope",0.895,0.525,10,-7.969,0,0.186,0.0925,0.00552,0.585,0.202,87.999,4
spotify:track:2OFh5MQkjauyy6owyMlsol,"WUT","THE ISOLATION ALBUM","Party Favor",2020-07-17,93974,41,false,,2025-09-30T01:58:51Z,"edm trap","Area 25",0.591,0.577,11,-5.748,1,0.0585,0.204,0.733,0.142,0.534,82.003,4
spotify:track:48bSfSZaq9Aizbu4AWn4st,"Febreze (feat. 2 Chainz)","Skrillex and Diplo present Jack Ü","Jack Ü;Skrillex;Diplo;2 Chainz",2015-02-24,214400,46,true,,2025-09-30T01:04:51Z,"dubstep,edm,electro,electronic,moombahton,rap,southern hip hop","OWSLA/Mad Decent",0.68,0.983,2,-3.51,1,0.333,0.0184,0,0.289,0.263,149.829,4
spotify:track:2RpKh7kXSdO8NLrW9VQ46p,"Take Ü There (feat. Kiesza)","Skrillex and Diplo present Jack Ü","Jack Ü;Skrillex;Diplo;Kiesza",2015-02-24,210000,54,false,,2025-09-30T01:04:48Z,"dubstep,edm,electro,electronic,moombahton","OWSLA/Mad Decent",0.542,0.879,6,-1.427,0,0.0921,0.0523,0,0.171,0.118,159.888,4
spotify:track:3Kq3ISwL8eJWORDBsXTDYn,"Goosebumpz - Bonus Track","Watching Movies with the Sound Off (10th Anniversary)","Mac Miller",2023-06-23,202351,40,true,,2025-09-29T08:43:33Z,"","Rostrum Records",0.668,0.804,9,-5.234,1,0.241,0.00598,0,0.145,0.597,144.112,4
spotify:track:2EPi4anyxVjKTcJwPtntjM,"Leave It Alone","Punk In Drublic","NOFX",1994-07-19,124426,49,false,,2025-09-29T05:57:44Z,"punk,skate punk,ska punk,ska,melodic hardcore,hardcore punk","Epitaph",0.36,0.856,5,-9.079,1,0.0449,0.000174,0.0152,0.396,0.469,99.059,4
spotify:track:7dliC7d9P1S2TXeBaLG8ZY,"When I Get Back","Sound Kapital","Handsome Furs",2011-06-28,282810,0,false,,2025-09-29T05:53:27Z,"","Sub Pop",0.578,0.785,2,-5.86,1,0.0279,0.0000813,0.00000525,0.234,0.3,128.993,4
spotify:track:5KZpeVAA2m8MzrlvEqw7FS,"Let 'Em In","Wingspan","Wings",2001-05-07,310066,33,false,,2025-09-29T05:53:24Z,"","Paul McCartney Catalog",0.749,0.472,10,-12.491,1,0.052,0.524,0.226,0.0794,0.682,87.886,4
spotify:track:5e7YK4cX24YaxSgLWGJiYv,"Take the Skinheads Bowling","I Used To Be Mod","Astroburger",1992-01-01,151106,1,false,,2025-09-29T05:53:21Z,"norsk rock,norwegian pop,power pop,drone metal","Big Ball Records",0.484,0.847,0,-8.144,1,0.0314,0.00029,0,0.109,0.758,79.326,4
spotify:track:0kCqltQt1iwfsQDcOwaXeu,"Hello!","The Book of Mormon","Andrew Rannells;Josh Gad;Rory O'Malley;Scott Barnhardt;Justin Bohon;Kevin Duda;Clark Johnsen;Benjamin Schrader;Brian Sears;Jason Michael Snow",2011-05-17,172026,0,false,,2025-09-29T05:17:32Z,"musicals","Ghostlight Records",0.661,0.499,0,-9.986,1,0.223,0.733,0,0.0507,0.718,130.439,4
spotify:track:03UrZgTINDqvnUMbbIMhql,"Gangnam Style (강남스타일)","Gangnam Style (강남스타일)","PSY",2012-01-01,219493,75,false,,2025-09-29T05:17:17Z,"k-pop","Silent Records/Universal Republic Records",0.727,0.937,11,-2.871,0,0.286,0.00417,0,0.091,0.749,132.067,4
spotify:track:2OBkxdFqT7wIjdScinDP0K,"Confined","Shadows Are Security","As I Lay Dying",2005,190106,0,false,,2025-09-29T05:17:17Z,"metalcore,metal,deathcore","Metal Blade Records",0.279,0.987,0,-4.578,1,0.0992,0.0000194,0.000122,0.12,0.22,85.629,4
spotify:track:23B1awnmd30YfsPSYsfrUf,"Every Single Night","The Idler Wheel Is Wiser Than the Driver of the Screw and Whipping Cords Will Serve You More Than Ropes Will Ever Do","Fiona Apple",2012-06-18,209386,0,false,,2025-09-29T05:17:17Z,"art pop","Epic",0.687,0.195,0,-12.612,1,0.0603,0.859,0,0.226,0.402,125.949,4
spotify:track:310KKQHbtgS6r16ay9wPOb,"I Believe In You","The Best of Kylie Minogue","Kylie Minogue",2012-05-28,199640,0,false,,2025-09-29T05:16:58Z,"dance pop","Parlophone UK",0.531,0.77,7,-6.19,1,0.0741,0.00224,0.0245,0.328,0.389,120.982,4
spotify:track:6XDdmCAuodZfXtEgJcxpS2,"Heart of Gold","Decade","Neil Young",1977-10-28,187280,0,false,,2025-09-29T05:16:58Z,"classic rock,folk rock,singer-songwriter,roots rock","Reprise",0.538,0.48,7,-9.863,1,0.0268,0.204,0.0462,0.0955,0.834,171.773,4
spotify:track:3FzKPS0oVknVlCW3PhxIHl,"Debaser","Doolittle","Pixies",1989-04-17,173173,0,false,,2025-09-29T05:16:58Z,"alternative rock","4AD",0.487,0.885,5,-12.005,1,0.0427,0.000397,0.347,0.0973,0.579,135.516,4
spotify:track:5WYVrUlvIJLSCifl6GtF1j,"Beat on the Brat - 1999 Remaster","Greatest Hits","Ramones",2006-06-05,152666,31,false,,2025-09-29T05:16:58Z,"punk,proto-punk","Rhino/Warner Records",0.605,0.849,4,-4.7,1,0.0369,0.0292,0.00827,0.103,0.948,156.599,4
spotify:track:0mXZDemHM0xJSkvIBoB4F5,"Judy Is a Punk - 1999 Remaster","Greatest Hits","Ramones",2006-06-05,92293,30,false,,2025-09-29T05:16:58Z,"punk,proto-punk","Rhino/Warner Records",0.36,0.868,3,-4.08,1,0.0363,0.287,0,0.225,0.852,179.212,4
spotify:track:1MUI7NFmVpEA7n3iKfE6Ow,"Dead Leaves And The Dirty Ground","White Blood Cells","The White Stripes",2001-07-03,184600,0,false,,2025-09-29T05:16:58Z,"garage rock,blues rock,rock,alternative rock","XL Recordings",0.344,0.606,9,-4.064,0,0.033,0.458,0.00000305,0.0737,0.459,80.595,4
spotify:track:6RfSwYF9gkxxHdiNDpLcdP,"Welcome to Hell","The Defamation of Strickland Banks","Plan B",2010-04-05,272933,2,false,,2025-09-29T05:16:41Z,"","Atlantic Records",0.593,0.896,9,-4.372,0,0.029,0.0307,0,0.0837,0.546,90.005,4
spotify:track:3jyEuGJ09ub33bnxGq8Ucl,"The Runaway","ill Manors (Music From and Inspired by the Original Motion Picture; Deluxe Version)","Plan B",2012-07-20,224413,0,true,,2025-09-29T05:16:41Z,"","Atlantic Records",0.436,0.901,4,-4.171,0,0.29,0.317,0.0000375,0.327,0.408,75.533,3
spotify:track:071YYZlOxBdhESQYrLDYrn,"Halo of Flies","Sieg Howdy!","Jello Biafra;Melvins",2005-09-27,463026,10,false,,2025-09-29T05:16:41Z,"spoken word,punk,hardcore punk,sludge metal,grunge,stoner metal,stoner rock,drone metal,doom metal,noise rock,post-grunge","Alternative Tentacles",0.299,0.892,9,-7.975,0,0.0838,0.000193,0.0744,0.283,0.335,134.584,4
spotify:track:4MEQkzdcv9HU6On2FDMF9O,"Don't Cry For Me Argentina","Are A Drag","Me First and the Gimme Gimmes",1999-05-18,149333,0,false,,2025-09-29T05:16:41Z,"ska punk,punk,skate punk,ska","Fat Wreck Chords",0.514,0.937,7,-5.491,1,0.133,0.00203,0.000326,0.295,0.593,114.611,4
spotify:track:48wlfghb8jdaCWCQly6KoN,"Rainbow Connection","Are A Drag","Me First and the Gimme Gimmes",1999-05-18,138266,0,false,,2025-09-29T05:16:41Z,"ska punk,punk,skate punk,ska","Fat Wreck Chords",0.478,0.875,2,-5.134,1,0.0375,0.000203,0.00149,0.0703,0.58,112.331,4
spotify:track:2fQtYvP2v7vpeLUvAL8fSO,"Express Yourself","Express Yourself","Labrinth",2012-06-11,243053,0,false,,2025-09-29T05:16:41Z,"","Syco Music UK",0.632,0.778,9,-3.786,1,0.173,0.108,0.0000837,0.0793,0.489,93.878,4
spotify:track:3MlEdkE7jpnT3SxfLK7CYd,"Trees","The Return of Dr Octagon","Dr. Octagon;Kool Keith",2006-10-23,170585,3,false,,2025-09-29T05:16:41Z,"experimental hip hop,underground hip hop,trip hop,east coast hip hop","Buttercuts Records",0.89,0.877,5,-3.693,0,0.191,0.0248,0,0.102,0.931,122.059,4
spotify:track:04OxTCLGgDKfO0MMA2lcxv,"Blind Faith","No More Idols","Chase & Status;Liam Bailey",2011-01-01,233666,61,false,,2025-09-29T05:16:41Z,"drum and bass,jungle,liquid funk,retro soul,retro pop","EMI",0.45,0.845,9,-4.712,0,0.0476,0.00523,0,0.228,0.401,140.031,4
spotify:track:5Qi1Zqo3ZoDrqdqLQ8dbgm,"Lessongs","Die, Rugged Man, Die","R.A. The Rugged Man",2004-11-16,232093,0,true,,2025-09-29T05:16:41Z,"underground hip hop,east coast hip hop","Nature Sounds",0.703,0.85,11,-5.634,0,0.361,0.0842,0,0.1,0.832,90.921,4
spotify:track:4QtMKWVE0O55i9BFLPlSYQ,"Just Be Good To Green","Just Be Good To Green","Professor Green;Lily Allen",2010-01-01,203759,26,true,,2025-09-29T05:16:41Z,"grime,uk grime","Virgin Records",0.716,0.834,7,-5.417,1,0.145,0.0259,0,0.206,0.729,97.043,4
spotify:track:7ng8Ip5pI5sKIG6rPpLOFb,"Crustified Christmas","Crustified Christmas","R.A. The Rugged Man;Mac Lethal",2012-12-04,194165,7,true,,2025-09-29T05:16:41Z,"underground hip hop,east coast hip hop","Nature Sounds",0.8,0.793,1,-4.833,1,0.232,0.331,0,0.345,0.739,105.961,4
spotify:track:73p6zUXpjAdGI8tiWecnjQ,"Coffee","None Shall Pass (Bonus Edition)","Aesop Rock;John Darnielle",2007-08-28,574040,0,false,,2025-09-29T05:16:41Z,"underground hip hop,experimental hip hop,alternative hip hop,anti-folk,folk punk","Block Block Chop",0.453,0.79,9,-8.676,1,0.521,0.133,0,0.193,0.175,77.234,4
spotify:track:4Ct1cUsA8RyuSih1st2VR7,"Die For The Government","Die For The Government","Anti-Flag",1996,219773,0,false,,2025-09-29T05:16:41Z,"punk,skate punk,ska punk,hardcore punk","New Red Archives Media",0.528,0.681,9,-7.715,1,0.263,0.0156,0.00121,0.184,0.753,159.081,4
spotify:track:6oQgrY3uZramOg13ylYe82,"Peruvian Cocaine","Hip-Hop's Controlled Substances","Immortal Technique",2009-06-30,288666,0,true,,2025-09-29T05:16:41Z,"hardcore hip hop,underground hip hop,east coast hip hop","Selector Series",0.685,0.63,4,-7.451,0,0.382,0.606,0,0.329,0.671,86.199,4
spotify:track:0uzyN8QWbPGpOQLAXh27El,"Holiday In Cambodia","OMFG! That’s Punk","Dead Kennedys",2009-06-23,224866,0,false,,2025-09-29T05:16:41Z,"punk,hardcore punk,skate punk,proto-punk","Selector Series",0.133,0.927,7,-5.371,1,0.0741,0.00344,0.00044,0.0915,0.5,197.708,4
spotify:track:2J9LaxkECAlK2jfu8Nga8X,"Puppets","When Life Gives You Lemons, You Paint That Shit Gold (Deluxe Edition)","Atmosphere",2008-04-21,221786,0,true,,2025-09-29T05:16:41Z,"underground hip hop,alternative hip hop","Rhymesayers Entertainment",0.525,0.453,9,-7.168,1,0.201,0.319,0.00000235,0.105,0.37,88.157,4
spotify:track:5kxxhOkxd7j57e7oL121gI,"Time Bomb","...And Out Come The Wolves","Rancid",1995-08-15,144333,0,false,,2025-09-29T05:16:41Z,"punk,ska punk,ska,skate punk,hardcore punk","Epitaph",0.646,0.962,9,-4.862,1,0.0536,0.138,0,0.471,0.961,164.79,4
spotify:track:6zOlYzDyJifRMxim69LoWj,"Ruby Soho","...And Out Come The Wolves","Rancid",1995-08-15,157533,0,false,,2025-09-29T05:16:41Z,"punk,ska punk,ska,skate punk,hardcore punk","Epitaph",0.505,0.938,7,-5.381,1,0.0432,0.0201,0.00218,0.177,0.961,161.842,4
spotify:track:79NDXV9SBVjfWXqQpSDxWZ,"Nocturnal","Tiger Army","Tiger Army",1999,154226,0,false,,2025-09-29T05:16:41Z,"psychobilly,rockabilly,horror punk,punk","Hellcat/Epitaph",0.286,0.99,6,-3.911,0,0.0989,0.000137,0.00016,0.0926,0.484,147.369,4
spotify:track:62ZXymiw6bDNQ8m9BOhXX2,"Benzi Box","The Mouse And The Mask","DANGERDOOM",2005,180026,0,false,,2025-09-29T05:16:41Z,"","Epitaph",0.892,0.462,2,-8.6,1,0.0576,0.0659,0.0192,0.109,0.662,97.012,4
spotify:track:5zo3yaS0KIG94j7HYBA671,"Read All About It","Read All About It (feat. Emeli Sandé)","Professor Green;Emeli Sandé",2011-01-01,235735,0,true,,2025-09-29T05:16:41Z,"grime,uk grime","Virgin Records",0.656,0.752,11,-5.522,0,0.0434,0.336,0,0.223,0.445,100.963,4
spotify:track:6TO0wnNQn2nyBFNQcpNgRs,"Money Folder","Madvillainy","Madvillain",2004-03-24,182800,0,true,,2025-09-29T05:16:41Z,"experimental hip hop,alternative hip hop","Stones Throw Records",0.663,0.717,1,-9.29,1,0.236,0.485,0.0000453,0.75,0.873,92.6,4
spotify:track:1BAJpa7mrs0A8cHsA2enqx,"All Caps","Madvillainy","Madvillain",2004-03-24,130479,0,true,,2025-09-29T05:16:41Z,"experimental hip hop,alternative hip hop","Stones Throw Records",0.357,0.892,1,-8.012,1,0.357,0.255,0.0000108,0.177,0.638,83.426,4
spotify:track:44d4sPXDExKXfaKUvAiYM4,"California Uber Alles","Fresh Fruit For Rotting Vegetables","Dead Kennedys",1980,180533,0,false,,2025-09-29T05:16:41Z,"punk,hardcore punk,skate punk,proto-punk","Cherry Red Records",0.384,0.842,8,-8.808,1,0.102,0.535,0.000997,0.0437,0.62,101.043,4
spotify:track:07sadqXFa80bumyS35UUwj,"Supa","Legendary Classics Volume 1","R.A. The Rugged Man",2009-10-27,206093,0,true,,2025-09-29T05:16:41Z,"underground hip hop,east coast hip hop","Nature Sounds",0.563,0.677,2,-8.43,1,0.385,0.0485,0,0.37,0.798,97.857,4
spotify:track:64jjKjPrNL7cAhmdm6LoI9,"L.I.'s Finest","Legendary Classics Volume 1","R.A. The Rugged Man",2009-10-27,176053,0,true,,2025-09-29T05:16:41Z,"underground hip hop,east coast hip hop","Nature Sounds",0.651,0.724,1,-6.47,1,0.324,0.02,0.0000535,0.371,0.831,160.044,4
spotify:track:6USQ4Uegp75QOleSdgwIib,"Stay Too Long - Pendulum Remix","Stay Too Long (Pendulum Remix)","Plan B;Pendulum",2010-01-08,426480,42,true,,2025-09-29T05:16:41Z,"drum and bass","Atlantic Records UK",0.487,0.957,0,-4.748,1,0.0643,0.000315,0.00186,0.113,0.136,173.981,4
spotify:track:3B72XUTQRTreSzIdCCzcYC,"I Hate Being Late When I'm Early","Nardwuar the Human Serviette and The Evaporators present Busy Doing Nothing!","Andrew W.K.;Evaporators",2012-03-06,129466,0,false,,2025-09-29T05:16:41Z,"","Mint Records",0.334,0.911,7,-4.756,1,0.0523,0.0000511,0,0.411,0.771,185.851,4
spotify:track:1oAOdM08p2xCvegciRcxPa,"응프리스타일 Eung Freestyle","응프리스타일 Eung Freestyle","Kresnt;King H",2016-10-07,113438,26,true,,2025-09-29T05:16:25Z,"k-rap,rap québécois","TiV Sounds",0.812,0.454,2,-10.329,1,0.416,0.25,0,0.0916,0.546,137.748,4
spotify:track:25rc1PFgPvtV6GFSloyOI0,"New Level (feat. Future)","ALWAYS STRIVE AND PROSPER","A$AP Ferg;Future",2016-06-22,264973,55,true,,2025-09-29T05:16:25Z,"rap","A$AP Worldwide/Polo Grounds Music/RCA Records",0.734,0.703,1,-1.69,0,0.132,0.0344,0,0.162,0.152,121.08,4
spotify:track:5DtW92C90tbP6XQkWMnbTm,"Turtle Ship - Remix","Turtle Ship Remix","Paloalto;g2;B-Free;Okasian;ZICO",2015-10-28,280192,0,true,,2025-09-29T05:16:25Z,"k-rap,j-rap,k-pop","Hi-Lite Records",0.839,0.864,0,-3.275,1,0.228,0.218,0,0.371,0.45,114.091,4
spotify:track:62N2JSA0jHmSH7Va9t7hIf,"Habits (Stay High) - Hippie Sabotage Remix","Queen Of The Clouds","Tove Lo;Hippie Sabotage",2014-01-01,258933,65,false,,2025-09-29T05:16:25Z,"","Universal Music AB",0.735,0.686,4,-7.562,0,0.0366,0.00108,0.874,0.0933,0.0656,121.011,4
spotify:track:3RZrtVbjRfs9QTJx5nexVi,"Three Evils (Embodied in Love and Shadow)","In Keeping Secrets Of Silent Earth: 3","Coheed and Cambria",2003,279066,0,false,,2025-09-29T05:16:25Z,"","Equal Vision/Columbia",0.417,0.943,11,-3.47,0,0.0928,0.00471,0,0.643,0.646,166.712,4
spotify:track:4dcx8O09u2AwBDafnznaJa,"Magellan - TYNVN Remix","Magellan The Remixes","UZ;TYNVN",2016-12-09,216986,0,false,,2025-09-29T05:16:25Z,"edm trap,bass house","Quality Goods Records",0.582,0.819,5,-5.565,1,0.168,0.0182,0.681,0.525,0.161,145.155,4
spotify:track:4jjtFbO4dYu4JO0CIph6Ak,"Le Disko","We Are Pilots","Shiny Toy Guns",2006-01-01,203306,47,true,,2025-09-29T05:16:25Z,"","Motown",0.762,0.697,7,-3.657,1,0.0463,0.0688,0.0000752,0.269,0.705,123.033,4
spotify:track:5nFN8deb8sgGiwM9Im7yVS,"Bones","Bones","LOUDPVCK;Michael Sparks",2017-05-02,185600,16,false,,2025-09-29T05:16:08Z,"edm trap,bass house,bassline,g-house","LOUDPVCK",0.322,0.865,3,-4.376,0,0.0497,0.000374,0.0000821,0.725,0.131,149.77,4
spotify:track:55hUGKgOOB0O5fdoUCLRSZ,"IT G MA Remix (josh pan Opus) [feat. A$AP Ferg, Father, Dumbfoundead & Waka Flocka Flame with Anderson .Paak]","IT G MA Remix (josh pan Opus) [feat. A$AP Ferg, Father, Dumbfoundead, Waka Flocka Flame with Anderson .Paak]","Keith Ape;A$AP Ferg;Anderson .Paak;Dumbfoundead;Father;Waka Flocka Flame;josh pan",2016-02-12,865498,24,true,,2025-09-29T05:16:08Z,"k-rap,rap","OWSLA",0.442,0.822,1,-5.836,1,0.347,0.0406,0.0000352,0.117,0.181,101.89,4
spotify:track:4iZOgMH2sxUnhHHlErdBlf,"Cavern - SAYMYNAME Remix","Magellan The Remixes","UZ;ATLiens;SAYMYNAME",2016-12-09,185754,0,false,,2025-09-29T05:16:08Z,"edm trap,riddim,dubstep,deathstep,bass music,bass house","Quality Goods Records",0.642,0.983,1,-2.056,1,0.14,0.0132,0.941,0.0881,0.102,150.044,4
spotify:track:3f6HAXJgfKW3KhZW8hwi11,"Club Up!","Club Up! / Bonk","Gladiator;TT The Artist",2017-04-07,210026,0,true,,2025-09-29T05:16:08Z,"edm trap,baltimore club,ballroom vogue,jersey club","Insomniac",0.854,0.939,1,-3.156,1,0.193,0.0244,0.792,0.103,0.188,128.043,4
spotify:track:7ssaUVHbfPV4XX7k8idurx,"Song Against Sex","On Avery Island","Neutral Milk Hotel",1996-03-26,220893,0,false,,2025-09-29T05:16:08Z,"anti-folk,folk punk","Merge Records",0.26,0.705,5,-9.613,1,0.0614,0.000023,0.556,0.126,0.693,172.783,4
spotify:track:17lmI7sB6WW46QANALz9b6,"W2L (Welcome To London)","W2L (Welcome To London)","TroyBoi;Stooki Sound",2015-10-09,240000,28,false,,2025-09-29T05:16:08Z,"edm trap","Mad Decent",0.71,0.681,5,-3.901,0,0.0496,0.0206,0.00728,0.129,0.112,135.023,4
spotify:track:42NompRuq4NE3LioZzF7SM,"Panic Cord","404","Hucci;Gabrielle Aplin;G Frsh",2015-02-07,255660,0,false,,2025-09-29T05:16:08Z,"edm trap","VA",0.659,0.523,9,-6.689,1,0.0367,0.0219,0.0000489,0.0948,0.148,106.047,4
spotify:track:6GAhe3wXCDJP1RK5lZLyjX,"Came Up (feat. Post Malone & Key!)","Came Up (feat. Post Malone & Key!)","Flosstradamus;FKi 1st;graves;Post Malone;KEY!",2016-07-29,214929,45,true,,2025-09-29T05:16:08Z,"edm trap,future bass","Ultra Records, LLC",0.613,0.879,6,-4.649,1,0.0729,0.00908,0.00000166,0.108,0.497,76.966,4
spotify:track:4Ef4ksYK9Yn42rBj0tBer0,"Sprawl II (Mountains Beyond Mountains)","The Suburbs","Arcade Fire",2010-08-03,325546,0,false,,2025-09-29T05:16:08Z,"indie rock,baroque pop","Merge Records",0.519,0.809,8,-6.43,1,0.0287,0.0135,0.00163,0.113,0.185,99.972,4
spotify:track:4RyK6N4IQ85xxLgguQAFH5,"Blue Jeans","Born To Die - The Paradise Edition","Lana Del Rey",2012-01-01,209440,66,true,,2025-09-29T05:15:52Z,"","Polydor Records",0.558,0.837,3,-4.405,1,0.0633,0.418,0,0.0821,0.488,117.963,4
spotify:track:3cXyu35gjzalfx6Ra2CV4G,"God & the Devil","God & the Devil","Azide;J Swey",2017-02-07,160107,0,true,,2025-09-29T05:14:58Z,"","Azide & J Swey",0.53,0.644,2,-5.713,1,0.386,0.653,0,0.0894,0.0951,110.026,4
spotify:track:76bihOOhy0fN1WKGtrenzP,"Jetta Whippin'","Jetta Whippin'","RoeShamBeaux",2016-11-01,123924,18,true,,2025-09-29T05:14:58Z,"","Sol Empire",0.68,0.676,1,-7.169,1,0.242,0.0132,0,0.151,0.131,70.96,4
spotify:track:1cURnGaH9mR7YM8SsJHZeS,"How Can U Sleep (feat. Lil Dicky & The Game)","I'm Brain","Brain;Lil Dicky;The Game",2017-09-14,266369,0,true,,2025-09-29T05:14:58Z,"west coast hip hop","Commission/BMG",0.887,0.745,11,-3.428,1,0.169,0.104,0,0.289,0.249,123.031,4
spotify:track:0PDwNx6GrHc5sRVy6Hc7GP,"Perry Aye (feat. A$AP Rocky, A$AP Nast, Playboi Carti & Jaden Smith)","Cozy Tapes Vol. 2: Too Cozy","A$AP Mob;A$AP Rocky;A$AP NAST;Playboi Carti;Jaden",2017-08-25,146426,47,true,,2025-09-29T05:14:58Z,"rap,grime,uk grime,rage rap","A$AP Worldwide/Polo Grounds Music/RCA Records",0.919,0.535,5,-5.944,0,0.093,0.0483,0,0.102,0.197,117.957,4
spotify:track:4mgearnxcRBtuysKylvDYE,"Dorks","The Impossible Kid","Aesop Rock",2016-04-29,212906,0,true,,2025-09-29T05:14:58Z,"underground hip hop,experimental hip hop,alternative hip hop","Rhymesayers",0.673,0.838,7,-5.922,1,0.314,0.203,0.0000088,0.105,0.872,168.114,4
spotify:track:3vkPcnCLkg07BlY3MZjyca,"Huey Knew THEN (feat. Da$H)","Do What Thou Wilt.","Ab-Soul;Da$H",2016-12-09,270506,37,true,,2025-09-29T05:14:58Z,"underground hip hop,cloud rap","Top Dawg Entertainment",0.599,0.748,11,-7.714,0,0.311,0.0255,0,0.484,0.234,99.962,4
spotify:track:328NkgP31SEQ0NvkXeYpzj,"UNO","UNO","BewhY;Big K.R.I.T.",2017-03-14,258984,0,true,,2025-09-29T05:14:58Z,"k-rap,southern hip hop","Genie Music Corporation, Stone Music Entertainment",0.809,0.799,1,-3.729,1,0.113,0.00451,0.0000461,0.0548,0.338,116.974,4
spotify:track:1PyPK82Vd79mBJcuqA4Dv1,"Say Yes","Either/Or","Elliott Smith",1997-02-25,139000,0,false,,2025-09-29T05:14:58Z,"singer-songwriter","Kill Rock Stars",0.499,0.0875,5,-20.383,1,0.05,0.871,0.000221,0.11,0.418,153.439,4
spotify:track:6AUd1fau3vuy9OR8QfMrXV,"First Thing","Best of Both Worlds","GMEBE Bandz;A-Wax;Benji Glo",2016-11-13,288130,30,true,,2025-09-29T05:14:58Z,"chicago drill,drill","Pie-Rx",0.827,0.626,6,-8.557,1,0.0834,0.0529,0,0.264,0.521,110.07,4
spotify:track:76eV4ZO8gS7ibIQXiTgvjQ,"Chai Party","The Building","Mazzi;S.O.U.L. Purpose;Rob Flow",2017-02-10,169586,10,true,,2025-09-29T05:14:58Z,"","Devoon Edutainment",0.669,0.696,1,-5.218,0,0.173,0.0229,0.00000169,0.167,0.431,150.996,4
spotify:track:1g2kBvvSG4Yj69YeO33tip,"Better Days","Don't Die Yet (Revived Edition)","Marvel Alexander",2015-09-22,139000,17,true,,2025-09-29T05:14:58Z,"experimental hip hop","Modern Outfit",0.89,0.621,2,-7.437,1,0.0353,0.203,0,0.131,0.304,120.013,4
spotify:track:7Ge7XPB3koSwIxXrxkpuXa,"Texting & Driving","Tuki Toker","Tuki Carter",2016-12-09,178285,0,true,,2025-09-29T05:14:58Z,"","Taylor Gang Ent., LLC",0.76,0.821,1,-5.182,1,0.172,0.0243,0.462,0.119,0.648,140.001,4
spotify:track:16WvNIQOftnY9lXiIWufcx,"Bunk","Face Melt","Bruce Bayne;Will Is Chillin';Acumental;Rebel Legato;Term K;Loudmouth;Stank Face",2014-10-30,269964,0,true,,2025-09-29T05:14:58Z,"","Stank Face Records",0.939,0.377,5,-7.99,1,0.127,0.0422,0,0.0629,0.532,107.045,4
spotify:track:4gCREr6YIJJcvhpsM91OMS,"World Go Crazy","B4FRVR","Two-9",2015-06-02,224000,27,true,,2025-09-29T05:14:58Z,"","Made-It Mafia",0.826,0.467,1,-8.186,1,0.113,0.225,0,0.125,0.224,125,4
spotify:track:1McXetCmehkLYtdIXcTq4q,"Lock & Load (feat. Killer Mike)","The Alchemist & Oh No Present Welcome to Los Santos","MNDR;Killer Mike",2015-04-21,260373,0,true,,2025-09-29T05:14:58Z,"southern hip hop,alternative hip hop","Mass Appeal Records",0.435,0.871,6,-4.596,1,0.0535,0.00101,0.000104,0.102,0.216,84.112,4
spotify:track:7Eqv0HLTXRRcRRuTQKvBDT,"Artifacts","Barclay Crenshaw","Barclay Crenshaw;The Underachievers",2017-01-27,266474,0,false,,2025-09-29T05:14:58Z,"","Stx&Brx",0.717,0.665,9,-5.735,0,0.14,0.0589,0.0000012,0.14,0.71,148.023,4
spotify:track:3tfxzJZYkX0pyruhffxcl1,"Money Walk","Money Walk","Riot Ten;H&D",2016-10-31,179252,35,true,,2025-09-29T05:14:58Z,"dubstep,riddim,deathstep","HYPE OR DIE WORLDWIDE",0.817,0.781,2,-6.28,1,0.254,0.0111,0,0.0971,0.278,75.076,4
spotify:track:51gbF0SxTmxgAguiWWUXPu,"Jump (feat. Gizzle)","DROGAS Light","Lupe Fiasco;Gizzle",2017-02-10,274909,46,true,,2025-09-29T05:14:58Z,"","1st and 15th Productions, Inc.",0.79,0.762,6,-5.704,0,0.243,0.0418,0,0.087,0.96,75.549,4
spotify:track:47pgDM5iCb9PYyXYpOPFyF,"WINDOWS FT. RICK RO$$","WINDOWS FT. RICK RO$$","JOYRYDE",2016-11-10,234750,42,false,,2025-09-29T05:14:58Z,"bass house,g-house","UNWANTED",0.691,0.931,11,-3.639,1,0.354,0.0394,0.00000307,0.708,0.471,160.158,4
spotify:track:21iL1HD3h5AXGdSZABFd8t,"Front & Center","Front & Center","Joey Bada$$",2016-10-21,183396,0,true,,2025-09-29T05:14:58Z,"hip hop,rap","Cinematic Music Group/Pro Era",0.629,0.655,1,-8.212,1,0.355,0.0111,0,0.818,0.546,106.319,4
spotify:track:07HYQ9eR1yuN6i0JdVDSq5,"CA$H2MYCA$KET FT JAYDA & CRAIG XEN (PROD. SKRILLAH.)","CA$H2MYCA$KET FT JAYDA & CRAIG XEN (PROD. SKRILLAH.)","PHVZES;Craig Xen",2017-02-04,151838,0,true,,2025-09-29T05:14:58Z,"trap metal","Repost Network",0.816,0.649,10,-9.906,0,0.435,0.0218,0,0.0864,0.187,119.856,4
spotify:track:6UsdldEfcEXSID2G3nA89J,"San Francisco (Be Sure to Wear Flowers In Your Hair)","Forrest Gump - The Soundtrack","Scott McKenzie",2001-10-02,178800,46,false,,2025-09-29T05:14:58Z,"","Epic/Legacy",0.566,0.505,7,-10.404,1,0.0283,0.428,0.0000053,0.0927,0.649,113.145,4
spotify:track:237B0GS3Y8VwGGD9bGl1vG,"Red Dot Music","Watching Movies with the Sound Off (Deluxe Edition)","Mac Miller;Action Bronson",2013-06-18,367930,0,true,,2025-09-29T05:14:58Z,"east coast hip hop","Rostrum Records",0.537,0.686,5,-6.734,0,0.459,0.156,0,0.158,0.284,148.757,4
spotify:track:55CBDKzq67Qm02aD7LU6nY,"2 High (feat. $uicideboy$)","Wat The Frick EP","Getter;$uicideboy$",2016-09-02,154000,28,true,,2025-09-29T05:14:58Z,"dubstep,horrorcore,emo rap,cloud rap,trap metal,underground hip hop","OWSLA",0.726,0.892,0,-2.278,1,0.0557,0.000848,0.000144,0.831,0.334,120.1,4
spotify:track:0R6eH0G4J4hkkdcDc2KfjZ,"Wake Up","The Labyrinth","Zion I",2016-10-21,124366,4,true,,2025-09-29T05:14:58Z,"hyphy,underground hip hop","Mind Over Matter",0.836,0.796,8,-7.816,1,0.223,0.031,0,0.285,0.703,114.025,4
spotify:track:2xgX6htrEkyF90i6cwnOf6,"Dump Dump","Trap Lord","A$AP Ferg",2013-08-19,214826,39,true,,2025-09-29T05:14:58Z,"rap","A$AP Worldwide/Polo Grounds Music",0.65,0.638,8,-5.94,1,0.127,0.207,0,0.266,0.418,134.044,4
spotify:track:2fYsPexOWVK7qOL8mgpydW,"Ice","Welcome to the Future","Future;Juicy J;A$AP Ferg",2014-01-01,249052,0,false,,2025-09-29T05:14:58Z,"rap,crunk","Street money corporation",0.844,0.619,11,-7.975,0,0.269,0.0524,0,0.158,0.555,140.029,4
spotify:track:6HZILIRieu8S0iqY8kIKhj,"DNA.","DAMN.","Kendrick Lamar",2017-04-14,185946,77,true,,2025-09-29T05:14:58Z,"hip hop,west coast hip hop","Aftermath",0.638,0.523,1,-6.664,1,0.357,0.00454,0,0.0842,0.422,139.913,4
spotify:track:0Cp5LsJFTeHokHInMlL0nh,"100K","100K","Goodbye Tomorrow",2015-03-11,248972,0,true,,2025-09-29T05:14:58Z,"","Rostrum Records",0.836,0.832,7,-5.633,1,0.0807,0.0125,0,0.0988,0.67,116,4
spotify:track:36sDpbdGCYTCdLLNQsLsT6,"50 K","In Trap We Trust, Vol. 1","Waka Flocka Flame;T.I.",2015-02-18,207543,34,true,,2025-09-29T05:14:58Z,"southern hip hop","Swagg Nation Records LLC",0.827,0.716,9,-5.417,1,0.0527,0.00131,0,0.121,0.301,143.984,4
spotify:track:1eEPKr5gzWVSZKiMWIMZYa,"You See Me","Camp","Childish Gambino",2011-01-01,195373,0,true,,2025-09-29T05:14:58Z,"","Glassnote",0.677,0.806,2,-6.393,1,0.507,0.051,0,0.116,0.657,69.765,4
spotify:track:30sc425JEvj3tgmGAKORea,"New Choppa","Playboi Carti","Playboi Carti;A$AP Rocky",2017-04-14,126043,64,true,,2025-09-29T05:14:58Z,"rage rap,rap","AWGE Label",0.773,0.605,0,-4.223,0,0.0579,0.174,0,0.329,0.425,128.16,4
spotify:track:1NgNYW8XedhChze3LzO9xk,"Cleanin Up","Cleanin Up","Lil Windex",2017-07-04,203824,28,true,,2025-09-29T05:14:58Z,"","Lil Windex",0.832,0.729,7,-4.778,1,0.112,0.0294,0,0.135,0.713,109.962,4
spotify:track:7raU15JD4345z0DDnW1jre,"Inferno - Machinedrum Remix","Inferno (Machinedrum Remix)","UZ;Oski;Craze;Machinedrum",2017-11-03,207000,0,false,,2025-09-29T05:14:58Z,"edm trap,riddim,dubstep,bass music,moombahton,drumstep,footwork,idm,glitch","Quality Goods Records",0.794,0.825,5,-6.345,1,0.367,0.0584,0.282,0.123,0.453,89.99,4
spotify:track:1dHzthwGi2haGhpRkCKnbd,"Marvelous","Marvelous - Single","Yoshi Thompkins",2016-02-19,200777,6,true,,2025-09-29T05:14:58Z,"","C9",0.862,0.589,2,-11.428,0,0.166,0.0823,0,0.127,0.117,126.915,3
spotify:track:6saIbmjLvaqhS7yKP8jAk2,"First Breath","Let There B Lyt","Daylyt;willie b",2017-05-29,152137,0,true,,2025-09-29T05:14:58Z,"zydeco","Champions Only 98",0.607,0.743,8,-8.351,1,0.395,0.467,0,0.25,0.79,170.005,4
spotify:track:6QLSVZvunHnxE9q7L4n8LQ,"Where Are You Now?","Love Like This","The Summer Set",2009-10-13,273480,16,false,,2025-09-29T05:14:21Z,"pop punk","Razor & Tie",0.339,0.682,9,-7.71,1,0.047,0.116,0.000337,0.162,0.125,139.961,3
spotify:track:0G9TC07HTAjK4bJxYQQUlI,"Rap Game James Franco (Salisbury Steak Sweater) [feat. RiFF RaFF]","Rap Game James Franco (Salisbury Steak Sweater) [feat. RiFF RaFF]","Deezuz;Riff Raff",2013-01-29,160835,20,true,,2025-09-29T05:14:21Z,"","MOVE Inc.",0.698,0.787,7,-2.351,0,0.0892,0.0307,0,0.114,0.555,35.513,4
spotify:track:6DTpGPwh9iH60LH32XZ0tA,"Automated Oceans","Automated Oceans - Single","Young L;Sea Of Bees",2012-05-22,227538,0,false,,2025-09-29T05:14:21Z,"","Indie-Pop",0.531,0.485,1,-7.938,1,0.12,0.375,0,0.0891,0.239,132.925,4
spotify:track:2LAGJiA7FLMRFowV5W67sw,"Get This Money","High Class Street Music 3: Trappin' out a Mansion","Young Dolph;2 Chainz",2013-05-13,205640,56,true,,2025-09-29T05:14:21Z,"southern hip hop,trap,rap","Paper Route Empire",0.859,0.726,1,-6.025,0,0.129,0.0402,0,0.0941,0.687,132.036,4
spotify:track:45QAbhiq5ibQbFnWVS7TJH,"Too Bad","Too Bad - Single","IshDARR",2015-08-17,193071,30,true,,2025-09-29T05:14:21Z,"","IshDARR",0.625,0.726,2,-5.617,1,0.146,0.0933,0,0.234,0.337,139.951,4
spotify:track:46RKGtkSiyvKq9wGt5EotX,"Mellow Yellow","Mellow Yellow","Dumbfoundead",2017-04-21,185000,13,true,,2025-09-29T05:14:21Z,"k-rap","DFD RECORDS",0.778,0.618,11,-8.368,0,0.32,0.0723,0,0.164,0.351,129.94,4
spotify:track:4CmMW6ll5Tzt4m4Mo5rM2v,"Bada Bing! Wit' a Pipe!","Rise or Die Trying","Four Year Strong",2007-09-18,201533,0,false,,2025-09-29T05:14:21Z,"pop punk,punk","I Surrender Records",0.428,0.953,2,-4.475,1,0.109,0.00579,0,0.241,0.796,181.065,4
spotify:track:7LKYZDxba44iNVnKhgFVDg,"Beatdown in the Key of Happy","Rise or Die Trying","Four Year Strong",2007-09-18,183080,0,false,,2025-09-29T05:14:21Z,"pop punk,punk","I Surrender Records",0.549,0.902,2,-5.415,1,0.132,0.002,0,0.416,0.67,93.959,4
spotify:track:63L9AjBDN3SOMbJlBkFqiZ,"Careful","Brand New Eyes","Paramore",2009-09-25,230440,56,false,,2025-09-29T05:14:21Z,"pop punk,emo","Fueled By Ramen",0.417,0.945,8,-3.703,1,0.0805,0.00019,0.0000863,0.2,0.607,164.997,4
spotify:track:3ab6oWcjGJwj1q2dG9F9Ls,"Hazy","The 40 Akerz Project","Nappy Roots",2015-05-05,190032,22,false,,2025-09-29T05:14:21Z,"southern hip hop","Nappy Roots Entertainment",0.586,0.659,8,-5.028,1,0.254,0.185,0,0.334,0.382,121.929,4
spotify:track:6GnhWMhgJb7uyiiPEiEkDA,"Weekend (feat. Miguel)","GO:OD AM","Mac Miller;Miguel",2015-09-18,208080,75,true,,2025-09-29T05:14:21Z,"r&b","Warner Records",0.843,0.435,8,-8.442,1,0.178,0.47,0,0.147,0.19,120.058,4
spotify:track:1ea97AUSazu2QZw9BnHJqK,"Gucci Gucci","Somethin 'Bout Kreay","Kreayshawn",2012-09-14,187840,57,false,,2025-09-29T05:14:21Z,"","Columbia",0.712,0.924,10,-2.802,0,0.0683,0.165,0.0000177,0.906,0.901,77.508,4
spotify:track:7z7cVLaaSflYWIlkgPrUGA,"A Glorious Death (feat. Flatbush ZOMBiES)","12","A$AP Twelvyy;Flatbush Zombies",2017-08-04,225200,35,true,,2025-09-29T05:14:21Z,"","A$AP Worldwide/Polo Grounds Music",0.694,0.595,10,-5.926,0,0.298,0.083,0.00000452,0.0628,0.138,119.859,4
spotify:track:4iBxI4XfYAePhigQtLdlug,"Buzz Aldrin","Buzz Aldrin - Single","Curtis Williams",2013-12-03,261067,0,true,,2025-09-29T05:14:21Z,"","A3C / iH2D / iHipHop Distribution",0.665,0.634,8,-6.07,0,0.097,0.00169,0.00000936,0.114,0.238,119.93,4
spotify:track:5mu1uv8RmzDkF8foePK5qa,"Kream (feat. Tyga)","Survive The Summer","Iggy Azalea;Tyga",2018-08-03,166626,61,true,,2025-09-29T05:14:21Z,"","Island Records",0.785,0.425,10,-6.665,1,0.137,0.0335,0.00000436,0.108,0.192,174.028,4
spotify:track:4sR1nu9EsgqurdnYEp7vdz,"Run, Don't Walk","Hold On Tight","Hey Monday",2008-10-07,222973,32,false,,2025-09-29T05:14:21Z,"pop punk,emo","Decaydance/Columbia",0.313,0.911,4,-3.041,1,0.0809,0.00309,0,0.245,0.425,165.02,4
spotify:track:5iC3FCPD9Of4j8PG1y4RiQ,"Stay Strapped","Gang Tapes","Phonk P;Fred Blaze",2017-11-11,186587,0,true,,2025-09-29T05:14:21Z,"","Kreative Konscience Music",0.76,0.677,11,-4.849,0,0.256,0.0149,0.00003,0.106,0.363,89.974,4
spotify:track:6lwxNGjvD1pFlXyNI2h9aH,"2 MUCH (feat. 24hrs) (feat. 24hrs)","2 MUCH (feat. 24hrs) (feat. 24hrs)","Flosstradamus;24hrs",2018-02-09,182400,0,false,,2025-09-29T05:14:21Z,"edm trap","Ultra Records, LLC",0.642,0.933,4,-2.887,0,0.0871,0.0657,0.0000104,0.087,0.158,150.039,4
spotify:track:2WSoljkJNMKE19cgq0daR1,"What the Hell","Goodbye Lullaby (Deluxe Edition)","Avril Lavigne",2011-03-04,220626,0,false,,2025-09-29T05:14:21Z,"","Epic",0.57,0.938,6,-3.682,0,0.0555,0.00483,0.00488,0.13,0.858,150.081,4
spotify:track:3RQFICPJMsBazO66qK808s,"Skyway Avenue","We The Kings","We The Kings",2007-10-07,205209,0,false,,2025-09-29T05:14:21Z,"pop punk","S-Curve Records",0.476,0.885,6,-3.311,1,0.0856,0.0421,0,0.06,0.629,164.042,4
spotify:track:2PDLmgDWiwjUTxl1pPyDQA,"For a Pessimist, I'm Pretty Optimistic","Riot!","Paramore",2007-06-12,228293,53,false,,2025-09-29T05:14:21Z,"pop punk,emo","Fueled By Ramen",0.537,0.927,6,-3.322,1,0.0476,0.00017,0.00000678,0.115,0.379,102.445,4
spotify:track:3O6263OJ8OVOIKpFp6sNxr,"P.U.T.A. / Stacey Is The Bride","Arcstrumentals, Vol. 2","Erick the Architect",2018-02-16,195800,35,true,,2025-09-29T05:14:21Z,"jazz rap","Glorious Dead Recordings",0.879,0.491,4,-7.205,0,0.122,0.0463,0.0000808,0.106,0.325,89.998,4
spotify:track:3EJUnbxxsQp3ZXg65dOtz8,"Sheepbaaad","Your Mother's Other Son","Sweet da Kid",2015-08-05,163082,24,false,,2025-09-29T05:14:21Z,"","Louder Than Life/Sony Music",0.714,0.772,6,-5.289,1,0.104,0.0218,0.0000133,0.101,0.204,88.037,5
spotify:track:0bmNKwiulIaG8OSMtcuMbV,"2 a.m.","Lost The Album","Cool Calm Pete",2005-07-12,185066,0,true,,2025-09-29T05:13:58Z,"jazz rap","Embedded",0.559,0.582,3,-7.513,0,0.307,0.114,0.00000561,0.647,0.842,142.421,4
spotify:track:1x2AaC4RKXNJSaSKlBhDzR,"A Wizard Told Me","A Wizard Told Me","Ameer Vann",2015-05-08,193560,20,true,,2025-09-29T05:13:58Z,"","BROCKHAMPTON",0.511,0.687,2,-8.443,1,0.513,0.243,0.000162,0.232,0.416,132.476,4
spotify:track:7B6kmb9U4BS1YqPrZzUO7s,"Got It Like That - Eleven:11 Remix","Got It Like That (Eleven:11 Remix)","Pell;G-Eazy",2015-05-20,262280,37,true,,2025-09-29T05:13:58Z,"","PellYeah LLC",0.657,0.642,1,-7.616,1,0.136,0.147,0,0.0775,0.179,124.962,4
spotify:track:3KoTObJFtXaL1HRERR9M15,"Underworld","The Night Took Us in Like Family","L'Orange;Jeremiah Jae",2015-04-21,207255,0,true,,2025-09-29T05:13:58Z,"jazz rap","Mello Music Group",0.633,0.533,10,-10.888,1,0.352,0.586,0.0000444,0.348,0.463,85.969,4
spotify:track:1bqrRn1pJWowNLA5N9L6uW,"Meet Me in the Woods","Strange Trails","Lord Huron",2015-04-07,262209,5,true,,2025-09-29T05:13:58Z,"","IAMSOUND",0.543,0.925,6,-6.783,0,0.0448,0.392,0.456,0.0668,0.594,80.499,1
spotify:track:19qoXk7V1Fs3BV5MkCOaA9,"Fuckin' up the Count","Shadow of a Doubt","Freddie Gibbs",2015-11-20,201600,3,true,,2025-09-29T05:13:58Z,"jazz rap,alternative hip hop","ESGN / EMPIRE",0.663,0.666,7,-5.566,0,0.333,0.406,0,0.13,0.4,149.939,4
spotify:track:0QLuexVmR2wgNsekPKbv6c,"OSOM (feat. J. Cole)","Redemption","Jay Rock;J. Cole",2018-06-15,323120,53,true,,2025-09-29T05:13:58Z,"rap","Top Dawg Ent./Interscope Records",0.749,0.674,8,-6.756,0,0.229,0.406,0,0.296,0.396,124.917,4
spotify:track:5JEx7HbmvHQQswJCsoo9rA,"Close To Me (with Diplo) (feat. Swae Lee)","Close To Me (feat. Swae Lee)","Ellie Goulding;Diplo;Swae Lee",2018-10-24,182623,59,true,,2025-09-29T05:13:58Z,"moombahton","Polydor Records",0.575,0.758,1,-5.029,0,0.0618,0.0954,0,0.394,0.493,144.107,4
spotify:track:6Bqn71zg1dznO7Ck8ykEWc,"Jazz","The Water (S)","Mick Jenkins",2014-08-12,260160,0,true,,2025-09-29T05:13:58Z,"jazz rap","Cinematic Music Group",0.636,0.61,8,-9.665,1,0.119,0.25,0.000121,0.113,0.296,125.227,3
spotify:track:0Qr84l4h2Aswgwnz2f9DZk,"Now You Do","The Thurl Tape","A-1",2012-09-04,182383,22,false,,2025-09-29T05:13:58Z,"","Thurl",0.651,0.773,6,-6.855,0,0.262,0.268,0,0.172,0.411,129.882,4
spotify:track:1XoMhaVxtcVukieSHOpBtn,"You & Me","You & Me - Single","Skrux",2015-07-15,252590,0,false,,2025-09-29T05:13:58Z,"chillstep,future bass,melodic bass","Artist Intelligence Agency / Hegemon",0.335,0.888,0,-5.395,0,0.0887,0.14,0.604,0.171,0.149,139.77,4
spotify:track:629TRAVD61y1ZVNl9EOfEE,"THE BROWN STAINS OF DARKEESE LATIFAH PART 6-12 (REMIX) (feat. ScHoolboy Q)","Cherry Bomb","Tyler, The Creator;ScHoolboy Q",2015-04-13,191868,49,true,,2025-09-29T05:13:58Z,"","Odd Future",0.63,0.842,1,-5.636,0,0.316,0.000967,0,0.362,0.634,84.952,4
spotify:track:736y1ZQptSw5iaMkbmvu9X,"Press Rewind","Both Sides Of The Brain","Del The Funky Homosapien",2000-01-01,277440,39,true,,2025-09-29T05:13:58Z,"","Hieroglyphics Imperium",0.825,0.66,9,-6.977,1,0.327,0.233,0,0.0919,0.699,93.914,4
spotify:track:3OtnLig2ZlBqNxRMPI78C0,"Automatic","Freddie","Freddie Gibbs",2018-06-22,152000,39,true,,2025-09-29T05:13:58Z,"jazz rap,alternative hip hop","ESGN / EMPIRE",0.897,0.583,8,-6.442,1,0.219,0.0339,0.00000304,0.349,0.314,120.051,4
spotify:track:5fpizYGbi5IQoEraj6FP0R,"Intergalactic - Remastered 2009","Hello Nasty (Deluxe Edition/Remastered)","Beastie Boys",1998-07-14,231493,69,false,,2025-09-29T05:13:58Z,"rap rock,old school hip hop,east coast hip hop,hip hop","Capitol Records",0.734,0.864,2,-6.119,1,0.303,0.022,0.00000985,0.246,0.47,105.932,4
spotify:track:20B9qxYiM9skZqcOAEmMAH,"Top Ramen (feat. Doughboi)","Top Ramen (feat. Doughboi)","Yung Chef;Doughboi",2017-04-24,156735,23,false,,2025-09-29T05:13:58Z,"","Rose City Collective / Genuine Music Group",0.866,0.598,1,-5.295,0,0.128,0.0148,0,0.108,0.352,112.082,4
spotify:track:6OPwDA6TTa75Qsbrhrppnl,"City Going Crazy","Gundam Pt. II","Tre Capital",2015-06-28,251413,10,true,,2025-09-29T05:13:58Z,"","D.LX HERO LLC",0.713,0.553,7,-6.69,0,0.345,0.142,0.00681,0.428,0.49,109.955,4
spotify:track:25Kf3CHRZmSY6l2hq0qmcF,"Renaissance Forever","10k Hours","Natia",2017-07-28,178567,0,true,,2025-09-29T05:13:50Z,"","POW Recordings",0.77,0.702,8,-6.975,0,0.239,0.00866,0,0.202,0.539,105.009,4
spotify:track:6CRf8EO6lDCHW4SscdXZkv,"Boom Biddy Bye Bye - Fugees Remix","The Essential Cypress Hill","Cypress Hill;Fugees",2014-10-10,242506,41,true,,2025-09-29T05:13:50Z,"west coast hip hop,old school hip hop,rap rock,hip hop,east coast hip hop","Columbia/Legacy",0.745,0.771,6,-6.416,1,0.277,0.207,0.0000699,0.196,0.593,91.146,4
spotify:track:0BJTbkmrB2Y4E9M8qVzbYZ,"Feel It All Around","Life Of Leisure","Washed Out",2010-03-01,192080,0,false,,2025-09-29T05:13:50Z,"chillwave,dream pop","Mexican Summer",0.34,0.737,8,-4.681,1,0.0582,0.000105,0.762,0.0699,0.499,172.022,4
spotify:track:7otzPTzCipngNDhoRMOjot,"Arcade","Arcade","Kaiydo",2016-03-03,233064,0,true,,2025-09-29T05:13:50Z,"","Everyday Friday",0.918,0.331,1,-7.211,0,0.173,0.0114,0,0.191,0.255,140.058,4
spotify:track:2Lhdl74nwwVGOE2Gv35QuK,"Cupid's Chokehold / Breakfast in America","The Papercut Chronicles","Gym Class Heroes",2005-02-22,243773,76,false,,2025-09-29T05:13:50Z,"","Decaydance/Fueled By Ramen/ATL",0.72,0.744,1,-6.938,0,0.12,0.237,0,0.255,0.619,78.953,4
spotify:track:7koDkpPn92SL8RmD0CkGVv,"Shrubbery","Shrubbery","Bronze Whale;5-D",2016-03-10,215800,19,true,,2025-09-29T05:13:50Z,"","Magic Magic",0.75,0.878,7,-7.065,1,0.314,0.348,0.00816,0.113,0.419,150.037,4
spotify:track:04SO1QnuOtVHvyAmcYDdYM,"What It Dew","Running Wild","Grieves",2017-08-25,214893,0,true,,2025-09-29T05:13:50Z,"underground hip hop","Rhymesayers",0.772,0.64,9,-7.403,1,0.0545,0.000524,0.00000392,0.119,0.402,131.844,4
spotify:track:3tgP5OI1aJUWPPVBVMFTAT,"Bad Boys 3","Floss","Injury Reserve",2016-12-15,140886,26,true,,2025-09-29T05:13:50Z,"experimental hip hop,alternative hip hop","Injury Reserve",0.508,0.505,11,-6.322,1,0.339,0.0857,0,0.17,0.536,170.085,4
spotify:track:1IruBrVHO0XS9SfXGoYBXn,"Headlock (feat. Offset)","One Night Only","Cousin Stizz;Offset",2017-07-12,200666,36,true,,2025-09-29T05:13:50Z,"","RCA Records Label",0.964,0.604,7,-3.994,1,0.0844,0.371,0,0.0938,0.612,116.041,4
spotify:track:2pONuBYwWrNm9jcJH6hmPc,"Sleep","The Black Parade","My Chemical Romance",2006-10-20,283466,62,false,,2025-09-29T05:13:34Z,"emo,pop punk","Reprise",0.188,0.952,0,-4.499,1,0.201,0.00138,0.000856,0.381,0.152,155.973,4
spotify:track:3HOGZQbzokUiYHuWhxOBjx,"Don't You Know Who I Think I Am?","Infinity On High","Fall Out Boy",2007-01-01,171960,51,false,,2025-09-29T05:13:34Z,"emo,pop punk","Island Records",0.449,0.949,1,-2.571,1,0.0853,0.00137,0.00000563,0.017,0.856,162.891,4
spotify:track:2LDv4GXuR2yR6n8bdBR95J,"Running To You","Running To You","SLANDER;Spag Heddy;Elle Vee",2018-11-15,300850,39,false,,2025-09-29T05:13:34Z,"melodic bass,dubstep,future bass,edm,riddim,deathstep,bass music,drumstep,dub","Monstercat",0.465,0.855,4,-2.429,0,0.0615,0.00804,0.000368,0.0749,0.0909,149.941,4
spotify:track:5SJ6KivyJRhhGr1xY6s4jX,"Cata (feat. Lobounce)","Self Predator","Savoy;LoBounce",2014-01-14,213660,27,false,,2025-09-29T05:13:34Z,"dubstep,electro house,future bass,glitch,moombahton","Savoy",0.484,0.926,7,-5.958,1,0.043,0.000197,0.817,0.138,0.38,80.998,4
spotify:track:5psoxZpBVWS27k9Fngaes9,"Ghost Assassin - VIP","Memoirs","Maduk;Veela",2015-08-01,222739,43,false,,2025-09-29T05:13:34Z,"drum and bass,liquid funk,chillstep,drumstep","Liquicity Records",0.584,0.924,11,-3.089,0,0.0759,0.0166,0,0.0851,0.543,87.96,4
spotify:track:0yp6lF2DCMm21zCmcLsYTa,"The Progress","The Progress","Kromestar",2016-07-29,208581,0,false,,2025-09-29T05:13:34Z,"dubstep,dub,bass music,drumstep","Library Music",0.587,0.758,2,-4.467,1,0.0328,0.00000471,0.879,0.0848,0.225,84.898,4
spotify:track:2JLig04VzQnguPxY5ie2PP,"Siberia","Siberia","Lights",2011-10-04,259146,0,false,,2025-09-29T05:13:34Z,"","Lights Music Inc. Distributed exclusively through Last Gang Records Inc",0.482,0.879,0,-6.037,1,0.0789,0.00918,0.00161,0.676,0.612,147.97,4
spotify:track:2R5HI7UfSG6fA2lbfsge8n,"Marijade","Xmas Weapons","RayRay",2017-12-25,192855,24,false,,2025-09-29T05:13:34Z,"bass house","Den Haku Records",0.583,0.888,2,-3.918,1,0.0425,0.000827,0.000212,0.387,0.267,77.027,4
spotify:track:6WeKImanaEbtfp4ajFc6LA,"You Won't Know","The Devil And God Are Raging Inside Me","Brand New",2006-01-01,341666,44,false,,2025-09-29T05:13:34Z,"emo,pop punk,post-hardcore","Dreamworks Brand New",0.24,0.503,4,-5.027,0,0.036,0.0586,0.00128,0.184,0.036,95.61,1
spotify:track:3nATDv7r3p0AXkPaXFY12y,"Kkorn Flexxin","Kkorn Flexxin","Spark Master Tape",2017-04-01,130800,27,true,,2025-09-29T05:13:34Z,"","PAPER PLATOON LLC",0.752,0.459,1,-10.313,1,0.131,0.112,0.0183,0.0846,0.272,79.993,4
spotify:track:51VwpPzxUd6g94iELptagU,"Headfirst for Halos","I Brought You My Bullets, You Brought Me Your Love","My Chemical Romance",2002,208173,58,false,,2025-09-29T05:13:34Z,"emo,pop punk","Reprise",0.291,0.976,2,-6.443,1,0.09,0.000162,0.00000829,0.359,0.276,112.225,4
spotify:track:3DYH3KyTqMJmbtCCP8lmjo,"Neckbreaker","Neckbreaker","Dirtyphonics;FuntCase",2016-04-15,246857,0,true,,2025-09-29T05:13:34Z,"dubstep,deathstep,riddim,drumstep,drum and bass,bass music,dub","Circus Records",0.392,0.939,1,-1.623,1,0.489,0.00443,0.0616,0.132,0.181,175.015,4
spotify:track:48uNF8nyBdWgobrPdJdIkK,"Gave To Me","Gave To Me","T-Mass;Jaxxtone",2017-05-30,212816,0,false,,2025-09-29T05:13:34Z,"future bass,edm trap,chillstep","NCS",0.459,0.77,2,-4.976,1,0.0954,0.000827,0.609,0.0864,0.106,150.023,4
spotify:track:5s3nQ8ShpYDtpg1znKStJq,"Burn Baphomet","Burn Baphomet","Von D",2017-06-02,308571,0,false,,2025-09-29T05:13:34Z,"dubstep,dub","AMAR",0.516,0.576,1,-8.023,1,0.0645,0.000463,0.798,0.256,0.268,140.009,4
spotify:track:6SiIq2zc4Rs1au0gCC7YMO,"Anomaly","Outer Edges","Noisia",2016-08-05,243123,30,false,,2025-09-29T05:13:34Z,"drum and bass,drumstep,dubstep,breakbeat,jungle,bass music","Vision Recordings",0.508,0.959,11,-1.417,0,0.0969,0.000163,0.806,0.195,0.149,171.905,4
spotify:track:6DJSXnOkZkeRGpFjrftwSa,"Into Dust","Outer Edges","Noisia",2016-08-05,259573,26,false,,2025-09-29T05:13:34Z,"drum and bass,drumstep,dubstep,breakbeat,jungle,bass music","Vision Recordings",0.282,0.828,8,-2.901,1,0.122,0.000257,0.927,0.112,0.0992,172.1,4
spotify:track:2S4MJ7mQM725upW6egRBwo,"G Shit","XXIV Bit EP","Joker",2016-08-05,255446,0,false,,2025-09-29T05:13:34Z,"dubstep,dub","Kapsize",0.707,0.741,1,-3.923,1,0.0689,0.000149,0.668,0.654,0.382,139.934,4
spotify:track:5hR9n7uZb2QhgqfbZyxF45,"Bad Dreams - Feed Me Remix","Bad Dreams (Feed Me Remix)","Pete Yorn;Scarlett Johansson;Feed Me",2018-07-13,208000,8,false,,2025-09-29T05:13:34Z,"dubstep,electro house","Capitol Records (US1A)",0.478,0.801,7,-5.568,1,0.304,0.00148,0.000233,0.123,0.431,150.034,4
spotify:track:3Wvq89A8v9p6xaX5sjamSP,"Mumble Rap","Mumble Rap","Belly",2017-10-06,163026,38,true,,2025-09-29T05:13:11Z,"","Belly/Roc Nation",0.781,0.639,7,-4.991,1,0.259,0.0638,0.215,0.127,0.43,137.08,4
spotify:track:0XiuQ9mcEtb6E5DgHAwehA,"Panic Room","LSD (Saga)","Sahtyre",2015-05-05,168440,0,true,,2025-09-29T05:13:11Z,"","The Order Label",0.654,0.795,8,-8.363,0,0.402,0.0304,0.000153,0.186,0.412,122.982,4
spotify:track:7ruK4I4QTJZ94RkK0GWrMa,"Can't Sleep (Audiotree Live Version)","K.Flay on Audiotree Live","K.Flay",2015-08-14,300775,0,true,,2025-09-29T05:13:11Z,"","Audiotree Music",0.542,0.401,4,-10.788,0,0.0864,0.179,0.00155,0.0935,0.0798,145.807,4
spotify:track:4ICjhG5nDOFaWQb6o5piWP,"The Spider and the Lamps (feat. Max Bemis)","Razia's Shadow: A Musical","Forgive Durden",2008-10-27,310120,24,false,,2025-09-29T05:13:11Z,"","Fueled By Ramen",0.377,0.527,9,-8.68,0,0.0701,0.182,0.0000615,0.249,0.295,74.991,3
spotify:track:1Nig8tnYHCBaBz7FPIR763,"Smoker's Corner","Knew School","Knowmads",2016-07-15,223000,38,true,,2025-09-29T05:13:11Z,"","Knowmads",0.876,0.642,11,-6.279,0,0.242,0.108,0,0.188,0.569,129.98,4
spotify:track:3cI9VwOd4yhjtvkmBjaZVd,"Diamonds Are Forever (And Forever Is a Mighty Long Time)","The Lady Luck EP","The Cab",2008-04-07,193173,27,false,,2025-09-29T05:13:11Z,"","Fueled By Ramen",0.464,0.768,2,-4.364,1,0.0537,0.0000481,0.0000205,0.291,0.527,127.028,4
spotify:track:4Lr0WJoq6VLTZ8zn2NfrOq,"Chasing the Wind","Who Are You Now?","This Providence",2009,250173,11,false,,2025-09-29T05:13:11Z,"pop punk","Fueled By Ramen/Atlantic",0.397,0.701,1,-4.009,1,0.0386,0.0171,0.00000939,0.309,0.296,139.17,3
spotify:track:2cdPMylKH6y965D7XsXeIW,"The Return","Event 2","Deltron 3030",2013-09-30,400093,24,false,,2025-09-29T05:13:11Z,"experimental hip hop,underground hip hop","Bulk Recordings",0.454,0.833,4,-5.898,0,0.238,0.0597,0.0638,0.38,0.429,83.207,4
spotify:track:6dMDvNVvYDMaziRd0ENZxT,"Breakdown","The Everglow","Mae",2005-01-01,254026,27,false,,2025-09-29T05:13:11Z,"christian alternative rock,emo","Tooth & Nail (TNN)",0.528,0.887,1,-6.246,1,0.0362,0.135,0.000448,0.259,0.748,144.028,4
spotify:track:5lLyaFsXQ2GASksFhGA9It,"Younger Us","Celebration Rock","Japandroids",2012-06-05,212912,0,false,,2025-09-29T05:13:11Z,"noise rock,garage rock","Polyvinyl Records",0.0692,0.977,9,-2.972,1,0.0798,0.0000447,0.0217,0.38,0.266,185.23,4
spotify:track:48BclCneGJtY98uVvNJtAE,"Playing for Keeps","Stories And Alibis","Matchbook Romance",2003-09-23,225373,30,false,,2025-09-29T05:13:11Z,"emo,screamo,post-hardcore","Epitaph",0.336,0.969,8,-2.569,1,0.0637,0.000012,0.542,0.386,0.341,92.453,4
spotify:track:10aghLtnLvtlD3d0BoaPyY,"Promise","Stories And Alibis","Matchbook Romance",2003-09-23,256226,40,false,,2025-09-29T05:13:11Z,"emo,screamo,post-hardcore","Epitaph",0.411,0.972,8,-3.915,1,0.145,0.0000499,0.0832,0.198,0.103,100.562,4
spotify:track:1Tv8Qfoir8zfBmCPkbfeg3,"Kill Us","Kill Us","Trizz",2017-03-29,226150,23,true,,2025-09-29T05:13:11Z,"","Below System Records",0.686,0.677,7,-5.788,1,0.232,0.295,0.0000013,0.0985,0.281,129.006,4
spotify:track:02QtLnNHXL99mcpq9uPLLu,"Saviour","The Listening (Deluxe Version)","Lights",2009-10-06,208933,21,false,,2025-09-29T05:13:11Z,"","Sire/Warner Records",0.627,0.648,2,-4.787,1,0.0251,0.297,0.00000112,0.136,0.481,105.989,4
spotify:track:3ccsTgN6irZ6odCNhoyNuF,"Where Did You Go?","We All Need A Reason To Believe","Valencia",2008-08-26,201026,25,false,,2025-09-29T05:13:11Z,"pop punk,emo","Columbia",0.433,0.751,1,-4.322,1,0.039,0.0164,0.00000165,0.167,0.595,161.722,4
spotify:track:4ObL9Uct3f7U8I000N6iiM,"Lifting Shadows","Alwasta","Oddisee",2016-03-24,280367,0,false,,2025-09-29T05:13:11Z,"jazz rap","Mello Music Group",0.622,0.651,4,-5.281,0,0.16,0.0124,0,0.0861,0.265,135.96,4
spotify:track:4nAAFn7O4IiIZPB3cVJ6em,"Bleed For You","Life In Dreaming","Hidden In Plain View",2005-01-01,231560,0,false,,2025-09-29T05:13:11Z,"emo,pop punk,post-hardcore,screamo","Drive Thru Records",0.445,0.955,5,-2.632,1,0.0755,0.00313,0,0.441,0.245,95.24,4
spotify:track:3xgczo6hjGqCYuEnjIPL01,"S, D, & Rnr","Stoned and Dethroned","Nacho Picasso",2015-01-13,272561,9,true,,2025-09-29T05:13:11Z,"cloud rap","Nacho P Recordings",0.362,0.816,5,-5.743,1,0.363,0.432,0,0.0951,0.477,65.947,4
spotify:track:5eUqf2QcNtExz3Sfz3bnmG,"The Hider - EP Version","VersaEmerge","VersaEmerge",2009-02-03,162946,14,false,,2025-09-29T05:13:11Z,"","Fueled By Ramen",0.451,0.941,4,-4.959,0,0.0302,0.000944,0,0.456,0.496,150.069,4
spotify:track:2cSNFwNbV1dmxazgNnXz4k,"Hell to Sell","Champion","The Audition",2008,227853,0,false,,2025-09-29T05:13:11Z,"pop punk,emo","Victory",0.427,0.882,10,-1.533,0,0.0501,0.0151,0,0.081,0.55,196.904,4
spotify:track:6npcJbgDhtWeNT5iOGsjZI,"Kill Jill (feat. Killer Mike & Jeezy)","BOOMIVERSE","Big Boi;Jeezy;Killer Mike",2017-06-16,264738,0,true,,2025-09-29T05:13:11Z,"southern hip hop,crunk,rap,gangster rap,alternative hip hop","HITCO",0.771,0.527,7,-6.797,0,0.23,0.205,0,0.107,0.114,139.935,4
spotify:track:41r8mKvIbkQHLm5C9TaEJ6,"Tenkkeys (Kklasikk Version)","Tenkkeys (Kklasikk Version)","Spark Master Tape",2016-10-22,131397,45,true,,2025-09-29T05:13:11Z,"","Paper Platoon LLC",0.768,0.81,1,-7.918,1,0.293,0.618,0.000103,0.738,0.945,93.044,4
spotify:track:19K3lUMJmOdeuOBTrbLm19,"Weekend Wars","Oracular Spectacular","MGMT",2007-12-14,250773,54,false,,2025-09-29T05:13:11Z,"indie","Red Ink/Columbia",0.549,0.859,5,-3.993,1,0.0361,0.0964,0.0000236,0.322,0.69,77.013,4
spotify:track:2irUTCRpTHbAAVadDVWgm1,"Madi Don't Leave","Texas","PlayRadioPlay!",2008-01-01,340280,20,false,,2025-09-29T05:13:11Z,"","Island Def Jam",0.447,0.607,1,-7.717,0,0.0386,0.0199,0.00202,0.104,0.0663,119.934,4
spotify:track:3sF9v2qDFDGTyYismssCFI,"Drugs","LP4","Ratatat",2010-06-07,294640,0,false,,2025-09-29T05:13:11Z,"","XL",0.723,0.908,10,-5.655,0,0.085,0.099,0.798,0.0968,0.342,120.359,4
spotify:track:2P5j29aI6ksIhbJNfLyHJE,"Running Wild - Jayceeoh Remix","Running Wild (Remixes)","Morgan Page & Jayceeoh;The Oddictions;Britt Daley;Jayceeoh",2015-11-27,192000,38,false,,2025-09-29T03:57:52Z,"dubstep","Nettwerk Music Group",0.504,0.732,6,-5.314,0,0.0389,0.000994,0.725,0.0932,0.1,140.085,4
spotify:track:41kg2RvdwBuIv0OPpvBS4v,"Time Bomb","...And Out Come The Wolves","Rancid",1995-08-15,144333,1,false,,2025-09-29T03:57:18Z,"punk,ska punk,ska,skate punk,hardcore punk","Epitaph",0.646,0.962,9,-4.862,1,0.0536,0.138,0,0.471,0.961,164.79,4
spotify:track:3WBPiogtVDBSXK7uOpxJ6m,"The Bitter End","Sleeping With Ghosts","Placebo",2003-03-24,190573,1,false,,2025-09-29T03:57:01Z,"britpop","Elevator Lady Ltd",0.328,0.904,3,-5.063,0,0.0455,0.0000423,0.0591,0.11,0.518,186.253,4
spotify:track:1hzOfODGyHGSmZxP8c9NEu,"Rollup","Jubilation 2.0","Flosstradamus",2012-05-08,210000,0,false,,2025-09-29T03:56:45Z,"edm trap","Fool's Gold Records",0.644,0.855,2,-6.193,0,0.552,0.0849,0.00477,0.0643,0.196,159.93,4
spotify:track:3pW47c5ygKJZARGWKMbYB0,"Coast to Coast","From a Basement on the Hill","Elliott Smith",2004-10-18,333666,36,false,,2025-09-28T04:52:47Z,"singer-songwriter","Kill Rock Stars",0.185,0.677,5,-9.803,1,0.0435,0.303,0.00000187,0.125,0.177,85.542,4
spotify:track:3pM7gfel0ho7yVJw4KK5Eq,"Independence Day","XO","Elliott Smith",1998-08-25,184906,49,false,,2025-09-28T04:52:15Z,"singer-songwriter","DreamWorks",0.567,0.509,0,-10.846,1,0.031,0.449,0.0684,0.123,0.458,86.86,4
spotify:track:1lkkzUXh0SNetgRf7YHu42,"BOUNCE","Woodwinds","SPORTMODE",2025-09-15,209142,28,false,,2025-09-28T03:13:56Z,"uk garage,bass house,bass music,edm trap","Monstercat",0.374,0.927,1,-1.779,1,0.0508,0.00133,0.67,0.112,0.0647,139.883,4
spotify:track:18kaPrO0CKRFFwXXaPkYMc,"intheclub","intheclub","WINK",2025-09-18,175200,42,false,,2025-09-28T03:11:01Z,"bass music,edm trap,dubstep","UKF",0.564,0.892,11,-1.471,1,0.188,0.00122,0.254,0.952,0.443,174.833,4
spotify:track:2IjyFRCRn8x1bEquOM3vxg,"Purpose","Purpose (Deluxe)","Justin Bieber",2015-11-13,210160,62,false,,2025-09-27T02:25:29Z,"","RBMG/Def Jam",0.481,0.285,0,-10.848,1,0.0424,0.9,0,0.123,0.316,130.021,4
spotify:track:1JbUMtVkQuaAPdHOvncVTm,"Between the Bars","Either/Or","Elliott Smith",1997-02-25,141200,63,false,,2025-09-25T04:16:37Z,"singer-songwriter","Kill Rock Stars",0.523,0.0774,7,-23.594,0,0.0631,0.937,0.886,0.107,0.354,135.207,3
spotify:track:4rHZZAmHpZrA3iH5zx8frV,"Mirrors","The 20/20 Experience (Deluxe Version)","Justin Timberlake",2013-03-15,484146,83,false,,2025-09-25T03:39:35Z,"","RCA Records Label",0.574,0.512,5,-6.664,0,0.0503,0.234,0,0.0946,0.512,76.899,4
spotify:track:5XRr8YnyOEmBi3R31Q4e3z,"THREE","THREE","hex benjamin",2025-08-01,203661,0,true,,2025-09-23T18:56:10Z,"","INDA Records",0.767,0.988,9,-1.467,1,0.146,0.0131,0.344,0.336,0.446,142.055,4
spotify:track:0WpMAaQq61chei1VkqKGWv,"GOFASTER","GOFASTER (YANA100)","Toronto Is Broken;Sebotage;REEBZ",2025-09-17,280003,26,false,,2025-09-23T18:00:52Z,"drum and bass,liquid funk","YANA Music",0.377,0.982,1,-1.647,1,0.351,0.000258,0.00000136,0.368,0.3,173.966,4
spotify:track:0KzAbK6nItSqNh8q70tb0K,"Where Is My Mind?","Death to the Pixies","Pixies",1997-10-06,229226,74,false,,2025-09-23T17:51:02Z,"alternative rock","4AD",0.513,0.442,4,-13.529,1,0.0343,0.00731,0.000838,0.0878,0.243,81.201,4
spotify:track:4jpiU50GLkAqZgwgQbSezT,"Step","Unbelievers","Vampire Weekend;Danny Brown;Heems;Despot",2014-03-03,261240,28,false,,2025-09-23T17:51:01Z,"indie,baroque pop,experimental hip hop,alternative hip hop","XL Recordings",0.586,0.748,10,-6.78,1,0.328,0.287,0,0.213,0.841,78.478,4
spotify:track:3W2ZcrRsInZbjWylOi6KhZ,"You & Me - Flume Remix","Settle (Special Edition)","Disclosure;Eliza Doolittle;Flume",2013-06-03,282812,71,false,,2025-09-23T17:50:57Z,"house,future bass","Universal-Island Records Ltd.",0.599,0.392,10,-6.869,0,0.0257,0.378,0.000107,0.131,0.26,75.066,4
spotify:track:2wXZeaK0rXF3qrs7ernZ2L,"Lover I Don't Have to Love","LIFTED or The Story Is in the Soil, Keep Your Ear to the Ground","Bright Eyes",2002-08-13,239800,44,false,,2025-09-23T10:31:09Z,"indie folk","Dead Oceans",0.518,0.746,9,-6.151,0,0.0405,0.165,0.000316,0.108,0.44,80.024,4
spotify:track:764CYWJzIeuBGGDaeu7b2n,"Moment","Moment","Levity",2023-09-27,165125,51,false,,2025-09-23T10:25:20Z,"dubstep","Jadu Dala",0.821,0.787,6,-5.09,0,0.0661,0.0369,0.00708,0.068,0.341,99.988,4
spotify:track:0w9aWiDqZPCOCOtRTLkTPd,"Palmolive (feat. Pusha T & Killer Mike)","Bandana","Freddie Gibbs;Madlib;Pusha T;Killer Mike",2019-06-28,245333,50,true,,2025-09-23T10:10:26Z,"jazz rap,alternative hip hop,experimental hip hop,southern hip hop","Madlib Invazion/ESGN/Keep Cool/RCA Records",0.33,0.603,0,-7.571,1,0.36,0.601,0.00063,0.307,0.812,168.456,3
spotify:track:6iLgI1bt8nZ8JAls44sxDp,"Intro","King Push – Darkest Before Dawn: The Prelude","Pusha T",2015-12-18,153440,34,true,,2025-09-23T10:08:58Z,"","Getting Out Our Dreams Inc. (G.O.O.D.) Music / IDJ",0.691,0.578,8,-6.066,1,0.285,0.012,0,0.191,0.17,92.929,4
spotify:track:7BMSBNctr9IPelr6MFvuRL,"Psychoboost","Revengeseekerz","Jane Remover;Danny Brown",2025-04-04,244844,55,true,,2025-09-23T10:06:32Z,"hyperpop,experimental hip hop,alternative hip hop","deadAir",0.575,0.913,10,-4.37,0,0.384,0.0188,0,0.082,0.675,150.027,4
spotify:track:6LUCYyMZyeukkZ0BIG0dYC,"Back To The Moon","Invisible Cinema","Daily Bread",2023-03-10,244627,34,false,,2025-09-23T09:17:37Z,"","Philos Records",0.662,0.507,1,-6.828,1,0.172,0.0736,0.422,0.641,0.415,94.977,4
spotify:track:0aHWzIvtnkG3FVcBoFQ6BG,"The Patron Saint of Liars and Fakes","Take This to Your Grave","Fall Out Boy",2003-05-06,199916,47,false,,2025-09-23T08:50:57Z,"emo,pop punk","Fueled By Ramen/ADA/ATL",0.509,0.978,2,-4.017,1,0.147,0.0000569,0.00000514,0.0872,0.201,102.866,4
spotify:track:5CrMp9BViHrB30hM6gbmIx,"Whatever (Folk Song in C)","New Moon","Elliott Smith",2007-05-08,137800,43,false,,2025-09-23T06:32:43Z,"singer-songwriter","Kill Rock Stars",0.585,0.19,8,-14.184,1,0.034,0.616,0.000886,0.176,0.372,90.464,4
spotify:track:0uUQq7tP8upuBaN6cmQuqx,"XE3 (Whethan Turn)","XE3 (Whethan Turn)","Mssingno;Whethan",2025-02-19,233513,37,false,,2025-09-22T21:59:07Z,"witch house","Good Luck Have Fun Records",0.483,0.779,0,-6.188,0,0.171,0.0183,0.0000201,0.317,0.199,73.961,4
spotify:track:0inAo4hdWILQX1EbvMSseA,"Pleasure Seeker","Phantasmagoria","Mr. Bill",2021-09-10,164844,24,false,,2025-09-22T18:57:58Z,"glitch,bass music,idm,psytrance,dubstep,drumstep","Mr. Bill",0.746,0.859,10,-3.721,0,0.0455,0.00551,0.528,0.0796,0.33,136.013,4
spotify:track:2X2DK6ETBpg3tHhWiE9atM,"Pleasure","Pleasure","Lit Lords",2020-07-13,192558,28,false,,2025-09-22T18:53:43Z,"edm trap,dubstep,bass music,riddim","Duetti",0.6,0.819,2,-2.921,1,0.0469,0.115,0.531,0.275,0.171,171.977,4
spotify:track:09FlV5qx85gAM9j8C6lzPi,"I'll Be Good","Feed Me's Vintage Rally Championship","Feed Me",2024-08-16,162400,19,false,,2025-09-22T18:53:19Z,"dubstep,electro house","Sotto Voce",0.735,0.868,10,-6.383,0,0.111,0.0334,0.0564,0.165,0.343,150.148,4
spotify:track:3znSvEwBq09We4cxxmwlZM,"Chains & Whips","Let God Sort Em Out","Clipse;Kendrick Lamar;Pharrell Williams;Pusha T;Malice",2025-07-11,243906,70,true,,2025-09-21T17:30:14Z,"hip hop,west coast hip hop","Roc Nation Distribution",0.495,0.759,10,-5.155,0,0.286,0.183,0,0.298,0.6,92.76,4
spotify:track:5M708qYwdT7xyQqO0WXnzm,"Long Live the Chief","The Chief","Jidenna",2017-02-17,160853,46,true,,2025-09-21T07:22:37Z,"","Wondaland Records/Epic",0.859,0.741,9,-3.201,0,0.35,0.0248,0,0.14,0.47,84.983,4
spotify:track:23rG8S8aeEcm0XoCompWg2,"Heavy Lifting","Jestures","Atmosphere;Slug;Ant;Haphduzn",2025-09-19,136973,36,false,,2025-09-20T10:18:59Z,"underground hip hop,alternative hip hop","Rhymesayers",0.7,0.697,1,-5.318,1,0.326,0.101,0.000124,0.279,0.449,76.09,3
spotify:track:5BnfcdSjxPXdItmXWozDYh,"Asshole","Jestures","Atmosphere;Slug;Ant",2025-09-19,190133,39,true,,2025-09-20T10:17:28Z,"underground hip hop,alternative hip hop","Rhymesayers",0.701,0.596,1,-4.337,1,0.475,0.185,0,0.0521,0.196,78.405,4
spotify:track:2ocgKz53EV8Cv2inSCCgTd,"Creeping out Sara","Coaster","NOFX",2009-04-28,165653,32,false,,2025-09-20T09:59:10Z,"punk,skate punk,ska punk,ska,melodic hardcore,hardcore punk","Fat Wreck Chords",0.643,0.828,9,-5.639,1,0.0462,0.0618,0,0.123,0.821,139.986,4
spotify:track:2M0wZ9iOCsul9PgKCHnIWT,"Magnets - A-Trak Remix","Magnets (The Remixes)","Disclosure;Lorde;A-Trak",2015-11-16,260442,46,false,,2025-09-20T09:54:22Z,"house,disco house","Universal-Island Records Ltd.",0.618,0.824,10,-5.708,0,0.0937,0.057,0.000241,0.158,0.55,125.011,4
spotify:track:2YNBPkmoFX3uFOh1HAz82w,"Too Drunk to Fuck","Give Me Convenience or Give Me Death","Dead Kennedys",1987-06-15,160653,48,true,,2025-09-20T09:03:20Z,"punk,hardcore punk,skate punk,proto-punk","GoldState Music",0.433,0.967,4,-4.863,0,0.0464,0.000674,0.000627,0.48,0.587,103.242,4
spotify:track:4J4mHxR63tRwRCtuAB7aG8,"The Separation of Church and Skate","The War on Errorism","NOFX",2003-08-19,189733,54,false,,2025-09-20T08:58:01Z,"punk,skate punk,ska punk,ska,melodic hardcore,hardcore punk","Fat Wreck Chords",0.371,0.948,5,-3.796,1,0.159,0.00385,0.0000423,0.0668,0.278,137.186,4
spotify:track:13rL4JF5Zz2ZmTusQ5mF4s,"Rockin","Rockin","Jauz",2025-08-29,186857,43,false,,2025-09-20T02:02:22Z,"bass house,edm,future house,dubstep,electro house","Bite This!",0.615,0.966,0,-1.895,1,0.219,0.00388,0.0066,0.637,0.401,140.136,4
spotify:track:4h3HGVqnpR2wvFo8QTM2YR,"Erasure","Erasure","Gurriers",2025-09-09,189159,42,false,,2025-09-19T23:30:12Z,"post-punk","No Filter",0.623,0.877,2,-4.218,1,0.257,0.0288,0.000134,0.0455,0.374,130.959,4
spotify:track:5pVaFQqsJaLHe8DV8mSVjF,"GIIRLSWORLD","CLUB EROTICA","MCR-T;Six Sex;horsegiirL",2025-09-12,164228,40,true,,2025-09-19T23:29:43Z,"miami bass,gabber,neoperreo","Live From Earth",0.77,0.84,1,-5.691,1,0.0534,0.0181,0.101,0.12,0.407,155.014,4
spotify:track:4hp4cs1fKConq0Cmr4luW9,"All The Things She Said (Culture Shock Version)","All The Things She Said (Culture Shock Version)","Culture Shock;Sarah de Warren",2025-09-12,158620,60,true,,2025-09-19T21:09:09Z,"drum and bass,liquid funk,trance","Culture Shock Music",0.519,0.988,1,-0.387,1,0.0638,0.0483,0.0181,0.508,0.423,173.987,4
spotify:track:71ydzWVP3aM0w6K4hgSsEB,"Me N You","Me N You","YDG",2025-08-01,178285,49,false,,2025-09-19T21:01:40Z,"riddim,dubstep","YDG",0.437,0.802,8,-3.409,1,0.06,0.0918,0.0000959,0.144,0.0919,139.981,4
spotify:track:0JZFXrxFp0YNn6iPR2LF08,"Wastin' My Time","Wastin' My Time","Jkyl & Hyde;Dennett",2025-08-01,188800,52,false,,2025-09-19T21:00:18Z,"riddim,deathstep,dubstep,bass music","Boom Records LLC",0.597,0.738,9,-6.03,1,0.27,0.0233,0,0.16,0.306,139.727,4
spotify:track:5XhsQnSiO6JPuiG4RPTugh,"By The Grace Of God","Let God Sort Em Out","Clipse;Pharrell Williams;Pusha T;Malice",2025-07-11,186026,57,true,,2025-09-19T18:17:28Z,"","Roc Nation Distribution",0.653,0.685,2,-5.49,1,0.243,0.0173,0,0.0551,0.381,159.978,4
spotify:track:6X5sXeRwqbqPsZ8FFFae0F,"F.I.C.O.","Let God Sort Em Out","Clipse;Stove God Cooks;Pusha T;Malice",2025-07-11,201746,63,true,,2025-09-19T18:03:04Z,"","Roc Nation Distribution",0.61,0.83,2,-3.065,1,0.317,0.00896,0,0.0518,0.608,79.182,4
spotify:track:6kIwGkZQksciLIjIbM0NFo,"So Far Ahead","Let God Sort Em Out","Clipse;Pharrell Williams;Pusha T;Malice",2025-07-11,202066,59,true,,2025-09-19T14:22:16Z,"","Roc Nation Distribution",0.659,0.797,2,-4.286,1,0.0559,0.163,0,0.0967,0.177,159.872,3
spotify:track:1JvQhXD5FxkK2GjHCyFmZa,"Ace Trumpets","Let God Sort Em Out","Clipse;Pusha T;Malice",2025-07-11,154066,64,true,,2025-09-19T13:01:37Z,"","Roc Nation Distribution",0.782,0.847,11,-3.792,0,0.309,0.0533,0,0.409,0.742,142.161,4
spotify:track:0UO8j31U7EelVR0ZieGl0e,"ENTER - Morty Remix","ENTER (Morty Remix)","Morty;Mr Traumatik;MYSTIK;X4",2025-09-12,188667,36,true,,2025-09-16T10:12:03Z,"drum and bass,liquid funk,bassline,grime","4688992 Records DK2",0.806,0.812,10,-2.36,0,0.258,0.0147,0,0.0513,0.31,87.013,4
spotify:track:2sOBIuHSmGcdCnfzJJhfvK,"Badman Season","Badman Season","Moody Good;Hamdi",2024-07-19,241655,32,false,,2025-09-16T10:11:27Z,"dubstep,riddim,bass music,uk garage,bassline","UKF",0.719,0.886,7,-6.376,1,0.314,0.0064,0.616,0.321,0.433,144.955,4
spotify:track:2ccXgk426MU7pezbuPWyMJ,"Shawty Bad","Shawty Bad","SLESS;Loboski;Indy Skies",2025-08-08,201379,33,false,,2025-09-16T10:08:21Z,"drum and bass,uk garage","Dark Machine (Label)",0.555,0.97,2,-0.952,1,0.0539,0.00464,0.377,0.0992,0.469,174.073,4
spotify:track:1SA7ejEjPsHcSYO8xNnI5B,"Lock Off","Lock Off","Born On Road;Sukuward",2025-05-30,192000,33,false,,2025-09-16T09:53:05Z,"drum and bass,jungle,dancehall,shatta,ragga","Born On Road",0.602,0.984,7,0.184,1,0.452,0.0654,0.0000605,0.303,0.63,175.042,4
spotify:track:4F4NvpbVW1w4C4zKAIf8DM,"Constant Pressure","Evolve","OneLongDon;5X",2025-08-29,226206,29,false,,2025-09-16T09:52:35Z,"drum and bass,liquid funk","Pure Filth Records",0.507,0.908,10,-1.343,0,0.0343,0.214,0.521,0.46,0.172,86.994,4
spotify:track:3bZnSlRGI6NjcQcmWTxmcY,"Dynamic Grooves","Dynamic Grooves","GrimMaximus",2023-12-22,220908,18,false,,2025-09-16T09:48:57Z,"","GrimMaximus",0.556,0.687,4,-15.485,0,0.0489,0.00327,0.928,0.102,0.0862,175.997,4
spotify:track:1erb6tl586BYtKwnDQNMKp,"Feel Good Inc","Feel Good Inc","Dan Port",2024-06-07,142423,31,false,,2025-09-16T09:48:19Z,"slap house","Gas Pedal",0.597,0.935,6,-3.805,1,0.251,0.00445,0.0000229,0.0378,0.667,75.202,4
spotify:track:2nwA4GKN8zifc4ViIDKikD,"pretzels11spedup","pretzels11spedup","informal.",2023-08-23,134236,28,false,,2025-09-16T09:39:26Z,"stutter house,uk garage","Casual Recordings",0.769,0.499,11,-9.383,1,0.0679,0.0264,0.628,0.166,0.693,134.994,3
spotify:track:4QaJ8qopyxWowl5C4nuGed,"Gut Feeling","Project X","Caspa;PEEKABOO",2025-06-13,179000,43,false,,2025-09-12T18:29:42Z,"dubstep,dub,bass music,riddim","Bassrush Records",0.573,0.636,6,-2.841,0,0.0366,0.077,0.0584,0.686,0.0625,139.974,4
spotify:track:7iV2w73aB3oL7UWgEAWuiN,"Four Winds","Cassadaga","Bright Eyes",2007-04-10,256262,41,false,,2025-09-11T10:40:15Z,"indie folk","Dead Oceans",0.497,0.879,10,-5.531,1,0.0516,0.216,0.0000166,0.32,0.563,131.82,4
spotify:track:57ogVciK7kEQYGoB1b26jY,"Clairaudients (Kill or Be Killed)","Cassadaga","Bright Eyes",2007-04-10,364960,24,false,,2025-09-11T10:40:08Z,"indie folk","Dead Oceans",0.311,0.66,9,-10.492,1,0.0919,0.599,0.017,0.476,0.207,127.641,4
spotify:track:4xQSXzoWS36sLDrC1vc0gD,"SPACE","SPACE","SPORTMODE",2025-01-24,162857,28,false,,2025-09-09T02:29:40Z,"uk garage,bass house,bass music,edm trap","SPORTMODE",0.633,0.929,1,-2.486,1,0.0586,0.00395,0.00666,0.442,0.12,140.052,4
spotify:track:0zh0pB8pL2hafCZgS7BdaQ,"Liar","MINDFULL","NGHTMRE;Sully",2025-08-29,201230,42,false,,2025-09-09T02:27:01Z,"dubstep,edm,edm trap,bass music,riddim","BMG Rights Management (US) LLC",0.677,0.929,1,-2.392,0,0.0383,0.0106,0.00828,0.388,0.202,130.084,4
spotify:track:5e1UMdF3LSXVIvOA9pdvag,"WHERE HAVE U GONE?","WHERE HAVE U GONE?","Desren",2025-07-25,185735,52,false,,2025-09-09T02:04:21Z,"","Internet Trapstars",0.487,0.709,7,-3.415,1,0.0329,0.0291,0.000829,0.162,0.163,136.046,4
spotify:track:3ll8bQMpteelzqJqgtLBLl,"Obnoxious","Club Standard","Wingz",2025-08-29,252542,27,false,,2025-09-09T02:03:41Z,"drum and bass,liquid funk,jungle,drumstep","Overview Music",0.799,0.505,1,-3.528,0,0.127,0.0183,0.421,0.702,0.161,87.477,4
spotify:track:3qvChm8u7FznuEHtmnEGzE,"Collected","Collected","Phrva;Don Jamal;Rakjay",2025-07-25,195428,32,false,,2025-09-09T02:02:48Z,"bass music,dubstep,grime","Deadbeats",0.543,0.667,1,-8.34,1,0.396,0.127,0.00000161,0.112,0.22,140.008,4
spotify:track:1NFqszFNaYFCTjdGb3TfSh,"Vision - Slowed","Vision (Slowed)","Hucci",2019-12-18,299572,56,false,,2025-09-06T21:37:33Z,"edm trap","Hucci Worldwide",0.676,0.32,1,-13.842,0,0.0354,0.0219,0.127,0.0849,0.0997,105.793,4
spotify:track:2Ey4ub4XHxBYAkOsBXI6gk,"Ball so Hard","Gold Trap","Stooki Sound;Hucci",2013-01-07,259317,26,false,,2025-09-06T21:35:50Z,"edm trap","Trapdoor Records",0.86,0.546,2,-6.447,1,0.0775,0.00892,0.812,0.145,0.165,136.961,4
spotify:track:2rBKfA9WpLBQxRFPcJXiXf,"Yalla","Yalla","TroyBoi;UZ",2023-03-17,152000,28,false,,2025-09-06T21:34:30Z,"edm trap","T Dot Music",0.733,0.792,1,-4.952,1,0.0462,0.00551,0.3,0.108,0.281,139.956,4
spotify:track:599TAkOSDn1CRTXziWACAX,"FLEX SO HARD RMX","FLEX SO HARD RMX","Summer Cem;Miksu / Macloud;UZI",2022-10-07,149249,50,true,,2025-09-06T21:32:40Z,"german hip hop,turkish hip hop,drill","Banger Musik/WM Germany",0.823,0.698,1,-6.571,1,0.0817,0.211,0.00000588,0.361,0.923,116.945,4
spotify:track:3Tam4XWV3gszCICTE6ACux,"GO!","GO!","Flozone",2025-07-30,134068,28,false,,2025-09-06T20:32:37Z,"bass music,dubstep","Wubaholics",0.706,0.913,0,-3.654,0,0.133,0.0593,0.213,0.182,0.298,145.012,4
spotify:track:6yzpamr0Yewf1RQlfUDBhv,"Snowblind - CloudNone Remix","Snowblind Legacy","Au5;Tasha Baxter;CloudNone",2025-08-29,206222,27,false,,2025-09-06T20:21:06Z,"melodic bass,dubstep,future bass,chillstep,drumstep","Polyoto",0.599,0.944,6,-3.552,0,0.0529,0.00146,0.155,0.109,0.192,134.983,4
spotify:track:0Mcts4Xh4FKZXOIy9tAjbA,"PEACE LOVE & WUBZ","PEACE LOVE & WUBZ","LSDREAM;Cojaxx",2021-09-24,240000,46,false,,2025-09-06T20:16:55Z,"bass music,dubstep","WAKAAN",0.659,0.802,8,-3.597,0,0.0518,0.0018,0.00308,0.101,0.371,90.01,4
spotify:track:3faHmENz3iMyffQvzVqRK8,"Big Man","Big Man","ERBES;Blunts & Blondes",2024-03-06,168495,24,true,,2025-09-06T20:15:33Z,"riddim,dubstep,deathstep,bass music","Electronyze Me",0.83,0.831,10,-2.327,0,0.186,0.0773,0.00207,0.245,0.563,129.969,4
spotify:track:1uitYjxI2ADkWm8vUWzU9i,"Alert","Alert","En:vy",2025-08-22,219428,37,false,,2025-09-06T12:35:28Z,"drum and bass,liquid funk","Critical Music",0.711,0.929,1,-7.736,1,0.124,0.000119,0.382,0.365,0.472,140.046,4
spotify:track:1kTJlyZLjjbpoM8Yd5bTOZ,"sticky icky!","sticky icky!","Saka",2024-09-27,192857,35,false,,2025-09-06T07:18:27Z,"drumstep,bass music,dubstep","soundslikesaka",0.807,0.801,9,-6.04,1,0.219,0.0125,0.0616,0.366,0.199,140,4
spotify:track:4bf5FSF94FDybKcpMM4mdP,"Kiss Kiss Kiss - Remastered 2010","Double Fantasy","Yoko Ono",1980-11-17,161986,35,false,,2025-09-06T06:51:42Z,"christmas","BEATLES CATALOG MKT (C91)",0.756,0.805,0,-8.586,1,0.149,0.171,0.00749,0.518,0.946,139.44,4
spotify:track:7iN1s7xHE4ifF5povM6A48,"Let It Be - Remastered 2009","Let It Be (Remastered)","The Beatles",1970-05-08,243026,79,false,,2025-09-06T06:50:08Z,"classic rock,psychedelic rock","EMI Catalogue",0.443,0.403,0,-8.339,1,0.0322,0.631,0,0.111,0.41,143.462,4
spotify:track:5lFpMUznLuQHr3BwK6Emro,"Nightmare","X12","A.M.C",2025-03-14,188965,38,false,,2025-08-20T05:38:02Z,"drum and bass,bassline","Titan Records",0.577,0.969,11,0.03,1,0.151,0.00463,0.00439,0.198,0.036,173.997,4
spotify:track:6wrJrQKnKzw3vVhtSq3lqs,"DONT TRIP","DONT TRIP","Hgods",2025-08-08,127285,33,true,,2025-08-20T05:15:46Z,"","HGods",0.746,0.959,6,-3.263,0,0.234,0.00251,0.599,0.955,0.303,140.062,4
spotify:track:0CqKVy5nUqpTr5O8evGZRi,"Lekker - Posij Remix","Lekker (Posij Remix)","Hustle Athletics;Posij",2021-12-17,234857,24,false,,2025-08-20T05:01:33Z,"breakbeat,drumstep,drum and bass,bass music","Vision Recordings",0.787,0.956,5,-3.263,1,0.0747,0.0224,0.639,0.0692,0.613,139.986,4
spotify:track:73cojlEa0INrtxb1MyQ0Bt,"Losing Control","Losing Control","Rendah;Nersha",2025-04-04,213942,53,false,,2025-08-11T07:14:00Z,"drum and bass","Crucast",0.7,0.979,10,-1.461,0,0.172,0.00358,0.372,0.208,0.153,87.552,4
spotify:track:0fcJjxVnpzvtGWW2ra1Mlh,"Aerial Crush - VIP","Sapphire Rain Glide","Chidashi",2025-06-26,164819,24,false,,2025-08-11T07:01:35Z,"breakcore","Chidashi, Distributed by Venice Music",0.732,0.976,5,-2.115,1,0.124,0.00438,0.26,0.259,0.469,88.099,4
spotify:track:4sirXfqSbjcAlTkHiKLHO3,"Marimba Jam","Lucid Retreat","G-Space",2020-04-26,197454,34,false,,2025-08-04T23:28:47Z,"bass music","19K",0.897,0.532,10,-9.26,1,0.051,0.642,0.866,0.125,0.295,119.979,4
spotify:track:0a2KSSkQyWdJUFS4wXozLm,"All Surf No Sleep","Tryouts / All Surf No Sleep","SURFTEAM;Esseks;tiedye ky",2025-08-01,188842,22,false,,2025-08-04T23:18:43Z,"bass music,glitch","Shhhurf",0.796,0.471,2,-6.873,1,0.0633,0.0611,0.192,0.191,0.15,142.029,4
spotify:track:0HuGbRkX4W1Mhjs8WfDHgz,"Get Lonely","Get Lonely","Rendah;Jakar",2023-08-18,268800,29,false,,2025-07-29T01:29:01Z,"drum and bass","Born On Road",0.734,0.861,11,-1.254,0,0.136,0.00376,0.13,0.294,0.133,87.531,4
spotify:track:6VBMufUomo3zargbrSDFuR,"My Mind","My Mind","borne",2024-01-17,152651,36,false,,2025-07-29T00:43:14Z,"uk garage,bass music,dubstep","Jadu Dala",0.698,0.851,2,-6.237,1,0.0457,0.0158,0.516,0.312,0.193,140.071,4
spotify:track:53deSDv0feYLS4mRuqSyQa,"Spill","Spill","LYNY;Big Narstie",2023-06-09,142562,44,true,,2025-07-29T00:33:28Z,"bass music,dubstep,grime,uk grime,uk garage","Noxious Recordings",0.877,0.386,6,-8.734,0,0.27,0.108,0.00169,0.464,0.256,127.976,4
spotify:track:41P1RlldZuKjnw2Pd8lGjQ,"Give It To Me","Give It To Me","borne",2024-08-09,137491,40,true,,2025-07-29T00:32:29Z,"uk garage,bass music,dubstep","NIGHTMODE",0.629,0.788,0,-7.279,1,0.042,0.000692,0.766,0.113,0.0458,139.995,4
spotify:track:0edGiXggJ0MUaOjSuDahdB,"Mars","Mars","Valy Mo;Charlotte Puppinck",2017-11-17,164560,44,false,,2025-07-29T00:31:31Z,"electro house,bass house,g-house","Pinnacle Collective",0.548,0.476,7,-6.32,0,0.035,0.179,0.859,0.0825,0.0389,99.989,4
spotify:track:5Ohh8csVsOnG7CnDrd2E5W,"Purple Hat","Purple Hat","Sofi Tukker",2019-09-06,178369,63,false,,2025-07-29T00:29:39Z,"","SOFI TUKKER LLC",0.777,0.744,9,-7.42,1,0.205,0.335,0.00743,0.088,0.654,94.023,4
spotify:track:501czsZhsXGZKJXB6Qxq1t,"Angst","Angst","INZO",2019-11-21,202400,51,false,,2025-07-29T00:27:14Z,"future bass","Lowly",0.285,0.782,7,-6.243,0,0.126,0.0189,0.0233,0.0994,0.0793,149.951,3
spotify:track:4ZFseyLstY6ZrXBzlXmuR0,"Intrinsic","Intrinsic","Odd Mob",2018-04-20,220645,48,false,,2025-07-29T00:12:50Z,"tech house,bass house","Tinted Records",0.834,0.613,11,-3.987,0,0.276,0.00849,0.0000661,0.171,0.378,124.032,4
spotify:track:1NnM9uSX5hlix89n4yahqK,"HyperParadise - Flume Remix","Flume: Deluxe Edition","Flume",2012-11-09,266527,46,false,,2025-07-29T00:11:39Z,"future bass","Mom+Pop",0.585,0.838,6,-7.711,1,0.0904,0.0594,0.37,0.086,0.344,145.001,4
spotify:track:4w3Uy4n1hfj1mx6ag7bII5,"Save My Love (with Ellie Goulding & AVAION)","Save My Love (with Ellie Goulding & AVAION)","Marshmello;Ellie Goulding;AVAION",2025-06-06,215555,69,false,,2025-07-29T00:10:14Z,"edm,deep house,stutter house","Joytime Collective, under exclusive license to Interscope Records and Polydor Records",0.604,0.871,8,-4.269,1,0.0458,0.0093,0.00000145,0.133,0.154,134.851,4
spotify:track:4ZIm2UpFU9vP3LURrjOMwL,"Starry Eyed - Jakwob Remix","Starry Eyed (Remixes)","Ellie Goulding;James Jacob",2011-01-01,275760,32,false,,2025-07-29T00:09:41Z,"","Polydor Records",0.55,0.809,5,-6.612,0,0.203,0.00584,0.528,0.337,0.456,149.955,4
spotify:track:3nPpCn5nYTMg0ajmzv57Jq,"Lights - Bassnectar Remix","Lights (The Remixes Part 1)","Ellie Goulding;Bassnectar",2011-01-01,276560,47,false,,2025-07-29T00:09:15Z,"dubstep,bass music,dub","Polydor Records",0.528,0.775,1,-4.877,1,0.0285,0.00356,0.542,0.778,0.261,140.015,4
spotify:track:5F65SKdHWD9l4Nl4kgMcWG,"Outside (feat. Ellie Goulding) - Hardwell Remix","Outside (feat. Ellie Goulding) [Remixes]","Calvin Harris;Ellie Goulding;Hardwell",2015-04-12,296240,33,false,,2025-07-29T00:08:52Z,"edm,big room,progressive house,techno","Columbia",0.512,0.986,2,-3.04,0,0.0387,0.000678,0.00357,0.0463,0.167,127.997,4
spotify:track:5ZduaRci3iNUiDfJbBfAaf,"Give It To Me - Full Vocal Mix","Give It To Me (Full Vocal Mix)","Matt Sassari",2021-10-22,102860,78,false,,2025-07-29T00:07:37Z,"tech house","Cr2 Records",0.874,0.869,1,-5.996,0,0.0315,0.00116,0.00238,0.164,0.726,126.027,4
spotify:track:5CaUUACiQFEf4zR5WoeIrp,"If U Need It","If U Need It","Sammy Virji",2023-11-03,179999,72,false,,2025-07-29T00:07:11Z,"uk garage,bassline,bass house,house","Capitol Records UK",0.842,0.705,10,-5.713,0,0.26,0.113,0.000324,0.0891,0.233,132.155,4
spotify:track:39glDGcpBhLVMSsQhvtqHR,"I Only Smoke When I Drink","I Only Smoke When I Drink","nimino",2024-08-22,198425,77,false,,2025-07-28T23:45:46Z,"stutter house,melodic house","Counter Records",0.88,0.729,11,-6.378,0,0.176,0.334,0.0113,0.185,0.246,127.028,4
spotify:track:0FCABIXhXHI4mi0qao8gTR,"SAFE WITH ME (SECRETOS)","SAFE WITH ME (SECRETOS)","Jhay Rivas",2024-03-15,226000,68,false,,2025-07-28T23:33:40Z,"stutter house","ALT:Vision Records",0.535,0.769,5,-7.017,0,0.0399,0.302,0.0434,0.131,0.0972,132.049,4
spotify:track:21pN6f1lJT7Hwc8zDllsUR,"IN THIS DARKNESS","IN THIS DARKNESS","Ecchi.mp4",2025-07-11,181681,59,false,,2025-07-28T22:57:55Z,"","Thirty Knots",0.809,0.842,11,-5.231,1,0.155,0.0824,0.0546,0.0892,0.321,140.004,4
spotify:track:4aOvvJVKFk5GSq9UNjQuqF,"SOLITU","SOLITU","VIER;Machinedrum;Thys;Holly;Salvador Breed",2025-07-24,210422,21,false,,2025-07-28T22:57:43Z,"uk garage,breakbeat,footwork,idm,glitch,drumstep,bass music","VISION",0.65,0.971,11,-4.317,0,0.0786,0.0308,0.653,0.664,0.384,141.882,4
spotify:track:0v1eGmgHINp7nB4233uAT8,"The Operators","The Operators","Medicine Place;Salty",2025-05-16,178285,30,false,,2025-07-23T04:14:23Z,"bass music,dubstep","Drama Club Recordings",0.713,0.718,11,-5.983,1,0.0395,0.0173,0.791,0.0782,0.0931,140.033,4
spotify:track:3VeQLLf90BLE16lt6UBU5l,"Booo","All In","Know Good",2025-07-07,75692,26,false,,2025-07-23T04:13:59Z,"","KNOW GOOD LLC",0.729,0.251,1,-13.828,1,0.326,0.419,0.267,0.187,0.361,130.066,4
spotify:track:0SG3beN2W0xyWqtyrDJiNB,"Carmen","Born To Die (Bonus Track Version)","Lana Del Rey",2012-01-30,248720,39,false,,2025-07-23T01:34:32Z,"","Polydor Records",0.487,0.426,1,-9.56,0,0.0317,0.0879,0.000392,0.128,0.0376,100.056,4
spotify:track:0gEyO2M3A8wDCRVsoGGUtE,"All Mine","All Mine","Nowhere;Nightsub;Klinac",2025-07-14,270775,2,false,,2025-07-22T08:21:45Z,"neo-psychedelic,hard house,bass house,bounce,drum and bass","Hoofbeats Music",0.529,0.952,7,-2.607,0,0.315,0.00252,0.792,0.252,0.149,173.971,4
spotify:track:77JQfYnlBwGjC2GCvWdkPX,"Enough","Enough","Captain Bass;REPAIR;Mikeyy",2025-07-15,209655,33,false,,2025-07-22T08:20:16Z,"drum and bass,bassline,rally house","Pilot.",0.576,0.911,7,-2.089,1,0.0589,0.000914,0.000017,0.188,0.0535,173.965,4
spotify:track:6a7PmyP5DI0pcxzggmayAW,"Love Is The Answer","Love Is The Answer","1991;Mugatu;Mali-Koa",2025-07-18,199310,54,false,,2025-07-22T08:19:55Z,"drum and bass,liquid funk,stutter house","1991",0.558,0.947,2,-0.178,0,0.0375,0.00276,0,0.725,0.0955,173.944,4
spotify:track:2YDvxAG8N8G30b77cKlgM8,"Fuego","Fuego","Dogger;Mindstate",2025-04-18,201000,31,false,,2025-07-22T08:17:22Z,"liquid funk,drum and bass,jungle","DnB Allstars",0.742,0.942,11,-3.036,0,0.049,0.000935,0.437,0.114,0.477,86.999,4
spotify:track:1D6aAwC1ue3qcIDl2UMWZC,"PROFITS","SOMETHING ELSE","Blurrd Vzn",2025-05-30,178294,22,false,,2025-07-22T08:16:49Z,"bass music,dubstep,riddim","MONTA",0.743,0.732,2,-8.861,1,0.355,0.127,0.431,0.35,0.227,139.896,4
spotify:track:2kqKsdnfgTraa9v4adnadN,"PUT IT DOWN","PUT IT DOWN","Angrybaby",2025-03-28,130434,67,false,,2025-07-21T23:24:44Z,"stutter house","TH3RD BRAIN",0.72,0.56,6,-7.586,0,0.103,0.496,0.39,0.133,0.345,138.088,4
spotify:track:234SaqlzLfKAsE6gsmvMnR,"Victory Lap Five","Victory Lap","Fred again..;Skepta;PlaqueBoyMax;Denzel Curry;Hanumankind;That Mexican OT;D Double E;LYNY",2025-07-09,344571,73,true,,2025-07-21T23:24:18Z,"stutter house,house,grime,uk grime,malayalam hip hop,desi hip hop,drum and bass,bass music,dubstep","Atlantic Records UK",0.858,0.811,8,-2.315,1,0.0528,0.259,0.00000183,0.0799,0.572,140.04,4
spotify:track:1FTqW2hNkn4AVsgOoHeWQ3,"Respect the Past, Create the Future","Respect the Past, Create the Future","ZIONOV ND",2019-10-15,254985,26,false,,2025-07-21T23:21:09Z,"drum and bass","1009747 Records DK",0.415,0.98,4,-1.901,0,0.532,0.0344,0.328,0.286,0.483,173.965,4
spotify:track:1WcsD2m6UMnzKUNOuVxMjC,"GO! - ShockOne Remix","GO! (ShockOne Remix)","Montell2099;Sam Bruno;ShockOne",2024-12-13,183448,32,false,,2025-07-19T20:56:45Z,"drum and bass,liquid funk,drumstep,dubstep","Gud Vibrations",0.496,0.951,1,-0.392,0,0.068,0.000403,0.01,0.122,0.071,173.966,4
spotify:track:78YTJatFMHPwI1JqMWLIjB,"Twerp","Twerp","Waeys;Bensley;Hoax",2025-01-31,219428,41,false,,2025-07-19T20:55:25Z,"drum and bass,liquid funk,jungle","Monstercat",0.731,0.827,8,-3.395,1,0.0535,0.00866,0.852,0.0983,0.371,87.475,4
spotify:track:5VEFvinD436JLHYunYwv0p,"IDGAF","IDGAF","Anaïs;hayve",2025-01-29,216685,28,false,,2025-07-19T20:54:52Z,"drum and bass,jungle,drumstep","Monstercat",0.688,0.897,1,0.444,1,0.215,0.00375,0.829,0.207,0.234,175.023,4
spotify:track:1izuRflozO3h1Fd8dnBRgq,"murda","murda","KLØCKT",2024-06-10,141857,29,false,,2025-07-19T20:35:26Z,"","KLØCKT",0.732,0.598,4,-6.434,0,0.193,0.247,0.0229,0.105,0.227,140.032,4
spotify:track:3vhiiNpxtmb4Caid7Mgz0n,"Smack the Underground","Smack the Underground","Bloody Boy",2025-05-09,155127,15,false,,2025-07-19T20:29:23Z,"g-house,bass house","Moretin",0.763,0.931,10,-6.096,0,0.143,0.00788,0.779,0.168,0.538,132.058,4
spotify:track:0IaQfOsYjYWm48e792RlVV,"Grove St. Party (feat. Kebo Gotti) [Super Future Remix]","Grove St. Party (feat. Kebo Gotti) [Super Future Remix]","Waka Flocka Flame;Kebo Gotti;Super Future",2025-06-13,181714,44,true,,2025-07-19T19:32:49Z,"bass music","Spinnin' Records",0.687,0.717,2,-5.277,1,0.09,0.0094,0,0.117,0.179,140.021,4
spotify:track:19UaqepYIck2d0MnbimmaS,"Love Drop","Multidimensional","Equanimous;HYPERLIGHT;KÄTĒRI",2024-06-21,213395,31,false,,2025-07-19T06:40:56Z,"","High Vibe Records",0.911,0.555,2,-5.416,1,0.0488,0.0854,0.0129,0.0567,0.182,128.052,4
spotify:track:5QoS2okV1IDIaBrYxGPBQq,"In My Mind","In My Mind","HYPERLIGHT",2025-05-02,236800,10,false,,2025-07-19T06:39:35Z,"","Lunar Bass Records",0.672,0.844,5,-4.03,1,0.0592,0.0147,0.00986,0.149,0.393,74.99,4
spotify:track:5Un5Vw3KuujeSQhjxAUgF8,"smoke","smoke","womp",2025-06-13,151419,21,false,,2025-07-19T06:39:17Z,"","Liminal Bass Records",0.676,0.882,11,-5.216,1,0.0649,0.000866,0.0319,0.136,0.391,139.959,4
spotify:track:5DMrREzztuMUkLMDjMpJNY,"Trampoline - Jauz Remix","Melt (Deluxe)","SHAED;Jauz",2019-12-27,236170,20,false,,2025-07-19T06:33:39Z,"bass house,edm,future house,dubstep,electro house","Photo Finish Records",0.49,0.606,7,-6.604,0,0.0424,0.169,0.00106,0.0704,0.119,126.553,4
spotify:track:5H619YNMOXIuitwd3AcAdL,"Call My Name (feat. Sofiloud)","Call My Name (feat. Sofiloud)","Alle Farben;Sofiloud",2024-09-13,144379,48,false,,2025-07-19T06:24:54Z,"","Warner Music Central Europe",0.661,0.923,5,-5.768,0,0.0831,0.00371,0.000196,0.132,0.427,128.064,4
spotify:track:68kQQv6idXUcXIf1n59Y3i,"Blinding Lights - Major Lazer Remix","Blinding Lights (Major Lazer Remix)","The Weeknd;Major Lazer",2020-03-31,197961,41,false,,2025-07-19T06:21:29Z,"moombahton","Republic Records",0.682,0.725,0,-4.959,0,0.111,0.359,0.000316,0.571,0.679,112.24,5
spotify:track:29Dvkvp7Wgd1VJdDvVJlvf,"Crusade","Crusade","Marshmello;SVDDEN DEATH",2020-02-25,171428,51,true,,2025-07-19T00:05:15Z,"edm,riddim,deathstep,dubstep,bass music","Joytime Collective",0.618,0.98,9,-0.842,0,0.0777,0.0266,0.516,0.328,0.488,140.003,4
spotify:track:76I3PmbGZazzNlEwlp1y85,"Lone Wolf","Lone Wolf","Zomboy",2018-11-16,256500,50,false,,2025-07-19T00:00:10Z,"dubstep,riddim,dub,deathstep,drumstep,bass music,edm","Never Say Die Records",0.502,0.981,1,-1.573,1,0.0616,0.00177,0.4,0.154,0.208,150.013,4
spotify:track:7a1W1k4wUNrBHDlvlpiwvV,"Messin' Me Up - Buunshin Remix","Messin' Me Up (Buunshin Remix)","What So Not;EVAN GIIA;Buunshin",2025-03-14,196046,36,false,,2025-07-18T23:46:22Z,"future bass,drum and bass,liquid funk,drumstep","Sweat It Out",0.582,0.917,7,-1.634,1,0.0636,0.00359,0.0865,0.172,0.304,85.991,4
spotify:track:6ukhs32GxwnQBLR1Wwkuc3,"Distance - Buunshin Remix","Distance (Buunshin Remix)","Apashe;Buunshin",2021-01-08,226046,46,false,,2025-07-18T23:46:06Z,"drum and bass,liquid funk,drumstep","Kannibalen Records",0.422,0.776,0,-2.675,1,0.0611,0.00498,0.438,0.452,0.138,171.93,4
spotify:track:7bdrLCxipElbEBclgtdqzm,"ESP","ESP","Black Sun Empire;State of Mind",2022-07-01,305581,13,false,,2025-07-18T23:45:14Z,"drum and bass,jungle,drumstep","Blackout Music NL",0.427,0.965,1,-1.009,1,0.0718,0.0000579,0.807,0.119,0.128,171.937,4
spotify:track:0Q8shsMDArkoHTyf5jGyri,"The Greatest Trick","The Greatest trick","Enei",2022-01-18,340250,18,false,,2025-07-18T23:43:31Z,"drum and bass,liquid funk,jungle,drumstep","Critical Music",0.592,0.939,11,0,1,0.128,0.0015,0.883,0.0963,0.157,175.042,4
spotify:track:7rvuYK42OeSRetSdsEIAaM,"Vibrate","Night Train","Teddy Killerz",2022-01-27,257114,19,false,,2025-07-18T23:42:53Z,"drum and bass,drumstep","Souped Up Records",0.61,0.972,10,-1.228,0,0.175,0.0786,0.332,0.329,0.0396,174.99,4
spotify:track:5pG9zfcNqMZZ5oVvWGK11g,"PATTERN - Lodgerz Remix","PATTERN (Lodgerz Remix)","Basstrick;Rav Steelo;Lodgerz",2024-09-13,142930,19,true,,2025-07-18T08:34:23Z,"bass house,g-house,uk drill,latin house,afro house,electro house,techengue","WARNER MUSIC FRANCE",0.796,0.946,2,-4.76,1,0.0969,0.00668,0.0219,0.0724,0.826,138.13,4
spotify:track:2B0xsnWUjm7cPLs9gGoepp,"On & On","On & On","Sub Focus;bbyclose",2025-03-14,184827,68,false,,2025-07-18T08:14:08Z,"drum and bass,liquid funk","Positiva",0.628,0.94,3,0.113,0,0.0887,0.0994,0.00989,0.204,0.359,173.996,4
spotify:track:2JmehF0Ar9rbIyqgFP58Pl,"Genesis","Genesis","Subsonic",2024-10-18,223448,44,false,,2025-07-17T06:13:53Z,"drum and bass,bassline","Subsonic : Frequencies",0.672,0.984,5,-2.098,1,0.0625,0.005,0.873,0.214,0.167,174.03,4
spotify:track:6vL7Q6Mlp6Hh5cGlBzRSjn,"FACE2FACE","FACE2FACE","REAPER;AC13;Hedara",2025-05-23,188965,36,false,,2025-07-17T06:13:22Z,"drum and bass,drumstep,dubstep,bassline,jungle,hypertechno","High Tea Music",0.408,0.908,2,-2.705,1,0.0682,0.000527,0.0605,0.37,0.341,173.834,4
spotify:track:6f9bZIy5qHmlskwuxzeOMM,"Power","Second Nature","Netsky;Urbandawn",2020-10-30,226206,46,false,,2025-07-17T06:12:32Z,"drum and bass,liquid funk,chillstep","Hospital Records",0.548,0.92,11,-0.81,1,0.0647,0.0000675,0.877,0.0592,0.358,173.993,4
spotify:track:1iES2GLJnnPzP1TfT8ntyh,"Break It Down (feat. Emily Makis)","Break It Down (feat. Emily Makis)","Wilkinson;Emily Makis",2024-07-31,172413,44,false,,2025-07-17T06:11:49Z,"drum and bass,liquid funk","BMG Rights Management (UK) Ltd.",0.705,0.906,8,-2.009,0,0.0745,0.119,0.00236,0.634,0.207,86.979,4
spotify:track:1bMKSMqCIvO6Ig2dQKogyr,"Triggers - Rebel Scum Remix","Triggers (Rebel Scum Remix)","A.M.C;Rebel Scum",2024-06-21,178285,29,false,,2025-07-17T06:08:05Z,"drum and bass,bassline,dubstep","Titan Records",0.49,0.961,11,-0.838,0,0.0582,0.000103,0.923,0.0724,0.0397,174.939,4
spotify:track:40hZptqn9d5ERFFL3V4Nl1,"OMGF","OMGF / DOYU","SMG",2024-05-31,292413,16,false,,2025-07-17T06:07:40Z,"drum and bass","Overview Music",0.826,0.775,11,-2.562,1,0.23,0.00866,0.837,0.0529,0.571,174.011,4
spotify:track:4gWmR5ItoCDX81ZMz33nRC,"Broke Me","Broke Me","Pristage",2024-06-21,226046,7,false,,2025-07-17T06:06:54Z,"drum and bass,liquid funk","DnB Active Records",0.668,0.747,4,-5.06,0,0.0448,0.0493,0.382,0.18,0.319,86.037,4
spotify:track:4ygxqBnX7OFvn01U3bCpdf,"Streetstyle","Streetstyle","WonkyWilla",2024-02-23,150857,43,false,,2025-07-17T06:06:14Z,"","Wonkys Factory",0.805,0.674,7,-7.222,0,0.0539,0.00464,0.595,0.607,0.224,139.972,4
spotify:track:2RxDAFchouApF3yUwE6gxE,"See In Color","See In Color","Wax Motif;220 KID",2022-11-04,154960,48,false,,2025-07-17T06:03:25Z,"bass house,g-house,tech house","Insomniac Records",0.767,0.862,10,-6.907,0,0.0435,0.158,0.000477,0.174,0.548,127.028,4
spotify:track:256sdJU0D1k9sLHmZ6FtI4,"Wellerman - Sea Shanty / 220 KID x Billen Ted Remix","Wellerman - The Album","Nathan Evans;220 KID",2022-11-04,117773,59,false,,2025-07-17T06:02:53Z,"sea shanties","Electrola",0.712,0.901,1,-3.389,1,0.0347,0.0338,0.00131,0.0644,0.565,119.959,4
spotify:track:5jZioSn48hpM4RITu5NJuk,"Got Nothing - Bou Remix","Got Nothing","Niterider;Bou",2018-06-05,263324,7,false,,2025-07-17T06:02:01Z,"drum and bass,bassline,jungle","Diamond Audio",0.609,0.953,0,0.407,1,0.0613,0.00064,0.196,0.144,0.296,175.017,4
spotify:track:0oE4GfKVBFYYUYAPDNMZFc,"There In 10","X12","A.M.C",2025-03-14,246896,36,false,,2025-07-17T05:59:03Z,"drum and bass,bassline","Titan Records",0.682,0.962,1,0.834,1,0.067,0.00772,0.00408,0.358,0.285,87.034,4
spotify:track:1Q65WyMN8VPsE6cM7uPggM,"Slicer","Slicer EP","MNDSCP",2021-01-22,223448,1,false,,2025-07-17T05:58:27Z,"drum and bass","Eatbrain",0.713,0.882,1,-0.74,1,0.15,0.00409,0.719,0.672,0.469,174.122,4
spotify:track:1nEGQ6OwY1lEicev6oWOxC,"Harter Street VIP","Harter Street VIP","SOTA",2023-05-05,143448,31,false,,2025-07-17T05:54:03Z,"drum and bass,bassline","Elevate Records",0.619,0.978,6,-1.087,1,0.131,0.00177,0.0405,0.274,0.228,174.041,4
spotify:track:2xhLGttwZtQ9ABLVfgOKCW,"Hysteria","Acid Disk","G Jones;Eprom",2017-10-27,334352,14,false,,2025-07-17T05:39:16Z,"bass music,glitch,drumstep,dubstep","Illusory Records",0.457,0.984,9,-6.14,1,0.229,0.00391,0.608,0.602,0.0497,124.016,4
spotify:track:3FF8NO6VX0fOks889m6h4z,"Neiges","Neiges / La Fournaise","IMANU;The Caracal Project",2022-01-04,159069,25,false,,2025-07-17T05:38:46Z,"drum and bass,drumstep,liquid funk","Critical Music",0.463,0.989,10,0.478,0,0.108,0.101,0.862,0.147,0.241,108.598,5
spotify:track:1tizvE0zGnwDW2aIdDw6N2,"The Weapon","Set It Off / The Weapon","Kanine",2022-03-18,202758,21,false,,2025-07-17T05:35:49Z,"drum and bass,bassline,liquid funk","Unleashed",0.433,0.945,1,-2.767,1,0.0685,0.00147,0.878,0.2,0.114,116.128,5
spotify:track:6nXE2dl3Hwvn1attKEYATn,"Barbarian","Dark Age","Burr Oak",2021-04-09,272085,4,false,,2025-07-17T05:33:27Z,"drum and bass","Eatbrain",0.613,0.978,1,-1.187,1,0.289,0.000325,0.677,0.111,0.233,171.895,4
spotify:track:2OC13QsL0wf4WjNsm3ZvNk,"Mind Trap","Mind Trap","Rillium",2020-11-02,223255,1,false,,2025-07-17T05:32:27Z,"drum and bass","Blackout Music NL",0.551,0.796,9,-3.442,1,0.0542,0.0052,0.261,0.137,0.145,172.043,4
spotify:track:6PbnIAQiytjSG0RwQhN8Iw,"Deus","Analog","Misanthrop",2019-11-08,175014,20,false,,2025-07-17T05:31:07Z,"drum and bass,drumstep","Neosignal Recordings",0.503,0.61,0,-2.443,1,0.49,0.0816,0.00121,0.0982,0.12,171.925,4
spotify:track:4snyncfILKHTPxDWyZaOKy,"Suspect","Descend","Pythius",2018-04-13,326896,5,false,,2025-07-17T05:28:35Z,"drum and bass,drumstep","Blackout Music NL",0.65,0.908,1,-1.115,1,0.0704,0.00806,0.455,0.146,0.104,174.004,4
spotify:track:10z1zPYdvTBnNo24aNKiUi,"Beat Down","Murder Mile","Prolix;DC Breaks",2019-05-27,331034,19,false,,2025-07-17T05:27:58Z,"drum and bass,drumstep,liquid funk","Blackout Music NL",0.459,0.993,0,-1.392,1,0.201,0.000087,0.545,0.153,0.19,173.984,4
spotify:track:7613sOJPEi9QJ3r1afhJbV,"Beat Down VIP","The Message VIP / Beat Down VIP","Prolix;DC Breaks",2020-08-10,211034,23,false,,2025-07-17T05:27:52Z,"drum and bass,drumstep,liquid funk","Blackout Music NL",0.434,0.994,0,-1.424,1,0.203,0.0000982,0.236,0.227,0.188,173.999,4
spotify:track:6DOMNAbOiIBDEsOB123aPB,"Headroom - Audio VIP","Peepshow / Headroom (Remix)","Cause4Concern;Audio;VIP",2013-10-06,320005,27,false,,2025-07-17T05:27:18Z,"drum and bass,jungle,drumstep,hiplife,azonto,highlife,ghanaian hip hop,afrobeats","Virus Recordings",0.557,0.951,1,-3.035,1,0.166,0.000132,0.289,0.226,0.105,174.006,4
spotify:track:5FgIUd4M9uWiLYiMdv8saP,"The Veil","The Wrong Room (Deluxe Edition)","Black Sun Empire;Noisia",2018-04-20,298391,22,false,,2025-07-17T05:26:38Z,"drum and bass,jungle,drumstep,dubstep,breakbeat,bass music","Blackout Music NL",0.355,0.969,2,-2.195,1,0.0788,0.00159,0.676,0.0744,0.216,107.503,3
spotify:track:1gZQ8WIyZCNfw7jtjXvTbJ,"Periodicity","Deadly Toys","Current Value",2017-12-21,294618,6,false,,2025-07-17T05:25:37Z,"drum and bass,drumstep,jungle","Invisible",0.56,0.872,1,-4.291,1,0.317,0.0000226,0.528,0.0728,0.365,172.055,4
spotify:track:2RjWCcfCOMzKeRJzeoe4h6,"Dead Limit","Dead Limit","Noisia;The Upbeats",2015-08-31,361395,41,false,,2025-07-17T05:24:52Z,"drum and bass,drumstep,dubstep,breakbeat,jungle,bass music,liquid funk","Vision Recordings",0.608,0.975,1,-2.008,1,0.287,0.004,0.787,0.125,0.0691,172.106,4
spotify:track:1GwSrpsebRDRmy25PHqyUD,"Sex Sells","Sex Sells / Nordwand","Phace;Misanthrop",2014-09-12,248982,23,false,,2025-07-17T05:23:55Z,"drum and bass,drumstep,jungle","Neosignal Recordings",0.539,0.97,11,-0.341,1,0.0554,0.000034,0.287,0.0355,0.486,172.039,4
spotify:track:54nnRIzEXNdM5Dq7N4ve3M,"Bad Thoughts","Bad Thoughts","Tom Finster",2025-05-20,179599,26,false,,2025-07-17T05:11:18Z,"drum and bass,drumstep","Pilot.",0.621,0.939,1,-1.411,1,0.143,0.0322,0.00054,0.171,0.431,85.851,4
spotify:track:4DHATlv5A1Gs9pMaWSHDMb,"I'm Fine - IMANU Remix","I'm Fine (IMANU Remix)","Apashe;High Klassified;Cherry Lena;IMANU",2021-02-04,243977,58,false,,2025-07-17T05:01:16Z,"drum and bass,drumstep","Kannibalen Records",0.669,0.919,10,-2.888,0,0.0652,0.278,0.0343,0.0934,0.514,121.047,4
spotify:track:2dpnKA2CVuFwJrgY4AHAZC,"Tremble (ft. Kim English) - MPH Remix","Tremble (ft. Kim English)","Yolanda Be Cool;MPH",2025-02-21,175647,29,false,,2025-07-17T03:18:10Z,"uk garage,bassline,bass house,rally house","Black Book Records",0.815,0.91,10,-5.424,0,0.248,0.25,0.011,0.133,0.623,135.027,4
spotify:track:0ZNjFckxVac5viFxRJZxZX,"Absolute Cinema","Absolute Cinema","Thriftworks",2025-06-13,208421,19,false,,2025-07-17T03:09:09Z,"glitch,downtempo","Thriftworks",0.628,0.441,1,-9.904,0,0.038,0.411,0.0172,0.217,0.367,151.84,4
spotify:track:7GtmVIo5AP6uIuqqASO7UG,"Bag","Bag","Know Good;Aaron Page",2025-03-17,161666,35,true,,2025-07-17T03:06:07Z,"sexy drill","KNOW GOOD LLC",0.776,0.625,1,-7.208,1,0.269,0.0293,0,0.168,0.391,143.887,4
spotify:track:0gkwto0Jdn9lMPJV8gkgQA,"WANTS/NEEDS","WANTS/NEEDS","Cozy Kev",2025-06-04,157714,28,false,,2025-07-17T03:03:18Z,"lo-fi beats","Wubaholics",0.737,0.576,2,-7.505,1,0.0676,0.0323,0.205,0.05,0.295,139.902,4
spotify:track:4KhRWoHADmwstsvqy5pOpN,"Living Backwards","All In","Know Good;JEANLOUIS",2025-07-07,237882,37,false,,2025-07-17T02:49:23Z,"","KNOW GOOD LLC",0.729,0.599,9,-11.121,0,0.107,0.768,0.622,0.105,0.0965,170.003,4
spotify:track:2kbLN9PA2BwO9CCi5uHBWg,"Crocodile","Crocodile","Know Good;JEANLOUIS",2025-06-09,146666,37,false,,2025-07-17T02:46:58Z,"","KNOW GOOD LLC",0.76,0.576,11,-4.85,1,0.379,0.0966,0.000102,0.237,0.472,180.082,4
spotify:track:2lDO5oJW53e4suhBnB2162,"Amnestia","Emanant","CØNTRA",2025-06-03,186857,38,false,,2025-07-17T02:39:23Z,"bass music","CØNTRA",0.699,0.792,4,-5.284,0,0.0271,0.506,0.867,0.0872,0.248,140.011,4
spotify:track:74RQQSGzxODrh57UH2jykM,"Trauma","Trauma","sumthin sumthin",2020-09-02,192000,43,false,,2025-07-17T02:39:10Z,"future bass,bass music","sumthin sumthin",0.521,0.219,5,-10.905,0,0.0289,0.494,0.922,0.117,0.0381,85.046,4
spotify:track:5uMQi8nLTHv9rB6DFvahcA,"Pnnbll","Pnnbll","Spark Master Tape;INDIKKAWCH;Flmmboiint Frdii",2020-04-15,178846,52,true,,2025-07-17T02:32:15Z,"","PAPER PLATOON LLC",0.785,0.41,2,-9.12,1,0.256,0.317,0.00000435,0.156,0.465,77.961,3
spotify:track:65ES1qwOB577ZnTkizMXJJ,"HUMBLE. - SKRILLEX REMIX","HUMBLE. (SKRILLEX REMIX)","Skrillex;Kendrick Lamar",2017-09-29,156800,66,true,,2025-07-17T02:24:36Z,"dubstep,edm,electro,electronic,hip hop,west coast hip hop","Aftermath",0.901,0.934,11,-2.345,1,0.273,0.00794,0.0000768,0.194,0.868,150.037,4
spotify:track:5asZzoghViXgtGoqFT9ORD,"Holy Moly (feat. Young Dro)","MAMA","Phay;Young Dro",2017-01-20,238979,2,true,,2025-07-17T02:12:21Z,"southern hip hop,crunk","Mamathebrand",0.819,0.568,7,-7.473,1,0.488,0.171,0,0.203,0.742,157.397,3
spotify:track:5dwWPdjNXOoEA2w56j1Mnv,"Kanye West","Southsiders (Deluxe Version)","Atmosphere",2014-05-05,241613,23,true,,2025-07-17T02:06:14Z,"underground hip hop,alternative hip hop","Rhymesayers",0.453,0.857,4,-3.43,0,0.048,0.0197,0,0.445,0.165,81.34,4
spotify:track:2HvCL8hgJoHrrGAZEjQ3mM,"Mighty Healthy","Supreme Clientele","Ghostface Killah",2000-02-08,201693,45,false,,2025-07-17T02:03:26Z,"east coast hip hop,hardcore hip hop","Epic/Razor Sharp Records",0.644,0.946,9,-6.674,0,0.406,0.121,0.00000159,0.307,0.53,88.828,4
spotify:track:2y9YzbWR8diwMvbUpafYKQ,"Isbd","Isbd","Zelooperz",2016-01-27,206265,4,true,,2025-07-17T02:01:26Z,"experimental hip hop,alternative hip hop","Bruiser Brigade Records",0.729,0.865,0,-3.979,1,0.289,0.0136,0,0.696,0.386,119.979,4
spotify:track:42hg9qYqXTOVyzaKMFP6Ij,"Pull Up (feat. Gucci Mane)","Black Circle","Money Man;Gucci Mane",2016-01-18,168072,37,true,,2025-07-17T02:00:59Z,"southern hip hop,rap,trap","Black Circle / EMPIRE",0.876,0.449,1,-7.945,1,0.295,0.327,0,0.0723,0.544,130.025,4
spotify:track:0Sxmsu0FjqqxtasyjIjbkh,"Get It Right","Get It Right","Diplo;MØ",2017-11-16,172500,45,false,,2025-07-17T01:59:41Z,"moombahton","DML Music IP",0.464,0.833,0,-4.242,1,0.0981,0.108,0.0000171,0.0592,0.26,159.686,4
spotify:track:4hCeh6yC6VvcKoBBTR3nT5,"STFU","STFU","Jarina De Marco",2017-09-15,192018,14,true,,2025-07-17T01:59:06Z,"","Mad Decent",0.806,0.953,7,-4.349,1,0.137,0.148,0.531,0.19,0.799,135.039,4
spotify:track:53uFSzd19XyMVUYF51DYlR,"Swerve","Starrah X Diplo","Starrah;Diplo",2017-09-22,194231,19,false,,2025-07-17T01:58:47Z,"moombahton","Mad Decent",0.698,0.582,2,-7.026,1,0.0902,0.172,0.0000901,0.112,0.341,150.119,4
spotify:track:1ppffgUVHpBk5fRlw4GBcj,"Bottom of the Rave","Bottom of the Rave","Kyle Watson;Aurelia Ray",2025-03-14,206132,33,false,,2025-07-17T00:57:33Z,"tech house,bass house,house,g-house","Experts Only",0.749,0.725,10,-6.526,1,0.0332,0.0129,0.354,0.151,0.319,128.003,4
spotify:track:4WQtQMbcS53c7k50ddOr9A,"Show Me","Show Me","JLV;Thandi",2024-02-09,145020,52,false,,2025-07-17T00:56:40Z,"future house,deep house","Selected.",0.776,0.723,10,-6.541,0,0.0718,0.202,0.591,0.349,0.355,122.032,4
spotify:track:3DIhIFClJnFyEdxj2ONqlw,"DREAM","DREAM","Surf Mesa;Zeeba",2024-07-19,160645,25,false,,2025-07-17T00:55:54Z,"","Surf Mesa",0.697,0.805,11,-6.74,0,0.0376,0.00322,0.0219,0.107,0.465,127.019,4
spotify:track:0WVOgLhVL1Zy4raPUPKV89,"Lovin U","Lovin U","Haasy;PRAZI",2025-07-11,202504,41,false,,2025-07-17T00:35:15Z,"","Haasy",0.621,0.885,1,-7.442,1,0.0369,0.00777,0.708,0.104,0.595,128.013,4
spotify:track:7h0MQOYIBbtLqkIVbHWAUq,"Hounds - Dub Ten Remix","Will-O-Wisp EP","Telm & Wilson;Dub Ten",2025-04-11,206511,11,false,,2025-07-17T00:29:17Z,"drum and bass","Yamatai Records",0.782,0.906,1,-0.874,1,0.151,0.00269,0.405,0.12,0.0848,171.953,4
spotify:track:045oUhkdQRUWqH4yJlOyvz,"Delta","Delta","YxFF",2025-02-28,123200,3,false,,2025-07-17T00:26:41Z,"liquid funk,drum and bass","notafurry",0.565,0.779,0,-3.173,1,0.0331,0.0606,0.00145,0.336,0.169,149.912,4
spotify:track:3gUtnYHY0NeTOqv9lCCiIH,"Sleepwalker","Sleepwalker","Ankou;Vellum",2022-12-29,214153,2,false,,2025-07-17T00:25:33Z,"drumstep,bass music,bassline,bass house,g-house","ankoumusic",0.519,0.923,1,-3.104,1,0.446,0.000872,0.725,0.911,0.215,130.033,4
spotify:track:1E2Pd8mS4VwaZJHDLPezHf,"Lose Control (feat. ILIRA)","Lose Control (feat. ILIRA)","Wilkinson;Camo & Krooked;Mefjus;ILIRA",2025-05-12,248142,51,false,,2025-07-16T23:44:18Z,"drum and bass,liquid funk,drumstep","Sleepless Music",0.426,0.888,2,0.822,0,0.0399,0.00257,0.0000812,0.179,0.0954,173.986,4
spotify:track:0VPtIe8j9wZMVTcYWURQGd,"Sientelo","Sientelo","Mefjus;Camo & Krooked",2021-08-31,290742,1,false,,2025-07-11T08:50:55Z,"drum and bass,drumstep,liquid funk","UKF",0.528,0.934,1,0.42,1,0.168,0.00308,0.00614,0.084,0.41,174.91,4
spotify:track:3cDUs0ek9t824MsjH63aNq,"The Space Between","This Could be a Possibility","Valencia",2005-10-25,217120,42,false,,2025-07-09T23:54:38Z,"pop punk,emo","Epitaph",0.378,0.854,2,-4.379,1,0.0374,0.000361,0,0.492,0.439,170.101,4
spotify:track:3tNF4ktNoFYVbzd5LAgfMY,"Saying Sorry","If Only You Were Lonely","Hawthorne Heights",2006-02-28,187680,56,false,,2025-07-09T23:53:16Z,"emo,screamo,post-hardcore,pop punk","Victory Records",0.421,0.956,1,-2.195,0,0.0725,0.0271,0.0000136,0.134,0.529,168.991,4
spotify:track:3Zcx8pEo36dcrdppEmLVjs,"Error Operator","Louder Now (Deluxe Edition)","Taking Back Sunday",2006-04-25,171831,43,false,,2025-07-09T23:45:02Z,"emo,pop punk,screamo,post-hardcore,punk","Craft Recordings",0.381,0.937,3,-3.888,0,0.0648,0.0000173,0.0125,0.111,0.507,167.463,4
spotify:track:6Im9k8u9iIzKMrmV7BWtlF,"34+35","Positions","Ariana Grande",2020-10-30,173710,76,true,,2025-07-09T20:29:10Z,"pop","Republic Records",0.83,0.585,0,-6.476,1,0.094,0.237,0,0.248,0.485,109.978,4
spotify:track:6REtetdQjnG5XZZYITN2FX,"I Remember","I Remember","Chris Lake",2020-05-15,190368,41,false,,2025-07-08T23:09:31Z,"tech house,house,bass house","Black Book Records/Astralwerks",0.728,0.94,4,-5.28,1,0.0642,0.117,0.104,0.129,0.955,126.014,4
spotify:track:2prnn41CblB8B4yWACDljP,"Love Tonight (David Guetta Remix Edit)","Love Tonight (David Guetta Remix)","Shouse;David Guetta",2021-06-11,158095,75,false,,2025-07-08T23:01:36Z,"edm","Hell Beach",0.621,0.989,10,-4.225,0,0.0434,0.015,0.357,0.184,0.0348,126.002,4
spotify:track:6olhWHU4P2F7wyBk8vmMVu,"WHERE IS MY MIND","WHERE IS MY MIND","danzen",2024-11-22,217624,36,false,,2025-07-08T09:23:43Z,"hard techno","HAIFISCH records",0.54,0.971,11,-4.506,1,0.115,0.000913,0.933,0.28,0.173,162.057,4
spotify:track:6OoByHOzMp2PRYQrGhvaEB,"The Boys","The Boys","Duckworthsound;1997",2022-09-02,219843,11,false,,2025-07-08T05:25:36Z,"bassline,bass house,uk garage","ClubFriendly",0.838,0.899,1,-3.24,1,0.128,0.0102,0.0773,0.644,0.688,128.076,4
spotify:track:5ZYi0t2DmjYEIvANnvHYKN,"As Above So Below","As Above So Below","Kill The Noise;Tasha Baxter;Bro Safari;Macky",2022-01-07,136000,3,false,,2025-07-08T05:24:52Z,"dubstep,melodic bass,moombahton,edm trap","Polyoto",0.505,0.795,10,-5.976,0,0.046,0.129,0.00438,0.139,0.219,115.876,4
spotify:track:0GDsyvLoWFvcrku2IfbBo7,"Access Denied","Access Denied","Subdivision",2025-07-04,179310,15,false,,2025-07-08T04:59:02Z,"drum and bass","Automata Music",0.444,0.995,2,0.112,1,0.0689,0.00169,0.00508,0.378,0.125,175.101,4
spotify:track:186QA2crYGuYMaT7GdtVvC,"BITTERFELD","BITTERFELD","Tom Finster;Phace",2025-07-04,223255,16,false,,2025-07-08T04:54:31Z,"drum and bass,drumstep,jungle","Neosignal Recordings",0.398,0.939,7,-1.651,1,0.275,0.00223,0.228,0.161,0.0676,172.068,4
spotify:track:0rDofqmc1WVHh2u6RpTYCc,"⁠Hang My Heart","Hang My Heart","Modestep",2025-07-04,206896,40,false,,2025-07-08T04:54:06Z,"dubstep,riddim,dub,drum and bass,deathstep,drumstep","Modestep",0.606,0.935,2,-0.448,0,0.106,0.00198,0.0246,0.2,0.203,174.07,4
spotify:track:6k65tpDYrP39jUPQcxvhmy,"BODY DROP (Won't Stop)","BODY DROP (Won't Stop)","Pirapus",2025-07-04,224914,39,false,,2025-07-08T04:53:09Z,"drum and bass","Thrive Music",0.478,0.985,5,-0.366,0,0.0657,0.00341,0.614,0.195,0.662,175.01,4
spotify:track:0XhfShpdf0IjU7ZX2jifGj,"TAKE ME BACK","STORIES FROM THE RAVE","Blooom",2025-07-01,182931,33,false,,2025-07-08T04:52:31Z,"drum and bass","Pilot.",0.461,0.982,1,-1.934,1,0.391,0.00063,0.571,0.947,0.375,174.152,4
spotify:track:4bRMcJ517G0Zda8VmFZCZB,"What I Can Do","What I Can Do","CØNTRA;Saturna",2024-10-01,195230,53,false,,2025-06-30T23:25:16Z,"bass music,downtempo","The Gradient Perspective Records",0.785,0.463,11,-9.094,1,0.076,0.0333,0.772,0.135,0.0791,160.031,4
spotify:track:34vzTHRwW8Im0Rkim8IJGs,"leavemealone","USB","Fred again..;Baby Keem",2022-01-18,222784,34,true,,2025-06-23T19:31:18Z,"stutter house,house","Atlantic Records UK",0.68,0.881,0,-4.503,1,0.0553,0.00499,0.0253,0.574,0.105,174.062,4
spotify:track:2dHUh2sCSZu4YMLG0YaKsd,"Rebel","Rebel","FindMyName",2024-03-01,181081,61,true,,2025-06-23T19:30:34Z,"phonk,drift phonk","FindMyName",0.772,0.83,2,-3.203,1,0.077,0.048,0.367,0.154,0.658,170.039,4
spotify:track:2qOEJrdouVEEDDeCbD4aKp,"Drum Dealer","Drum Dealer","Mighty Duck",2025-02-28,223553,22,false,,2025-06-19T21:48:44Z,"riddim,deathstep,dubstep,bass house,bass music","DnB Allstars",0.728,0.913,2,-1.939,1,0.0678,0.00296,0.0524,0.88,0.505,87.546,4
spotify:track:0disHYU4udhdhZ69w8FTFQ,"On Top","On Top","T-Lex;Deep Notion",2025-06-11,155517,25,false,,2025-06-19T08:37:08Z,"drum and bass","Elevate Records",0.556,0.983,5,-1.349,1,0.373,0.000244,0.0788,0.369,0.57,174.106,4
spotify:track:6K1pXE9lBWXF4HmHTkYzVy,"Don't You Ever Stop - Calyx Remix","Digital World Remixes","Break;Calyx",2025-06-13,302535,23,false,,2025-06-19T08:35:45Z,"drum and bass,jungle,liquid funk","Symmetry Recordings",0.512,0.974,3,-2.653,0,0.0542,0.000235,0.616,0.121,0.0921,170.082,4
spotify:track:3VuTxAhuHfTqBKOHFkeGX0,"Delirious - DNB Rework","Don't Believe Everything They Say","KNARS",2025-06-13,287445,1,false,,2025-06-19T08:34:54Z,"drum and bass","Amber Music",0.455,0.943,7,-3.819,1,0.252,0.000905,0.0791,0.141,0.378,171.999,4
spotify:track:7LnqDoju5db6TvYuCySQ2O,"Brutal - Original Mix","Brutal","Azumai",2025-06-13,251002,1,false,,2025-06-19T08:34:40Z,"drum and bass","Weapon Audio",0.547,0.906,4,-0.854,0,0.0926,0.00823,0.118,0.203,0.0375,171.928,4
spotify:track:4AEOlENmSEWGEoLPpX3iuq,"Right Now","Run Amok","Project Zeus;Dropset",2025-06-13,231724,0,false,,2025-06-19T08:33:52Z,"drum and bass","Warlock Audio",0.569,0.983,11,0.729,1,0.223,0.025,0.000479,0.506,0.771,174.091,4
spotify:track:34o8mYC97z468e05imQbCh,"Cosmic Blue","Cosmic Blue","Hugh Hardie",2025-06-13,271344,32,false,,2025-06-19T08:32:44Z,"liquid funk,drum and bass,jungle","Liquicity Records",0.575,0.905,3,-4.01,1,0.063,0.0155,0.864,0.0836,0.63,174.005,4
spotify:track:09VkUjp6diBzO1hVlq8DFz,"2 MARTINIS ON THE GO (JONTH dnb REMIX)","2 MARTINIS ON THE GO (JONTH dnb REMIX)","Albin Myers;Young Earth Sauce;Jonth",2025-06-13,187031,9,false,,2025-06-19T08:30:54Z,"electro house,epadunk,future house","Albin Myers",0.443,0.971,1,-2.252,1,0.403,0.124,0.0193,0.638,0.469,175.457,4
spotify:track:1gtBIxVdqnqkO7UTjgYT2y,"Bunka","Bunka / Live Again","Anizo",2025-06-13,226417,3,false,,2025-06-19T08:30:31Z,"drum and bass","Abducted LTD",0.458,0.994,6,-0.509,1,0.457,0.00011,0.912,0.626,0.127,173.99,4
spotify:track:42ugp519dFmPSfTye9c6zN,"I Want It","Darkshire Sound VA VOL. II","Prdk",2025-06-12,248045,4,false,,2025-06-19T08:30:15Z,"drum and bass","Darkshire Sound",0.469,0.916,5,0.328,0,0.0687,0.00039,0.465,0.536,0.462,173.903,4
spotify:track:0sNHwwrmEHJUJ0twYYowGo,"The Virus (Enei Remix)","The Virus (Enei Remix)","AC13;Enei",2025-06-13,277028,26,false,,2025-06-19T08:29:43Z,"drum and bass,bassline,jungle,liquid funk,drumstep","DnB Allstars",0.622,0.975,6,-0.866,0,0.308,0.00221,0.345,0.335,0.476,175.086,4
spotify:track:5XmJouaQ32fDDpwztREWy9,"Sun Dance","Sun Dance","Screamarts",2025-06-10,253793,8,false,,2025-06-19T08:29:06Z,"drum and bass,drumstep,liquid funk","9031850 Records DK",0.531,0.879,7,-0.768,0,0.0726,0.00529,0.552,0.179,0.0724,174.137,4
spotify:track:7EY6S9fwTPZEYio8x0cXEr,"Into The Abyss","Into The Abyss","Blacksite;unisixn",2025-06-13,211504,9,false,,2025-06-19T08:28:58Z,"deathstep,riddim,bass music,dubstep","Blacksite",0.557,0.988,4,0.705,0,0.358,0.0114,0.423,0.646,0.18,172.529,4
spotify:track:0eAWY0FfeEg7O0oCEKyn11,"Monolith","Monolith","Simula",2025-06-13,312685,30,false,,2025-06-19T08:28:03Z,"drum and bass,bassline,liquid funk,jungle","Dance Macabre",0.545,0.865,8,-1.237,0,0.134,0.0603,0.821,0.644,0.27,87.58,4
spotify:track:0XPAk1lGCw7fYQFQQprLHP,"Black Mamba","Black Mamba","Gancher & Ruin",2025-06-13,204137,17,false,,2025-06-19T08:27:16Z,"drum and bass","NMA",0.537,0.984,2,-0.628,1,0.0537,0.0000826,0.794,0.279,0.129,174.038,4
spotify:track:4JBaIEBPVWjCuD1WtWp9Wx,"Neonrush","Darkshire Sound VA VOL. II","Meph",2025-06-12,267906,5,false,,2025-06-19T08:26:51Z,"drum and bass","Darkshire Sound",0.627,0.966,1,-0.441,1,0.149,0.000319,0.75,0.271,0.0793,172.109,4
spotify:track:4IHgSG321tGwY4CXWeKEeX,"Like Me - streetflicker vs Toronto Is Broken Remix","Like Me (Remixes)","REEBZ;Toronto Is Broken;streetflicker",2025-06-11,267881,5,false,,2025-06-19T08:26:22Z,"drum and bass,liquid funk","DRIPFED Music",0.377,0.973,1,-2.466,0,0.178,0.00146,0.797,0.489,0.481,174.084,4
spotify:track:4ukmCLOnytuoPUbv0HcukQ,"Don't Slow Down","Don't Slow Down","Grafix",2025-06-13,227586,40,false,,2025-06-19T08:26:05Z,"drum and bass,liquid funk","Grafix Music",0.541,0.998,5,-0.315,1,0.117,0.0137,0.164,0.497,0.473,173.97,4
spotify:track:48UgUWVmVuHYQxje4UIPId,"E-N-D","Midnight Forever","Delta Heavy",2024-08-23,201379,36,false,,2025-06-19T08:24:34Z,"drum and bass,drumstep,dubstep,liquid funk","Delta Heavy",0.558,0.986,1,0.092,1,0.0491,0.00213,0.0965,0.0538,0.399,174.009,4
spotify:track:5CfJ641gQnDiJ59Wvb8DWs,"2 Much","X12","A.M.C",2025-03-14,176551,31,true,,2025-06-19T08:24:15Z,"drum and bass,bassline","Titan Records",0.742,0.92,7,-0.815,1,0.391,0.00133,0.00846,0.0945,0.534,174.086,4
spotify:track:6pPienoKCiJ5h5rmfDptDC,"On The List","On The List","[IVY]",2023-12-15,180689,37,false,,2025-06-19T08:24:00Z,"drum and bass","Crucast",0.61,0.903,1,-3.329,1,0.0913,0.000288,0.337,0.184,0.467,174.025,4
spotify:track:677NwmxPZYUZIpnUvUgbgG,"I Don`t Give a Fuck","Unite","Phibes",2019-11-25,220689,13,true,,2025-06-17T12:09:43Z,"drum and bass,bassline,bass house,jungle","Phat Planet",0.578,0.951,5,-0.851,1,0.0517,0.0207,0.00236,0.0543,0.495,174.011,4
spotify:track:4rwqrKdwlFWJ6LvPYaOtgn,"Quit (feat. Ariana Grande)","9","Cashmere Cat;Ariana Grande",2017-04-28,258188,63,true,,2025-06-11T23:02:59Z,"pop","Benny Blanco Major",0.44,0.413,0,-7.365,0,0.0407,0.105,0.000034,0.0997,0.141,86.911,3
spotify:track:2dBxfHMEIXrYZiKDhx9aCQ,"Take Me Higher","Take Me Higher","Rova",2024-10-17,180000,48,false,,2025-06-11T03:43:40Z,"drum and bass","UKF",0.535,0.979,6,-0.242,1,0.0556,0.00042,0.685,0.86,0.19,175.967,4
spotify:track:14IYJj8GW7x1FlGhCTRQAP,"Trumpet Dub","Trumpet Dub","NVADRZ & ALIAS",2025-04-18,155314,38,false,,2025-06-09T19:31:44Z,"drum and bass","NIGHTMODE",0.637,0.888,11,-3.612,1,0.0439,0.00649,0.814,0.11,0.104,87.505,4
spotify:track:3I869WklmJFnotXmrbK7TI,"Time To Go","Time To Go","Basstripper",2024-09-06,213942,34,false,,2025-05-31T06:12:18Z,"drum and bass","Basstripper Music",0.62,0.972,0,0.204,1,0.118,0.0452,0.00932,0.7,0.398,175.01,4
spotify:track:6ZT9N8v1ESdS9aG9r4fVqY,"Run!","X12","A.M.C",2025-03-14,180689,33,false,,2025-05-31T06:12:06Z,"drum and bass,bassline","Titan Records",0.513,0.901,1,-1.384,1,0.0761,0.000035,0.717,0.124,0.325,174.127,4
spotify:track:7Flmi9ela6HViLILek106C,"Rocker","Rocker / Darkness","Rendah",2024-01-05,264269,31,false,,2025-05-31T06:11:29Z,"drum and bass","Crucast",0.644,0.91,0,-0.665,1,0.301,0.0133,0.154,0.419,0.433,178.051,4
spotify:track:6NEF8zVLFnWk3ieyQJYKyU,"Berlin Sex Club","Berlin Sex Club","Flowidus",2024-05-31,184171,31,true,,2025-05-31T06:11:08Z,"drum and bass,liquid funk","Elevate Records",0.56,0.921,1,-3.869,1,0.047,0.000341,0.237,0.124,0.368,174.101,4
spotify:track:54hh0ph7BUeFQIcaCX40Qq,"Polygon (Circadian Remix)","Polygon (Circadian Remix)","ShockOne;Reija Lee;Circadian",2024-06-28,279771,29,false,,2025-05-31T06:10:53Z,"drum and bass,liquid funk,drumstep,dubstep,chillstep,moombahton","Viper Recordings",0.472,0.958,6,-0.155,0,0.29,0.00147,0.511,0.0771,0.0493,175,4
spotify:track:7zswNwVIsVRi9RkWZYIv8M,"Sinister - Original Mix","Take Me","Tyl3R;Reynolds",2014-03-31,230161,4,false,,2025-05-31T06:00:55Z,"happy hardcore,drumstep,yacht rock","Futureworld Records",0.284,0.915,6,-5.205,1,0.499,0.0158,0.224,0.262,0.274,169.325,4
spotify:track:7rkZ2GDzupnabB4cmQYfvT,"True Desire","Believe / True Desire","Nautika;freeloadr",2025-05-22,166787,8,false,,2025-05-29T07:04:32Z,"drum and bass,liquid funk,uk garage","Stellar Audio",0.665,0.83,7,-0.697,0,0.0399,0.128,0.00694,0.655,0.172,85.009,4
spotify:track:4EVYNBO90unYQMUkcgaAqS,"The Star","The Star","Magnetude",2025-05-23,297931,21,false,,2025-05-29T06:50:56Z,"drum and bass,drumstep","Evolution Chamber",0.269,0.953,4,-0.518,1,0.512,0.0000937,0.0223,0.183,0.105,173.728,4
spotify:track:5DnT9a5IM3eMjKgXTWVJvi,"Have You Ever Seen The Rain","Pendulum","Creedence Clearwater Revival",1970-12-07,160333,67,false,,2025-05-27T23:45:50Z,"classic rock,southern rock,country rock","Fantasy Records",0.743,0.47,0,-13.154,1,0.029,0.0936,0.0000315,0.186,0.89,116.122,4
spotify:track:3xOZhEBpNHSIWi0lzJQ0OI,"The Sirens","Manifest","Mefjus",2018-04-26,346046,14,false,,2025-05-27T08:01:03Z,"drum and bass,drumstep","Vision Recordings",0.316,0.988,8,-0.474,1,0.226,0.0013,0.845,0.0689,0.0329,172.057,4
spotify:track:3GrZAGzwLEzbD7Rr1yrxwA,"Bass Symptom","Evolutions, Vol. 5","Mr. Frenkie",2017-09-29,278186,28,false,,2025-05-27T07:59:10Z,"drum and bass","Blackout Music NL",0.645,0.897,5,-3.063,1,0.0878,0.000558,0.171,0.0787,0.117,173.973,4
spotify:track:7fXFdLFsS1OBnu3XqZjU6r,"1-800 Suicide","6 Feet Deep","Gravediggaz",1997-09-16,257466,42,false,,2025-05-26T21:25:15Z,"horrorcore,east coast hip hop,hardcore hip hop","V2",0.71,0.616,4,-11.647,0,0.337,0.189,0.000017,0.0791,0.548,168.383,4
spotify:track:1rJM37Dd4OcSJvzI84yCcP,"Fu-Gee-La","The Score (Expanded Edition)","Fugees;Ms. Lauryn Hill;Wyclef Jean;Pras",1996-02-13,260066,67,true,,2025-05-25T20:36:15Z,"east coast hip hop,neo soul","Columbia",0.681,0.505,1,-11.709,1,0.138,0.137,0,0.234,0.399,89.953,4
spotify:track:4TEzkuluRLndctTdXFYulv,"Orgasmic","Orgasmic","WonkyWilla",2022-02-20,133874,56,true,,2025-05-23T16:04:33Z,"","3712495 Records DK",0.596,0.516,4,-3.222,1,0.474,0.00957,0.00945,0.0984,0.183,185.832,4
spotify:track:7xoUc6faLbCqZO6fQEYprd,"One Last Time","My Everything (Deluxe)","Ariana Grande",2014-08-22,197266,85,false,,2025-05-22T23:56:58Z,"pop","Universal Records",0.628,0.593,8,-5.036,1,0.0323,0.093,0.00000165,0.096,0.104,125.025,4
spotify:track:1fkzveZvT3aROlm6BJrp69,"I've Been Thinking","White People","Handsome Boy Modeling School;Dan The Automator;Prince Paul;Cat Power",2004-09-01,324066,49,false,,2025-05-22T23:48:29Z,"trip hop,jazz rap,east coast hip hop,slowcore,singer-songwriter","Tommy Boy Music, LLC",0.705,0.48,5,-9.217,0,0.0762,0.5,0.000445,0.114,0.43,80.009,4
spotify:track:5l7icgnicl7JToRxPkSXyy,"The Truth","So...How's Your Girl?","Handsome Boy Modeling School;Dan The Automator;Prince Paul;Róisín Murphy;J-Live",1999-10-19,337200,60,false,,2025-05-22T23:47:57Z,"trip hop,jazz rap,east coast hip hop,art pop,electropop,underground hip hop","Tommy Boy Music, LLC",0.703,0.393,2,-10.88,1,0.0455,0.6,0.00000609,0.113,0.478,79.653,4
spotify:track:1a9maLxqpx3cxjY1lTj62B,"Midnight In A Perfect World","Endtroducing.....","DJ Shadow",1996-01-01,298373,54,false,,2025-05-22T23:47:00Z,"trip hop,downtempo","[PIAS] Recordings Catalogue",0.664,0.645,7,-9.334,0,0.0353,0.532,0.652,0.251,0.643,79.526,4
spotify:track:6ifNuuYjiS5NdMabN4Jvrs,"Six Days - Remix","Six Days","DJ Shadow;Mos Def",2002-01-01,232533,69,false,,2025-05-22T23:46:32Z,"trip hop,downtempo,east coast hip hop,old school hip hop,hip hop","[PIAS] Recordings Catalogue",0.699,0.908,5,-6.72,0,0.237,0.13,0.000194,0.34,0.692,171.87,4
spotify:track:0IzEFIuQ216h7pq4HKsqY4,"SPITFIRE","F*CK U SKRILLEX YOU THINK UR ANDY WARHOL BUT UR NOT!! <3","Skrillex;HAWAII SLIM",2025-04-01,89600,55,false,,2025-05-22T23:45:40Z,"dubstep,edm,electro,electronic","OWSLA/Atlantic",0.621,0.959,1,-4.541,1,0.122,0.000472,0.00104,0.363,0.491,75.005,4
spotify:track:3l9CW99AHtExIRV4hW2N5m,"Misery Business","Riot!","Paramore",2007-06-12,211520,76,false,,2025-05-22T03:13:02Z,"pop punk,emo","Atlantic Records UK",0.517,0.906,1,-3.677,1,0.0735,0.00272,0.00000926,0.113,0.731,172.977,4
spotify:track:5XTXYji0rooKdRtE9M8Kz5,"Dirt","Dirt","BROCKHAMPTON",2015-08-28,286750,0,true,,2025-05-20T00:24:36Z,"","Fool’s Gold Records",0.556,0.602,11,-6.881,1,0.195,0.116,0,0.128,0.39,119.893,4
spotify:track:4as2j6w8jJ9OpD1917BqBP,"Deep Dark and Dirty","Deep Dark and Dirty","Unglued;Nelson Navarro",2018-10-05,240117,29,true,,2025-05-20T00:23:57Z,"drum and bass,jungle,liquid funk","Hospital Records",0.811,0.548,0,-5.59,1,0.284,0.000281,0.000999,0.149,0.515,171.994,4
spotify:track:74qKLdiiTnXNqh2Co21RlJ,"Other Side","Other Side","AVAION;BUNT.",2023-12-01,206884,57,false,,2025-05-19T23:51:32Z,"deep house,stutter house","RCA Local",0.821,0.44,2,-10.612,1,0.0569,0.291,0.0552,0.101,0.179,129.985,4
spotify:track:23OQ52AcGWTOGgwGAoyohx,"iNEEDTHAT","Tangerine Dream","Alex Wiley;Hippie Sabotage",2016-06-12,178822,20,true,,2025-05-19T05:00:14Z,"","Alex Wiley",0.663,0.839,2,-6.878,1,0.326,0.0517,0,0.231,0.645,163.004,4
spotify:track:0mcXQWzZA4TBcJWbxyUT2t,"Lettre à France","White Man On The Moon","Carte Blanche",2011-05-30,97976,6,false,,2025-05-19T04:56:09Z,"french house,electroclash","Ed Banger Records",0.19,0.241,10,-8.025,1,0.0359,0.049,0.00137,0.0787,0.0913,67.865,4
spotify:track:4PRoIZaKQf9xOYNZ2En321,"What Doesn't Kill You Fucks You up Mentally","Pandora's Box","josh pan",2014-12-19,134038,5,true,,2025-05-19T00:55:34Z,"","josh pan",0.767,0.554,2,-11.111,1,0.183,0.0473,0.767,0.65,0.175,77.008,4
spotify:track:2aQPY9I7NaxYjeV9IMVzgx,"I Miss You","Pandora's Box","josh pan",2014-12-19,145573,6,false,,2025-05-19T00:55:19Z,"","josh pan",0.65,0.495,9,-13.605,1,0.0764,0.0525,0.918,0.706,0.0926,140.983,4
spotify:track:2Pmz8aqad67TXz68XeJChp,"Supersonic (VIP)","Closer","Noisia;Skrillex;josh pan;Dylan Brady",2022-05-12,206010,38,false,,2025-05-19T00:51:29Z,"drum and bass,drumstep,dubstep,breakbeat,jungle,bass music,edm,electro,electronic","Vision Recordings",0.416,0.506,9,-7.885,0,0.1,0.0404,0.0202,0.11,0.0613,172.028,4
spotify:track:0fxAfNuMSVPp93zKgupEve,"Stockton Rush","Underground / Stockton Rush","PRYVYD",2023-09-15,290153,8,false,,2025-05-19T00:47:17Z,"","ETA45MINS",0.779,0.871,4,-8.737,0,0.0609,0.00116,0.924,0.0545,0.182,133.997,4
spotify:track:3oh96zFJQ3wDLW9hv0pDKQ,"Drown","Drown","Kai Wachi",2025-03-07,160615,38,false,,2025-05-18T02:22:00Z,"dubstep,deathstep,riddim,melodic bass,edm","Kannibalen Records",0.603,0.935,1,-0.874,0,0.0951,0.0599,0.0000179,0.121,0.243,129.988,4
spotify:track:1kE6giFG9tUr75JHAlm7Zf,"Survivor","Survivor","NAAZUK",2025-05-02,153610,28,false,,2025-05-18T02:21:34Z,"slap house,g-house,hypertechno","AHOLIC Family",0.526,0.895,11,-5.078,1,0.261,0.00228,0.00066,0.867,0.219,174.959,4
spotify:track:4j3LxTzYF8IY5Y3h80dl8v,"Immortal","Immortal","Metrik",2023-01-27,248576,51,false,,2025-05-18T02:21:09Z,"drum and bass,liquid funk","Hospital Records",0.442,0.973,1,-1.871,1,0.0424,0.000282,0.693,0.245,0.286,173.966,4
spotify:track:1Mze7crzF9BWo82DiAsmjj,"Tour","Tour","Macky Gee",2017-09-19,289371,57,false,,2025-05-18T02:19:56Z,"drum and bass,bassline,bass house","Elevate Records",0.584,0.993,5,1.634,0,0.0527,0.456,0.688,0.129,0.36,175.082,4
spotify:track:3NvttPtSmUTY0EHZiF9fgs,"Pray For Me (feat. Joe Killington)","Pray For Me (feat. Joe Killington)","Camo & Krooked;Mefjus;Joe Killington",2024-03-28,245485,42,false,,2025-05-18T02:19:21Z,"drum and bass,liquid funk,drumstep,hardstyle","MODUS",0.461,0.892,7,-0.662,1,0.114,0.0233,0.00311,0.0847,0.233,175.003,4
spotify:track:4cmI4CAPjtMr6B3ozcAA7N,"No Compromise - Lukher Remix","No Compromise (Lukher Remix)","Tom Finster;Lukher",2024-07-23,278454,25,false,,2025-05-18T02:19:04Z,"drum and bass,drumstep","Pilot.",0.395,0.949,9,-1.05,0,0.114,0.0356,0.932,0.389,0.0691,126.028,4
spotify:track:7sv2aScnADB767QNsWCcvc,"Shadows","Shadows","The Prototypes;Lily McKenzie",2020-02-28,262772,10,false,,2025-05-18T02:16:33Z,"drum and bass,liquid funk,drumstep,uk garage,uk funky","The Prototypes",0.569,0.967,1,-1.152,1,0.217,0.00685,0.544,0.0841,0.214,173.961,4
spotify:track:18kqPNm3uZ9VBVWQpZYwku,"X-Ray - Metrik Remix","RAM 25","Sub Focus;Thomas Mundell;Metrik",2017-12-15,230695,0,false,,2025-05-18T02:15:57Z,"drum and bass,liquid funk","RAM Records",0.492,0.891,6,-2.327,0,0.0471,0.0000226,0.8,0.0593,0.228,173.985,4
spotify:track:0PHgUO5nZc9tCRCf4Alsnx,"Forever Dub - Kanine Remix","Forever Dub (Kanine Remix)","Friction;Kanine;Kiko Bun",2019-04-09,275351,28,false,,2025-05-18T02:15:18Z,"drum and bass,liquid funk,bassline,dub,reggae","Elevate Records",0.749,0.664,11,-5.196,0,0.0871,0.0406,0.265,0.0781,0.582,87.044,4
spotify:track:3LD6s1AJvVB5TSH11bDjRK,"What You Want","Stay Still EP","Creatures;Philth",2025-05-12,290689,5,false,,2025-05-18T02:14:30Z,"drum and bass,liquid funk,jungle","Rebel Music",0.698,0.956,1,-3.734,0,0.135,0.00311,0.65,0.37,0.214,174.023,4
spotify:track:5FkprjJRrRFt1jjvRLKKQo,"Purple & Green Hearts","Sui Generis: Volume 8","petal.",2025-05-12,193017,0,false,,2025-05-18T02:13:57Z,"","Full Flex Audio",0.492,0.941,6,-2.735,0,0.0376,0.25,0.757,0.374,0.0771,173.991,4
spotify:track:1jPUQm6P8XyTqYFEYnnTYT,"Yoyo Bop","Yoyo Bop","skantia",2024-06-13,224914,33,false,,2025-05-17T22:47:31Z,"drum and bass,liquid funk,bassline","skant.net",0.58,0.813,2,-1.592,1,0.145,0.00255,0.229,0.103,0.569,87.35,4
spotify:track:5MSAPdYobXoqY5mud0fJLG,"Drop It Again","Drop It Again","BRIGSY",2025-05-16,184069,2,false,,2025-05-17T20:23:24Z,"drum and bass,liquid funk","Let Them Cook Records",0.56,0.973,0,-1.469,1,0.16,0.000237,0.494,0.126,0.39,174.013,4
spotify:track:3C7cOylp1OQNr6Bud2TKlC,"Spartanz - Bou Remix","Spartanz (Bou Remix)","Dominator;Nu Elementz;TNA;Bou",2022-05-13,222068,41,false,,2025-05-17T20:22:44Z,"drum and bass,bassline,jungle","Sweet Tooth Recordings",0.748,0.97,11,0.467,1,0.326,0.1,0.397,0.225,0.652,173.98,4
spotify:track:7pK51270pGpambaHulqA9Y,"Titan","EXPOSURE 004","Hush",2025-05-02,226206,5,false,,2025-05-17T20:21:57Z,"","DeVice",0.418,0.954,11,-2.284,0,0.0351,0.000079,0.906,0.0932,0.351,173.982,4
spotify:track:0sLAb11YFZXXk9H0pbAMv0,"Two In One","Two In One","Junk Mail",2025-05-16,193448,14,false,,2025-05-17T20:20:55Z,"drum and bass","R.O.A.M",0.606,0.973,0,1.291,1,0.065,0.00669,0.678,0.0931,0.541,174.066,4
spotify:track:7h2fHbOIgRouV7jDmv2s0w,"Pull Up","Pull Up","KRITIKAL",2025-04-17,157842,26,false,,2025-05-17T20:18:47Z,"drum and bass","Elevate Records",0.639,0.934,4,0.837,0,0.229,0.0769,0.00000588,0.265,0.173,174.931,4
spotify:track:2WtlAPdL3vRvGijgwaAP4z,"Home In That Bass","Home In That Bass","Andy C",2024-09-13,189310,46,false,,2025-05-17T20:18:08Z,"drum and bass,jungle","Andy C",0.43,0.984,8,0.053,1,0.324,0.00608,0.00374,0.176,0.113,174.053,4
spotify:track:1KXvPVzlJhSR3DT7ADSh89,"Listen","Overgrown","Pola & Bryson;goddard.",2025-05-16,226206,41,false,,2025-05-17T05:54:22Z,"liquid funk,drum and bass","Shogun Audio",0.558,0.945,10,0.314,0,0.0386,0.0393,0.846,0.176,0.257,173.966,4
spotify:track:1q0PYXTbDsirp2l74ng6pn,"In Da Getto","JOSE","J Balvin;Skrillex",2021-09-10,130666,68,false,,2025-05-17T05:53:20Z,"reggaeton,latin,dubstep,edm,electro,electronic","Sueños Globales, LLC",0.924,0.723,8,-3.142,1,0.0466,0.0177,0.0000261,0.113,0.643,126.998,4
spotify:track:7eu8V354HGg6BuQTWFEDqY,"Takeover","Bones","Lee Mvtthews",2019-11-01,231920,45,false,,2025-05-17T05:47:06Z,"drum and bass","LEE MVTTHEWS",0.584,0.908,11,-2.66,1,0.0426,0.173,0.0273,0.104,0.126,173.985,4
spotify:track:203pjNKwPnrC9gwYTgLi2z,"Enraged","Enraged","Burntboi",2025-04-23,224914,2,false,,2025-05-17T05:46:11Z,"drum and bass","Make Your Era",0.742,0.932,11,-1.292,0,0.453,0.00199,0.173,0.232,0.427,175.067,4
spotify:track:3w0dL9CQsbbH18fm5WXZwn,"Drones","Edition 2","Cesco",2019-03-01,222003,13,false,,2025-05-17T05:45:52Z,"uk garage,bassline,dubstep,drumstep,breakbeat,bass music,drum and bass","1985 Music",0.667,0.648,1,-7.279,1,0.139,0.016,0.00282,0.209,0.0731,160.066,4
spotify:track:14jl5mIsguxS25ezIYfMd9,"Blast Off","Blast Off EP","iBenji;Shiiru;T3arz",2019-09-20,250775,0,false,,2025-05-17T05:45:20Z,"drumstep","Othercide",0.509,0.965,1,-2.863,1,0.506,0.0012,0.00167,0.183,0.251,174.167,4
spotify:track:6wq993XVrKcjXOkY8tHsNx,"Mamas Boy","Mamas Boy","YXREDXRE;ODATi",2023-10-27,144000,15,false,,2025-05-17T05:44:21Z,"","Север Мьюзик",0.535,0.707,9,-8.187,1,0.0319,0.212,0.00495,0.334,0.222,89.99,4
spotify:track:5nCNItjhTUj7MqL3oFHmFc,"Phoneline","Phoneline","Pola & Bryson;Emily Makis",2023-02-10,226206,61,false,,2025-05-17T05:44:04Z,"liquid funk,drum and bass","Shogun Audio",0.513,0.888,1,-1.333,0,0.11,0.0256,0.0000074,0.0584,0.161,174.163,4
spotify:track:5lnCGe2IEKn1V2G3B5rzZQ,"If We Ever - Unglued Remix","If We Ever (Unglued Remix)","High Contrast;Unglued",2018-08-24,317974,0,false,,2025-05-17T05:42:08Z,"drum and bass,liquid funk,jungle","Hospital Records",0.663,0.864,7,-3.452,1,0.148,0.0535,0.028,0.389,0.28,173.035,4
spotify:track:6P9360u251EVnW0g84D3rE,"7th Dimension","7th Dimension","Document One",2017-02-16,248701,15,false,,2025-05-17T05:41:22Z,"drum and bass,liquid funk,jungle,dubstep","Technique Recordings",0.711,0.701,10,-4.586,0,0.0967,0.0673,0.105,0.314,0.186,173.97,4
spotify:track:6pVgfZlDJLGGEUBsvKJbJc,"Rudeboy - DJ Version","Life (Deluxe)","Sigma;Doktor",2015-12-04,230426,23,false,,2025-05-17T05:40:56Z,"drum and bass,jungle","All Around The World",0.585,0.874,1,-4.683,1,0.04,0.0163,0.0000608,0.605,0.212,174.993,4
spotify:track:11g7LcKraD3BRxT6Q5cpFe,"Lost Bass (Serum Remix)","The Story So Far","DJ Brockie;Ed Solo;Serum",2017-07-03,357954,0,false,,2025-05-17T05:40:45Z,"jungle,drum and bass,ragga,breakbeat,bassline","Undiluted",0.638,0.959,1,0.067,1,0.0668,0.00303,0.865,0.0753,0.514,87.505,4
spotify:track:7oMg0YqC6LSvtqJHjYdb8P,"Blood Moon","Blood Moon","AC13",2025-03-28,190344,24,false,,2025-05-17T05:37:37Z,"drum and bass,bassline,jungle","Elevate Records",0.521,0.978,6,-0.747,0,0.0749,0.000282,0.0193,0.305,0.128,174.058,4
spotify:track:6REzH80YPeeygBotnfDNdI,"Locust","Locust","Notequal",2025-05-16,248372,4,true,,2025-05-17T04:58:34Z,"drum and bass","Absu_NTQL",0.595,0.853,8,-1.738,0,0.205,0.0333,0.542,0.109,0.143,171.954,4
spotify:track:5sPQYCBr3nK35Ol6Jw9oiT,"Surround Me","Surround Me","Lee Mvtthews;Cammie Robinson",2025-05-16,216500,29,false,,2025-05-17T04:51:01Z,"drum and bass,stutter house,hardstyle,frenchcore","Elevate Records",0.524,0.741,2,-1.213,0,0.0495,0.00674,0.0133,0.33,0.188,174.044,4
spotify:track:13dH1ApsDZKh0GUowY2Pqm,"Shanti","Shanti","hayve;Laminar",2025-05-16,244137,32,false,,2025-05-17T04:25:52Z,"drum and bass,drumstep,liquid funk","Monstercat",0.482,0.977,1,-2.009,1,0.183,0.000195,0.732,0.308,0.191,173.985,4
spotify:track:35mele207P8xoKXOsTh52L,"PURPOSE","PURPOSE","Blooom;Maksim MC",2025-05-13,167314,34,false,,2025-05-17T04:24:43Z,"drum and bass,drumstep","Pilot.",0.277,0.907,11,-2.244,1,0.404,0.00358,0.363,0.258,0.363,174.897,4
spotify:track:2FD8e8lJgul2phNSMlOHDM,"Drowning Mind","Drowning Mind","goddard.;Billy Lockett",2024-04-11,170000,59,false,,2025-05-17T03:48:38Z,"drum and bass,liquid funk","UKF",0.645,0.914,0,-1.734,0,0.0471,0.196,0.00116,0.181,0.28,87.018,4
spotify:track:7pVA4JwDYBxOewVJlstOhQ,"Unbreakable","Unbreakable","Fourward",2022-05-13,182068,34,false,,2025-05-17T03:46:39Z,"drum and bass,liquid funk","Elevate Records",0.394,0.985,0,-3.46,1,0.335,0.0429,0.71,0.39,0.35,174.015,4
spotify:track:7xdDyoyJ0nvFPneePtNuTn,"Never Stop - S.P.Y Remix","Never Stop (S.P.Y Remix) / Hustle (Synergy Remix)","DC Breaks;S.P.Y",2018-02-26,262709,0,false,,2025-05-16T22:12:08Z,"drum and bass,liquid funk,drumstep,jungle","RAM Records",0.612,0.931,8,-3.106,1,0.0366,0.000714,0.0000619,0.301,0.208,86.992,4
spotify:track:5p28zZ4BeefFX1IJ7IEERK,"Going Up (feat. Ayah Marar)","Going Up (feat. Ayah Marar)","Mandidextrous;Ayah Marar",2024-04-12,244114,35,false,,2025-05-16T21:50:11Z,"drum and bass,tekno,jungle","DnB Allstars",0.578,0.939,7,-1.425,0,0.0551,0.00205,0.00221,0.306,0.48,174.985,4
spotify:track:7D1dzFSnnylH8I5meZJo8x,"Rave Is Life","Rave Is Life","Freaks & Geeks",2024-06-14,203500,45,false,,2025-05-16T21:50:04Z,"drum and bass","Elevate Records",0.576,0.987,5,-0.837,1,0.079,0.0125,0.615,0.126,0.275,173.964,4
spotify:track:3eBZOEzakLG48zsIKlOZYY,"Launchpad","Launchpad","Subsonic;Aleya Mae",2023-03-23,179310,44,false,,2025-05-16T21:49:54Z,"drum and bass,bassline,liquid funk","UKF",0.597,0.963,8,-1.873,1,0.0355,0.407,0.756,0.674,0.83,174.019,4
spotify:track:3KKJeceQp03hFKTxZ5JkCr,"Eyes On Me","Eyes On Me","Rova",2024-02-28,223636,52,false,,2025-05-16T21:49:29Z,"drum and bass","ROVA",0.754,0.965,1,-0.973,1,0.0984,0.0226,0.0784,0.331,0.82,87.99,4
spotify:track:2j3Vsq1Xxoqlvz5UJAr1ED,"Energy In Motion","Energy In Motion","Circadian",2024-05-31,260689,43,false,,2025-05-16T21:49:11Z,"drum and bass","Sleepless Music Ltd.",0.59,0.98,1,-0.531,1,0.115,0.0386,0.213,0.529,0.114,174.036,4
spotify:track:5VvldWzela6drTGzTKIXK8,"Get To Me","Get To Me","Culture Shock",2024-02-16,245517,43,false,,2025-05-16T21:48:37Z,"drum and bass,liquid funk","Culture Shock Music",0.599,0.973,1,-0.483,1,0.0656,0.0562,0.296,0.24,0.763,173.996,4
spotify:track:6M3D3YpYaLdEGWembNcEzj,"Worlds Apart","Worlds Apart","1991;Goodboys",2024-02-23,178275,50,false,,2025-05-16T21:48:16Z,"drum and bass,liquid funk","Chaos",0.623,0.905,7,-0.129,0,0.0654,0.045,0.0155,0.0907,0.515,174.016,4
spotify:track:4gG6qNbj8NSHyUz3Z8Nomn,"Bad Decisions","Midnight Forever","Delta Heavy;Cameron Warren",2024-08-23,195000,42,false,,2025-05-16T21:48:06Z,"drum and bass,drumstep,dubstep,liquid funk","Delta Heavy",0.439,0.953,3,-0.671,0,0.0461,0.00284,0.0492,0.18,0.117,173.97,4
spotify:track:69RnaDZLYLZq8ZFBExlvAl,"Breathe","Breathe","Culture Shock",2024-03-15,182068,39,false,,2025-05-16T21:47:58Z,"drum and bass,liquid funk","Culture Shock Music",0.55,0.998,2,1.76,1,0.314,0.132,0.0156,0.235,0.53,173.899,4
spotify:track:6eWgNJspumvHtUmx8pQlFM,"Light It Up","Light It Up","Kanine",2023-12-08,221479,50,false,,2025-05-16T21:47:37Z,"drum and bass,bassline,liquid funk","Unleashed",0.4,0.893,7,-3.823,0,0.0446,0.0125,0.0295,0.178,0.166,174.133,4
spotify:track:0LDcW1jwOpYCqdDZbS1J6Y,"Take Me Away","Take Me Away","Kanine;Nu-La",2024-04-12,189257,46,false,,2025-05-16T21:47:25Z,"drum and bass,bassline,liquid funk","Unleashed",0.463,0.935,1,-3.365,1,0.045,0.00272,0.00216,0.151,0.2,175.112,4
spotify:track:3WNX469Jqc1TeeOGPw75LV,"Body Language","Body Language","Grafix",2024-05-02,201379,49,false,,2025-05-16T21:47:08Z,"drum and bass,liquid funk","UKF",0.496,0.97,5,-2.016,0,0.0426,0.00138,0.0267,0.155,0.61,173.996,4
spotify:track:6iF5E6zMaAYu1LHlepossi,"Hooked","Hooked","Koven;A.M.C",2024-04-25,166206,45,false,,2025-05-16T21:46:55Z,"drum and bass,liquid funk,drumstep,chillstep,bassline","UKF",0.525,0.962,10,-0.11,0,0.135,0.00236,0.0382,0.298,0.614,173.978,4
spotify:track:76xfSfbw0byLqMHykJyPru,"GodLovesUgly - Remix","GodLovesUgly (Remix)","Atmosphere;Zeds Dead;Subtronics",2020-06-23,184421,52,true,,2025-05-15T07:52:30Z,"underground hip hop,alternative hip hop,dubstep,edm,riddim,deathstep,bass music,dub,techno","Deadbeats x Rhymesayers",0.679,0.861,9,-5.189,1,0.214,0.307,0.723,0.103,0.536,94.985,4
spotify:track:04uMxBJKur4bKvW2WYOzud,"How","Lose Control","Fourward;Dakota Sixx",2020-07-31,253033,42,false,,2025-05-14T07:23:13Z,"drum and bass,liquid funk,uk garage,bass house,bassline","Elevate Records",0.373,0.819,9,-4.711,0,0.125,0.00345,0.0000114,0.121,0.0676,171.98,4
spotify:track:3dcWKFefG4Otjdb6ykBVcY,"Feel The Vibration","Feel The Vibration","Kanine",2025-04-17,201847,59,false,,2025-05-14T07:22:03Z,"drum and bass,bassline,liquid funk","UKF",0.418,0.953,5,-2.52,0,0.0442,0.00528,0.0737,0.078,0.106,173.943,4
spotify:track:3hbcbNPV51UE7d38iydzvU,"No Tomorrow","No Tomorrow","Camo & Krooked;Mefjus;Sophie Lindinger",2020-10-16,271542,46,false,,2025-05-14T06:27:22Z,"drum and bass,liquid funk,drumstep","Hospital Records",0.461,0.65,1,-0.119,1,0.0323,0.0117,0.00000703,0.142,0.171,87.523,4
spotify:track:31fA03jXzASm9vRkbysq6n,"Good Times Bad Times - Document One Remix","Mosaik (REMIXED)","Camo & Krooked;Document One",2018-03-23,296228,46,false,,2025-05-14T06:11:31Z,"drum and bass,liquid funk,drumstep,jungle,dubstep","RAM Records",0.64,0.691,0,-4.995,1,0.0817,0.0085,0.0914,0.12,0.0734,174.949,4
spotify:track:7v11L9CN3sL9BDdiNrmpRe,"Lose Control (feat. ILIRA)","Lose Control (feat. ILIRA)","Wilkinson;Camo & Krooked;Mefjus;ILIRA",2025-05-12,248142,13,false,,2025-05-14T05:58:57Z,"drum and bass,liquid funk,drumstep","Sleepless Music",0.426,0.888,2,0.822,0,0.0399,0.00257,0.0000812,0.179,0.0954,173.986,4
spotify:track:0Tcy9RRWvcnqepvmVcqv05,"Black Out Days - Subtronics Remix","Black Out Days (Subtronics Remix)","Phantogram;Subtronics",2023-06-16,208457,62,false,,2025-05-13T01:21:00Z,"riddim,dubstep,edm,deathstep,bass music,dub,techno","Universal Records",0.473,0.974,4,-3.554,0,0.0782,0.00161,0.891,0.166,0.105,175.097,4
spotify:track:6tGtFeIO3yYuVvNLAdHU0A,"Tell Me Why - 1991 Remix","Tell Me Why (1991 Remix)","Supermode;1991",2023-03-03,244224,61,false,,2025-05-12T23:29:25Z,"hypertechno,drum and bass,liquid funk","Axtone Records",0.464,0.932,10,-1.755,1,0.0552,0.00327,0.94,0.295,0.152,174.052,4
spotify:track:4VSDHncHqb5DjWdVAGF9Nq,"Monster","Monster","Datsik;1000volts;Redman;Jayceeoh",2017-08-18,185600,37,true,,2025-05-12T21:59:56Z,"dubstep,dub,riddim,deathstep,drumstep,east coast hip hop,old school hip hop,hardcore hip hop,hip hop","Firepower Records",0.728,0.914,0,-1.413,0,0.31,0.156,0.0000692,0.15,0.527,74.969,4
spotify:track:0OtHWXvDph6gelVHNMjf1D,"Legs","Legs","Giganti",2021-03-26,297931,25,false,,2025-05-12T17:59:10Z,"drum and bass","Viper Recordings",0.516,0.943,2,-0.594,1,0.0452,0.00186,0.868,0.0984,0.202,173.97,4
spotify:track:3fKeW7vUR0KL6J2mNdFLC3,"Nonstop","NONSTOP","YUSSI;Cameron Hayes",2024-10-25,226714,43,false,,2025-05-12T17:58:24Z,"drum and bass,liquid funk","DnB Active Records",0.377,0.921,6,-1.818,0,0.221,0.00747,0.0000477,0.107,0.261,175.002,4
spotify:track:6eqnw9cw9Ffo0NGcC82hTZ,"Taking A Bath (Splish Splash)","Taking A Bath (Splish Splash)","Mista Trick;Spencer Ramsay",2024-02-23,191802,43,false,,2025-05-12T17:57:55Z,"electro swing,drum and bass,jungle","Intercord",0.755,0.89,10,-3.862,0,0.0653,0.011,0.00127,0.023,0.653,87.484,4
spotify:track:4Di1KgkKPeLEZOdbauApjr,"Shellshock","Split The Atom","Noisia",2010-09-08,226560,29,false,,2025-05-12T17:56:51Z,"drum and bass,drumstep,dubstep,breakbeat,jungle,bass music","Vision Recordings",0.587,0.936,0,-4.269,1,0.181,0.00179,0.156,0.106,0.303,171.951,4
spotify:track:65SsbtgsqPYv1p4Rq93fC9,"Chant","Chant","1991",2023-08-10,224775,48,false,,2025-05-09T23:29:54Z,"drum and bass,liquid funk","UKF",0.507,0.976,0,0.774,1,0.0644,0.0215,0.23,0.154,0.209,174.046,4
spotify:track:1py6ssItqqXYAKrYT1hzAS,"LOST TOUCH","EVERYDAY","Phace",2024-05-24,192209,9,false,,2025-05-09T09:18:08Z,"drum and bass,drumstep,jungle","Deadbeats",0.59,0.918,2,-6.002,1,0.0399,0.00112,0.768,0.661,0.299,140.021,4
spotify:track:2XjPFBHDIKXNRzB1QrEhpP,"Notorious","Notorious","Malaa",2016-08-24,271219,52,false,,2025-05-09T08:38:26Z,"g-house,bass house,future house","Malaa Music LLC CC",0.811,0.571,2,-6.064,1,0.0488,0.0513,0.00175,0.0565,0.167,123.021,4
spotify:track:6brzImyRC7tYwWKIvumozI,"Stan Smith","Stan Smith","Alcemist;Coco",2022-01-27,235000,0,true,,2025-05-09T08:25:19Z,"drum and bass,grime","DnB Allstars Records",0.698,0.869,2,-0.884,1,0.334,0.0747,0.000468,0.126,0.245,174.868,4
spotify:track:4BihwGtI5z8wYsr3GkCi6T,"Himalaya","Himalaya","HATO",2024-06-28,147019,30,true,,2025-05-09T08:19:59Z,"","Peekah Park",0.709,0.745,2,-5.287,1,0.0595,0.00426,0.000245,0.184,0.567,80.006,4
spotify:track:0IX0Pj2FKvvWrZUz26J3ZB,"Punching Holes","Punching Holes","Delta Heavy",2024-03-08,193103,41,false,,2025-05-09T08:04:13Z,"drum and bass,drumstep,dubstep,liquid funk","Delta Heavy",0.628,0.867,7,-0.24,0,0.0445,0.0326,0.00217,0.09,0.415,173.946,4
spotify:track:2QUVsQu7ESIXqOuLTE4r0A,"If We Ever - Unglued Remix","If We Ever (Unglued Remix)","High Contrast;Unglued",2018-08-24,317974,53,false,,2025-05-09T05:06:23Z,"drum and bass,liquid funk,jungle","Highly Contrasting",0.665,0.864,7,-3.451,1,0.147,0.0533,0.0295,0.389,0.278,173.007,4
spotify:track:5hnaPRj9yw6a40BO2cm70h,"Malware","Born In '94","Unglued;Phace",2019-07-05,226363,35,false,,2025-05-09T05:04:52Z,"drum and bass,jungle,liquid funk,drumstep","Hospital Records",0.617,0.958,1,-0.66,1,0.441,0.000319,0.000881,0.114,0.313,175.988,4
spotify:track:0wapju5nFfqi6dRTaWYWcJ,"Uh - Huh","Technique Summer 2017 (100% Drum & Bass)","Document One",2017-06-02,269424,29,false,,2025-05-09T04:58:43Z,"drum and bass,liquid funk,jungle,dubstep","Technique Recordings",0.712,0.881,10,-2.946,0,0.0945,0.0754,0.797,0.542,0.438,174.041,4
spotify:track:0R2hRwyqjZf8tMVdWFopMa,"meANDu","meANDu","skantia",2025-01-31,173793,34,false,,2025-05-09T04:49:57Z,"drum and bass,liquid funk,bassline","skant.net",0.862,0.675,10,-0.825,0,0.0479,0.0374,0.103,0.0857,0.28,87.036,4
spotify:track:2UFknU6jomQF9DeV3xgqms,"Javelin","Javelin","Banzai;Indigo MC",2022-02-04,224914,0,false,,2025-05-09T04:46:31Z,"drum and bass,bassline","Gradient Records",0.771,0.801,7,-1.474,0,0.0799,0.00221,0.0615,0.0745,0.237,175.046,4
spotify:track:6o2g1BJvtYQssH84kBYs7y,"Back That Azz Up","400 Degreez","JUVENILE;Lil Wayne;Mannie Fresh",1998-11-03,265600,69,true,,2025-05-09T04:11:38Z,"southern hip hop,crunk,new orleans bounce,rap,hip hop","Cash Money",0.873,0.714,7,-6.664,1,0.129,0.0157,0,0.0968,0.541,95.826,4
spotify:track:4eHbdreAnSOrDDsFfc4Fpm,"I Will Always Love You","The Bodyguard - Original Soundtrack Album","Whitney Houston",1992-11-17,271093,79,false,,2025-05-09T04:11:21Z,"","Arista",0.332,0.214,4,-12.518,1,0.0349,0.845,0.00000562,0.0839,0.11,67.531,4
spotify:track:5QRAfvKPyQpwt897Jc0glg,"Blue (Da Ba Dee) - Gabry Ponte Ice Pop Radio","Blue (Da Ba Dee)","Eiffel 65;Gabry Ponte",1998-11-11,283747,59,false,,2025-05-09T04:10:45Z,"eurodance,europop,italo dance,slap house","Hits Only",0.822,0.969,7,-11.471,0,0.0582,0.259,0.000153,0.39,0.765,128.007,4
spotify:track:5Mmk2ii6laakqfeCT7OnVD,"Thong Song","Unleash The Dragon","Sisqo",1999-11-30,253733,73,true,,2025-05-09T04:10:09Z,"","Def Jam Recordings",0.707,0.888,2,-6.959,1,0.0654,0.12,0.0000964,0.07,0.714,121.543,4
spotify:track:1xNmF1Uep5OGutizZSbKvd,"One Of Us","Relish","Joan Osborne",1995-01-01,320466,68,false,,2025-05-09T04:05:48Z,"","Island Mercury",0.316,0.499,9,-7.899,1,0.0298,0.0108,0.0000181,0.126,0.403,174.782,4
spotify:track:3uz0O62HqYoyRiWZjS61KK,"Detroit Rock City","Smashes Thrashes & Hits","KISS",1988-01-01,228560,56,false,,2025-05-09T03:58:09Z,"glam rock,glam metal,hard rock,rock,classic rock","Casablanca Records",0.479,0.847,0,-11.036,0,0.0986,0.00891,0.000208,0.144,0.318,90.654,4
spotify:track:7AimHQrOUoUTYbVX87D3Zl,"96 Quite Bitter Beings","Camp Kill Yourself, Vol.1","CKY",1999-01-01,201920,63,false,,2025-05-09T03:51:53Z,"","Distant",0.458,0.779,3,-8.312,0,0.0486,0.00184,0.0000428,0.313,0.729,99.093,4
spotify:track:1TEZWG1FdjzDdercCguTwj,"Nookie","Significant Other","Limp Bizkit",1999,289560,76,true,,2025-05-09T03:51:03Z,"nu metal,rap metal,alternative metal,rap rock","Interscope",0.573,0.93,11,-5.998,1,0.0814,0.0022,0.0716,0.718,0.283,97.574,4
spotify:track:5F6tUpAoDzz5PjJos99176,"I Just Don't Know What to Do With Myself","Elephant","The White Stripes",2003-04-01,166466,51,false,,2025-05-09T03:50:13Z,"garage rock,blues rock,rock,alternative rock","Legacy Recordings",0.405,0.741,0,-7.76,1,0.103,0.416,0,0.112,0.406,94.097,4
spotify:track:3RdQfyk7BBxxIx0zSnCBIw,"The Hardest Button to Button","Elephant","The White Stripes",2003-04-01,212888,62,false,,2025-05-09T03:50:07Z,"garage rock,blues rock,rock,alternative rock","Legacy Recordings",0.694,0.515,4,-8.663,0,0.0736,0.00666,0.622,0.0884,0.566,128.246,4
spotify:track:59WN2psjkt1tyaxjspN8fp,"Killing In The Name","Rage Against The Machine - XX (20th Anniversary Special Edition)","Rage Against The Machine",1992,313573,79,true,,2025-05-09T03:49:31Z,"rap metal,rap rock,alternative metal,nu metal","Epic/Legacy",0.466,0.833,7,-4.215,1,0.304,0.0266,0,0.0327,0.661,88.785,4
spotify:track:6XcoiOYiNbIxzpt8WRxq8Z,"Du hast","Sehnsucht (Anniversary Edition - Remastered)","Rammstein",1997-08-22,235600,75,false,,2025-05-09T03:48:41Z,"industrial metal,metal,industrial rock,industrial","Vertigo Berlin",0.642,0.899,9,-6.92,0,0.0381,0.00171,0.135,0.326,0.726,125.115,4
spotify:track:6xivetmKycXBVgCP3fkkNN,"Bob Seger","Bob Seger","Atmosphere;Slug;Ant",2013-07-02,203673,17,true,,2025-05-09T03:44:35Z,"underground hip hop,alternative hip hop","Rhymesayers",0.435,0.92,8,-3.202,1,0.344,0.183,0.00000237,0.561,0.774,73.57,4
spotify:track:0cfqYhY6B8PbGF9vaVNUeG,"Hits from the Bong","Black Sunday","Cypress Hill",1993-07-20,160866,66,true,,2025-05-09T03:43:59Z,"west coast hip hop,old school hip hop,rap rock,hip hop","Columbia",0.803,0.578,1,-13.264,1,0.182,0.0103,0.812,0.199,0.499,92.175,4
spotify:track:2tej1KSqNuxwywIpY1rDRc,"Hide and Seek","Speak for Yourself (Deluxe Version)","Imogen Heap",2005,268488,63,false,,2025-05-09T03:34:23Z,"","Megaphonic",0.447,0.17,9,-11.492,1,0.0732,0.896,0,0.195,0.106,121.086,4
spotify:track:7rnJyCDiKGdF7wuw2bEa9z,"Best In It - Tryna_get_yo","Tricks","Woolymammoth",2015-11-03,174400,2,false,,2025-05-09T03:28:59Z,"drumstep,bass music","Buygore",0.732,0.771,11,-6.282,1,0.273,0.0704,0.000085,0.0787,0.288,149.956,4
spotify:track:1UOWNaUMhOxXxSZHGhVDVj,"Lights Go Down","Lights Go Down","Zeds Dead;Jauz",2017-12-27,213186,28,false,,2025-05-08T11:51:51Z,"dubstep,edm,bass house,future house,electro house","Bite This x Deadbeats",0.593,0.917,1,-3.738,0,0.0909,0.38,0.0052,0.29,0.262,170.033,4
spotify:track:4BKJ9aR5iruwS8n180Y5Yn,"Mind The Gap","Mind The Gap [ENERGY]","A.M.C",2019-03-01,300025,0,false,,2025-05-08T11:43:05Z,"drum and bass,bassline","Titan Records",0.632,0.992,0,0.643,1,0.284,0.00898,0.664,0.167,0.379,174.009,4
spotify:track:5mjYQaktjmjcMKcUIcqz4s,"Strangers","Strangers","Kenya Grace",2023-09-01,172964,76,false,,2025-05-08T11:32:35Z,"","Warner Records/Major Recordings",0.628,0.523,11,-8.307,0,0.0946,0.701,0.00274,0.219,0.416,169.982,4
spotify:track:2yAmuAPIQ2YTfbZ0IdwTOD,"Would You (go to bed with me?) [feat. Caity Baser]","Would You (go to bed with me?) [feat. Caity Baser]","Campbell;Alcemist;Caity Baser",2023-09-29,122768,53,false,,2025-05-08T10:33:01Z,"drum and bass","Atlantic Records UK",0.617,0.785,10,-3.991,0,0.0331,0.000481,0.00205,0.372,0.553,86.989,4
spotify:track:3YyFRDMswihropEwIlhzhL,"Anaesthetist","The Mindsweep","Enter Shikari",2015-01-20,175827,27,false,,2025-05-08T09:50:36Z,"post-hardcore,metalcore","Hopeless Records",0.641,0.9,7,-5.222,1,0.0692,0.00011,0.138,0.328,0.393,108.029,4
spotify:track:22cHjuDS0cZneOcWCp5suo,"Anaesthetist (At Home)","Moratorium (Broadcasts From The Interruption)","Enter Shikari",2021-04-16,173960,11,true,,2025-05-08T09:50:24Z,"post-hardcore,metalcore","So Recordings",0.643,0.88,7,-5.338,1,0.0878,0.000972,0.0029,0.347,0.318,107.91,4
spotify:track:48lxT5qJF0yYyf2z4wB4xW,"Pedro","Pedro","Jaxomy;Agatino Romero;Raffaella Carrà",2024-03-29,144562,74,false,,2025-05-08T09:22:28Z,"italo dance","Columbia/B1 Recordings/Ultra Records",0.788,0.936,9,-6.294,1,0.301,0.0229,0.0000013,0.311,0.844,151.019,4
spotify:track:1CxJec8tPhZMBP3bi5o7X2,"Kabin Party","Kabin Party / Belter","Kabin Crew",2025-03-06,118958,24,false,,2025-05-08T09:16:01Z,"","Rubyworks Ltd.",0.914,0.78,0,-4.659,1,0.0927,0.0276,0.0000147,0.0967,0.541,114.991,4
spotify:track:602d2gJewoiF1FivuOMMwE,"Disconnect","Disconnect","Becky Hill;Chase & Status",2023-07-14,164914,61,true,,2025-05-08T09:08:39Z,"drum and bass,jungle","Polydor Records",0.521,0.963,0,-0.686,1,0.0867,0.00472,0.000111,0.112,0.404,174.992,4
spotify:track:0f97n6kmc8RYUwMyialr8y,"Closer","Closer","Bou;Slay",2023-05-05,135796,62,false,,2025-05-08T09:07:40Z,"drum and bass,bassline,jungle,liquid funk","Universal-Island Records Ltd.",0.63,0.736,1,-6.028,1,0.0445,0.0759,0.0246,0.123,0.338,87.46,4
spotify:track:0c7YR1XbbWcIUznxLsIov5,"With You","With You","Andromedik",2023-11-10,215258,44,false,,2025-05-08T09:06:49Z,"drum and bass,liquid funk","Liquicity Records",0.484,0.92,6,-2.916,0,0.0704,0.00219,0.00156,0.235,0.13,174.123,4
spotify:track:3kYENrUwhbTu4iylBisph0,"Comedown","Comedown","Grafix;Andromedik",2024-02-09,156555,46,false,,2025-05-08T09:01:34Z,"drum and bass,liquid funk","Liquicity Records",0.54,0.969,9,-1.192,0,0.0394,0.0954,0.00333,0.119,0.721,173.905,4
spotify:track:28r1xYNakXXwcQKIXu9Wjw,"DJ Turn It Up","DJ Turn It Up","Dimension",2023-05-19,177931,63,false,,2025-05-08T09:00:31Z,"drum and bass,liquid funk","Dimension",0.768,0.995,0,0.08,1,0.165,0.115,0.542,0.601,0.834,174.054,4
spotify:track:0cNL4jWf1723O9XI14KBus,"Lies","Lies","Camo & Krooked;Mefjus",2024-07-11,184457,41,false,,2025-05-08T08:58:49Z,"drum and bass,liquid funk,drumstep","MODUS",0.439,0.941,6,-0.801,1,0.122,0.000289,0.654,0.0799,0.49,175.379,4
spotify:track:4oudEMs5YRIVz9FqhlxpNs,"Spiralling","Spiralling","Mefjus;James French",2025-03-12,272361,39,false,,2025-05-08T08:56:45Z,"drum and bass,drumstep,deep house","MODUS",0.47,0.668,10,-0.487,0,0.0354,0.00753,0,0.14,0.145,86,4
spotify:track:0ftvcxmgmafkBWUxvPpRDb,"Open Season","Open Season","Catching Cairo;LZee;Fade Black;Bastion",2025-01-30,171034,51,true,,2025-05-08T08:53:44Z,"liquid funk,drum and bass,uk garage","UKF",0.669,0.822,2,-1.343,1,0.0972,0.000814,0.0000201,0.682,0.505,174.007,4
spotify:track:1dQkPM9dLmmWCLrBWLkdMb,"Side2Side","Breakdown / Side2Side","Subsonic;Aleya Mae",2024-08-28,223448,45,false,,2025-05-08T08:49:58Z,"drum and bass,bassline,liquid funk","Rampage Recordings",0.566,0.969,5,-2.146,1,0.0689,0.00996,0.487,0.115,0.343,174.028,4
spotify:track:51uRkSahJICiVwrPe7GgzY,"No Tomorrow (P Money x Whiney Remix)","No Tomorrow (P Money x Whiney Remix)","Camo & Krooked;Mefjus;P Money;Whiney;Sophie Lindinger",2024-02-22,249700,50,false,,2025-05-08T08:49:45Z,"drum and bass,liquid funk,drumstep,grime,uk grime,bassline,jungle","Hospital Records",0.466,0.752,1,-3.49,1,0.0383,0.00449,0.0000634,0.19,0.0732,175.024,4
spotify:track:1enFNqBlmIdB0Zsp2bKm00,"Born Again","Born Again","Blooom;Wolfy Lights",2025-02-13,162327,45,false,,2025-05-08T08:48:33Z,"drum and bass","UKF",0.626,0.952,6,-1.013,1,0.0649,0.00214,0.211,0.343,0.497,86.983,4
spotify:track:5utINKwnXh1drV2vI9cnze,"Bombalaya - Blooom Remix","Bombalaya (Blooom Remix)","DNMO;Wolfy Lights;Blooom",2024-05-16,248571,63,false,,2025-05-08T08:44:55Z,"drum and bass","UKF",0.416,0.95,8,-1.513,1,0.314,0.00043,0.00546,0.102,0.442,174.76,4
spotify:track:0bhnFakmRioZbuQcmhVwoH,"The Spark","The Spark","Kabin Crew;Lisdoonvarna Crew",2024-06-13,146384,64,false,,2025-05-08T08:38:03Z,"","Rubyworks Ltd. / 95",0.841,0.864,6,-4.437,0,0.237,0.0531,0.00000575,0.204,0.647,173.931,4
spotify:track:5cRDn5aGMLvWsldoRmOOz0,"Solar System","Solar System / Siren","Sub Focus",2019-07-26,288000,62,false,,2025-05-08T08:37:38Z,"drum and bass,liquid funk","EMI",0.544,0.942,5,-2.552,0,0.0464,0.0355,0.435,0.631,0.303,173.97,4
spotify:track:1gPJ3F2p8rwhlzr1AF58W7,"Sientelo","Sientelo","Mefjus;Camo & Krooked",2021-08-31,290742,56,false,,2025-05-08T08:31:11Z,"drum and bass,drumstep,liquid funk","UKF",0.528,0.934,1,0.42,1,0.168,0.00308,0.00614,0.084,0.41,174.91,4
spotify:track:3IwA24jZLqPW3tFCWpkr7S,"Swerve It","Swerve it","Bou;Camo & Krooked;Mefjus;Mila Falls;P Money;D Double E",2023-11-03,167314,50,true,,2025-05-08T08:24:04Z,"drum and bass,bassline,jungle,liquid funk,drumstep,grime,uk grime","Gossip",0.649,0.941,1,-0.098,1,0.348,0.0309,0,0.637,0.693,175.154,4
spotify:track:2erTGEjv5eLsqc10Z7ge20,"Push It To The Limit","Push It To The Limit","Qo;Trilo",2019-05-17,295813,38,false,,2025-05-08T08:22:26Z,"drum and bass","Hoofbeats Music",0.59,0.952,1,-2.282,1,0.0798,0.000645,0.897,0.283,0.0368,171.998,4
spotify:track:38oVOAMdLJi4GC4woeQbZA,"Inception - Gydra Remix","reWORKS LP","BTK;Optiv;Gydra",2017-04-07,280000,18,false,,2025-05-08T08:21:18Z,"drum and bass,jungle","Dutty Audio",0.771,0.988,0,-0.158,1,0.215,0.0016,0.838,0.418,0.189,174.031,4
spotify:track:3PvhJcV5xv7E1ImIfbRYeM,"I Do Coke","OCCULT CLASSIC","Kill The Noise;Feed Me",2015-10-09,226973,47,true,,2025-05-08T08:14:59Z,"dubstep,melodic bass,electro house","OWSLA",0.774,0.895,11,-3.846,0,0.233,0.00224,0.0794,0.804,0.533,106.945,4
spotify:track:1waqS2zPI3Z1zTvJOa2hVC,"SCARING THE HOES","SCARING THE HOES","JPEGMAFIA;Danny Brown",2023-03-24,142825,47,true,,2025-05-08T08:09:59Z,"experimental hip hop,alternative hip hop,experimental","2023 PEGGY under exclusive license to AWAL Recordings America, Inc.",0.558,0.991,0,-1.471,1,0.109,0.242,0.00000547,0.378,0.656,133.196,4
spotify:track:6HFupVcDLZpjFuBaeePhAr,"Grown Up","Grown Up","Danny Brown",2012-06-05,139930,54,true,,2025-05-08T07:25:50Z,"experimental hip hop,alternative hip hop","Fool's Gold Records",0.635,0.766,11,-6.459,1,0.26,0.132,0,0.122,0.685,93.603,4
spotify:track:0mpTtYiDqkcOjNZqJLmjsO,"Grnfthr","Grnfthr","Spark Master Tape",2020-08-24,140963,54,true,,2025-05-08T07:19:05Z,"","PAPER PLATOON LLC",0.774,0.665,0,-6.609,1,0.236,0.151,0.0000544,0.468,0.753,83.083,4
spotify:track:2HRYa6iG1M5DRefO8pK2I3,"Reagan","R.A.P. Music","Killer Mike",2012-05-15,249973,40,true,,2023-11-18T05:39:36Z,"southern hip hop,alternative hip hop","Williams Street Records",0.331,0.659,7,-10.64,1,0.0795,0.00352,0.0000273,0.082,0.177,83.687,4
spotify:track:2HKeiMXmaLch4WKPUy269Z,"ANIMAL","ANIMAL","richi",2021-10-26,170768,0,false,,2022-01-10T04:27:40Z,"","Mucha Sabrosura Records",0.577,0.879,11,-4.656,0,0.0651,0.118,0.0000459,0.0446,0.523,128.049,4
spotify:track:4b2HVFToGFsTlpAAOw4X5M,"Special Type Different","Special Type Different","Spark Master Tape",2016-10-18,229248,36,true,,2020-10-03T18:03:12Z,"","PAPER PLATOON LLC",0.918,0.591,1,-6.855,1,0.304,0.0606,0.0383,0.361,0.753,141.965,4
spotify:track:51G9eY5a9zlJ2oTKxgEXob,"Disparate Youth","Disparate Youth","Santigold",2012-02-14,284924,45,false,,2020-10-03T16:37:29Z,"","Atlantic Records",0.633,0.926,1,-4.056,1,0.0404,0.0124,0.689,0.156,0.515,152.032,4
spotify:track:5ab6WsStT9zSlNZ9CSArje,"Don't Let Her Pull You Down","Not Without A Fight","New Found Glory",2009-03-10,208266,33,false,,2020-09-26T06:09:59Z,"pop punk,punk,emo","Epitaph",0.472,0.988,4,-3.007,1,0.111,0.00521,0.0000144,0.336,0.483,96.028,4
spotify:track:4BzQ6puuIa7UzcY0LpJQUP,"Heartless At Best","Not Without A Fight","New Found Glory",2009-03-10,223920,19,false,,2020-09-26T06:09:45Z,"pop punk,punk,emo","Epitaph",0.407,0.958,2,-3.166,1,0.0686,0.000995,0.000409,0.555,0.521,163.004,4
spotify:track:6oNZ0WxqptE7V0qpjtyJ4a,"Falls","A Moment Apart","ODESZA;Sasha Alex Sloan",2017-09-08,232936,53,false,,2020-09-18T09:23:02Z,"chillwave,chillstep","Counter Records",0.391,0.696,6,-6.027,1,0.126,0.0394,0.000123,0.135,0.185,160.928,4
spotify:track:0vAXgfcS2hMaml2hAS1lgm,"No Fear Anymore","No Fear Anymore","Julian Calor;Ava Silver",2019-05-28,202285,39,false,,2020-03-20T06:51:57Z,"future bass,hardstyle","Monstercat",0.613,0.875,7,-4.71,0,0.0671,0.0329,0.00103,0.12,0.106,139.935,4
spotify:track:24bnCCysWnbNRNUT4LpHcP,"Everything We Need","JESUS IS KING","Kanye West;Ty Dolla $ign;Ant Clemons",2019-10-25,116559,57,false,,2019-10-26T02:05:32Z,"rap,trap soul","Getting Out Our Dreams II / Def Jam Recordings",0.894,0.416,9,-6.823,0,0.0538,0.312,0,0.146,0.463,116.96,4
spotify:track:39JRmdKFka1Oe09FoOCPI4,"Selah","JESUS IS KING","Kanye West",2019-10-25,164619,59,false,,2019-10-26T02:04:16Z,"rap","Getting Out Our Dreams II / Def Jam Recordings",0.482,0.618,9,-5.673,0,0.197,0.647,0.000859,0.32,0.146,90.076,3
spotify:track:6tYxDbSlMbjir2tUrPUBia,"Divide & Conquer","Divide & Conquer","What So Not",2016-09-09,222369,24,false,,2019-10-19T04:04:51Z,"future bass","OWSLA",0.638,0.587,6,-6.266,1,0.0413,0.00465,0.909,0.157,0.323,145.036,4
spotify:track:5RXAjgHxIYSQiI1xNoql3n,"Chiron","Shades","Alix Perez;Eprom",2015-07-31,210001,0,false,,2019-10-12T08:40:28Z,"liquid funk,drum and bass,drumstep,jungle,dubstep,bass music,glitch","Alpha Pup Records",0.616,0.686,4,-8.824,0,0.0465,0.00375,0.421,0.413,0.435,80.009,4
spotify:track:4MQwHem3FIJlorBZNCV1wF,"POTS N PANS","WHAT UP CUZ","Cuz Lightyear;Killer Mike",2017-09-22,165333,0,true,,2019-09-25T04:37:38Z,"southern hip hop,alternative hip hop","Mass Appeal",0.802,0.717,2,-6.705,1,0.365,0.00186,0,0.222,0.406,161.954,4
spotify:track:3veZxobsSBiBQ6sCs3ooUn,"Tech $","Stay Woke","Zion I;Mikos Da Gawd",2016-07-15,209453,11,true,,2019-09-25T04:37:36Z,"hyphy,underground hip hop","Zion x Mikos",0.854,0.635,2,-6.654,1,0.232,0.0199,0.00000358,0.086,0.237,82.507,4
spotify:track:2zUTNBQxEuqCaheVuwu1zF,"Hearing Damage","Alarm / Hearing Damage","Gydra",2018-02-05,252104,0,false,,2019-09-21T01:38:11Z,"drum and bass","Trendkill Records",0.588,0.953,7,-2.645,1,0.0722,0.000223,0.89,0.191,0.0545,174.052,4
spotify:track:68YNFsyVO4woVI4o6qxmVH,"Dizzy","Dizzy","will crockford;Chloe Carroll",2019-02-22,193043,3,false,,2019-09-21T00:42:42Z,"future bass","Chroma Records",0.576,0.854,6,-4.719,0,0.109,0.0467,0.00000148,0.243,0.201,92.042,4
spotify:track:0I9tcuy5MfjZQyVrtJXUxy,"Limits","Fractals","Silkie",2015-07-24,358320,26,false,,2019-09-21T00:23:44Z,"dubstep,dub,bass music","Anarchostar",0.749,0.574,2,-6.536,0,0.0433,0.024,0.796,0.0856,0.202,139.996,4
spotify:track:7qQM7poU0j5KLhFVsoXTc4,"If You're Here","Hospital: We Are 18","LSB;Sophia Wardman",2014-01-27,401177,0,false,,2019-09-18T21:03:31Z,"liquid funk,drum and bass,jungle","Hospital Records",0.479,0.945,11,-2.117,1,0.0452,0.000966,0.787,0.111,0.259,174.004,4
spotify:track:67Q3hu2ZzghDTXO6QGJQD4,"9 to Ya Dome","Samurai","Eprom",2016-07-29,152924,0,false,,2019-09-18T04:39:08Z,"drumstep,bass music,glitch,dubstep","EPROM",0.579,0.641,1,-6.742,0,0.0395,0.00331,0.474,0.323,0.417,61.43,4
spotify:track:7EyukqKovuXEm0pfDxa8FY,"Boss Shit (feat. Bun B)","Future Trill Vol. 2","MiM0SA;Bun B",2014-08-12,188395,0,true,,2019-09-12T04:55:35Z,"glitch,drumstep,dubstep,southern hip hop","False Idol Muzik",0.74,0.855,7,-6.429,0,0.091,0.0102,0.0964,0.508,0.691,134.006,4
spotify:track:0xHajFt9da19XukzC2z1Sk,"Attak","Green Language","Rustie;Danny Brown",2014-08-25,181106,0,false,,2019-09-12T03:42:40Z,"future bass,experimental hip hop,alternative hip hop","Warp Records",0.384,0.853,2,-5.412,0,0.275,0.0358,0,0.51,0.749,136.813,4
spotify:track:3FtEM8swlh8qypyg5a2N7m,"Miss Behave","Skywalker","YULTRON",2013-09-24,186666,14,true,,2019-05-16T02:02:45Z,"","Transparent Agency",0.528,0.806,10,-4.063,0,0.196,0.00488,0.000647,0.862,0.495,89.466,4
spotify:track:1RloR3wP65PoSLcojmAwU0,"Kool Aid","Silicon Valley (Music From The HBO Original Series)","Danny Brown",2017-06-23,178799,0,true,,2019-03-21T03:57:39Z,"experimental hip hop,alternative hip hop","Mass Appeal",0.807,0.889,0,-3.117,0,0.325,0.414,0,0.374,0.798,140.013,4
spotify:track:2YVTiQPzCuWAXxJhNOqKJp,"To Be Honest","Lasqueeziana","Tre Pierre",2017-02-28,205637,0,false,,2019-03-20T03:31:17Z,"","Little Joe Records / Universal",0.453,0.653,4,-8.325,1,0.297,0.232,0,0.508,0.39,139.974,4
spotify:track:4g5qGplxXGkDD177E91KfG,"There Go the Man","Andretti 12/30","Curren$y;Corner Boy P",2016-12-30,259892,20,true,,2019-03-11T06:02:16Z,"southern hip hop","Jet Life Recordings",0.737,0.527,11,-8.466,1,0.0449,0.103,0,0.159,0.492,126.933,4
spotify:track:1CDlq04V1cR50XJaBtpciX,"Foundation","Just Like The Movies","KAMI",2017-05-05,280634,18,true,,2019-03-11T06:01:01Z,"","KAMI",0.527,0.818,1,-4.799,1,0.37,0.271,0,0.198,0.357,77.227,4
spotify:track:7zBQRGpYImAdIZc97FNj3V,"Shell Shocked (feat. Kill the Noise & Madsonik) - From ""Teenage Mutant Ninja Turtles""","Shell Shocked (feat. Kill the Noise & Madsonik) [From ""Teenage Mutant Ninja Turtles""]","Juicy J;Wiz Khalifa;Ty Dolla $ign;Kill The Noise;Madsonik",2014-07-22,206566,62,false,,2019-02-16T23:49:07Z,"crunk,rap,trap soul,dubstep,melodic bass","Atlantic Records",0.596,0.815,6,-5.668,0,0.0755,0.0111,0,0.174,0.459,165.015,4
spotify:track:4NAIQmjZHISqg5iEo760sk,"14400 Minutes","Vol. 1","Connor Gilbert",2015-08-21,141778,43,true,,2019-02-16T14:15:33Z,"","Connor Gilbert",0.925,0.593,6,-9.335,1,0.362,0.096,0,0.394,0.852,126.451,4
spotify:track:17EmozEE91ohSqwn2Fdc4w,"Wicked","Past Cloaks","Chester Watson",2016-01-21,197076,14,false,,2018-11-26T20:07:13Z,"","POW Recordings",0.364,0.924,0,-4.622,0,0.13,0.845,0.0000222,0.477,0.482,87.597,4
spotify:track:4q2CuAkFy9Gpvl91HipA8n,"Aura","Aura","Stro",2017-03-27,226874,0,true,,2018-11-20T00:32:18Z,"","GRADE A TRIBE RECORDS",0.829,0.705,7,-8.233,1,0.345,0.389,0,0.127,0.535,153.136,4
spotify:track:6JLcxyxsq3fpWK14WIlw8W,"Always Knew","Black Kid$","Bmacthequeen",2015-08-03,228923,34,true,,2018-11-20T00:14:15Z,"","UPSIDEDOWNCROWN LLC.",0.741,0.531,1,-8.849,0,0.162,0.148,0.0000595,0.137,0.397,129.969,4
spotify:track:1BIbmMh56vFd0lktWfbooJ,"Dead Man's Tetris","You're Dead!","Flying Lotus;Captain Murphy;Snoop Dogg",2014-10-06,145602,0,false,,2018-11-20T00:01:08Z,"idm,experimental hip hop,nu jazz,glitch,g-funk,west coast hip hop,gangster rap,hip hop,old school hip hop,rap","Warp Records",0.625,0.801,11,-4.11,0,0.0932,0.0149,0.00302,0.593,0.217,119.093,4
spotify:track:5NK50IvgbVlx7mydTfdnBX,"Lightwaves","Lightwaves","Macntaj",2016-06-04,241946,11,true,,2018-11-18T19:35:51Z,"","Indie",0.79,0.596,11,-6.459,1,0.095,0.124,0,0.0899,0.185,124.97,4
spotify:track:3sCTGjMtQp6UOjRq7igrug,"Jockbox","Weightless","The Skinny Boys",1986,273573,26,false,,2018-11-18T19:30:06Z,"","Warlock Records",0.773,0.908,11,-8.827,0,0.329,0.465,0.0000736,0.0886,0.587,94.484,4
spotify:track:0v6aKePyQsXEbvW8V3mxGv,"Flood Watch (feat. Offset)","Rubba Band Business","Juicy J;Offset",2017-12-08,224533,28,true,,2018-11-06T03:36:29Z,"crunk","Columbia",0.943,0.783,10,-4.649,1,0.105,0.446,0,0.0956,0.509,119.892,4
spotify:track:1FRFgyPNuqfXIRYlCJ1kwR,"Days to Come (feat. Fiora)","Days To Come EP","Seven Lions;Fiora",2012,284262,41,false,,2018-11-02T05:14:45Z,"melodic bass,future bass,edm,chillstep,dubstep,techno,progressive trance,drum and bass","OWSLA",0.467,0.723,0,-7.101,0,0.0536,0.117,0.00000349,0.186,0.207,139.995,4
spotify:track:2pwG1fhFogBEiub9vErZNu,"Airbag","Radiodread","Easy Star All-Stars;Horace Andy",2006-08-22,300733,23,false,,2018-10-26T17:17:02Z,"dub,reggae,rocksteady,roots reggae,lovers rock,ragga","Easy Star",0.532,0.867,2,-6.973,1,0.054,0.00616,0.000755,0.0919,0.874,170.375,4
spotify:track:4vT0xpUuMjCqua0gvrqwgS,"Riot Coming","New Moon","Elliott Smith",2007,223840,0,false,,2018-10-26T02:26:49Z,"singer-songwriter","Kill Rock Stars",0.579,0.22,7,-12.572,0,0.029,0.526,0.00000578,0.119,0.209,115.662,4
spotify:track:7ErXFRk72QUQQGv8W73Psy,"Grab Her Hand","What A Weird Day","Michael Christmas;Mac Miller",2015-10-23,272992,34,true,,2018-10-25T23:19:20Z,"","Michael Christmas",0.819,0.535,1,-6.368,1,0.202,0.325,0.0027,0.0966,0.838,126.946,4
spotify:track:2maEFaoAyNjQVv14Hm4esN,"HEAT","SATURATION","BROCKHAMPTON",2017-06-09,272378,43,true,,2018-10-24T08:15:47Z,"","QUESTION EVERYTHING, INC. / EMPIRE",0.691,0.74,8,-5.884,1,0.298,0.0887,0,0.149,0.41,78.025,4
spotify:track:6GUtUtWqaszlj5QeF8lMss,"Nine","George Kush da Button: Don't Pass Trump the Blunt","Smoke DZA;A$AP Rocky",2016-05-31,228373,33,true,,2018-10-24T00:43:36Z,"rap","R.F.C. Music Group / iHipHop Distribution",0.575,0.835,11,-5.587,0,0.234,0.295,0,0.46,0.233,112.426,4
spotify:track:0TvXc4RSBEod9P4QuNysDQ,"Kkallabassass","Kkallabassass","Spark Master Tape",2016-09-05,172235,46,true,,2018-10-24T00:43:12Z,"","PAPER PLATOON LLC",0.84,0.725,9,-3.901,1,0.422,0.257,0.0858,0.201,0.776,169.992,4
spotify:track:06bUBaq3PKtjc6DvHN6uiX,"Run Away - Radio Edit","Run Away","Sunstroke Project;Olia Tira",2016-10-09,177539,0,false,,2018-10-16T14:36:17Z,"","Ragoza Music",0.66,0.931,3,-3.038,0,0.0764,0.0103,0,0.181,0.362,129.981,4
spotify:track:43dOwOq0mB4i6j4SpcSkqC,"Higher We Go - Intro","Culture II","Migos",2018-01-26,255849,44,true,,2018-10-07T13:59:55Z,"trap","Quality Control Music, LLC",0.824,0.547,8,-3.938,1,0.0859,0.0936,0,0.22,0.184,152.003,4
spotify:track:7sb2qiE0af4NggQPa5FkYY,"Little Weapon (feat. Bishop G & Nikki Jean)","Lupe Fiasco's The Cool","Lupe Fiasco;Bishop G;Nikki Jean",2007-01-01,245853,44,false,,2018-09-13T01:38:49Z,"","1st & 15th/Atlantic",0.723,0.808,11,-6.32,0,0.203,0.0746,0,0.196,0.336,109.958,4
spotify:track:7A3hABh4EIchz37dbFXTsE,"The Pre-Rolled","Ea$E Greatest Hits","Pat Ron;Ea$e",2017-02-18,319831,30,true,,2018-09-13T00:58:18Z,"","RAW DAWG RECORDS",0.543,0.624,6,-7.515,0,0.299,0.214,0,0.518,0.281,96.743,4
spotify:track:3KiEydhjn7yf58h9jBD5Sa,"U Mad","U Mad","VIC MENSA;Kanye West",2015-04-20,299800,47,true,,2018-09-08T19:39:00Z,"rap","Roc Nation / Def Jam / Vic Mensa",0.723,0.585,1,-6.496,1,0.0471,0.0121,0,0.325,0.485,134.071,4
spotify:track:3vV6IX7lbyQFmOyAuQpdav,"Off To The Races","Born To Die (Bonus Track Version)","Lana Del Rey",2012-01-30,299920,42,false,,2018-08-25T02:28:39Z,"","Polydor Records",0.4,0.722,4,-5.566,0,0.062,0.061,0.00171,0.4,0.136,160.065,4
spotify:track:3ToO9EBuxj9gOgA5ZWbzJU,"World In My Hands (feat. Smino & LEGIT)","Bucket List Project","Saba;Smino;Legit",2016-10-27,230625,0,true,,2018-07-28T23:54:57Z,"g-funk,west coast hip hop","Saba Pivot, LLC",0.816,0.691,1,-4.772,0,0.158,0.0495,0,0.083,0.403,136.057,4
spotify:track:3A2OHirUAlQp2x73BJlEDA,"Perfect Pint (feat. Kendrick Lamar, Gucci Mane & Rae Sremmurd)","Ransom 2","Mike WiLL Made-It;Kendrick Lamar;Gucci Mane;Rae Sremmurd",2017-03-24,240926,49,true,,2018-05-11T00:22:02Z,"hip hop,west coast hip hop,southern hip hop,rap,trap","Mike WiLL Made-It",0.741,0.562,4,-5.474,0,0.165,0.172,0,0.0751,0.292,180.068,4
spotify:track:5PWadFp7lvGiR47QoleXlt,"Dopamine Lit (Intro)","DROGAS Light","Lupe Fiasco",2017-02-10,169185,14,true,,2018-03-25T19:59:22Z,"","Sony Music Entertainment",0.912,0.646,0,-6.64,1,0.0991,0.0103,0,0.328,0.624,114.956,4
spotify:track:1VhZIKmNgAaYIWMOs1kljY,"Blindfolds (feat. Nation)","Self Portrait","K. Sparks;Nation",2013-07-02,234838,18,false,,2018-03-25T19:59:00Z,"jazz rap,lo-fi hip hop,underground hip hop,arena rock","K. Sparks",0.678,0.684,6,-7.703,0,0.187,0.0643,0,0.214,0.319,93.038,4
spotify:track:2yZRXfreQqe9K5mps47XtW,"High (Kris Bowers Remix) [feat. Vince Staples & BIA]","High (Kris Bowers Remix) [feat. Vince Staples & BIA]","Christian Rich;BIA;Vince Staples;Kris Bowers",2015-09-26,219428,0,false,,2018-03-25T19:56:41Z,"","Good Luck Chuck",0.58,0.518,6,-8.182,0,0.0359,0.418,0.00234,0.103,0.202,140.055,4
spotify:track:1N6SQT7G6RpDTgpTlaQFeZ,"Glock 40","Larry","Larry June",2016-06-17,267168,14,true,,2018-03-25T19:55:47Z,"","Warner Records",0.788,0.587,1,-7.925,1,0.059,0.00564,0,0.111,0.303,114.987,4
spotify:track:7j6OJzMIJL5JcFHyeSJZGV,"Mase in '97","Mase in '97","Carnage;Lil Yachty",2016-07-01,100008,47,true,,2018-03-18T15:45:22Z,"","Heavyweight Records",0.684,0.785,11,-3.903,1,0.274,0.308,0.0000269,0.15,0.486,143.84,4
spotify:track:3Z3ANEnfT5iSJrNFJFHLQO,"Babylon (feat. Denzel Curry)","Babylon (feat. Denzel Curry)","Ekali;Denzel Curry",2017-08-18,209538,32,false,,2018-03-06T06:59:25Z,"future bass","OWSLA/Big Beat/ATL",0.736,0.891,0,-4.342,1,0.0586,0.0374,0.00000368,0.347,0.0726,130.055,4
spotify:track:5gwYL2m4aXUbFobayNUkll,"Boy Red","Red Teenage Melody","Night Lovell",2016-06-14,221370,0,true,,2018-03-06T06:59:25Z,"emo rap,horrorcore,trap metal","Night Lovell",0.694,0.668,1,-2.409,1,0.0381,0.0405,0.346,0.217,0.138,120.002,4
spotify:track:0pMechXBXLrMwb1B9KZwqM,"Sauce","Sauce","Manwolves",2016-02-05,222722,0,true,,2018-03-06T06:59:24Z,"","Manwolves",0.423,0.722,2,-3.861,1,0.0513,0.211,0,0.262,0.556,137.869,4
spotify:track:1EiaIGTIQ2aH0NTxFSxv4U,"XXX","The Way I'm Living Makes My Mom Nervous","WELL$",2016-10-21,214014,0,true,,2018-02-22T02:01:12Z,"","Immaculate Taste",0.751,0.64,2,-9.721,1,0.225,0.114,0,0.0955,0.252,119.98,4
spotify:track:7LypTUiNZuqoNT1Lqt9tUU,"Ice-Hot","Mirror, Mirror","Black Zheep Dz",2015-08-16,165668,0,false,,2018-02-08T06:04:53Z,"","Black Zheep DZ",0.894,0.715,0,-9.677,0,0.289,0.366,0.00000756,0.0714,0.824,119.993,4
spotify:track:38Wlsqh3fJlPbmGBjoFkNe,"Amanda Bynes","Amanda Bynes","Kidd Upstairs;XO",2013-05-09,278011,30,true,,2018-02-04T13:15:55Z,"","Kidd Upstairs",0.805,0.478,10,-10.194,0,0.0623,0.000754,0.00000324,0.0821,0.57,134.026,4
spotify:track:7l2ebahPf8PdpfKGeB0y40,"Samson","Honest Cowboy","Stalley",2013-09-17,203177,17,true,,2018-01-24T04:33:15Z,"","MMG/Atlantic",0.57,0.731,10,-5.392,0,0.289,0.384,0,0.106,0.421,83.648,4
spotify:track:08YbxAbtANuHV2SdOgamWE,"Logos (Shanghai)","Torch","Two Fresh",2015-10-27,211764,2,false,,2018-01-04T02:15:52Z,"edm trap","Mad Decent",0.698,0.625,3,-7.279,0,0.0452,0.0303,0.268,0.142,0.414,136.014,4
spotify:track:6DQ8XsEJbEmOxv1Fnd1gSi,"SOUTHSIDE SUICIDE (w/ GIN$ENG & SPARKS)","SOUTHSIDE SUICIDE (w/ GIN$ENG & SPARKS)","zaya;Ginseng;Sparks",2016-05-02,183289,0,true,,2018-01-02T03:19:58Z,"witch house","ZAYA",0.675,0.742,1,-6.558,1,0.0631,0.0196,0.879,0.148,0.305,110.002,4
spotify:track:6Hr77eZSmaVGgH0vVulMUH,"Bounce","3001: A Laced Odyssey","Flatbush Zombies",2016-03-11,241520,50,true,,2017-12-30T07:21:12Z,"","Glorious Dead Recordings",0.628,0.618,5,-8.4,0,0.313,0.0113,0,0.109,0.362,110.007,4
spotify:track:6YVbCxw3Yqyj4dRomrXPhl,"Rubber Band Man (feat. Cam'ron)","Still Striving","A$AP Ferg;Cam'ron",2017-08-18,205746,43,true,,2017-12-30T07:21:10Z,"rap,east coast hip hop","RCA Records Label",0.652,0.905,1,-4.113,1,0.11,0.119,0.00346,0.109,0.265,156.051,4
spotify:track:6xZPFiIa4gnXrtR1bdU9r3,"New Ish (feat. Akt Aktion)","New Ish (feat. Akt Aktion)","Odd Squad Family;Akt Aktion",2016-12-28,229466,11,true,,2017-12-30T07:21:06Z,"","Odd Squad Family",0.833,0.749,1,-5.221,1,0.0804,0.034,0,0.103,0.0783,119.914,4
spotify:track:5ch9iHwJbbf2VPP5eEc700,"Blowin'","Blowin'","CJ Flemings",2016-09-23,165434,12,true,,2017-12-05T07:46:50Z,"","CJ Flemings",0.83,0.601,0,-8.876,0,0.221,0.0702,0,0.111,0.516,73.995,4
spotify:track:1UHZXqZKUyBJRQzkgJZGQ0,"Pump It","Pump It","Tropkillaz",2015-10-30,234485,10,false,,2017-11-15T04:37:29Z,"brazilian funk,brazilian pop","Elemess",0.764,0.822,4,-6.003,1,0.0524,0.00174,0.643,0.0698,0.828,110.004,4
spotify:track:5KqdkuWE9AkTtoAiPpdD0E,"ART IS DEAD","Words Words Words","Bo Burnham",2010-10-19,152893,0,true,,2017-11-13T04:02:34Z,"comedy","Comedy Central",0.543,0.623,4,-6.178,1,0.0504,0.86,0,0.931,0.663,84.972,4
spotify:track:1rSbZPqOPRRmamAocxwgEI,"Pace","Pace","LOUDPVCK;QUIX",2017-07-07,155142,7,false,,2017-10-27T07:48:09Z,"edm trap,future bass,dubstep","LOUDPVCK",0.539,0.957,8,-5.687,1,0.485,0.153,0.0112,0.11,0.348,139.669,4
spotify:track:0CA2IkdKCAj1wTRBlGONt5,"Time (feat. CoMa)","Two Fold Pt.1","Haywyre;CoMa",2014-03-31,331308,0,false,,2017-10-27T07:48:06Z,"future bass","Monstercat",0.786,0.869,0,-5.288,1,0.115,0.071,0.194,0.145,0.221,125.004,4
spotify:track:1FO65J7E1D1NdTMHyIR9Rx,"EON BREAK","EON BREAK","Virtual Self",2017-10-27,220097,0,false,,2017-10-27T07:48:03Z,"","Virtual Self",0.321,0.888,9,-6.225,0,0.0526,0.000065,0.00169,0.0821,0.126,178.864,4
spotify:track:3aU7kxMKvk3NRiKevlDjan,"Dragonlands","Dragonlands","Sakuraburst",2016-12-18,220865,5,false,,2017-10-27T07:48:02Z,"","643180 Records DK",0.736,0.963,5,-3.086,0,0.128,0.0891,0.695,0.527,0.131,99.985,4
spotify:track:1TxF1kIpsYfikJkQ0LW8et,"Forest of the Spirits","Blood Orange EP","Sakuraburst",2016-12-18,227134,15,false,,2017-10-27T07:48:01Z,"","643180 Records DK",0.578,0.805,8,-6.339,1,0.0726,0.144,0.103,0.405,0.103,93.005,4
spotify:track:4vFGEK0hVQol5UvW70esrr,"Cherry Blossoms Explode Across the Dying Horizon","Deconstructing Nature","Sakuraburst",2016-12-18,448940,18,false,,2017-10-27T07:48:00Z,"","643180 Records DK",0.556,0.724,9,-5.761,0,0.102,0.0649,0.379,0.426,0.117,155.993,4
spotify:track:0ghfUnJYHNM4IVO8FSS5ht,"Chasing Rabbits (feat. Merkules)","Music for the Visually Impaired","Eazy Mac;Merkules",2016-09-05,184087,0,true,,2017-10-27T07:47:57Z,"","Eazy Mac",0.628,0.479,0,-9.2,1,0.142,0.262,0.00465,0.358,0.101,79.932,4
spotify:track:5HtziFfFGxXpugCqZaAHoY,"Both Eyes Closed (feat. 2 Chainz and Young Dolph)","Droptopwop","Gucci Mane;2 Chainz;Young Dolph",2017-05-26,260009,55,true,,2017-10-27T07:47:56Z,"southern hip hop,rap,trap","Guwop Enterprises/Atlantic",0.704,0.558,1,-6.042,1,0.287,0.379,0.000111,0.407,0.414,163.964,4
spotify:track:7fKjt9lQRrbi7JaqfIsjIH,"The Mountain Will Fall","The Mountain Will Fall","DJ Shadow",2016-06-24,276597,0,false,,2017-10-17T16:56:37Z,"trip hop,downtempo","Mass Appeal Records",0.349,0.489,1,-7.36,1,0.0373,0.00045,0.765,0.701,0.0349,136.134,4
spotify:track:5c5XWCyiQOLrSCo6hRNYOK,"Part I","Kill The Noise and Mat Zo Present: Kill The Zo, Pt. I","Kill The Noise;Mat Zo",2017-08-11,312558,13,false,,2017-09-12T02:18:48Z,"dubstep,melodic bass,progressive house,trance,progressive trance,electro house","Mad Zoo",0.604,0.947,6,-4.15,1,0.117,0.00102,0.496,0.111,0.0855,171.989,4
spotify:track:1KVQsZPeztZ7GnpVfqAnFX,"Like That","Like That","Rytmeklubben",2017-02-03,196191,20,false,,2017-02-24T06:17:57Z,"norwegian pop","Columbia",0.461,0.458,8,-8.417,1,0.072,0.0346,0.000012,0.373,0.193,86.001,4
spotify:track:71jNsZTA4sitwaPfhYeTpJ,"I Think She Like Me","I Think She Like Me","Rick Ross;Ty Dolla $ign",2017,241261,0,true,,2017-02-12T04:38:15Z,"southern hip hop,trap soul","Epic",0.437,0.706,11,-6.239,0,0.341,0.00781,0,0.205,0.158,172.563,4
spotify:track:7KOlJ92bu51cltsD9KU5I7,"T-Shirt","Culture","Migos",2017-04-07,242407,1,true,,2017-01-29T02:07:13Z,"trap","Quality Control Music",0.865,0.687,10,-3.744,0,0.217,0.242,0,0.158,0.486,139.023,4
spotify:track:4AlrLQ2RMxOwz1gTTkb4vQ,"Deadz (feat. 2 Chainz)","Culture","Migos;2 Chainz",2017-04-07,274096,0,true,,2017-01-29T02:07:04Z,"trap,rap,southern hip hop","Quality Control Music",0.862,0.785,8,-3.571,1,0.233,0.162,0,0.129,0.373,123.011,4
spotify:track:1EJSssTw71rfnk7hJ9OfcJ,"Tranquillo (feat. Rick Ross and Big K.R.I.T.)","Tranquillo (feat. Rick Ross and Big K.R.I.T.)","Lupe Fiasco;Rick Ross;Big K.R.I.T.",2017-01-27,310259,0,false,,2017-01-29T02:06:39Z,"southern hip hop","1st and 15th Productions, Inc.",0.793,0.865,11,-5.15,0,0.212,0.091,0,0.272,0.555,129.998,4
spotify:track:7mjJ4gOLoTwf5eIvy6R0VO,"Waves","The Life Of Pablo","Kanye West",2016-04-04,181573,0,true,,2017-01-29T02:00:00Z,"rap","Universal Music Group",0.559,0.577,10,-4.505,1,0.0389,0.0441,0.00001,0.331,0.0722,96.052,4
spotify:track:7C8PNX6VQPDtUkVpRyXV8B,"Goblin","Goblin","Tyler, The Creator",2011-05-09,408520,0,true,,2017-01-29T01:51:42Z,"","XL Recordings",0.456,0.528,5,-12.651,0,0.828,0.536,0,0.219,0.446,78.237,4
spotify:track:6c0GmyBsE7mQtrVvxJaWc3,"Throw It In The Bag","Loso's Way","Fabolous;The-Dream",2009-01-01,231573,59,true,,2017-01-19T08:34:18Z,"r&b","Fabolous / Desert Storm",0.789,0.551,11,-7.423,0,0.0464,0.174,0,0.0613,0.699,172.04,4
