Direction,Date,Message
Received,"2025-10-06 21:43:18","I apologize for being rude to you earlier. That wasn’t alright. Have a good night. "
Sent,"2025-10-06 21:47:24","shut up you weren’t being unreasonable"
Sent,"2025-10-06 21:47:45","Also there’s an actual jumping spider down here so… I have to go"
Sent,"2025-10-06 21:47:58","(Kill myself)"
Received,"2025-10-06 21:48:54","Uh please don’t "
Received,"2025-10-06 21:49:08","Be careful. You can do it "
Sent,"2025-10-06 21:49:28",No
Received,"2025-10-06 21:49:31","Use the vacuum "
Sent,"2025-10-06 21:49:50","Did you READ WHAAT I SAI D JIMPING"
Sent,"2025-10-06 21:49:54","NO WALKING "
Received,"2025-10-06 21:49:55","Yes I read "
Received,"2025-10-06 21:50:03","I dont know im sorry "
Sent,"2025-10-06 21:50:06","LIKE A LITTLE GYMNAST"
Received,"2025-10-06 21:50:17","Ask your mom for help "
Sent,"2025-10-06 21:50:18","SPRING LOADED"
Received,"2025-10-06 21:50:27","lol acrobat "
Sent,"2025-10-06 21:50:41","What god would create such an a tragic thin"
Received,"2025-10-06 21:51:10","Good question. Just don’t smash it. Try to suck it up and flush it or throw it outside "
Received,"2025-10-06 21:51:31","Empty the canister first so you can see if you suck it up "
Sent,"2025-10-06 21:52:27","This thing is vacuum proof"
Sent,"2025-10-06 21:52:32","I have to throw something "
Sent,"2025-10-06 21:52:42","(Well more stuff)"
Received,"2025-10-06 21:52:49","Don’t smash it Dan "
Received,"2025-10-06 21:53:03","It could have eggs and release them "
Sent,"2025-10-06 21:54:29","i will eat them I am fucking OVER these dickweeds"
Received,"2025-10-06 21:55:19","Oh um okay "
Sent,"2025-10-06 21:55:23","it’s like grand central fucking station "
Sent,"2025-10-06 21:55:27","They’re everywhere"
Received,"2025-10-06 21:55:32","Im sorry "
Received,"2025-10-06 21:56:48","I had two in my room this afternoon I couldn’t reach"
Sent,"2025-10-07 03:28:20","Uh oh - the fantano review of the taylor swift record i"
Sent,"2025-10-07 03:30:47",https://www.youtube.com/watch?v=sx4hnxRGQwU
Received,"2025-10-07 09:03:45","I personally am not that big of a fan of the album as a whole. I like a few songs. But I feel like it’s very Sabrina Carpenter like. which okay, she was on tour with her for the Eras Tours. They are friends. I dont know. I haven’t given the album much listening yet. A few songs I like."
Received,"2025-10-07 12:07:36","￼Isn’t she lovely "
Sent,"2025-10-07 12:16:41","You’re good for today?"
Received,"2025-10-07 12:28:17","Don’t have money. Unless I find a way to get enough to cover phone payment for Friday and get some extra money. I dont know."
Sent,"2025-10-07 12:35:18","Let me know. I’m going to be busy after 3 or 4 so if you need it after that i'll have to hav you drop the money in the mailboxor somethinge"
Received,"2025-10-07 12:36:54","Uh okay "
Sent,"2025-10-07 12:38:22","i’m just letting you know I won’t be able to get the money from you or will have to do so carefully if it’s after that"
Received,"2025-10-07 12:38:40","So someone’s coming over lol "
Received,"2025-10-07 12:39:07","It’s fine. I’ll let you know if I can get money "
Sent,"2025-10-07 12:40:45","Obviously yes"
Sent,"2025-10-07 12:40:50","And that’s fine"
Received,"2025-10-07 12:49:48",Ok
Sent,"2025-10-07 12:51:12","I’ll have xanax for you"
Received,"2025-10-07 12:54:13","I have a large nug of weed and hash from a old mountain man lol "
Received,"2025-10-07 12:54:47","I’ll give you the hash bc I don’t want it. And I’ll give you some of the weed. "
Received,"2025-10-07 13:11:35","I’ll be getting some money later. Not sure when but later "
Received,"2025-10-07 14:43:09","Just left home "
Received,"2025-10-07 14:55:48","On my  way "
Received,"2025-10-07 14:59:57","Here. "
Received,"2025-10-07 15:19:32","Do you think it’ll be long "
Sent,"2025-10-07 15:43:54",Ready
Sent,"2025-10-07 15:44:03","Can you come grab it now before she gets here"
Received,"2025-10-07 15:44:39","lol "
Received,"2025-10-07 15:44:42","I wanna know who. "
Received,"2025-10-07 15:44:55","Yeah I will. Forgot to give you the weed too "
Sent,"2025-10-07 15:45:14","You don’t know"
Received,"2025-10-07 15:45:47","I want to know "
Sent,"2025-10-07 15:46:57","I went back to my old rule I only fuck with Greene county girls from the other side of the bridge "
Sent,"2025-10-07 15:47:03","There’s something in the water over there"
Received,"2025-10-07 15:47:15","Oh cute "
Sent,"2025-10-07 15:47:17","(Probably from the power plant)"
Received,"2025-10-07 15:47:20","🤮"
Received,"2025-10-07 15:47:35","Probably 17 too "
Sent,"2025-10-07 15:49:04","How long"
Received,"2025-10-07 15:49:11","Getting in the car. "
Sent,"2025-10-07 15:49:38","Nah my age. Well, close."
Sent,"2025-10-07 15:49:56",1990
Received,"2025-10-07 15:49:56","Just tell me "
Received,"2025-10-07 15:50:13","Wow shocking "
Received,"2025-10-07 15:53:44","Can I come make one or not"
Sent,"2025-10-07 15:54:39","No time"
Received,"2025-10-07 15:54:54","I’m here"
Received,"2025-10-07 15:55:01","Been sitting here"
Received,"2025-10-08 12:20:02","Trying to get money together "
Received,"2025-10-08 12:43:03","I got fifty "
Sent,"2025-10-08 12:43:05","Try to be quick. It’s pool da"
Received,"2025-10-08 12:43:28","Fifty "
Sent,"2025-10-08 12:45:30",When
Received,"2025-10-08 12:45:51","I gotta go to the bank "
Received,"2025-10-08 12:46:04","Currently on the toilet "
Received,"2025-10-08 12:47:03","Give me a second "
Received,"2025-10-08 13:03:55","Actually 60 "
Received,"2025-10-08 13:07:33","About to to leave "
Sent,"2025-10-08 13:15:19",ok
Received,"2025-10-08 13:19:29","Just left atm"
Received,"2025-10-08 13:21:53","Do you want a drink "
Sent,"2025-10-08 13:26:37","sure hurry"
Received,"2025-10-08 13:26:57","On my way "
Received,"2025-10-08 14:07:10","Did you hear back yet "
Sent,"2025-10-08 15:23:42","I heard back but haven’t seen him yet"
Received,"2025-10-08 15:24:41","Why not "
Sent,"2025-10-08 15:55:51","Also I might need to borrow that keyboard from you even if he wants it back"
Sent,"2025-10-08 15:56:01","My laptop is almost cooked for good"
Received,"2025-10-08 15:56:06","You can have it "
Received,"2025-10-08 15:56:12","That’s why I offered "
Received,"2025-10-08 15:56:25","I’ll bring it "
Sent,"2025-10-08 15:56:33","Okay bring it when you come I’m gonna find out now how long and I’ll let you know "
Received,"2025-10-08 15:56:41","Hopefully soon "
Received,"2025-10-08 15:56:45","Can’t I just come over.. "
Received,"2025-10-08 15:56:51","Please "
Sent,"2025-10-08 15:57:11","Yeah it’s fine "
Received,"2025-10-08 15:57:17","Ok thank you "
Received,"2025-10-08 15:57:21","I need out of the house "
Received,"2025-10-08 15:57:24","I’m going insane "
Sent,"2025-10-08 15:57:30","I had to put an end to this nonsense so you're allowed downstairs again"
Received,"2025-10-08 15:57:37",?
Sent,"2025-10-08 15:57:47","you’ll see"
Received,"2025-10-08 15:57:54","I’m scared "
Received,"2025-10-08 15:58:00","Be over soon "
Sent,"2025-10-08 15:58:13","i had 3 cameras set up"
Sent,"2025-10-08 15:58:24","And that wasn’t enough"
Sent,"2025-10-08 15:58:38","It was the exact opposite of your position on jealousy"
Sent,"2025-10-08 15:59:22","From not caring even a little bit to caring WAY too much"
Received,"2025-10-08 15:59:27",wtf????
Received,"2025-10-08 15:59:40","Uh that’s kinda psychotic"
Received,"2025-10-08 15:59:49","For what reason "
Sent,"2025-10-08 15:59:53","I told you I almost got knocked out for literally having a prescription bottle with your name on it "
Received,"2025-10-08 16:00:06","EXCUSE ME"
Sent,"2025-10-08 16:00:11","my google photos was the final straw "
Received,"2025-10-08 16:00:14","KNOCKED OUT"
Received,"2025-10-08 16:00:19","WHAT THEHELL"
Received,"2025-10-08 16:00:23","who the fuck "
Received,"2025-10-08 16:00:25","Tell me "
Sent,"2025-10-08 16:00:33","well…not really but it was a major problem "
Received,"2025-10-08 16:00:44","That’s actually insane "
Sent,"2025-10-08 16:01:26","Yeah but still I’d prefer that over someone who is making known how little they care about what you do "
Sent,"2025-10-08 16:01:30","Lmao "
Received,"2025-10-08 16:01:44",Stop
Sent,"2025-10-08 16:01:48","But yeah so idk whateve"
Sent,"2025-10-08 16:02:47","I need a sub so bad and I don’t evn have a way to get down there. I’m gonna have to rely on tom to come to "
Sent,"2025-10-08 16:03:12","There’s a lot of bullshit but yeah he’s supposed to be on h"
Sent,"2025-10-08 16:03:18","His way"
Received,"2025-10-08 16:04:39","Ok can you come out and help me on my way now "
Sent,"2025-10-08 16:04:44","Just come to the basement door"
Sent,"2025-10-08 16:04:51",?
Received,"2025-10-08 16:04:55","I need help"
Sent,"2025-10-08 16:04:56",ok
Received,"2025-10-08 16:05:10","I’m on crutches daniel "
Sent,"2025-10-08 22:05:59","I fucking hate this year so much lmao
why did you do this"
Received,"2025-10-08 22:06:42","🥺😞 "
Received,"2025-10-08 22:07:20","I’ve been feeling really guilty and shitty lately for how horrible I have been towards you and I am sorry "
Received,"2025-10-08 22:07:25","What happened now"
Received,"2025-10-09 10:22:01","I’ll have sixty for today."
Sent,"2025-10-09 10:32:15",Ok
Received,"2025-10-09 11:14:53","I’ll bring it over sometime after lunch "
Sent,"2025-10-09 11:37:14",ok
Sent,"2025-10-09 11:43:20","The sooner the bette"
Received,"2025-10-09 11:48:31","Ok I will try "
Received,"2025-10-09 12:02:50","Going in a min "
Sent,"2025-10-09 12:07:34",ok
Received,"2025-10-09 12:17:55","At atm "
Received,"2025-10-09 12:24:02","Here "
Sent,"2025-10-09 13:07:05","I should not give you the enjoyment to see this"
Sent,"2025-10-09 13:08:24","Actually I won’t but i"
Sent,"2025-10-09 13:08:33","i will describe it"
Sent,"2025-10-09 13:08:57","After things fell apart with that girl she called me “fake”"
Sent,"2025-10-09 13:09:00","And it"
Sent,"2025-10-09 13:09:11","Like there are SO MANY WAYS TO ATTACK ME"
Sent,"2025-10-09 13:09:30","You’re a failure. You’re in your moms basement. You’re broke. Your teeth are fucked. You’re a loser."
Sent,"2025-10-09 13:09:42","she chose the one single thing that was just objectively not true"
Sent,"2025-10-09 13:09:58","it was fucking awesome lmao"
Sent,"2025-10-09 13:10:21","It’s the one thing in this world that I am SURE I am not guilty of. "
Received,"2025-10-09 13:10:41","You are not fake "
Received,"2025-10-09 13:10:57","What’s her problem lol why did she want to have you on surveillance "
Received,"2025-10-09 13:11:23","Why would an old pill bottle cause hell lol"
Received,"2025-10-09 13:11:27","I don’t get it "
Sent,"2025-10-09 13:11:48","yeah me either. I mean it’s literal junior high brain"
Received,"2025-10-09 13:12:04","Weirdo. "
Sent,"2025-10-09 13:12:09","Obviously not very effective either"
Sent,"2025-10-09 13:12:18","Didn’t really prevent me from talking to you lmao"
Received,"2025-10-09 13:12:28","Cute "
Received,"2025-10-09 13:12:39","I don’t need to have surgery thankfully "
Sent,"2025-10-09 13:12:54","The sub thing was her fault"
Sent,"2025-10-09 13:13:13","She was supposed to bring me one on Monday - blew me off
same thing Tuesday - blew me off

Never gave me any heads up or anything"
Sent,"2025-10-09 13:13:22","So by the time I like really needed one I was totally fucked"
Received,"2025-10-09 13:13:26","Well that’s what you get for messing around with a girl who has subs, Xanax and whatever else "
Received,"2025-10-09 13:13:47","What would you expect "
Sent,"2025-10-09 13:15:30","The funniest part - she’s actually california sober"
Sent,"2025-10-09 13:15:35","Prescribed xanax "
Sent,"2025-10-09 13:15:45","Just knows people who have subs because Greene county"
Sent,"2025-10-09 13:16:00","Wasn’t weird about me doing coke but had no interest whatsoever"
Received,"2025-10-09 13:16:03","lol yeah whatever "
Sent,"2025-10-09 13:16:10","Swear to god"
Received,"2025-10-09 13:16:14","That’s fine "
Received,"2025-10-09 13:16:21","she’s still bat shit crazy "
Sent,"2025-10-09 13:17:39","yes that is true"
Sent,"2025-10-09 13:18:04","another BPD maniac"
Sent,"2025-10-09 13:18:39","milo escaped yesterday"
Sent,"2025-10-09 13:18:46","Out the back screen door"
Sent,"2025-10-09 13:18:51","Someone brought him to the door"
Received,"2025-10-09 13:20:01",WHAT
Received,"2025-10-09 13:20:03","EXCUSE ME "
Received,"2025-10-09 13:20:18","Jesus CHRISTTTTTTT"
Received,"2025-10-09 13:20:33","this is what i meannnnn "
Received,"2025-10-09 13:20:55","When was this. How did they catch him?! Where was he "
Sent,"2025-10-09 13:53:27","I’ll tell you when I see you. he’s still in california but it won’t be too long"
Received,"2025-10-09 14:01:01","You gotta keep an eye on Milo "
Received,"2025-10-09 14:01:06","Trying to escape your madness "
Received,"2025-10-09 14:01:18","Poor guy was probably scared "
Received,"2025-10-09 15:46:22",Anything?
Sent,"2025-10-09 15:50:12",ready
Sent,"2025-10-09 15:50:25","but if you can't come now I can bring it to you. Showing at 4:30"
Received,"2025-10-09 15:56:36","I’ll be over in a min"
Received,"2025-10-09 15:56:38","Okay? "
Sent,"2025-10-09 15:56:43",ok
Received,"2025-10-09 15:59:28","Leaving lunch in a min "
Received,"2025-10-09 16:08:36","On my way "
Received,"2025-10-09 19:04:24","Did you need money for a sub "
Received,"2025-10-09 19:08:01",
Received,"2025-10-09 19:08:11",
Received,"2025-10-09 19:08:18","Oh come on what da heck "
Received,"2025-10-09 19:08:38","I can send you that if you need it. I have enough to get something tomorrow"
Received,"2025-10-09 19:09:57","Sent to your cashapp "
Received,"2025-10-09 19:11:32","Is the king baby okay "
Received,"2025-10-09 19:15:51",
Received,"2025-10-09 19:15:56","He’s copying me "
Received,"2025-10-09 19:16:08","He said I saw mommy have a bum leg "
Received,"2025-10-09 19:16:12","I wanna bum leg too "
Received,"2025-10-09 22:22:43",
Received,"2025-10-09 22:22:53",
Received,"2025-10-09 22:23:02","You don’t have to send it back "
Received,"2025-10-09 22:23:06","It’s fine really "
Received,"2025-10-09 22:23:22","Has he tried to walk on it at all? Or just laying down "
Sent,"2025-10-10 01:14:59","Tomorrow night? Stop over on your way home for a little bit?"
Received,"2025-10-10 01:31:11",
Received,"2025-10-10 01:31:43","Questioned “Tomorrow night? Stop over on your way home for a little bit?”"
Received,"2025-10-10 01:32:00","Just woke up randomly i dont know if that was intended for me??"
Received,"2025-10-10 01:32:37","But I hope Milo is okay just keep an eye on it. going back to sleep my ankle is killing me "
Received,"2025-10-10 09:16:07",
Received,"2025-10-10 09:16:28",
Received,"2025-10-10 09:30:07","Good morning "
Received,"2025-10-10 09:30:27","How is Mimi doing? I will go to the bank in a little bit we can get a full one "
Sent,"2025-10-10 10:01:31","Not good ☹️"
Sent,"2025-10-10 10:02:04","Lets try to call by 1130"
Received,"2025-10-10 10:02:14",Call?
Sent,"2025-10-10 10:02:21",Bop
Received,"2025-10-10 10:02:24",Ohh
Received,"2025-10-10 10:02:26","Ok "
Received,"2025-10-10 10:02:43","I was going to get dressed in a little "
Received,"2025-10-10 10:02:51","And go to the bank "
Received,"2025-10-10 10:03:07","My ankle hurts so bad right now "
Received,"2025-10-10 10:44:51","Going to bank "
Sent,"2025-10-10 10:48:48",Ok
Received,"2025-10-10 10:49:26","Leaving pnc"
Sent,"2025-10-10 10:49:57","Can you grab cigs for me"
Received,"2025-10-10 10:50:17","Argh I guess "
Received,"2025-10-10 10:50:21","What kind "
Received,"2025-10-10 10:51:13","?? "
Sent,"2025-10-10 10:51:53","Crown  menthol"
Sent,"2025-10-10 10:51:59",Ty
Received,"2025-10-10 10:52:23","100’s?"
Received,"2025-10-10 10:52:28",Right)
Sent,"2025-10-10 10:53:09",plz
Received,"2025-10-10 10:58:30","On my way "
Received,"2025-10-10 12:19:42",
Received,"2025-10-10 12:19:54","🙄🙄🙄"
Received,"2025-10-10 12:20:04",
Received,"2025-10-10 12:20:08",
Received,"2025-10-10 12:20:12","Bum leg boy "
Received,"2025-10-10 12:20:26","Poor baby "
Received,"2025-10-10 12:20:38",
Received,"2025-10-10 12:20:44","Why you laughing then lol"
Received,"2025-10-10 12:21:02",
Received,"2025-10-10 12:21:07",
Received,"2025-10-10 12:21:16",
Received,"2025-10-10 12:21:19","You are laughing lol"
Received,"2025-10-10 13:12:20",
Received,"2025-10-10 13:12:34",
Received,"2025-10-10 13:12:51","Want some turkey breast I think we have some "
Received,"2025-10-10 13:13:40","Nvm we don’t 😕 I’m sorry "
Received,"2025-10-10 13:14:30",
Received,"2025-10-10 13:14:37","Let me look. Calm down "
Received,"2025-10-10 13:43:17",
Received,"2025-10-10 13:44:20",Still
Received,"2025-10-10 13:44:24","What da heck "
Received,"2025-10-10 13:52:37",
Received,"2025-10-10 13:52:47","Your mom showed me "
Received,"2025-10-10 13:52:51","I have turkey for you "
Received,"2025-10-10 13:52:57",
Received,"2025-10-10 13:53:10",
Received,"2025-10-10 13:53:32",
Received,"2025-10-10 13:53:40","No I already have it wrapped up for you "
Received,"2025-10-10 13:53:54","Why you sending voice memos lol "
Received,"2025-10-10 13:56:02",
Received,"2025-10-10 13:56:09","😵‍💫"
Received,"2025-10-10 13:56:32",
Received,"2025-10-10 13:56:38",
Received,"2025-10-10 13:56:44",
Received,"2025-10-10 14:07:50","Where da heck is heeeeee "
Received,"2025-10-10 14:07:56","He hasn’t answered at all?? "
Received,"2025-10-10 14:09:35",
Received,"2025-10-10 14:14:03",
Received,"2025-10-10 14:14:12",
Received,"2025-10-10 14:14:17","ENOUGH ABOUT THE DAMN TREES "
Sent,"2025-10-10 14:15:59","￼"
Received,"2025-10-10 14:16:37","Awe "
Received,"2025-10-10 14:16:42","Just help the boy "
Sent,"2025-10-10 14:17:33","￼"
Sent,"2025-10-10 14:17:51","￼"
Received,"2025-10-10 14:18:37","I’m going to bring you this turkey and you’re going to calm the heck down lol "
Received,"2025-10-10 14:19:08",
Received,"2025-10-10 14:19:09","No "
Received,"2025-10-10 14:37:46","Coming over "
Sent,"2025-10-10 14:38:56",Ok
Sent,"2025-10-10 14:42:33","When bitch"
Sent,"2025-10-10 14:42:47","I got a wait outside for your dumb ass and your broken ass ankle"
Received,"2025-10-10 14:42:49","On Saratoga "
Sent,"2025-10-10 19:59:21","If you want to stop by later to hang let me know. 🙃"
Received,"2025-10-11 00:48:09","I’m
Sorry "
Received,"2025-10-11 00:48:19","Don’t hate me "
Received,"2025-10-11 00:48:22","Please "
Received,"2025-10-11 00:49:14","I was at Ohio Pyle  and had zero cell service 🥺"
Sent,"2025-10-11 00:53:04","Ok its fine"
Received,"2025-10-11 00:53:21","☹️☹️☹️"
Received,"2025-10-11 00:53:34","* flounder face *"
Received,"2025-10-11 00:53:56",Tomorrow
Received,"2025-10-11 00:53:58","? "
Received,"2025-10-11 00:54:04","Rain check?"
Sent,"2025-10-11 01:00:51","Sure if you want"
Received,"2025-10-11 01:01:59","🙄🙄🙄"
Received,"2025-10-11 01:02:05","Turd brain "
Sent,"2025-10-11 01:05:18","Hey I tried 😑"
Received,"2025-10-11 01:06:53","I. DID. NOT. HAVE. SERVICE. "
Sent,"2025-10-11 01:10:23","￼Juuuuuust sayin"
Received,"2025-10-11 01:12:08","Bc where would I be coming home from?? I had zero plans for this evening let alone you be aware yesterday of where I would be in the future “oh my way home”"
Sent,"2025-10-11 01:13:43","Me = psychic"
Sent,"2025-10-11 01:13:52","Me = brat"
Sent,"2025-10-11 01:23:43","Its fine I’m kidding"
Sent,"2025-10-11 01:24:19","But don’t blow me off tomorrow asshole"
Sent,"2025-10-11 04:40:41","￼I knew this whole fucking thing was cursed"
Received,"2025-10-11 09:28:19","Omg lol"
Received,"2025-10-11 11:46:46",
Received,"2025-10-11 11:46:58",
Received,"2025-10-11 11:47:30","Umm I don’t have enough currently. Claire’s supposed to pay me back for hobby lobby. I’ll let you know "
Sent,"2025-10-11 12:04:11","￼"
Received,"2025-10-11 12:08:54","I do too care about the dog "
Received,"2025-10-11 12:10:44","I feel bad for Mimi "
Received,"2025-10-11 12:20:05",
Received,"2025-10-11 12:20:07","Oh ok "
Received,"2025-10-11 12:20:20","Well I don’t have 60 rn "
Received,"2025-10-11 12:21:02",
Received,"2025-10-11 12:21:20","I’ve had enough of the audio messages you’re killing me "
Received,"2025-10-11 12:22:11",
Received,"2025-10-11 12:22:19","😒"
Received,"2025-10-11 12:22:30",
Sent,"2025-10-11 12:23:09","￼"
Received,"2025-10-11 12:23:31",
Received,"2025-10-11 12:23:40","Jesus Christ daniel "
Received,"2025-10-11 12:24:12",
Received,"2025-10-11 13:14:04","Would I be able to send the money to your mom"
Received,"2025-10-11 13:14:12","I can’t get up right now "
Received,"2025-10-11 13:33:44",
Received,"2025-10-11 13:33:46","Thank you "
Received,"2025-10-11 14:37:56","Have you heard anything "
Sent,"2025-10-11 14:42:39","Not yet"
Received,"2025-10-11 14:44:28","😒🙄"
Received,"2025-10-11 15:28:12","Thank you "
Received,"2025-10-11 15:56:18",Weeellllll
Sent,"2025-10-11 15:57:24",?
Received,"2025-10-11 15:58:27","👹"
Received,"2025-10-11 16:16:40","Do we have any sort of eta"
Sent,"2025-10-11 16:29:02","No not yet"
Received,"2025-10-11 16:29:11","Bullshit "
Received,"2025-10-11 16:29:16","bull. Shit. "
Received,"2025-10-11 16:37:08",
Received,"2025-10-11 16:37:10","Ok "
Sent,"2025-10-11 17:05:59","You can come anytime"
Sent,"2025-10-11 17:13:48",Ok?
Received,"2025-10-11 17:49:30","Ok "
Received,"2025-10-11 17:50:03","I fell asleep "
Received,"2025-10-11 18:12:24","On my way "
Sent,"2025-10-11 20:19:12","Psh you’re not coming back. So much for ur raincheck"
Received,"2025-10-11 20:21:55","Dan I came back here and I fell asleep "
Received,"2025-10-11 20:22:12","￼Somehow the bruising is getting worse "
Sent,"2025-10-11 20:53:24","😑 that was my last try I won’t bother you again act that"
Received,"2025-10-11 21:54:35","Stop it "
Received,"2025-10-12 10:22:59","￼"
Received,"2025-10-12 11:23:11","I think I will be able to get sixty today"
Received,"2025-10-12 12:01:24","Omg "
Received,"2025-10-12 12:01:45","I’ll get dressed and go to the bank "
Received,"2025-10-12 12:03:02","Just remembered there’s a Steelers game at like 1:00? See if you can just text him"
Received,"2025-10-12 12:03:12","I’m getting g ready to leave "
Received,"2025-10-12 12:10:20","I cannot "
Received,"2025-10-12 12:12:42","Maybe "
Received,"2025-10-12 12:12:48","Pissing me off "
Sent,"2025-10-12 12:22:53",??
Received,"2025-10-12 12:23:47","ALL I WAS SAYING "
Received,"2025-10-12 12:23:52","Was text him now I’m on my way"
Received,"2025-10-12 12:24:10","Bc Steelers are playing early "
Received,"2025-10-12 12:24:14","Jeeze "
Sent,"2025-10-12 12:28:01","I am trying but u waited too long"
Received,"2025-10-12 12:28:40","Whatever. "
Received,"2025-10-12 12:28:44","I’m coming inside "
Sent,"2025-10-12 12:28:58",Ok
Received,"2025-10-12 15:25:43","Anything? "
Received,"2025-10-12 16:16:47","Blah blah "
Received,"2025-10-12 16:16:49","Thanks "
Received,"2025-10-12 16:42:32","How about how "
Received,"2025-10-12 16:42:34","Now "
Received,"2025-10-12 17:23:47","👹👹"
Received,"2025-10-12 17:24:50","Coming now?"
Received,"2025-10-12 17:25:01","Going to eat real quick then come "
Received,"2025-10-12 17:25:07","Then gotta do sugies pills "
Received,"2025-10-12 17:25:16","Do NOT open it. Please. "
Sent,"2025-10-12 17:38:34","rdy'"
Received,"2025-10-12 17:38:48","Ok hang on "
Received,"2025-10-12 17:42:55","Coming "
Received,"2025-10-12 21:14:00","￼Wands for Alice’s princess tea party "
Sent,"2025-10-13 07:32:15","I talked to booplast night to make sure you get extra today to make up for the last few"
Sent,"2025-10-13 07:32:38","Just please try to be ready before noon"
Sent,"2025-10-13 07:33:20","(It will help you out trust me )"
Received,"2025-10-13 08:20:32","I DO NOT HAVE MONEY "
Received,"2025-10-13 08:21:16","I’ll fucking try my best but fuck "
Sent,"2025-10-13 08:22:16","What? Its Monday?"
Sent,"2025-10-13 08:22:25",Wtf
Received,"2025-10-13 08:22:28","I HAVE HAD A BROKEN ANKLE "
Received,"2025-10-13 08:22:44","I HAVENT BEEN TAKING CARE OF SUGIE"
Received,"2025-10-13 08:23:40","I will try to get some money. "
Received,"2025-10-13 08:44:14","Plus. It’s fucking Columbus Day. Banks are closed even if I were able to get a check. I asked Claire to send me money that she owed me. That’ll get me close to 90. "
Received,"2025-10-13 08:44:14","I’m trying here Dan "
Received,"2025-10-13 11:42:55","Still waiting on Claire to send the money.. I guess I’ll try to ask my mom for some too. "
Received,"2025-10-13 11:57:07","My mom sent me some. Still waiting for Claire.. when she does I will have 125. "
Received,"2025-10-13 12:39:13","Sorry I’m still waiting. I don’t want to bug her bc she’s at work"
Received,"2025-10-13 12:51:00","I currently have 90"
Received,"2025-10-13 13:22:56","Can you call me "
Sent,"2025-10-13 13:37:09","How long"
Received,"2025-10-13 18:36:55","￼"
Sent,"2025-10-13 21:39:59","We just now calm down I swear to God"
Received,"2025-10-13 21:42:47","You’re kidding "
Received,"2025-10-13 21:44:02","It’s not delivering my texts to you?"
Received,"2025-10-13 21:55:25","Kept saying not delivered weird "
Sent,"2025-10-14 09:14:38","Get your order in early today"
Received,"2025-10-14 09:18:18","I have fifty "
Received,"2025-10-14 09:18:39","I’ll bring the money over before my appointment "
Sent,"2025-10-14 09:19:51","You can’t get 10 more? It will be so much smaller if you get 50 instead of 60"
Sent,"2025-10-14 09:20:48","Its up to you but it makes more sense for you if you can come up w 10 more idk"
Received,"2025-10-14 09:30:19","I’ll try "
Received,"2025-10-14 09:52:55","Not looking like I can get another ten "
Received,"2025-10-14 09:53:07","Also a filling came out of my tooth "
Sent,"2025-10-14 09:56:12","Alright well I tried to warn you"
Sent,"2025-10-14 09:56:30","When are you bringing it"
Received,"2025-10-14 09:56:55","I have no way of getting ten dollars Dan?!  What do you want me to do"
Received,"2025-10-14 09:57:34","I’ll bring it before my appointment. Leaving around 10:45"
Received,"2025-10-14 10:23:52","Let me see if my dad has cash when he gets home. He’s on his way "
Received,"2025-10-14 10:38:55","I have $60 going to atm"
Received,"2025-10-14 10:45:20","On my way over "
Received,"2025-10-14 10:49:27","Here "
Received,"2025-10-14 12:28:01","Has he answered "
Received,"2025-10-14 12:51:04","Keyboard out for delivery "
Sent,"2025-10-14 14:21:18","Still waiting \"
Sent,"2025-10-14 14:30:20","If you’re coming over get me a drink and candy  or else I lock the doors"
Sent,"2025-10-14 14:30:26",Kidding
Sent,"2025-10-14 14:30:35","But not rly"
Received,"2025-10-14 14:30:48","I don’t have money "
Received,"2025-10-14 14:30:57","I’ll bring you a Coke "
Sent,"2025-10-14 14:31:18","Ill let u know when I’m ready"
Sent,"2025-10-14 14:31:33","I don’t want that lol"
Received,"2025-10-14 14:31:43","Well sorry "
Received,"2025-10-14 14:31:56","Actually I do have a Red Bull in the car I got earlier "
Sent,"2025-10-14 14:32:17","… ill let u know"
Received,"2025-10-14 14:32:22","Ok "
Received,"2025-10-14 15:00:10","Can I come "
Sent,"2025-10-14 15:06:36","Not dry"
Sent,"2025-10-14 15:06:42",Ray
Received,"2025-10-14 15:06:51","I can’t come over??"
Received,"2025-10-14 15:08:20","I have Red Bull "
Sent,"2025-10-14 15:12:15","You don’t even hang out with me when you’re here?"
Received,"2025-10-14 15:13:26","Can I come over or not Dan. "
Received,"2025-10-14 15:26:41","Whatever I’m coming. "
Received,"2025-10-14 16:14:41","Delivered. "
Received,"2025-10-14 16:45:22","Did you get the keyboard?"
Sent,"2025-10-14 16:48:58","Yes I did thank you very much"
Received,"2025-10-14 16:49:07","Good. "
Sent,"2025-10-14 16:49:08","I’m still waiting, she said he is coming"
Received,"2025-10-14 16:49:22","When did she say that "
Sent,"2025-10-14 16:49:41","I don’t mean that he is necessarily ON THE WAY"
Sent,"2025-10-14 16:49:45","But he is coming I don"
Received,"2025-10-14 16:49:49","I’d like to be out the door before the kids come over"
Received,"2025-10-14 16:49:51",Ok
Sent,"2025-10-14 16:49:56","I don’t know I’ll let you know as soon as I hear something"
Received,"2025-10-14 16:50:03","Thank you "
Sent,"2025-10-14 17:01:48",Ready
Received,"2025-10-14 17:01:55","Thank you "
Sent,"2025-10-14 17:08:08","Thanks buddy I’ll let you know when I head out"
Received,"2025-10-14 17:08:32","Wrong text "
Received,"2025-10-14 17:08:43","lol "
Received,"2025-10-14 17:08:47","I just pulled into Heritage Hills"
Received,"2025-10-14 20:17:31","Did you drive out there and make  it back home "
Sent,"2025-10-14 20:25:09","I jsut got back from toms that was the most terrifying ride of my life"
Sent,"2025-10-14 20:25:18","She would not let me drive"
Received,"2025-10-14 20:29:25","Oh god "
Received,"2025-10-14 20:29:30","So she drove you?"
Sent,"2025-10-14 21:26:59","Yes and I told literally no-one before I left that I had $0 for the sub"
Sent,"2025-10-14 21:27:57","I decided to roll the dice and hoped for the best"
Received,"2025-10-14 21:28:01","Daniel "
Received,"2025-10-14 21:28:09","Lord Jesus "
Sent,"2025-10-14 21:28:13","But after we left I was most worried about her getting pulled over"
Received,"2025-10-14 21:28:15","How did that turn out "
Sent,"2025-10-14 21:28:23","She’s been drinking tequila because it’s cheaper"
Received,"2025-10-14 21:28:28","Argh "
Sent,"2025-10-14 21:28:30","Hence the daily meltdowns"
Received,"2025-10-14 21:28:37","And her license is also expired "
Sent,"2025-10-14 21:28:45","And no inspection"
Sent,"2025-10-14 21:28:49","And no insurance"
Received,"2025-10-14 21:29:00",Omg
Received,"2025-10-14 21:29:14","But you’re back correct "
Received,"2025-10-14 21:29:35","And all is In one piece "
Sent,"2025-10-15 01:55:19","I’m sorry for being mean to you earlier"
Received,"2025-10-15 11:13:31","Will try to get a check this afternoon from Sugie. Not positive tho."
Received,"2025-10-15 11:13:43","My appt got changed to 11:30 so I am going to the dentist now"
Sent,"2025-10-15 12:01:05","Remember it’s pool; day"
Sent,"2025-10-15 12:01:32","So try to do it as early as possible. I understand you are working under constraints, I’"
Sent,"2025-10-15 12:01:37","I’m just saying"
Received,"2025-10-15 12:07:01","I know "
Received,"2025-10-15 12:08:32","I will try my best Dan "
Received,"2025-10-15 12:21:16","I feel like I should probably just wait until tomorrow to get anything"
Received,"2025-10-15 12:21:23","I feel like crap "
Received,"2025-10-15 12:21:32","I dont know I’ll see how I feel in a little bit "
Sent,"2025-10-15 12:21:36","😟"
Received,"2025-10-15 12:21:40","What "
Sent,"2025-10-15 12:21:43","I told him"
Received,"2025-10-15 12:21:46",Fuck
Sent,"2025-10-15 12:21:47","I was going to get something"
Received,"2025-10-15 12:21:50","Alright "
Received,"2025-10-15 12:21:59","Guess I’ll go over there "
Sent,"2025-10-15 12:22:09",please
Received,"2025-10-15 12:23:01","Alright Dan "
Received,"2025-10-15 13:08:46","Writing check "
Received,"2025-10-15 13:10:00",60
Sent,"2025-10-15 13:10:39",Okay
Sent,"2025-10-15 13:10:56","I will tell him as soon as you make it to the bank"
Received,"2025-10-15 13:13:33","Ok it let me mobile deposit "
Received,"2025-10-15 13:13:38","So just gotta go to atm "
Received,"2025-10-15 13:21:36","Going to atm"
Sent,"2025-10-15 13:22:31","Alright I text him"
Received,"2025-10-15 13:23:19","Thanks "
Received,"2025-10-15 13:23:39","Can you come outside when I get there"
Received,"2025-10-15 13:26:51","On my way to you "
Received,"2025-10-15 13:31:10","I’m here "
Sent,"2025-10-15 14:10:47","He answered but it might be a lil bti"
Received,"2025-10-15 14:11:01","Why 👹"
Received,"2025-10-15 15:31:45","Anything "
Sent,"2025-10-15 16:27:36","Hes here now"
Received,"2025-10-15 16:27:46","Ok "
Received,"2025-10-15 16:34:00","Can I come "
Sent,"2025-10-15 16:34:12",yes
Received,"2025-10-15 16:36:40","Coming "
Received,"2025-10-15 17:02:04","Tell me what kind of chips and stuff you want please "
Received,"2025-10-15 17:25:51","Going now "
Received,"2025-10-15 17:48:58","Please come outside and help me. I’m on my way."
Sent,"2025-10-16 11:51:57","Are you good today"
Received,"2025-10-16 11:52:13","For now. "
Received,"2025-10-16 11:52:20","I’ll let you know if I get money "
Sent,"2025-10-16 13:34:59","If you think that you are going to want something try to give me aheads up"
Received,"2025-10-16 13:35:36","I am going to try Dan "
Sent,"2025-10-16 13:38:40","Its fine you don’t have to get anything I’m just saying to give me a heads up so I can have her hold off on seeing him"
Sent,"2025-10-16 13:38:59","She is going to try to get something this afternoon so I just wanted you to give me a heads up that’s all"
Received,"2025-10-16 13:39:24","I understand "
Received,"2025-10-16 13:39:40","I am trying to get money I will let you know asap "
Sent,"2025-10-16 14:11:23","Thank you"
Received,"2025-10-16 14:22:18",https://www.instagram.com/reel/DP4NqIWEckL/?igsh=MWZqb3YybTh4aXA3eA==
Received,"2025-10-16 14:27:42","I have $30.."
Received,"2025-10-16 14:27:46","That’s it "
Sent,"2025-10-16 14:28:04","Bring it over"
Received,"2025-10-16 14:28:36","Ok "
Sent,"2025-10-16 14:29:04","Quick like bunny"
Received,"2025-10-16 14:30:04","Can’t even hit marathon?"
Sent,"2025-10-16 14:30:18","If you’re getting me something"
Received,"2025-10-16 14:30:50","Duh "
Received,"2025-10-16 14:39:30","Just left home"
Sent,"2025-10-16 14:54:27","How long"
Received,"2025-10-16 14:54:32","Almost there "
Received,"2025-10-16 14:54:42","Come help Eggie "
Received,"2025-10-16 14:54:50","She got bum leg "
Received,"2025-10-16 15:54:46","Any answer?"
Sent,"2025-10-16 16:17:43","Not yet I’ll let yo know"
Received,"2025-10-16 16:17:52",Ugh
Received,"2025-10-16 16:30:46","This isBULLSHIT "
Received,"2025-10-16 16:31:00","fucking smooches BABY "
Sent,"2025-10-16 17:06:18","You gotta be patient he’s not gonna fly over here for $30"
Sent,"2025-10-16 17:06:28","And also you have NOONE BUT YOURSELF to blame for the second thing"
Sent,"2025-10-16 17:06:51","I was quite content in a relationship with you and you decided to blow it up"
Received,"2025-10-16 17:06:53","You said your mom was getting something too"
Received,"2025-10-16 17:07:05","I’m joking around Dan… "
Sent,"2025-10-16 17:10:10","She is but she’s not paying anything so"
Received,"2025-10-16 17:10:18","Okay "
Received,"2025-10-16 17:40:43","He hasn’t even answered?"
Sent,"2025-10-16 17:41:04","Fucking stop"
Sent,"2025-10-16 17:41:06","I will tell you"
Sent,"2025-10-16 17:41:09","When it’s ready"
Received,"2025-10-16 17:41:11","Gosh "
Sent,"2025-10-16 17:53:12","Well wtf do you want me to do about it"
Received,"2025-10-16 17:53:26","It was a simple question Dan. "
Sent,"2025-10-16 17:53:41","He fucking answered hours ago"
Sent,"2025-10-16 17:53:46","I can’t make him come any faster"
Sent,"2025-10-16 17:53:47","I can"
Sent,"2025-10-16 17:53:52","I can’t even guarantee he comes tonight"
Sent,"2025-10-16 17:53:57","He is supposed toi"
Received,"2025-10-16 17:54:09","Got it. "
Sent,"2025-10-16 19:36:41","Hes coming now"
Received,"2025-10-16 19:36:57","Okay so can I start to get ready to come over "
Sent,"2025-10-16 19:38:39",Yes
Sent,"2025-10-16 19:41:41",ready
Received,"2025-10-16 19:42:43","Ok "
Sent,"2025-10-17 00:58:24","I don’t know if there’s any way to pull it off or not but IF (and it’s totally fine if you can’t) you are able to get a full one tomorrow let me know. I would be able to get something extra from him and that would get me a sub from tom. I’m going to assume that’s not something you’re going to be able to pull off but if you are please do"
Received,"2025-10-17 08:16:00"," I highly doubt I can get enough money together for a full one "
Received,"2025-10-17 08:30:11","I may have enough to get 60. "
Sent,"2025-10-17 10:51:42","Okay try to do that"
Sent,"2025-10-17 11:17:27","Do you know what time"
Received,"2025-10-17 11:27:18","After my blood work "
Sent,"2025-10-17 11:38:16",?
Received,"2025-10-17 11:42:29","I am going to get blood work "
Sent,"2025-10-17 11:45:37","I know I’m asking wha time you’re going to do that"
Received,"2025-10-17 11:53:49","Like twenty min "
Received,"2025-10-17 11:59:08","Getting ready to go there now "
Received,"2025-10-17 12:44:59","Well they are temporarily closed "
Received,"2025-10-17 12:45:06","Going to go to the atm now "
Received,"2025-10-17 12:45:13","Do you want something from kfc "
Sent,"2025-10-17 12:50:35",Yes
Sent,"2025-10-17 12:50:45","Tender meal or something"
Sent,"2025-10-17 12:50:49","chicky tendys"
Received,"2025-10-17 12:50:51","Ok pulling in there "
Received,"2025-10-17 12:50:53","Now "
Received,"2025-10-17 12:50:56",Sauce?
Sent,"2025-10-17 12:50:59",buffalo
Sent,"2025-10-17 12:51:01","AND NO MASHED"
Sent,"2025-10-17 12:51:03","I want the fries"
Received,"2025-10-17 12:51:05",Ok
Sent,"2025-10-17 12:51:06","The wedges"
Sent,"2025-10-17 12:51:07","Or something"
Sent,"2025-10-17 12:51:23","I’m not an invalid"
Sent,"2025-10-17 12:51:30","I don’t eat no mashed po-taytos"
Received,"2025-10-17 12:53:15","Okay "
Received,"2025-10-17 12:54:27","Going to atm next "
Received,"2025-10-17 12:54:37","Then come out and help me please "
Received,"2025-10-17 12:58:37","On my way over "
Received,"2025-10-17 14:15:37","👀👀"
Sent,"2025-10-17 14:51:11","He ain't answer yet though"
Received,"2025-10-17 15:14:11",Ok
Sent,"2025-10-17 15:21:33","￼"
Sent,"2025-10-17 15:21:33","I was so confused"
Received,"2025-10-17 15:22:43","Oh lord lol"
Received,"2025-10-17 15:23:15","Had me scared lol"
Sent,"2025-10-17 15:24:21","￼"
Received,"2025-10-17 15:25:48","Omg "
Received,"2025-10-17 15:26:16","The tequila has got to go "
Received,"2025-10-17 17:08:08","Any update"
Sent,"2025-10-17 17:33:49","He's coming soon send"
Received,"2025-10-17 17:34:04",Ok
Received,"2025-10-17 17:40:39","I guess tell me whenever he comes I’m going to trunk or treat at the kids school "
Sent,"2025-10-17 18:16:10","ready whenever"
Received,"2025-10-17 18:20:28","Okay I won’t be long I don’t wanna be here lol "
Received,"2025-10-17 18:36:23","Hopefully "
Sent,"2025-10-17 19:18:06","Do you want to hang for alittle bit or do you have stuff going on"
Received,"2025-10-17 19:26:24","Maybe "
Received,"2025-10-17 19:32:07","I don’t feel very well still "
Received,"2025-10-17 19:32:17","Hopefully leaving soon "
Received,"2025-10-17 19:32:26","I’ll let you know when I am coming "
Sent,"2025-10-17 19:43:29",oh...okay
Received,"2025-10-17 19:54:43","Don’t oh okay me "
Received,"2025-10-17 20:02:16","Jesus "
Received,"2025-10-17 20:02:32","We are at rizzs right now "
Received,"2025-10-17 20:02:38","And guess who I saw "
Received,"2025-10-17 20:02:45","Ricky Churry. "
Received,"2025-10-17 20:02:53","I said I know that mf from somewhere "
Received,"2025-10-17 20:03:25","I couldn’t remember his name. To the point that I ASKED THE BARTENDER "
Received,"2025-10-17 20:03:32","what his name was "
Received,"2025-10-17 20:21:32","I was like awe fuck "
Received,"2025-10-17 20:21:36","Fucking Ricky "
Received,"2025-10-17 20:27:48","I am about to eat then I will come over after. "
Received,"2025-10-17 21:05:54","On my way "
Sent,"2025-10-18 12:40:14","You’re good?"
Received,"2025-10-18 12:43:46","No money right now "
Sent,"2025-10-18 12:44:33","I’m probably going to be busy tonight so if you plan on getting something try to get it together as early as you can"
Received,"2025-10-18 12:51:38","Okay.. "
Received,"2025-10-18 13:31:36","I have twenty right now.. "
Sent,"2025-10-18 13:51:11","I don’t think I can get him here for less than 30"
Sent,"2025-10-18 13:57:12","Can you get a little more?"
Received,"2025-10-18 13:57:14","I figured "
Received,"2025-10-18 13:57:21","I’ll try "
Sent,"2025-10-18 14:41:48","No luck?"
Received,"2025-10-18 14:43:19","I have 25"
Received,"2025-10-18 14:43:27","Trying to get another five "
Sent,"2025-10-18 14:45:19","Hurry plz"
Received,"2025-10-18 14:45:31","I am trying Dan???"
Received,"2025-10-18 14:48:52","I’m getting it "
Received,"2025-10-18 14:49:31","I’ll come by soon"
Received,"2025-10-18 14:59:36","At the atm"
Received,"2025-10-18 15:01:30","On my way over "
Sent,"2025-10-18 15:04:11",ok
Sent,"2025-10-18 16:06:39","No word yet"
Received,"2025-10-18 16:18:05","Okay "
Received,"2025-10-18 17:18:05",Anything?
Sent,"2025-10-18 21:20:18","He’s coming I just don’t know when"
Received,"2025-10-18 21:20:23","…."
Sent,"2025-10-18 21:20:25","My plans fell through"
Sent,"2025-10-18 21:20:34","So I can give it to you"
Sent,"2025-10-18 21:20:36","I’ll let you kow"
Received,"2025-10-18 21:20:49","When did he answer. "
Received,"2025-10-18 21:20:52","Can you ask "
Sent,"2025-10-18 21:21:31","He answered at 4:30"
Received,"2025-10-18 21:21:43","Jesus "
Sent,"2025-10-18 22:17:09","Okay ready"
Received,"2025-10-18 22:20:58","Coming "
Received,"2025-10-18 22:24:07","Am i allowed to come in "
Sent,"2025-10-18 22:24:12",yes
Received,"2025-10-18 22:24:28","Ok passing McDonald’s"
Received,"2025-10-18 23:14:31","Forgot my glasses "
Sent,"2025-10-18 23:15:04","Are you coming back now?"
Received,"2025-10-18 23:15:22","Yes "
Sent,"2025-10-18 23:15:36","Tell me when you’re here I’ll run them out"
Received,"2025-10-18 23:18:33","Thank you coming up Derrick "
Received,"2025-10-18 23:20:30","Almost to Saratoga"
Received,"2025-10-18 23:21:51","Here "
Received,"2025-10-19 01:02:07","Goodnight daniel "
Sent,"2025-10-19 14:09:06","Tom is here and he’s getting 30 from bop, if you wanted something you wouldn’t necessarily have to come up with a bunch"
Sent,"2025-10-19 14:09:10",I
Sent,"2025-10-19 14:09:37","I’m assuming you weren’t planning on getting anything today or if you were it would be small"
Sent,"2025-10-19 14:09:38","Just let me know"
Sent,"2025-10-19 14:13:19","\by the way milo’s leg FINALLY better he was walking on it and everything"
Sent,"2025-10-19 14:13:25","Been following me around all day so happy"
Sent,"2025-10-19 14:13:57","Then that fucking IDIOT did the SAME THING and jumped his ass out of the car flying squirrel style AGAIn"
Sent,"2025-10-19 14:13:59","Now he’s limping"
Received,"2025-10-19 14:18:47","Omggggg "
Received,"2025-10-19 14:18:57","I want something I have to get money somewhere "
Sent,"2025-10-19 14:19:21","If you can do it quickly I’ll wait"
Received,"2025-10-19 14:19:27","Just got back from Alice’s party "
Sent,"2025-10-19 14:27:47","Should I wait for you"
Received,"2025-10-19 14:27:52","I’m trying "
Received,"2025-10-19 14:40:39","If tom is able to spare twenty I’ll pay it back to him when I get it so you don’t have to wait for me "
Sent,"2025-10-19 14:41:06","He does not"
Received,"2025-10-19 14:42:10","Argh fuck "
Received,"2025-10-19 14:49:36","I guess forget it "
Sent,"2025-10-19 14:49:53","Are you sure? I can wait a little bit"
Received,"2025-10-19 14:51:39","Let me see if my mom will send me something "
Received,"2025-10-19 15:06:02","She’s going to send me 30"
Sent,"2025-10-19 15:06:25","Okay just try to get it to me asap"
Received,"2025-10-19 15:06:53","I’m trying "
Received,"2025-10-19 15:07:01","Will and Veronica are here "
Received,"2025-10-19 15:10:20","Once I get it in my account could I send it to your mom and you go to atm? Or no "
Sent,"2025-10-19 15:11:10","Yes I suppose"
Received,"2025-10-19 15:11:21","Well ask her first "
Received,"2025-10-19 15:11:32","I dont want to if I shouldn’t "
Sent,"2025-10-19 15:16:06","She said it’s okay"
Sent,"2025-10-19 15:17:57","Tell me when so I can go right away"
Received,"2025-10-19 15:18:18","Ok hang on she started to send then got sidetracked "
Sent,"2025-10-19 15:29:22","Say when"
Received,"2025-10-19 15:37:08","Sending "
Received,"2025-10-19 15:38:15","Sent "
Received,"2025-10-19 15:38:26",$30
Received,"2025-10-19 15:45:49","Thank you Dan "
Received,"2025-10-19 15:46:08","Sorry it took so long "
Sent,"2025-10-19 16:18:56","Its okay"
Sent,"2025-10-19 16:19:01","I just got the money out and she’s making the call now"
Sent,"2025-10-19 16:19:08","I cannot believe this dog"
Received,"2025-10-19 16:24:32","Okay thanks "
Received,"2025-10-19 16:24:38","I can’t believe that either "
Received,"2025-10-19 16:24:59","What was he thinking "
Sent,"2025-10-19 16:50:13","Hes an idiot\"
Sent,"2025-10-19 16:50:18","I’m stuck with 2 idiots today"
Sent,"2025-10-19 16:50:21","3 actually"
Sent,"2025-10-19 16:50:24","4 if you count you"
Received,"2025-10-19 16:50:27","I was gonna say "
Received,"2025-10-19 16:50:29",3
Received,"2025-10-19 16:50:34",lol
Received,"2025-10-19 17:30:33","Has he answered "
Sent,"2025-10-19 17:55:38",Maybe
Sent,"2025-10-19 17:55:39","Maybe not"
Received,"2025-10-19 17:55:50","😒😒"
Sent,"2025-10-19 17:55:52","I’m sworn to secrecy"
Received,"2025-10-19 17:55:57","No you aren’t "
Sent,"2025-10-19 17:56:14","Even still"
Sent,"2025-10-19 17:56:16","You’ll never know"
Received,"2025-10-19 17:56:20","Tell me. "
Sent,"2025-10-19 17:56:25","No he didn’t"
Sent,"2025-10-19 17:56:28","Yes he did"
Sent,"2025-10-19 17:56:32","One of those two"
Received,"2025-10-19 17:56:33","Daniel "
Sent,"2025-10-19 17:56:38","Is the true one"
Received,"2025-10-19 17:56:45","Whatever "
Received,"2025-10-19 19:00:32",Well?
Sent,"2025-10-19 19:13:01","He’ll be here pretty soon"
Received,"2025-10-19 19:13:11","Soooo can I come "
Sent,"2025-10-19 19:15:34","Hes here now"
Received,"2025-10-19 19:15:39","Ok "
Received,"2025-10-19 19:15:46","So I can come over "
Sent,"2025-10-19 19:17:57",yes
Received,"2025-10-19 19:19:23","Coming now "
Sent,"2025-10-20 09:51:28","Are you not getting a check again"
Received,"2025-10-20 09:51:49","I will get one later today"
Received,"2025-10-20 09:52:01","Not sure how much"
Sent,"2025-10-20 09:59:07","If you can get it before lunch that would help"
Sent,"2025-10-20 09:59:13","Tom is going to get another 60"
Sent,"2025-10-20 09:59:26","So we’re gonna wait for you but I can’t stall much later than noon"
Received,"2025-10-20 10:02:05","Okay I can probably get sixty by lunch "
Sent,"2025-10-20 10:59:51","Somebody is very impatient"
Sent,"2025-10-20 11:00:06","So I think he’s going to cover you"
Sent,"2025-10-20 11:17:07","Okay we just got the money out so hopefully by the time you get your check ew might even have it already"
Received,"2025-10-20 11:19:17","I’ll have her write it in a little I’m with her now doing stuff "
Sent,"2025-10-20 11:19:39","Its fine take your time we got the money already"
Received,"2025-10-20 11:46:53","Ok writing now and heating up lunch "
Received,"2025-10-20 12:11:05","Leaving soon "
Received,"2025-10-20 12:19:28","Deposited it. Just need to go to atm when I leave here. She’s in the bathroom now "
Received,"2025-10-20 12:26:00","Going to atm"
Sent,"2025-10-20 12:26:29","Alright well bop isn’t here yet"
Received,"2025-10-20 12:28:04","Ok ? Lol"
Received,"2025-10-20 13:33:07","Sorry I didn’t understand what you said earlier "
Sent,"2025-10-20 14:09:18","It’s okay! i wasn’t upset or somethig"
Sent,"2025-10-20 14:20:08","He’ll be here pretty soon I guess"
Received,"2025-10-20 14:25:17","Shiuldnincone "
Received,"2025-10-20 14:25:20","Back over "
Received,"2025-10-20 14:25:25","I bring something choice"
Received,"2025-10-20 14:25:38","I go shop n save "
Received,"2025-10-20 14:26:37","Chocolate "
Sent,"2025-10-20 14:26:41","That’s fine. Can you bring tom a lighter please"
Received,"2025-10-20 14:26:52","I guess "
Received,"2025-10-20 14:44:01","On my way "
Received,"2025-10-20 15:49:35","I apologize for leaving abruptly.. I started to get a little bit triggered or whatever seeing him with a spoon. And it’s no offense to him or anything and it’s not your fault obviously but that is why "
Sent,"2025-10-20 18:11:23","It’s okay - I had actually thought about that even though he wasn’t shooting"
Sent,"2025-10-20 18:11:29","Could you do me the biggest favor and send him $25 to get me a sub? That will cover the rest of the stuff from earlier and I can also give you that in what bop gave me"
Received,"2025-10-20 18:12:03","I don’t have $25???"
Sent,"2025-10-20 18:13:22","Do you have anything? I will give you something in return"
Sent,"2025-10-20 18:14:23","Also just so you know - technically he spent 71 to cover that because 65 + atm fee but I don’t necessarily think you should be required to pay the atm fee because you wouldn’t have needed to spend that if he waited for you"
Received,"2025-10-20 18:15:29","I have like $10."
Sent,"2025-10-20 18:16:20","Is there ANY way you could get 15 or 20? Like that’s less that I’m supposed to be giving him for your side of things earlier I don’t fucking know"
Sent,"2025-10-20 18:16:34","I’m not trying to make this your problem but it would help me out so much"
Received,"2025-10-20 18:16:37","Dan I don’t have it??!"
Sent,"2025-10-20 18:17:32","You don’t have 15?"
Received,"2025-10-20 18:17:38","No!! "
Sent,"2025-10-20 18:19:48","So you just happened to get the exact amount that you would need today by chance"
Sent,"2025-10-20 18:19:57","Whatever I guess it doesn’t matter"
Received,"2025-10-20 18:19:59",Omg
Received,"2025-10-20 18:20:12","I can send fucking $13"
Received,"2025-10-20 18:20:24","There goes all the money I have "
Received,"2025-10-20 18:20:29","What’s his cashapp "
Sent,"2025-10-20 18:20:40","Just send it to mine"
Sent,"2025-10-20 18:21:25","Actually never mind his is $ThomasMaison￼"
Received,"2025-10-20 18:21:57","Alright "
Received,"2025-10-20 18:23:24","Sent it "
Sent,"2025-10-20 18:33:39","Thank you"
Received,"2025-10-20 18:36:55","You’re welcome "
Sent,"2025-10-20 18:37:14","Are you with Sugie tonight?"
Received,"2025-10-20 18:38:24","I don’t think I am staying there. No. "
Received,"2025-10-20 18:39:24","Why "
Sent,"2025-10-20 18:56:02","Would you want to make $20 to take him back"
Sent,"2025-10-20 18:56:27","I’d go with you but I assumed that wouldn’t be something you would do regardless"
Received,"2025-10-20 18:56:39","Dan I cannot drive out there "
Received,"2025-10-20 18:56:51","I’m sorry "
Received,"2025-10-20 18:57:44","I want to help and i already know how you feel bc I can read your face "
Received,"2025-10-20 19:55:34","Are you mad at me "
Sent,"2025-10-20 20:07:26","No I just have no idea how I’m going to get a sub and this fucking asshole could have brought it with him I told him I would help him out if he made It so I didn’t have to fucking drive out there"
Sent,"2025-10-20 20:08:21","I’m nowhere near as worried about his whereabouts as I am the fact that i’m fucked and its his fault"
Received,"2025-10-20 20:10:13","I’m sorry Dan "
Sent,"2025-10-20 20:11:16","I don’t know"
Received,"2025-10-20 20:11:50","I can try to get some money tomorrow"
Sent,"2025-10-20 20:11:57","It’s not about money"
Received,"2025-10-20 20:12:08","I’m just trying to help "
Sent,"2025-10-20 20:13:03","That’s kind of the other problem. I might have even been able to get someone else to come down and bring me one but I can’t even get the money back from him because technically part of it is owed to him. From your thing earlier"
Sent,"2025-10-20 20:13:22","So that’s probably not going to work idk"
Received,"2025-10-20 20:17:17","Well i didnt know I was supposed to be giving him more than sixty. I told you i was getting sixty "
Received,"2025-10-20 20:17:32","If anything I would have owed $5 i dont know"
Received,"2025-10-20 20:17:42","I will try to get you some money tomorrow okay"
Sent,"2025-10-20 20:18:54","….that’s not what I need but uh okay I guess"
Received,"2025-10-20 20:19:17","What Dan "
Sent,"2025-10-20 20:25:02","I need to find some way down there either tonight or tomorrow and the entire deal that I spelled out to Suz was that I was going to help tom get to his thing today in exchange for NOT needing to go down there in her uninspected, uninsured car"
Sent,"2025-10-20 20:25:50","￼"
Sent,"2025-10-20 20:26:11","He brought one piece to fucking split so it accomplished literally nothing"
Received,"2025-10-20 20:26:22",Arghh
Sent,"2025-10-20 20:26:24","Whatever I don’t know why I’m even telling you about this you’re not involved anymore"
Received,"2025-10-20 20:26:53","I care Dan???"
Received,"2025-10-20 20:27:00","I want to help you if I can "
Sent,"2025-10-20 20:27:01","I’ll see if I can get it another way or have it picked up"
Sent,"2025-10-20 20:27:21","I don’t even understand your whole thing but it’s not the time to talk about it anyway"
Sent,"2025-10-20 20:29:13","If you think I’m going to ever want to or am even be capable of being your platonic friend then I can assure you that’s not going to happen"
Sent,"2025-10-20 20:30:39","And that’s (quite) clearly your intent so I’m not sure how exactly to handle that"
Received,"2025-10-20 20:33:23","What thehell "
Sent,"2025-10-20 20:37:32",?
Sent,"2025-10-20 20:39:58",Seriously?
Sent,"2025-10-20 20:44:39","Thank you for proving my point"
Received,"2025-10-20 20:44:58","Daniel "
Received,"2025-10-20 20:46:05","How can you say that’s clearly my intent. Like what the fuck"
Received,"2025-10-20 20:46:28","Forget it. I am not going to argue with you. I am trying to help you in anyway I can "
Sent,"2025-10-20 20:47:03","I mean this with 100% sincerity"
Sent,"2025-10-20 20:47:17","…there’s only one thing you can do that would actually help"
Sent,"2025-10-20 20:48:03","And you have shown literally zero indication that you have realized this wasn’t what you wanted"
Sent,"2025-10-20 20:49:20","Also if you don’t understand why I would say that it seems incredibly clear you have no intent on being together, then you’re just being dishonest"
Sent,"2025-10-20 20:55:15","If you claim to know me so well then you would understand that you destroyed the thing I care about most and that makes me most happy… there’s no amount of ‘help’ that is going to make that even partially better and i am not and will never transition into a platonic friend to you."
Sent,"2025-10-20 20:59:34","Also you literally ignored me for MONTHS stop acting like you’ve made anything clear or have provided even the smallest indication that you are trying to fix anything"
Sent,"2025-10-20 21:06:21","Stop gesturing about how wrong I am about what you want or what you’re doing if you’re not even going to care enough to even say anything. It hurts so much worse to keep trying to figure out if maybe the 700th time you’ve done this to me that actually this time it’s not a lie"
Received,"2025-10-20 21:07:01","Dan please. I fucking miss you. I still love you. "
Sent,"2025-10-20 21:13:27","Wow I feel so much better hearing the same two incredibly vague statements that you had been telling me while actively cheating and intentionally breaking this (and me)"
Sent,"2025-10-20 21:15:33","Okay thanks so much these head games are so much fun but that’s enough for now. If I was even slightly wrong you would be eagerly taking any opportunity you could to convince me that you don’t want to transition me into your platonic friend"
Sent,"2025-10-20 21:26:59","So we’re going back to meeting outside or in the garage"
Sent,"2025-10-20 22:14:22","You can’t possibly grasp how much worse it is that you do this half hearted meaningless shit to give me false hope. This doesn’t get better for me. Without you, I will endure live the rest of my life in an inescapable tragic depression, with a massive piece of myself missing. We were supposed to be together and I don’t have any desire to be with anyone other than you… Knowing I’m going to be alone would be so much easier than slowly grinding down my ability to have any sense of hope by misleading me about what you are actually doing. This doesn’t have an end point because there’s no worse outcome for me than this (literally)"
Received,"2025-10-20 23:00:36",https://open.spotify.com/track/51rfRCiUSvxXlCSCfIztBy?si=vWEFeohpQ9WKlcqxf-oDoQ&context=spotify%3Asearch
Received,"2025-10-20 23:00:37","Goodnight Daniel.  "
Sent,"2025-10-21 00:42:30","That’s all you have to say? Got it"
Sent,"2025-10-21 11:44:20","You really can’t take a 30 minute ride with me today so I don’t have to continue being sick"
Received,"2025-10-21 12:08:07","First of all it’s def longer than 30 min? "
Received,"2025-10-21 12:08:19","But I’ll call you after my blood work. Going now "
Sent,"2025-10-21 12:47:00","Forget it"
Received,"2025-10-21 12:47:23","?? "
Sent,"2025-10-21 13:27:32",idk
Received,"2025-10-21 13:28:27","Well i have had zero luck with getting any money. "
Sent,"2025-10-21 15:06:57",cool\
Received,"2025-10-21 15:08:13","I am fucking trying "
Sent,"2025-10-21 17:40:01","I don’t suppose you still would go for a drive in 30 mins?"
Received,"2025-10-21 17:40:34","Dan I can’t. I have to do dinner with Sugie and stuff "
Received,"2025-10-21 17:40:39","I’m sorry "
Received,"2025-10-21 22:37:04","Are you okay "
Sent,"2025-10-21 22:39:24","Uh no not really"
Received,"2025-10-21 22:48:21","I’m sorry Dan "
Sent,"2025-10-21 22:48:42",ij
Sent,"2025-10-21 22:48:45",ok
Sent,"2025-10-22 04:20:05","Can you please fucking run me out there today sometime"
Received,"2025-10-22 08:35:39","Yeah Dan "
Received,"2025-10-22 08:52:11","I have a dentist appointment at 10:45"
Sent,"2025-10-22 10:22:04","I’ll be there around 1"
Received,"2025-10-22 10:22:58","What "
Sent,"2025-10-22 11:17:10","I’m waiting to hear when I can go"
Received,"2025-10-22 11:17:43","I have $60"
Sent,"2025-10-22 11:17:53","Bring it"
Received,"2025-10-22 11:19:00","Leaving dentist "
Received,"2025-10-22 11:29:34","At the atm "
Received,"2025-10-22 11:31:40","On my way "
Received,"2025-10-22 11:34:50",Here
Received,"2025-10-22 11:45:57","There was no reason for you to get an attitude with me like that. I told you I would take you. I am supposed to be with Sugie today but no. I am going to take you instead. I understand you don’t feel well. But that was completely unnecessary to get mad at me over"
Sent,"2025-10-22 11:46:23","I am sorry I just have been trying to figure this out for DAYS"
Sent,"2025-10-22 11:46:39","Tom fucked me over AGAIN last night"
Sent,"2025-10-22 11:46:42","He was supposed to come"
Sent,"2025-10-22 11:46:44","He didn’t"
Received,"2025-10-22 11:46:47","I’m sorry "
Sent,"2025-10-22 11:46:49","He’s not answering"
Sent,"2025-10-22 11:46:56","So when he does I’m going to need to go then"
Received,"2025-10-22 11:46:58","But don’t take it out on me please "
Received,"2025-10-22 11:47:25","Alright "
Sent,"2025-10-22 12:30:45","Bop is still in california"
Received,"2025-10-22 12:30:58","Alright "
Received,"2025-10-22 14:15:57","On my way "
Sent,"2025-10-22 14:17:06","Hurry please"
Received,"2025-10-22 14:19:15","Here "
Received,"2025-10-22 22:01:09","￼Do you want these "
Sent,"2025-10-22 22:03:10","Just the one on the right"
Received,"2025-10-22 22:05:00","It’s yours "
Sent,"2025-10-23 03:30:16","I can’t get what happened when we were at Tom’s out of my head and it’s been bothering me all night."
Sent,"2025-10-23 03:48:34","having to say that you’re not my girlfriend anymore just felt like getting punched in the stomach and as time goes on I realize more and more that I do not want to go through life without you."
Sent,"2025-10-23 03:52:31","i have every reason in the world to hate you and yet all I think about and all I want is to have you back in my life.  I’m sure now that it’s not because i’m lying to myself, or that I’m too afraid to be alone or that I can’t find somebody else....."
Sent,"2025-10-23 03:57:34","….it’s because you are the love of my life. Nobody will ever mean 1/1000000th as much as you mean to me and I don’t know what to do because without you it feels like my life is over. I just wish I could reach the person you used to be who understood that we fought through so much to be together. You forgot about all of the times I was there for you when you were in a bad place emotionally and the one time i needed you, you threw me away."
Sent,"2025-10-23 04:07:57","…it’s because you’re the love of my life. You’re the only person I have or could ever see myself being with and I don’t have any idea what to do or what is going to happen and it’s the total lack of clarity from you that tortures me."
Sent,"2025-10-23 04:08:40","i love you. i can’t NOT love you. i think you’re the best thing in the entire world and you’re the one thing that has ever made me feel truly happy. If that’s gone forever, you owe it to me to at least say that."
Sent,"2025-10-23 11:48:41","are you going to want anything today"
Received,"2025-10-23 11:50:25","I did enjoy spending time with you even tho you get on me nerves lol I know I get on yours too"
Received,"2025-10-23 11:50:46","I have $20 right now. That’s it. I dont know if I can get more"
Sent,"2025-10-23 11:52:45","i can’t get less than 30"
Received,"2025-10-23 11:54:16","I know "
Received,"2025-10-23 11:54:25","I’m trying "
Sent,"2025-10-23 12:49:24",nothing?
Sent,"2025-10-23 12:51:00","also thanks for ignoring everything i said"
Sent,"2025-10-23 12:56:59",hello?
Received,"2025-10-23 13:01:50","I did not ignore everything you said "
Received,"2025-10-23 13:02:21","Dan i dont know what the hell to do. I love you and I miss you "
Received,"2025-10-23 13:02:29","I still only have $20."
Sent,"2025-10-23 13:03:20","right well if you don’t know what to do than i guess that answers my question"
Received,"2025-10-23 13:04:40","Stop it "
Received,"2025-10-23 13:05:58","I will have $60 in a few min"
Sent,"2025-10-23 13:12:03","try to hurry. we’re showing the house at 3"
Sent,"2025-10-23 13:12:26","and i don’t know why you’re saying for me to stop it"
Sent,"2025-10-23 13:12:39","this is not what i want"
Received,"2025-10-23 13:15:21","About to leave "
Sent,"2025-10-23 13:16:00","to bring the money or something else"
Received,"2025-10-23 13:17:16","To go to the atm"
Sent,"2025-10-23 13:22:17","alright i text him"
Received,"2025-10-23 13:24:25","On my way over "
Received,"2025-10-23 15:01:30","Have you heard back yet "
Sent,"2025-10-23 15:01:36","no not yet"
Received,"2025-10-23 15:56:16","Are you back home "
Received,"2025-10-23 18:09:02","Awe Sydnee is pregnant "
Sent,"2025-10-23 18:10:04","man you do not get it at all"
Sent,"2025-10-23 18:10:18","all of this stuff just makes me feel awful"
Received,"2025-10-23 18:10:43","Yeah it makes me sad too"
Sent,"2025-10-23 18:15:51","but………you’re the one who…..well whatever it doesn’t even matter"
Sent,"2025-10-24 11:12:28","assuming you’re good today but if not let me know in the next hour because she’s going to be seeing him"
Sent,"2025-10-24 11:13:06","and thanks for ending another conversation about the same thing yet again by ignoring me last night"
Sent,"2025-10-24 11:13:15","super considerate behavior"
Received,"2025-10-24 11:14:00","Stop it.. "
Received,"2025-10-24 11:14:08","I have $30. That’s it."
Received,"2025-10-24 11:14:23","I can bring it over in a little bit "
Sent,"2025-10-24 11:37:43","this is the problem"
Sent,"2025-10-24 11:37:59","you have no intention of getting back together"
Sent,"2025-10-24 11:38:16","but rather than say that you’d rather just insinuate by saying shit like “stop it”"
Sent,"2025-10-24 11:38:20","or “daniel”"
Sent,"2025-10-24 11:38:42","rather than show me any consideration"
Sent,"2025-10-24 11:38:54","by just saying you don’t want this any more"
Received,"2025-10-24 11:45:51","I have $40. Going to atm now"
Received,"2025-10-24 11:49:38","On my way o er "
Sent,"2025-10-24 11:49:50","i’m in the kitchen"
Received,"2025-10-24 11:50:05","Okay.. "
Received,"2025-10-24 12:58:51","I would really appreciate it if you don’t open it if he comes before I get back into town "
Received,"2025-10-24 12:59:09","I gotta come up with $72 to pay phone payment on Sunday"
Received,"2025-10-24 15:46:37","Did he come "
Sent,"2025-10-24 15:46:48","not yet"
Sent,"2025-10-24 15:47:00","i’m gonna have her text him i’ll let you know soon"
Received,"2025-10-24 15:47:59","Okay "
Received,"2025-10-24 16:29:57",Anything?
Sent,"2025-10-24 16:38:19","not yet but soon"
Received,"2025-10-24 16:47:19","Okay "
Sent,"2025-10-24 16:52:39",test
Sent,"2025-10-24 16:53:29","sorry we were waiting for the internet to come back on"
Received,"2025-10-24 17:05:15","Okay "
Sent,"2025-10-24 17:10:44","okay ready"
Sent,"2025-10-24 17:10:45",\
Received,"2025-10-24 17:13:12","I’ll let you know "
Received,"2025-10-24 17:17:24","Be back in town soon "
Received,"2025-10-24 17:37:06","Almost there "
Sent,"2025-10-24 18:26:55","￼"
Sent,"2025-10-24 18:27:01","i found pictures that i didn’t know existed from the first night we ever went out together"
Received,"2025-10-24 18:29:22","Omg "
Received,"2025-10-24 18:29:39","Where was that "
Sent,"2025-10-24 18:36:32","i don’t know what its called but i just want to die"
Received,"2025-10-24 18:38:41"," Jpauls. "
Received,"2025-10-24 18:38:43","Outside "
Sent,"2025-10-24 19:07:58","i should have known that would be your reaction"
Sent,"2025-10-24 19:09:03","yes. it’s jpauls i guess. not really the interesting or relevant point but"
Received,"2025-10-24 19:09:16","No I love it "
Received,"2025-10-24 19:09:22","Are there more "
Sent,"2025-10-24 19:10:35","again, a very weird reaction but idk"
Received,"2025-10-24 19:11:17","Dan I love it. "
Received,"2025-10-24 19:11:23","I want to see more if there are any "
Sent,"2025-10-24 19:12:20","maybe i’m the weird one i don’t know but seeing this shit makes me literally melt down and i’m just puzzled"
Sent,"2025-10-24 19:12:39","i honestly avoid having to see any pictures at all"
Sent,"2025-10-24 19:33:16","…k"
Received,"2025-10-24 20:34:13","It makes me sad too Dan "
Sent,"2025-10-24 21:16:51","i won’t bother you while you’re out but honestly i do not understand why you still need to make this hurt as much as humanly possible. YOU are the one who doesn’t want to be together. YOU are the one who wanted to push me away. YOU are the one who couldn’t find the strength to say you didn’t want me in your life anymore."
Sent,"2025-10-25 09:24:53","you can go FUCK YOURSELF"
Sent,"2025-10-25 09:25:08","why the FUCK"
Sent,"2025-10-25 09:25:13","would you do this to me"
Sent,"2025-10-25 09:26:47",seriously
Sent,"2025-10-25 09:27:39","how are you such a piece of shit"
Sent,"2025-10-25 09:28:00","you need to KEEP ME THINKING THIS ISN’T OVER?"
Sent,"2025-10-25 09:28:03",WHY?
Sent,"2025-10-25 09:28:05","FUCKING WHY>"
Sent,"2025-10-25 09:28:24","FOR. WHAT. PURPOSE."
Sent,"2025-10-25 09:29:52","you wasted 10 years of my life"
Sent,"2025-10-25 09:30:04","i wish i had never met you"
Sent,"2025-10-25 09:30:23","my life would be infinitely better if you had never come anywhere near me"
Sent,"2025-10-25 09:30:35","i can not fucking believe you"
Sent,"2025-10-25 09:30:47","ALL YOU HAD TO DO IS SAY YOU WERE FINISHED"
Sent,"2025-10-25 09:30:59","you still can’t fucking do that. FUCK. YOU."
Sent,"2025-10-25 09:37:54","let me be VERY fucking clear"
Sent,"2025-10-25 09:38:00","we are not FRIENDS"
Sent,"2025-10-25 09:38:11","and now i know the reality of the situation"
Sent,"2025-10-25 09:38:33","i knew before but i still let you trick me into thinking you weren’t a total piece of shjit"
Sent,"2025-10-25 09:38:51","you want something? great. let me know and you can stay in the fucking car."
Sent,"2025-10-25 09:39:01","you can stay away from me and my dog."
Sent,"2025-10-25 09:39:20","you don’t get to treat someone like this and have them in your life in any meaningful way."
Sent,"2025-10-25 09:39:21","fuck you."
Sent,"2025-10-25 09:39:46","all you had to do is say “i am done with you. i don’t want this anymore”"
Sent,"2025-10-25 09:40:00","you wouldn’t even give me THAT courtesy."
Sent,"2025-10-25 09:40:17","you are a terrible, cruel person."
Sent,"2025-10-25 09:40:40","and i wish i could forget that i ever knew anyone named annie ulmer."
Sent,"2025-10-25 10:04:33","you wanted me out of your life? congratulations you’re finally going to get what you want."
Sent,"2025-10-25 14:45:57","guess you’re good today"
Sent,"2025-10-25 14:46:37","order is going in. if you want something i’ll let you know where to leave the money, i do not want to see you anymore"
Received,"2025-10-25 14:58:35","I don’t have any money "
Received,"2025-10-25 20:43:30",https://www.instagram.com/reel/DQP3_IiCUAK/?igsh=MWtiZG5obmV1OWdhZw==
Sent,"2025-10-25 20:50:08","please leave me alone. i am not and will never be your friend, and you don’t even have anything to say for yourself."
Received,"2025-10-25 20:57:44",K
Sent,"2025-10-25 20:59:28","i don’t have any idea why or how you can be so cruel to someone who so clearly thinks the world of you"
Sent,"2025-10-25 21:00:01","but the person i fell in love with and the person who cared about me is gone."
Received,"2025-10-26 01:55:44","Welp. You’ll love to hear this. I just got arrested. "
Received,"2025-10-26 01:56:05","your karma on me caught up "
Received,"2025-10-26 01:56:40","Happy now?"
Sent,"2025-10-26 02:01:01","no that does not make me happy."
Sent,"2025-10-26 02:01:51","the only thing that would make me happy is if, somehow, the annie i fell in love with and spent a decade with came back."
Sent,"2025-10-26 02:02:06","this is not you."
Sent,"2025-10-26 02:03:02","i’ve never wished bad things for you. i just don’t know what happened to the amazing person that wasn’t like……well, this."
Received,"2025-10-26 02:23:31","Please callme "
Sent,"2025-10-26 03:18:48","if you want to come over to talk tomorrow let me know."
Received,"2025-10-26 03:59:04","Loved “if you want to come over to talk tomorrow let me know.”"
Received,"2025-10-26 12:13:37","Well i dont know if I am allowed to leave the house at all "
Sent,"2025-10-26 13:47:04","is this like when you lied and said “i can’t spend the night because my parents have me on a tight leash”"
Sent,"2025-10-26 13:47:15","you’re an adult. you make your own decisions."
Sent,"2025-10-26 15:03:19","guessing you’re not going to want anything today"
Received,"2025-10-26 15:13:12","I have $30. But I don’t have my car keys.. so i dont know"
Received,"2025-10-26 15:13:30","I don’t have to have anything "
Sent,"2025-10-26 15:42:22","if  you want 30 let me know i can bring it to you or whatever"
Received,"2025-10-26 15:47:41","Well I’d have to send your mom thr money "
Received,"2025-10-26 15:48:29","I dont know I dont have to get anything "
Received,"2025-10-26 15:48:43","Unless your mom is too"
Sent,"2025-10-26 15:56:29","send th emonet"
Sent,"2025-10-26 15:56:34","send it*"
Received,"2025-10-26 16:02:49",Okay..
Sent,"2025-10-26 16:03:23","you can’t tell your parents you want to come talk to me or something? even just to get out of there for a little bit"
Sent,"2025-10-26 16:03:30","i can come pick you up or whatever"
Received,"2025-10-26 16:03:31","I sent it "
Received,"2025-10-26 16:03:52","I will when he comes Dan "
Received,"2025-10-26 17:35:28","Well as i figured, my dad just said “I took your keys and don’t want you driving anywhere unless it’s to sugies or errands until we know what’s going on”"
Sent,"2025-10-26 17:37:30","that’s fine it doesn’t sound like there’s anything for us to talk about anyways"
Received,"2025-10-26 17:38:35","… Dan I want to "
Received,"2025-10-26 17:39:17","You’re the first person I wanted to talk to last night "
Received,"2025-10-26 17:45:32","Did you ever hear back from him yet "
Sent,"2025-10-26 17:47:10","not yet"
Sent,"2025-10-26 17:47:34","and i’m not trying to make your day any worse or be shitty but it just doesn’t sound like anything has changed in terms of your perspective"
Sent,"2025-10-26 18:54:48","i still  haven’t heard anything"
Sent,"2025-10-26 18:56:27","listen i really hope that you take some time and honestly and thoroughly consider everything about the last 10 years and what you’ve done over the past year and which track you want to take going forward"
Sent,"2025-10-26 18:57:52","i’ve told you so many times now, and it’s been proven true in practice, that without you i will never be able to fill the huge void in my soul that i’m living with."
Sent,"2025-10-26 18:58:57","i’m not sure how else to say this, but for all of the things you’ve done to hurt me and for all of the pain and confusion i still feel….there just is nothing else that compares to you"
Received,"2025-10-26 18:59:11","If he doesn’t come please keep the money for tomorrow okay"
Sent,"2025-10-26 18:59:12","and i wish it were up to me, but it isn’t…"
Sent,"2025-10-26 18:59:22",..right
Received,"2025-10-26 18:59:26","I know Dan. I have been self reflecting today"
Received,"2025-10-26 18:59:40","I hate myself and I hate the person I have become "
Sent,"2025-10-26 19:08:50","i wish i could stop trying to make this work, it’s clear that there’s only one of us that’s in love here and i’m just not sure why you don’t see how much harder it is to be put in a position where i still feel like i *have* to try"
Received,"2025-10-26 19:11:56","Dan I want to make this work "
Sent,"2025-10-26 20:10:37","i’m going to get it from john"
Sent,"2025-10-26 20:10:45","he’s coming down after the first quarter of the game"
Received,"2025-10-26 20:11:58","Okay.. "
Received,"2025-10-26 20:12:22","Well i doubt I will be able to leave "
Received,"2025-10-26 21:27:41","Yeah I guess just hold it for me until tomorrow morning.. I’m sorry. I just want to go to bed and try to forget everything for a little while. I hate myself so fucking much. I am sorry I am so shitty"
Sent,"2025-10-27 03:37:28","well i just woke up and got the thing from john from my mom. honestly i would rather wait until after you get your check and just give it to you from whatever bop decides to give me because i am not excited about you getting mad at me for this being smaller than you’d like at the same time that i’ve been completely ignored about the much more important shit that you refuse to talk about"
Sent,"2025-10-27 03:41:02","whatever it’s fucking here and as annoying as it is i guess i won’t do any more than the half of a bump i got from it. i don’t know what i’m supposed to do because you get mad at me about what bop does for 30 and obviously this isn’t even as much as that."
Sent,"2025-10-27 03:42:20","if i knew you were going to blow me off i wouldn’t have even gotten it from john at all but i guess i should have known by now"
Sent,"2025-10-27 04:04:02","also you kinda gave away the game last night by showing that there’s still a total lack of willingness to do the thing you had always done before and make clear that i am in your life so i’m just going to go back to assuming we’re still in the same situation we were in before saturday night"
Received,"2025-10-27 04:50:36","Did I not tell you, save the money and put it towards tomorrow. JUST LIKE THE LAST TIME.  Idc honestly. I won’t complain. It’s whatever. I’m going back to bed."
Received,"2025-10-27 12:20:10","Writing check "
Received,"2025-10-27 12:31:19","If you wanna text him. Just need to go to atm when I leave here in a few min "
Received,"2025-10-27 12:45:22","Leaving now "
Received,"2025-10-27 12:53:01","On my way "
Sent,"2025-10-27 13:27:04","yes. we are back to where we were before"
Sent,"2025-10-27 13:27:09","you have nothing to say to me"
Sent,"2025-10-27 13:27:17","and i’m not falling for your shit again."
Sent,"2025-10-27 13:27:50","you sat there and listened to me wax poetic about how much you mean to me and said nothing, only to go out with another guy"
Sent,"2025-10-27 13:28:03","fuck this. fuck you. if you don’t have anything to say to me"
Received,"2025-10-27 13:28:06","Like you weren’t also seeing someone?!?!"
Sent,"2025-10-27 13:28:12","I AM NOT"
Sent,"2025-10-27 13:28:15","I DO NOT WANT TO"
Sent,"2025-10-27 13:28:18","I HAVE SAID THIS"
Sent,"2025-10-27 13:28:19","FUCK OFF"
Received,"2025-10-27 13:28:21","Okay "
Received,"2025-10-27 13:28:27","I am sorry "
Sent,"2025-10-27 13:28:31",yep
Sent,"2025-10-27 13:29:06","“dan i want to make this work”"
Sent,"2025-10-27 13:29:12","yeah okay"
Sent,"2025-10-27 13:29:14",liar
Received,"2025-10-27 13:29:17","I fucking do "
Sent,"2025-10-27 13:30:05","…..uh ok?"
Sent,"2025-10-27 13:31:31","that’s such bullshit"
Sent,"2025-10-27 13:31:40","you ignore the fact that this is AFTER i have said to you several times"
Sent,"2025-10-27 13:31:44","that i fucking hate all of this"
Sent,"2025-10-27 13:31:58","and that i don’t want to be with anyone other than you"
Sent,"2025-10-27 13:32:01","you’re just lying"
Sent,"2025-10-27 13:33:29","you can stay far away"
Sent,"2025-10-27 14:04:36","he should not be very long"
Sent,"2025-10-27 14:05:02","i don’t want you inside the house until you are serious about any of this"
Received,"2025-10-27 14:05:04",Okay..
Sent,"2025-10-27 14:06:59","seriously you should feel like a piece of shit"
Sent,"2025-10-27 14:07:05","that you still can’t just say what you actually want"
Sent,"2025-10-27 14:07:13","and need to keep pretending like you want me in your life."
Received,"2025-10-27 14:07:28","I do want you in my life "
Sent,"2025-10-27 14:07:32","again you make ME have to take the difficult action"
Sent,"2025-10-27 14:07:32",no
Sent,"2025-10-27 14:07:35","you obviously do not"
Received,"2025-10-27 14:07:38","I am a piece of shit "
Sent,"2025-10-27 14:07:43","i am not your friend"
Sent,"2025-10-27 14:07:47","i will never be your fucking friend"
Sent,"2025-10-27 14:07:51",eveer
Sent,"2025-10-27 14:08:09","so if you don’t want me"
Sent,"2025-10-27 14:08:25","then that’s what i will force myself to do…since you can’t have the decency to tell me"
Received,"2025-10-27 14:08:39","I do though Dan "
Sent,"2025-10-27 14:09:23","clearly you do not, you are (at this very moment) proving that"
Received,"2025-10-27 14:10:14","No I am not "
Received,"2025-10-27 14:33:38","Do you know when he is coming "
Sent,"2025-10-27 14:36:00",no
Sent,"2025-10-27 14:36:07","i will let you know where to pick it up once he comes."
Received,"2025-10-27 15:06:06","I would appreciate it if you could at least let me come in the garage "
Received,"2025-10-27 15:45:26",??
Sent,"2025-10-27 16:27:11",ready
Received,"2025-10-27 16:34:10","Okay "
Received,"2025-10-27 16:36:49","On my way "
Received,"2025-10-27 16:40:32","Can I please come in "
Received,"2025-10-27 16:40:35","Nina is outside "
Sent,"2025-10-27 20:40:04","you really just can’t imagine what it feels like to be kept in this position for so long and how much worse it is with the current situation as i now understand it…there is no way that you believe that what you’re doing is somehow making any of this easier for me."
Sent,"2025-10-27 20:41:39","and i just don’t understand why you’ve refused to just tell me that i am not what you want anymore because at least i would be able to feel like i have a grasp of the situation and could begin the process of figuring out how to live with the emptiness."
Sent,"2025-10-27 20:47:14","look i don’t really have any idea what is going on or who you are now…i truly don’t. but the one and only thing i can say that i am confident about is that you don’t want me."
Sent,"2025-10-27 20:53:39","and it doesn’t seem to even bother you that i am telling you with complete sincerity that i am never going to be okay and that i did not and still do not have any idea that you would be able or want to do this in the most cruel and confusing way possible to someone who saw you as the most amazing thing in the world and the only true happiness i’ve ever felt.  is this who you’ve always been? did you cheat on me the entire time and i was just too stupid to realize? how does someone just forget about everything they have with someone else? do you not see that i’ve ALWAYS been there for you and you haven’t ever been there for me?"
Sent,"2025-10-27 20:55:33","what do you get from lying to me to make me think you want to fix the thing that i care about more than anything in the world"
Sent,"2025-10-27 22:49:23","this is why you need to stay away."
Sent,"2025-10-27 22:50:30","i do not even know who this cruel, heartless person is. i just want you to go back to being a real fucking person"
Sent,"2025-10-27 22:52:06","ignore me, i’m used to it…but do not forget that you have chosen to inflict as much pain as possible here without any reason"
Sent,"2025-10-27 22:55:10","￼￼￼￼"
Sent,"2025-10-28 01:05:12","seriously do not fucking act like you don’t have any idea why i’m upset whenever you decide you need to text me"
Sent,"2025-10-28 01:05:34","it’s so fucked up to just act like i do not exist."
Received,"2025-10-28 11:58:36","I am sorry I went to bed super early last night..that stuff gave me a horrible headache. "
Received,"2025-10-28 12:06:07","I don’t have money. "
Received,"2025-10-28 12:06:47","Nor do I want that same stuff. It hurt my head. Like it had a lot of cut in it. It chalked up my nose and throat "
Received,"2025-10-28 12:16:17","It isn’t your fault obviously "
Sent,"2025-10-28 12:16:25","k well i think he had to get it from somewhere else because he hadn’t got his yet. i noticed it also"
Received,"2025-10-28 12:16:33","But either way I don’t have any money "
Sent,"2025-10-28 12:19:07","but hey just don’t apologize if you’re not going to respond to anything i say. like, even if i believed that you fell asleep before i sent any of that..you’re just as capable of answering me right now as you were last night. just because you wait 15 hours to say something to me doesn’t mean that you aren’t still ignoring me."
Received,"2025-10-28 12:19:30","I’m
 Not ignoring it "
Sent,"2025-10-28 12:27:10","okay you demonstrably are doing exactly that and i’m not sure why you think it's okay to just lie about things that aren't even really uncertain or hard to prove but look"
Sent,"2025-10-28 12:29:56","i spent a lot of time thinking about this last night and you can’t or won’t do one single thing to communicate that your “i want to make this work” thing has any meaning or is something other than just an obvious lie - trust me, if you cared at all you would have felt like i did about the prospect of potentially losing to someone else…believe me, it’s not really a close call"
Sent,"2025-10-28 12:38:30","if you don’t realize what is happening by this point and can’t even try to do anything about it - then all of this shit that you’ve been telling me can not be true. you really do not have any idea how awful it feels to figure out that you’ll do this right until the point that you erase me out of necessity. i don’t know what to say other than you are choosing to keep me in the dark so that i don’t have to face what you are and have really been doing."
Sent,"2025-10-28 12:46:59","you don’t want me and i can’t understand why you chose to make me experience that reality over and over and over again. "
Sent,"2025-10-28 12:47:30","“i’m not ignoring it”

i’ll talk to you tomorrow. what you’re doing is fucking cruel."
Received,"2025-10-28 15:43:40","Dan I am not. I dont know what you want me to do or say I really don’t. I do fucking love you. I want you in my life. I am sorry that I have been so shitty. I clearly have a problem and I don’t know how to deal with everything "
Received,"2025-10-28 18:19:25","Did you or your mom get anything today"
Sent,"2025-10-28 18:19:49","i’m waiting"
Received,"2025-10-28 18:20:20","I’m trying to get some money. I dont know if I can. Or if I could buy a damn gift card or something "
Received,"2025-10-28 18:20:35","Would he accept that lol "
Received,"2025-10-28 18:20:38","Or your mom "
Received,"2025-10-28 18:23:55",?
Sent,"2025-10-28 18:24:16",no
Received,"2025-10-28 18:24:38","Why not. "
Received,"2025-10-28 18:31:10","Not even a visa "
Received,"2025-10-28 18:37:30","I have $30"
Sent,"2025-10-28 18:38:40","jesus christ"
Sent,"2025-10-28 18:38:47","i will let you know when i hear something"
Sent,"2025-10-28 18:38:47",he
Sent,"2025-10-28 18:38:54","is erupting so it might not be until late"
Received,"2025-10-28 18:40:19","I’ll bring the cash. "
Received,"2025-10-28 18:40:50","Is that ok with you "
Sent,"2025-10-28 18:43:13","i donyes"
Sent,"2025-10-28 18:43:17",yes**
Received,"2025-10-28 18:43:26","Do you want something from marathon?"
Sent,"2025-10-28 18:47:32","yes plz"
Sent,"2025-10-28 18:47:45","an energy drink or chocolate or both or something idk"
Received,"2025-10-28 18:49:33","I got both "
Received,"2025-10-28 18:49:40","Leaving. Can you come out "
Received,"2025-10-28 18:52:21","Please "
Received,"2025-10-28 18:52:36","Pulling into Heritage Hills now"
Received,"2025-10-28 19:28:43","Can I just come back over please?"
Received,"2025-10-29 12:00:53","I will try to get some money today"
Sent,"2025-10-29 12:22:40","remember he plays pool today so don’t wait too long"
Received,"2025-10-29 12:23:22","I remembered "
Received,"2025-10-29 12:23:40","It’s not up to me tho lol I will let you know if I can get some "
Sent,"2025-10-29 14:08:30",??
Sent,"2025-10-29 14:12:04","if you want to get something you need to figure it out in the next like 45 mins"
Received,"2025-10-29 14:27:44","Dan I am trying "
Received,"2025-10-29 14:47:07","I’ll have money soon. I dont know how much but I’ll have something "
Received,"2025-10-29 14:54:11","I have fifty "
Sent,"2025-10-29 14:57:30","okay i text him"
Sent,"2025-10-29 14:57:31","bring it"
Received,"2025-10-29 14:58:12","Ok "
Sent,"2025-10-29 15:01:08","you’re bringing it now right?"
Received,"2025-10-29 15:01:14","Yes "
Received,"2025-10-29 15:01:18","I’m going to the ATM now"
Received,"2025-10-29 15:04:30","Leaving atm "
Received,"2025-10-29 15:29:11","Try to let me know asap what’s going on. Kids are coming over then taking them to the parade if it doesn’t rain. "
Received,"2025-10-29 16:19:35","Have you heard anything "
Sent,"2025-10-29 16:55:44","i will tell you when hear something"
Sent,"2025-10-29 16:55:45",jesus
Received,"2025-10-29 16:56:01","Jeeze sorry "
Received,"2025-10-29 17:53:40","Not going to the parade. I told my mom I was craving long johns hushpuppies so we are here now lol"
Received,"2025-10-29 17:53:47","After we eat I will come "
Received,"2025-10-29 17:54:05","I’m so happy tho that you got subs. And multiple of them. "
Received,"2025-10-29 17:54:14","That is a major relief for sure "
Sent,"2025-10-29 17:57:52","it’s literally cheaper than getting my own script"
Received,"2025-10-29 17:58:01","Hahah true "
Received,"2025-10-29 17:58:15","￼Look at this little shit lol "
Received,"2025-10-29 18:26:16","On my way "
Received,"2025-10-29 18:26:57","Can I come inside "
Sent,"2025-10-29 18:27:26",yes
Sent,"2025-10-29 22:19:17","am i going to hang out with you on my birthday"
Sent,"2025-10-29 22:19:21","it’s fine you can say no"
Received,"2025-10-29 22:22:23","I would like to do something "
Sent,"2025-10-29 22:34:13","…right i know what that means"
Sent,"2025-10-29 22:34:18",forgetit
Received,"2025-10-29 22:34:30","What the hell"
Received,"2025-10-29 22:34:38","We will "
Sent,"2025-10-30 01:45:00","listen i know you better than you know yourself and i know that your answer to my initial question:     “i would like to do something” means that, at the very least, you’ve got something else going on and you’re going to do the same shit that you always do. "
Sent,"2025-10-30 02:12:17","do you realize you haven’t really hung out with me for any amount of time at all even one single time since we’ve been back?"
Sent,"2025-10-30 02:12:34",e
Sent,"2025-10-30 02:20:54","why is that again? you said you really wanted to spend time together but it literally wasn’t possible because you just couldn’t and you’d be home by 8 or 9pm every night no questions asked."
Sent,"2025-10-30 02:23:30","well now that i know that you don’t have any problem making time to see other people…like a few times a week. what do you think all of this feels like to me"
Sent,"2025-10-30 02:25:40","you do all of this shit that you have insisted was just absurd to even suggest - stay out late and aren’t just booked to the minute and the literal lowest priority possible.  it’s just you don’t WANT to be with me."
Sent,"2025-10-30 03:15:16","i thought i gave it to you with the cigarettes?"
Received,"2025-10-30 11:08:27","Daniel. I will spend time with you for your birthday. Okay? "
Received,"2025-10-30 11:08:44","I should have $40 at some point today. Claire needs to pay me back."
Received,"2025-10-30 13:37:16","Can I bring the forty over to you "
Received,"2025-10-30 13:52:19","I have stuff for you can I come inside for a little "
Received,"2025-10-30 13:58:36","Please let me in "
Sent,"2025-10-30 14:03:22","yeah but i don’t need you to give me anything"
Sent,"2025-10-30 15:22:52","i wish you would just help me understand what is real and what is actually going on because i don’t have any idea and it’s so much harder - i don’t even know if you’re like actively seeing someone or if you mean any of the stuff you’re saying to me at all and this is just the worst of all possible worlds"
Received,"2025-10-30 15:24:40","I mean what I say dan"
Sent,"2025-10-30 15:25:35",wow
Sent,"2025-10-30 15:28:19","i’m really not trying to be shitty i just don’t think you understand what it’s like to really love someone and only ever get that kind of answer about the most important thing to you"
Sent,"2025-10-30 15:28:34","i guess i’ll read between the lines"
Sent,"2025-10-30 15:33:17","again i wish you didn’t need to make this so much harder by keeping me confused and in the dark about everything all the time. i don’t know why you want me to feel like this always"
Received,"2025-10-30 15:40:46","Dan I am not trying to keep you confused. I want to be in your life and I want you in mine. "
Received,"2025-10-30 16:23:54","Have you heard from him yet "
Sent,"2025-10-30 16:31:41","yes. i don’t know exactly when yet but he did answer"
Sent,"2025-10-30 16:32:55","and i don’t  want to argue so i’m not going to keep going but you *are* actively trying to keep me in the dark"
Received,"2025-10-30 16:32:55","Alright "
Sent,"2025-10-30 16:33:06","watch…"
Received,"2025-10-30 16:33:06","No I am
Not "
Sent,"2025-10-30 16:33:50","i want us to be together. i love you and i don’t want to live my life without you. i don’t and can’t care about anyone else the way i care about you."
Sent,"2025-10-30 16:35:49","that’s not how you talk to me. you use loaded language and leave everything to make me *assume* that you mean something one way instead of another."
Sent,"2025-10-30 16:37:48","annie it’s so fucking hard to feel like you don’t want me any more. can you not see why it would be infinitely worse to never be able to know whether you want to be together or not because your actions never match your words"
Sent,"2025-10-30 16:39:59","you knew when i started seeing someone and you knew when i stopped doing that because (no matter how hurt or angry i am with you) - it  became obvious that i can’t even want to be with anyone other than you."
Sent,"2025-10-30 16:42:25","as i write this stuff though i realize what a fucking asshole i am…like - if you actually wanted to be together it would not require me doing this to even know that is what you want."
Sent,"2025-10-30 16:45:41","i just need you to understand that i sincerely love you so much that i can’t stop trying to believe that you still feel the same way about me. in my heart i know you don’t want to be with me anymore but you won’t say that so i am stuck."
Sent,"2025-10-30 16:47:08","you really are my entire world and there’s nothing i wouldn’t do to have you back in my life. i do not know how to stop feeling like this. it hurts all. the. time."
Received,"2025-10-30 16:48:27","Daniel I am sorry I have caused you so much pain and that you are still continued to be hurt by me. I don’t want to hurt you. You really do mean so much to me and I miss what we had together."
Sent,"2025-10-30 17:02:53","i don’t want or need you to apologize. what i need is to know what is going on and whether or not you ACTUALLY and SERIOUSLY want and plan to be together"
Sent,"2025-10-30 17:05:21","and if losing you forever wasn’t the absolute worst outcome, i wouldn’t be giving you the gratification of knowing that i still can’t even imagine a world without you."
Sent,"2025-10-30 17:09:22","again, though…if you meant what you are saying it wouldn’t be like this. you wouldn’t need me to extract any of this information from you and you would WANT to make me feel better by giving me some kind of relief or peace or hope…"
Sent,"2025-10-30 17:11:35","i’m sorry - i’ll stop bothering you about this. you aren’t going to tell me what’s actually going on and"
Received,"2025-10-30 17:11:36","Dan I am eating dinner. "
Received,"2025-10-30 17:22:35","Do you know when he is coming yet. I can come back over if you want me to if he will be coming soon "
Sent,"2025-10-30 17:37:05","well i don’t know that it’s going to be soon so i guess it’s a bad idea"
Received,"2025-10-30 17:43:20","No dan it’s not a bad idea "
Received,"2025-10-30 18:21:49",Anything?
Received,"2025-10-30 18:36:57","So he came "
Received,"2025-10-30 18:37:00","I’ll be over "
Sent,"2025-10-30 18:43:57","yes great cool"
Received,"2025-10-30 18:44:16","She wants me to do her hair "
Received,"2025-10-30 18:44:21","Just pulled in. "
Received,"2025-10-30 18:44:58","Unlock the door please "
Sent,"2025-10-30 22:11:41","i don’t know what tod o"
Received,"2025-10-30 22:50:10","Dan i haven’t stopped crying since i got back. I am sorry for being the way i have been. It’s not me and im aware it isn’t who i really am. Like an out of body experience i dont know how to fix. That sounds stupid i dont know. I’m sorry. I love you. "
Sent,"2025-10-30 23:29:42","annie you don’t understand that i don’t even have a reference to compare what you meanto me with…you’re the only thing that has ever given me real happiness and i just can’t even imagine what a life without you looks like but it’s going to be fucking awful"
Sent,"2025-10-30 23:32:01","i can’t stop loving you. i can’t even fucking love you any less. i honestly wish i could and i SHOULD but you are the one thing in this entire world that makes me feel okay and you are, clearly, my only true love and the love of my life."
Sent,"2025-10-30 23:34:15","i don’t know why it’s like this but i just never stopped thinking you are the best thing in the world and i feel so lost without you"
Sent,"2025-10-31 08:16:11","oof..well i don’t know much but i do know that trying to say that to someone and getting literally nothing back is not a good sign and an overall huge yikes"
Received,"2025-10-31 08:58:35","I had fallen asleep "
Sent,"2025-10-31 10:05:10","okay i feel ^much^ better now "
Sent,"2025-10-31 10:05:30","😑"
Sent,"2025-10-31 12:08:22","alright thanks for reliably making me feel like an idiot"
Sent,"2025-10-31 12:08:31","i guess let me know if you want something and i’ll just leave you alone"
Sent,"2025-10-31 12:27:41","is there some reason why you need to pretend to care or have any investment and then ignore literally everything and leave me in the same shit spot "
Sent,"2025-10-31 12:32:49","you were not like this before. you have spent the last year refusing to provide me even the smallest bit of clarity or relief - i don’t fucking understand what happened to you or why you treat me like i do not even exist most of the time now. "
Sent,"2025-10-31 13:06:50","alright you must be good for today - i'm not waiting if this is how you're gonna treat me"
Received,"2025-10-31 13:12:06","Dan i have been watching otto all morning. I have been busy i am sorry "
Sent,"2025-10-31 13:21:31","weird how i am the only one who is just never important enough to get your time or even your attention "
Sent,"2025-10-31 13:21:38","feels great. really"
Sent,"2025-10-31 13:22:00","anyways bop is going to be busy trick or treating with his kids tonight so"
Received,"2025-10-31 13:22:28","My dad is supposed to pay me for watching Otto "
Received,"2025-10-31 13:22:31","So I’ll let you know. "
Received,"2025-10-31 15:18:13","Well they had to rush out of here to get to the school parade. I dont know what my dad plans on paying me or when or what. I dont know. I’m sorry "
Sent,"2025-10-31 16:03:09",k
Received,"2025-10-31 16:27:28","Hopefully he does soon"
Received,"2025-10-31 16:43:30","I don’t know. I give up. Forget it "
Sent,"2025-10-31 16:48:48",what
Sent,"2025-10-31 16:52:23","i didn’t even fucking say anything to you. you just ignore me anyways so i don’t have *any* idea why you’re gonna get shitty with me when i left you the fuck alone like you want"
Received,"2025-10-31 17:21:00","I was just saying im impatient bc my dad said he would pay me and he hasn’t. So im pissed I’m sorry "
Sent,"2025-10-31 18:27:20","at least you can feel good that you got me to fall for it yet again. i thought *this* time you were serious but you got me good "
Sent,"2025-10-31 18:27:59","anyways i’m trying to work something out. you can come pick it up if it happens. i don’t want you to have to come insiide"
Received,"2025-10-31 18:32:25","But I don’t have the money "
Sent,"2025-10-31 18:45:30","i just said if i can get something you can come pick something up"
Received,"2025-10-31 18:51:35","Okay., Il pay you back "
Received,"2025-10-31 19:04:39","Well we are doing trick or treating at Claire’s right now.. maybe I can come over after.. "
Received,"2025-10-31 20:11:54","Well we just are finishing dinner "
Sent,"2025-10-31 20:14:24","i  just saw him but wait a minute for my mom to leave"
Sent,"2025-10-31 20:14:46","but i have something for you"
Received,"2025-10-31 20:14:52",Ok
Received,"2025-10-31 20:14:56","I’m not leaving here yet "
Received,"2025-10-31 20:15:00","But I will let you know. "
Received,"2025-10-31 20:16:40","I really do appreciate it tho "
Received,"2025-10-31 20:36:01",?
Received,"2025-10-31 20:37:34","I just left Marucas so "
Sent,"2025-10-31 22:45:51","i am pretty sure you know this but i just want to make it clear that there’s nothing i want more than to be with you..but you keep doing small stuff that i notice…body language and different mannerisms that just keep making me feel like i am now nothing to you and i don’t feel like i’m getting all of the information and this is my worst nightmare playing out in slow motion honestly"
Sent,"2025-10-31 22:59:32","like how does someone try to be nice by bringing you stuff and then immediately go back to literally ignoring you at all and what does that say about how they see you"
Received,"2025-10-31 23:00:06","Dan I am not ignoring you. I was getting ready for bed. "
Sent,"2025-10-31 23:00:07","i just don’t understand but now i feel like you really are going to end this in the cruelest possible way and"
Received,"2025-10-31 23:00:17","I don’t want to end things "
Sent,"2025-10-31 23:00:53","this is what is so dangerous though…i will take that one statement and rest way more hope in it that it deserves"
Sent,"2025-10-31 23:01:03","and you don’t even start to try to hold to it"
Sent,"2025-10-31 23:01:22","“who says i won’t ever be sleeping with you?”   remember that?"
Received,"2025-10-31 23:01:37","What the hell Dan "
Sent,"2025-10-31 23:01:37","you were talking about actual sleep but it applies in both"
Sent,"2025-10-31 23:03:19","i ACTUALLY want to be together. and it’s so hard to keep being told “i don’t want to end things” when you aren’t even going to do anything to fix it….or even just make me feel better or like you haven’t just completely lost your ability to;;; i don’t know i’m sorry i just"
Received,"2025-10-31 23:04:17","You don’t have any reason to be sorry Dan "
Sent,"2025-10-31 23:04:53","i have gone through so much to do whatever i could to not lose you and i just don’t know what to do now that we’re in this spot where i’m actually embarrassed to admit that i have no idea what fresh hell it would be to live my life without you"
Sent,"2025-10-31 23:14:58","￼this is all the emotion or attention i get now"
Sent,"2025-10-31 23:15:09","short, single sentences. doesn’t matter what i say…that’s what i get"
Sent,"2025-10-31 23:34:35","seriously just say you don’t want to be with me - it’s literally less insulting than how you treat me like this. you can’t have ONE conversation or say ONE single meaningful thing to me but yet you can’t tell me you want me to go away."
Sent,"2025-10-31 23:34:51","don’t worry i’m fucking done. i’ll talk to you tomorrow when you ignore that this ever happemned"
Received,"2025-11-01 00:02:13","Happiest birthday daniel ❤️ I am sorry I fell asleep. Tried to call you to tell you happy birthday. "
Sent,"2025-11-01 01:18:48","i don’t want to sound so rude but all i want from you is some answers so  i know what is going on in my life and honestly nothing else matters i am falling the fuck apart because i know you well enough to notice the differences and you aren’t saying or doing anything to make me think you care or plan on being with me at all"
Sent,"2025-11-01 01:22:02","like i appreciate the food and you saying happy birthday but if you don’t want to be together anymore than we need to say goodbye to each other permanently and i need to start trying to forget about everything in the last 10 years rather than be bitter or keep embarrassing myself"
Received,"2025-11-01 13:02:59","How are you today"
Sent,"2025-11-01 14:55:33","are you good for today"
Sent,"2025-11-01 14:55:58","don’t worry about the 40 from yesterday"
Sent,"2025-11-01 14:56:20","i’ll take care of it for you on monday when i can get something extra from him. i’ll pay her back with that."
Received,"2025-11-01 14:58:09","Um I do have $60."
Sent,"2025-11-01 15:00:29",uh
Sent,"2025-11-01 15:00:43","i don’t know if that means you ^want^ 60"
Received,"2025-11-01 15:00:48","Yes "
Received,"2025-11-01 15:00:50","Please "
Sent,"2025-11-01 15:01:02","okay bring it over "
Sent,"2025-11-01 15:01:12","i’ll have her text him when you’re on your way"
Received,"2025-11-01 15:01:14","Okay my mom and I are leaving tjmaxx "
Sent,"2025-11-01 15:01:21",ok
Received,"2025-11-01 15:15:32","About to leave "
Received,"2025-11-01 15:15:40","You wouldn’t want to meet me at pnc would you "
Received,"2025-11-01 15:15:44","I need to get to sugies "
Received,"2025-11-01 15:18:09","Left "
Received,"2025-11-01 15:19:27","Nvm I’ll just come "
Received,"2025-11-01 15:21:21","Leaving pnc "
Received,"2025-11-01 17:22:18",Anything?
Sent,"2025-11-01 17:45:50","he’s coming soon"
Sent,"2025-11-01 17:52:52","…are you actually coming to hang out with me tonight or is that not happening?"
Sent,"2025-11-01 17:53:23","it’s fine i just hate thinking you are and getting my hopes up if you aren’t idk "
Received,"2025-11-01 17:58:12","I am still with Sugie. I gotta get her dinner "
Received,"2025-11-01 18:03:30","So maybe after dinner I can come over ?"
Received,"2025-11-01 18:06:19","I am going to dinner with my parents when I leave here. If that’s okay "
Sent,"2025-11-01 18:18:24","i can’t and don’t want to tell you what to do…and i don’t really have a choice because it’s the only way i might be able to get the one thing i want more than anything in the world - to be with you"
Sent,"2025-11-01 18:23:28","but i feel like i already know what’s going to happen and it’s so much harder thinking that things might be different now or this time but to be shown again that i’m nothing to you now and i’d be lucky if i got even 2hours with you as a special treat. i’m not trying to make you feel bad i just don’t know how to find any reason to think that anything is ever going to get better for me or not hate myself because i used to feel like, for all my flaws…you accepted me and saw something worthwhile. "
Sent,"2025-11-01 18:29:41","i can’t stop thinking about how much i used to love and look forward to monday’s and getting a whole tday to just be with you and no matter how hard i try or how far in advance i try to set it up…i can’t get any time with you and now i know that it’s just me…you can do that for other people"
Sent,"2025-11-01 18:32:48","if you want to see me, please come over. "
Sent,"2025-11-01 18:35:22","i promise you that i will not be upset if you can say or do anything at all that indicates that i can believe what you’re telling me you want. "
Received,"2025-11-01 19:03:28","Daniel. I just left Sugies. I am going to dinner with my parents now. "
Sent,"2025-11-01 19:31:29","…i just don’t know how you expect me to think you’re not just lying to me about everything because no matter what is going on or how much it would mean to me - i am ALWAYS last and often just get skipped over entirely"
Received,"2025-11-01 19:40:48","Daniel.  you are not always last. wtf. "
Received,"2025-11-01 19:41:03","I’m going to comeback over after I leave dinner "
Received,"2025-11-01 19:43:18","Have you heard from him "
Sent,"2025-11-01 19:45:13","i’m not going to fight with you about it but you’re just being dishonest. i have not been able to spend one single afternoon with you or any amount of time at all even though i asked for months"
Sent,"2025-11-01 19:46:30","just come over whenever you are able to. it will be here"
Sent,"2025-11-01 19:47:07","but honestly…you know what it wuold mean to me to get some time with you but whatever you are doing now is more important than giving me ONE time to see you for a little b"
Received,"2025-11-01 19:53:36","Yes Dan "
Received,"2025-11-01 19:53:39","I know that "
Sent,"2025-11-01 19:54:45","you know what?"
Sent,"2025-11-01 19:55:17","that i am not important to you anymore? i don’t know what you’re sayign"
Sent,"2025-11-01 19:58:58","why did you need to do this to me again on my birthday when im already upset that you don’t want me in your life anymore? i told you that you could say no and i wouldn’t have been mad at you. you even brought up hanging out last night when you were leave without me saying anything"
Received,"2025-11-01 20:11:48","I’m on my way over. "
Sent,"2025-11-01 22:18:42","i am sorry. i know you’re never going to say it but i am so fucking heartbroken and it’s going to be time to fully and forever say goodbye to each other because it is truly the most painful thing i've ever experience just to keep wanting you to love me again so badly and realie you don't want to be anywhere near me"
Sent,"2025-11-01 22:20:10","i don’t now what to do and i will need to talk to you but i am completely losing it and i just wish you had let me deal with this pain without having to fully realize that the love of my life is gone by myself while you tried to convince me everything was okay"
Sent,"2025-11-01 22:23:01","annie you don’t and won’t ever understand how much i love you. literally nothing could make me love you less and i can’t explain why but i am not sure how to keep doing anything now and i don’t know what reason there is to do anything anyways. i want you to know that i am going to be haunted by what my life should have been and "
Sent,"2025-11-01 22:25:17","how sincerely happy i was just to be anywhere near you. i know you think i am exaggerating but honestly… it’s why i am so fucked up because i really did feel like i found and was going to have someone who was truly magic to me.  i wouldn’t’ and couldn’t have let this go no matter what you did so you must feel pretty strongly about this and i just wish you had told me 9 month ago"
Sent,"2025-11-01 22:33:23","but everywhere i look, i see you and i know i’ll never be able to change how you feel about me but i don’t really know what i’m supposed to do now or how to be okay even for long enough to accomplish simple tasks. 

the only way i can think of to go on with life without you in it is to do my best to never think about the last 10 years and to act like you are gone and accept that i just won’t ever see or speak to you again so i won’t feel so  fucked up that something that feels like the end of my life is the thing you want"
Sent,"2025-11-01 22:34:11","…it didn’t have to be this way "
Sent,"2025-11-01 22:45:45","you won’t have anything to say and that’s just as well i guess but i need you to really hear me - i'm still so fucking scared and unthinkably upset about the idea of never hearing your voice or seeing you again that it's going to be very hard to work myself up to actually saying goodbye. but you're telling me without saying it that you don't want me anymore and now i have absoltely nothing"
Sent,"2025-11-01 22:46:27","goodnight. i don’t know what else to do."
Sent,"2025-11-01 22:51:53","i’m sorry for all the texts, please just make sure that there’s nothing of yours that i have and nothing of mine that you have. i will let you have some time to say goodbye to milo and we will figure out what to do when you want to see bop. "
Received,"2025-11-01 22:52:37","Please don’t do this "
Received,"2025-11-01 22:52:52","Can we please just talk tomorrow"
Sent,"2025-11-01 22:55:29","we can talk but i promise you i do not want to do this and i am fucking terrified. it might sound like other things i’ve said before tub i promise that this is just the only way i know to even try to stop feeling this intense loss and confusion "
Sent,"2025-11-01 23:00:10","if we are not together, this IS the only other option. it would have been that way probably even if you had not made me lose all sense of hope and worth by keeping me thinking you weren’t already gone when i could feel that you were but i am never going to stop trying to understand why you did this to me and us and whether you were ever who i thought you were"
Sent,"2025-11-01 23:05:20","you were the only real family i had that really meant what ‘family’ means and all of the sudden you hate me and i’ll stop now i just can’t explain what it feels like to go through all this and never even get a chance to stay together "
Sent,"2025-11-01 23:09:50","you forget how special this all was. i never stopped seeing you that way"
Sent,"2025-11-01 23:35:49","right you don’t care. sorry to bother yu while you’re busy with stuff that matters. don’t worry, you’ll still be able to get what you need. i won’t hate you. i just need to get as close to forgetting what happened here - the good and the bad - and find aa way to make it impossible for me to reach you. "
Sent,"2025-11-02 00:30:50","yeah fuck you too. we don’t need to talk tomorrow - there’s nothing to talk about."
Sent,"2025-11-02 00:31:21","monday you can say goodbye after you pick up and we block each other on everything and that’s it."
Sent,"2025-11-02 01:18:42","actually you just let me suffer enough over the past 2 days that i am just doing it now - i will have suz message you to see if you need something tomorrow and then you can come monday to say goodbye to milo. i HAVE to do this now, you don't understand how much it hurts to go through this without even hearing you tell me that i am not what you want anymore. i would have died for you and you chose to do this in the most painful way you could have so fuck you goodbye i wish you had never come into my life."
Sent,"2025-11-02 01:21:35","i would have been able to love you just as much as i always did, even after everything.  why the FUCK did you need to lie to me so i thought you still loved me for months. i fucking hate you"
Received,"2025-11-02 10:13:31","Please Dan.. I am so sorry "
Received,"2025-11-02 10:13:42","I love you"
Received,"2025-11-02 11:45:54","Please Dan "
Received,"2025-11-02 11:46:00","I don’t want it to be this way "
Received,"2025-11-02 12:15:52","On my way over "
Received,"2025-11-02 12:20:21","Are you coming out"
Sent,"2025-11-02 13:40:20","I haven't heard anything yet when he does come I'm putting it outside for you I don't wanna see you"
Sent,"2025-11-02 13:40:34","And tomorrow is the last time we do this after that you can deal with my mom"
Sent,"2025-11-02 13:40:55","I'm very fucking serious I want you out of my life I don't want to see you hear from you or have anything to do with you ever again"
Sent,"2025-11-02 13:42:14","That's what you want anyways so you should be happy"
Received,"2025-11-02 13:56:47","No that is not what I want "
Sent,"2025-11-02 14:10:28","yes, it is. otherwise we wouldn’t be in this position."
Sent,"2025-11-02 14:11:14","i fucking love you. you get to live your life knowing that despite how awful you’ve been to me that it’s still unthinkable to me to imagine life without you"
Sent,"2025-11-02 14:11:51","you don’t give a fuck about me and literally all you can even pretend to do to show you care is this vague meaningless bullshit. it’s all fucking lies"
Sent,"2025-11-02 14:12:24","i don’t want food. i don’t want platitudes or formalities"
Sent,"2025-11-02 14:13:46","i want the person back who at least treated me like a human being."
Sent,"2025-11-02 14:19:30","i’ve never given you a reason to doubt my dedication to you in 10 years and you can’t even give me the decency of giving me a REAL fucking answer to the question of whether you even want to be with me or not"
Sent,"2025-11-02 14:19:47","how fucked is that? what do you think that feels like?"
Sent,"2025-11-02 14:21:55","okay don’t expect me to text you when i see him"
Sent,"2025-11-02 14:22:16","you have nothing to say to me. you need to go away"
Sent,"2025-11-02 14:22:39","honestly i really do fucking hate you now"
Sent,"2025-11-02 14:22:45","you’ve earned iot"
Received,"2025-11-02 14:26:10","Don’t block me "
Received,"2025-11-02 14:26:40","Please Dan I beg you "
Received,"2025-11-02 14:51:48","Please "
Received,"2025-11-02 14:51:51","Answer me "
Received,"2025-11-02 16:27:02","Dan please "
Received,"2025-11-02 22:25:24","Goodnight Dan. I love you. "
Sent,"2025-11-03 00:56:48","i’m sure you don’t. you don’t even fucking like me anymore - you would barely fucking come near me last night and i already fucking hated myself enough before you made it clear that you would not even entertain the thought of hooking up with me now."
Sent,"2025-11-03 01:52:55","annie i really, truly mean this (honestly): you are the ONLY true happiness i’ve ever had and the only person who has ever accepted me and made me feel loved, despite who i am."
Sent,"2025-11-03 02:17:00","you are the love of my life and nothing you’ve done to hurt me has made me feel even slightly less sure that all i want in this world is to have you back. i am so confused and empty and i realize now that this hurts a thousand times worse all day every day than anything you could ever do to me."
Sent,"2025-11-03 02:34:40","if you don’t want me or we can’t be together, you need to understand  and accept that i legitimately love you and loved us, and was so happy to have you in my life so much that the only way i can accept that is to force myself to block everything about you and the last 10 years and try to forget how it felt to be truly happy and what real love feels like."
Sent,"2025-11-03 02:43:07","you were and still are the center of my reality. i feel like i’ve lost everything and i am sick to my stomach realizing that - if you really still loved me, you wouldn’t be putting my through this. every day feels like i’m in “eternal sunshine of the spotless mind” and i wish you would just remember that it’s me. i know i’m fucked up but i have and will love you and be there for you and i know you better than anyone and i just don’t know how you are okay throwing all of this away without even trying to let me and you and us be better"
Sent,"2025-11-03 02:53:19","that was awful to write and i’m going to do the right thing here and block you again so i don’t have to wake up and feel awful when you say nothing. i will find out around lunch what time you’re getting your check or whatever and if you have something to say, you know where i will be. if you don’t…then i will let you see milo and we will discuss whatever else we need to before saying our last goodbye."
Sent,"2025-11-03 03:00:18","annie - i fucking love you more than i love anything. i really would die for you. the fact that i am STILL determined to have a happy life together, and am willing to do fucking anything to have you back in my life and make you happy should tell you that i really do love you and care more than you could ever know."
Received,"2025-11-03 11:05:10","Good morning Dan. I want us to make our relationship work. I want to try. I want us to be happy again. I am sorry I have torn you down so much and hurt you the way I have. "
Received,"2025-11-03 11:05:59","Also I went to sugies a little bit ago hoping to get a check but she wasn’t there. She is out with Michelle today.. so if I do get a check it won’t be until later this afternoon. I’m sorry."
Sent,"2025-11-03 11:12:21","Are you able to go to the ATM at lunchtime"
Received,"2025-11-03 11:13:09","I just said I don’t have a check Dan "
Received,"2025-11-03 11:13:13","She is not at home "
Received,"2025-11-03 11:14:31","I will try to get some money. But otherwise it’s going to have to wait until later this afternoon"
Sent,"2025-11-03 11:52:43","i just unblocked you so i didn’t get any message from you"
Received,"2025-11-03 12:02:15","I said "
Received,"2025-11-03 12:02:25","Also I went to sugies a little bit ago hoping to get a check but she wasn’t there. She is out with Michelle today.. so if I do get a check it won’t be until later this afternoon. I’m sorry."
Received,"2025-11-03 12:02:36","I will try to get some money. But otherwise it’s going to have to wait until later this afternoon"
Sent,"2025-11-03 13:31:36","i guess you should just message my mom when you get your money"
Sent,"2025-11-03 13:36:02","it’s fairly obvious without you even saying anything that you both do not care and do not believe that i am serious and it’s exactly why i need to force myself to get away from you mentally and physically"
Sent,"2025-11-03 13:37:45","don’t worry i know that this is basically threatening you with what you already want but the complete lack of humanity for someone you supposedly loved for a decade is shocking and i don’t think it bothers you at all so"
Sent,"2025-11-03 13:37:48","talk to her"
Sent,"2025-11-03 13:38:06","but today is the day."
Received,"2025-11-03 14:11:34","Dan please "
Sent,"2025-11-03 14:25:23","please what?"
Received,"2025-11-03 14:25:48","“Today is the day”"
Sent,"2025-11-03 14:25:50","annie you really don’t need to keep pretending anymore"
Received,"2025-11-03 14:25:54","I texted your mom. "
Received,"2025-11-03 14:26:02","I only have $60. Sorry."
Sent,"2025-11-03 14:26:53","do you see"
Received,"2025-11-03 14:27:32","I’m not pretending "
Sent,"2025-11-03 14:28:10","i can tell. just bring the money, let’s get this over with"
Sent,"2025-11-03 14:28:54","if you want to see milo you can do it after he comes. i have do have a few things to give you because i’m nice"
Received,"2025-11-03 14:30:02","Please don’t do this "
Sent,"2025-11-03 14:30:22","i’m sorry do i have a choice?"
Sent,"2025-11-03 14:31:01","here’s how easy this is"
Sent,"2025-11-03 14:31:17","can you please answer one question for me"
Sent,"2025-11-03 14:31:21","what am i to you?"
Received,"2025-11-03 14:33:55","You’re the only person who gets me. You are my soulmate. My best friend. My boyfriend I spent a decade with. "
Received,"2025-11-03 14:39:29","Is there anything that you need from marathon dam"
Received,"2025-11-03 14:39:32",Dan
Sent,"2025-11-03 14:41:23","it’s that last sentence that should explain why i can’t be anywhere near you"
Received,"2025-11-03 14:41:40","Seriously "
Sent,"2025-11-03 14:41:49",yes.
Sent,"2025-11-03 14:42:23","not the thing about marathon"
Sent,"2025-11-03 14:42:38","“My boyfriend I spent a decade with.”"
Sent,"2025-11-03 14:43:59","i am never going to be just your friend."
Sent,"2025-11-03 14:44:16","i don’t want to and i can not."
Received,"2025-11-03 14:44:21","I understand that "
Received,"2025-11-03 14:44:38","I want to be with you daniel  "
Received,"2025-11-03 14:48:37","On my way over. "
Sent,"2025-11-03 17:37:03","i’ll be here if you want to come back. you don’t need to call or anything"
Received,"2025-11-03 17:40:33","Okay we are making dinner now. "
Received,"2025-11-03 19:04:32","Hi sorry they just now left and Sugie just called me saying she opened her front door… and Michelle left her fucking dog at sugies house while she “went out” and the fucking dog ran out the door "
Received,"2025-11-03 19:05:48","Like she didn’t even bother to text me and tell me she was leaving the dog there???"
Sent,"2025-11-03 21:54:21","i’m really glad you came back for a little bit. i miss you a lot"
Received,"2025-11-03 21:56:10","Of course I miss you too "
Received,"2025-11-03 23:06:04","I’m going to sleep I have to be up early 😑 also, I’ll get a check sometime tomorrow. Goodnight daniel and Mimi I love you"
Sent,"2025-11-03 23:55:03","i love you too"
Sent,"2025-11-03 23:55:07",goodnight
Sent,"2025-11-04 02:43:39","i saved the end of the blunt to smoke with you"
Sent,"2025-11-04 08:35:14","me and milo slept so bad and he is SO fucking cranky you would not believe it"
Sent,"2025-11-04 08:35:24","he is making the most obnoxious noises"
Received,"2025-11-04 09:20:09","Wittle cranky head "
Received,"2025-11-04 10:03:56","Loved “i saved the end of the blunt to smoke with you”"
Received,"2025-11-04 10:04:21","You are the one who slept bad and were disturbing his peep!
"
Received,"2025-11-04 10:04:34","Poor guy is king sleepy "
Sent,"2025-11-04 11:06:44","do you have any idea what time you are going to be ready? he is coming now to bring something for john"
Sent,"2025-11-04 11:06:54","i mean it’s fine he can come back"
Sent,"2025-11-04 11:07:05","i just didn’t know what to tell him about time"
Received,"2025-11-04 11:10:03","Probably not until later "
Received,"2025-11-04 11:10:35","I’ll try to go around 12:30 and do lunch and try to get a check then"
Received,"2025-11-04 11:10:44","I’ll let you know "
Sent,"2025-11-04 12:10:53","i don’t know what is going on with me something is so off"
Received,"2025-11-04 12:17:48","What do you mean "
Sent,"2025-11-04 12:29:59","i just don’t know how to pick myself up or do anything to make things better. from the moment i wake up every day i am just fighting off meltdowns and i don’t even see what direction to go that would make me feel any better i don’t know."
Sent,"2025-11-04 12:32:48","i’m not trying to be dramatic but it’s like, for all the problems that existed - there were things about my life that made me happy and literally all of them (other than milo) are gone and i just don’t even know how to fix anything."
Received,"2025-11-04 13:05:01","It’s my fault "
Received,"2025-11-04 13:05:10"," I am at sugies now"
Received,"2025-11-04 13:09:22","I’ll have $80"
Received,"2025-11-04 13:24:42","Going to atm"
Sent,"2025-11-04 13:27:44",ok
Received,"2025-11-04 13:27:52","Call me "
Received,"2025-11-04 15:06:43","Did she hear back from him "
Received,"2025-11-04 16:18:57","Excuse meeeeeeee"
Received,"2025-11-04 16:47:11","👹👹👹"
Sent,"2025-11-04 17:38:39",HI
Received,"2025-11-04 17:41:32",Hi
Sent,"2025-11-04 17:51:20","I have it"
Received,"2025-11-04 17:52:02","Ok eating now "
Received,"2025-11-04 17:52:46","Then taking some to Sugie then I’ll come "
Received,"2025-11-04 18:13:49","On my way "
Sent,"2025-11-04 20:06:15","i think i’m just going to lay down and go to bed i’ll talk to you tomorrow"
Sent,"2025-11-04 20:17:49",sry
Received,"2025-11-04 20:18:12","Sorry I just got out of the shower "
Received,"2025-11-04 20:19:22","I’m sorry I couldn’t stay longer.. my mom asked me to clean out my old dressers bc they are going in Alice’s bedroom "
Received,"2025-11-04 20:22:46","But I promise I will tomorrow. My head is hurting again. That spaghetti upset my belly too 😭"
Received,"2025-11-04 21:33:45","Goodnight daniel I love you "
Received,"2025-11-05 10:46:48","Good morning "
Received,"2025-11-05 10:47:02","Would you like to have lunch today"
Sent,"2025-11-05 11:02:59","Of course"
Received,"2025-11-05 11:03:34","What would you like to have "
Received,"2025-11-05 11:04:43","Pappys? Roosters? Rizzs? Chinese?"
Sent,"2025-11-05 11:08:49","you choose - you’re the picky one, i’ll eat anything"
Sent,"2025-11-05 11:08:57","although i had pappy’s last night so maybe not that"
Received,"2025-11-05 11:10:32","Laughed at “you choose - you’re the picky one, i’ll eat anything”"
Received,"2025-11-05 11:10:44","Funny "
Received,"2025-11-05 11:10:52","Really funny "
Received,"2025-11-05 11:12:13","Well tell me what you want "
Sent,"2025-11-05 11:14:28","what would be your first choice because i really don’t have a preference i  swear"
Received,"2025-11-05 11:14:52","Subway?? Wendy’s? Burger King?? "
Received,"2025-11-05 11:14:57","I’m just hungry "
Received,"2025-11-05 11:15:16",Chipotle?
Sent,"2025-11-05 11:15:18","i like stuff from all of those places"
Sent,"2025-11-05 11:15:58","chicken 3 pointer or chicken sandwich or turkey sandwich or whatever you know the things by now"
Received,"2025-11-05 11:16:08","I know "
Sent,"2025-11-05 11:16:18","wendy’s is always my first pick but it’s also the furthest away and is not that much better"
Sent,"2025-11-05 11:16:28","also i do like that new buffalo ranch snack wrap from mcdonalds"
Received,"2025-11-05 11:16:36","Oh really "
Received,"2025-11-05 11:16:49","Interesting "
Sent,"2025-11-05 11:17:03","yeah so just….you pick"
Received,"2025-11-05 11:17:09",Grrrr
Sent,"2025-11-05 11:17:55","also it’s wednesday so if you are going to want to see bop he will be gone after 4ish for pool"
Received,"2025-11-05 11:18:13","I don’t think I will have any money "
Sent,"2025-11-05 11:18:15","i have 20 to put in"
Received,"2025-11-05 11:18:20","I gave twenty "
Received,"2025-11-05 11:18:23",Have
Received,"2025-11-05 11:19:00","I’ll try to get more "
Received,"2025-11-05 11:19:29","But food first "
Received,"2025-11-05 11:20:03","Wendy’s chipotle McDonald’s "
Sent,"2025-11-05 11:20:19","￼the new sora is really good and really bad at the same time"
Sent,"2025-11-05 11:20:23","chipotle i don’t care"
Received,"2025-11-05 11:20:36","Okay "
Received,"2025-11-05 11:20:41","Chipotle it is "
Sent,"2025-11-05 11:20:44","wendy’s i don’t care why do you want me to choose i do not have any appreciation for food"
Sent,"2025-11-05 11:21:11","okay but you have to throw the food back at the employees if they don’t give you the REAL chicken three-pointer discount"
Received,"2025-11-05 11:21:23",Mehhhh
Received,"2025-11-05 11:21:37","I gonna get dressed and go "
Sent,"2025-11-05 11:23:06","you saw zohran won?"
Received,"2025-11-05 11:23:15","Duh "
Sent,"2025-11-05 11:24:01","not our district though lol"
Received,"2025-11-05 11:31:28","Of course "
Received,"2025-11-05 11:35:12","Leaving "
Received,"2025-11-05 11:35:16","Do you want a drink "
Sent,"2025-11-05 11:37:51","i don’t drink but even if i did it’s way too early to start"
Received,"2025-11-05 11:38:47","🙄😒"
Received,"2025-11-05 11:38:53","What do you want to drink Dan "
Received,"2025-11-05 11:44:02","Guess you don’t want a drink "
Received,"2025-11-05 11:55:59","Leaving "
Received,"2025-11-05 11:57:14","Can you come out and help me "
Sent,"2025-11-05 12:02:03","yes when"
Received,"2025-11-05 12:03:07","Passing shopnsave "
Received,"2025-11-05 13:35:55","I just thought about this. Since she said, she will pay me to cut her hair."
Received,"2025-11-05 13:36:10","I don’t know obviously how much but if we could just split a whole one from him"
Received,"2025-11-05 13:36:20","And I’ll do her hair"
Received,"2025-11-05 13:36:32","I dont know can you ask"
Sent,"2025-11-05 14:03:35","i’ll take care of it for you"
Received,"2025-11-05 14:03:43","Loved “i’ll take care of it for you”"
Received,"2025-11-05 14:03:46","You da best "
Received,"2025-11-05 14:04:12","And I’ll RUN with my scissors "
Received,"2025-11-05 14:04:16","👹👹👹"
Sent,"2025-11-05 14:04:32","noooo 😣 u still the best"
Sent,"2025-11-05 14:04:43","and don’t do that please you’re already banged up enough"
Sent,"2025-11-05 14:04:55","i put your card"
Received,"2025-11-05 14:04:56","✂️✂️✂️"
Sent,"2025-11-05 14:05:17","on the bookshelf with a clamp"
Received,"2025-11-05 14:05:27","Good thank you "
Received,"2025-11-05 14:33:22","Are you guys still at home "
Received,"2025-11-05 14:39:37","I have to go watch the kids. They are at home "
Received,"2025-11-05 14:40:22","Do you know if he is coming "
Sent,"2025-11-05 14:40:23","i didn’t go with her"
Sent,"2025-11-05 14:40:28",he
Sent,"2025-11-05 14:40:39","i think, is either still in california or on his way home or something"
Received,"2025-11-05 14:40:43",Ok
Sent,"2025-11-05 14:40:47","he wasn’t going to be immediately available"
Received,"2025-11-05 14:40:57","I’m going down to Claire’s then "
Sent,"2025-11-05 14:41:07","to get your ears pierced?"
Received,"2025-11-05 14:41:10","I’ll have my scissors and I’ll come over after "
Received,"2025-11-05 14:41:20","😑"
Sent,"2025-11-05 14:42:36","￼"
Received,"2025-11-05 14:42:51","So funny "
Sent,"2025-11-05 14:43:02","thank you, thank you."
Received,"2025-11-05 14:43:21","At least she said she’d pay me "
Received,"2025-11-05 14:53:20","Nevermind Geeg said it’s okay he will stay at home "
Received,"2025-11-05 14:58:51","Why didn’t you go with your mom "
Sent,"2025-11-05 14:59:51","well someone needed to be here in case he shows up"
Received,"2025-11-05 15:01:29","Blah blah blah "
Received,"2025-11-05 15:01:45","Maybe I just come over there "
Received,"2025-11-05 15:13:37",Ok?
Sent,"2025-11-05 17:59:57","if you feel like coming back i got more from her"
Received,"2025-11-05 18:03:48","How’d ya manage that "
Received,"2025-11-05 18:57:58","If I come over it won’t be for long.. like until 8 bc i promised my mom I would clean my old room/bathroom bc my uncle is coming to stay here this weekend 😖 I don’t want you to be mad "
Sent,"2025-11-05 19:00:41","it’s cool don’t worry about it"
Received,"2025-11-05 19:02:41","As in???"
Received,"2025-11-05 19:02:49","You don’t want me to come?"
Received,"2025-11-05 19:07:35",?
Received,"2025-11-05 19:13:18","alright I guess not. I’m sorry "
Received,"2025-11-05 19:15:47","Can you answer me.. I was going to come but now you say don’t worry about it "
Received,"2025-11-05 19:44:02","Uh this wind is serious "
Sent,"2025-11-05 20:38:33","hmmm i’m just going to go to bed soon and keep my thoughts to myself"
Received,"2025-11-05 20:45:11","Could I come by in a little.. "
Received,"2025-11-05 20:45:17","I’m at sugies "
Sent,"2025-11-05 20:49:39","yes - i thought you had to clean your bathroom for this weekend"
Sent,"2025-11-05 20:49:56","but i’m here if you want to"
Sent,"2025-11-05 21:18:30","…i really am a naive idiot"
Sent,"2025-11-05 21:35:43","still at sugie’s huh"
Received,"2025-11-05 21:43:07","What the hell"
Received,"2025-11-05 21:43:10","Yeah Dan "
Received,"2025-11-05 21:43:13","I’m about to leave. "
Received,"2025-11-05 22:29:23","Made it home. I’m sorry I didn’t get there sooner/stay longer.. I love you. Goodnight "
Sent,"2025-11-06 03:28:35","i love you so much. I really hate everything about my life now and even though I cant get you to want to do this together and find a new direction to make things better, I just wish you would understand how much it effects me that I know nothing about you, what you want, what is currently happening and whether or not I am going to actually continue being in your life. "
Sent,"2025-11-06 03:36:01","Annie I’m not trying to be dramatic but you have no idea what it’s like to watch someone you love keep pulling away and actively destroying your life together while telling you nothing is different or wrong and refusing to explain or even acknowledge what is happening. I don’t know what happened that made you think that it’s not awful to cheat and lie to me but I keep telling you that I am still here because you are the love of my life and I love you in a way that i can't feel about anybody else. i know how stupid and pathetic i look but i need you and i wish i knew how to get you to even try to go back to actually trying to move forward together in some way"
Sent,"2025-11-06 03:41:07","Edited to “.”"
Received,"2025-11-06 11:11:26","Good morning. Can I bring forty over before I go to sugies "
Received,"2025-11-06 11:19:36","Or I am going to have to send it to your mom bc I am riding to Morgantown with my mom after sugies "
Received,"2025-11-06 11:41:54","I just witnessed the police chase on Derrick Ave lol "
Sent,"2025-11-06 12:02:03","yes you can"
Sent,"2025-11-06 12:07:23","can you come now"
Received,"2025-11-06 12:11:52","We already left 😫"
Received,"2025-11-06 12:12:01","Ask your mom if I can send it to her "
Sent,"2025-11-06 12:15:31","Probably not"
Sent,"2025-11-06 12:15:51","Maybe cashapp or venmo"
Sent,"2025-11-06 12:16:15","fuck I already had her message him"
Sent,"2025-11-06 12:16:58","Why wouldn’t you just have come over"
Received,"2025-11-06 12:17:05","IM SORRY "
Received,"2025-11-06 12:19:00","I was invested in the police chase. They crashed at the end of Derrick "
Received,"2025-11-06 12:19:38","￼￼"
Received,"2025-11-06 12:21:06","Just let me know what to send it to "
Received,"2025-11-06 12:47:24",?
Received,"2025-11-06 13:02:56","I asked her. I sent to her Venmo "
Sent,"2025-11-06 13:38:58","Why do you hate me so much"
Received,"2025-11-06 13:39:44","I don’t Dan "
Sent,"2025-11-06 13:51:54","….k"
Received,"2025-11-06 13:52:33",Seriously?
Received,"2025-11-06 13:52:36","I don’t have you "
Sent,"2025-11-06 14:14:25",K
Received,"2025-11-06 14:15:58","Please stop that. "
Sent,"2025-11-06 14:38:00",ok
Received,"2025-11-06 15:40:57","Has he come yet "
Sent,"2025-11-06 15:59:58",no
Received,"2025-11-06 16:11:25",When
Sent,"2025-11-06 16:19:08","I don’t know"
Sent,"2025-11-06 16:19:12",rude
Received,"2025-11-06 16:19:17","What. "
Sent,"2025-11-06 16:20:11","\…"
Sent,"2025-11-06 16:28:08","Guess I don’t get to see you tonight"
Received,"2025-11-06 16:37:59",??
Sent,"2025-11-06 18:17:15","I have your shit"
Sent,"2025-11-06 18:34:10",?
Sent,"2025-11-06 18:41:00","alright i guess you’re busy"
Sent,"2025-11-06 18:53:06","I think I’m going to just give this to my mom for you to get from her. this is too much for me I’m sorry"
Received,"2025-11-06 19:09:29","Stop "
Received,"2025-11-06 19:09:35","I’m will be over "
Received,"2025-11-06 19:09:46","Can you please wait "
Sent,"2025-11-06 19:10:28","Why do you keep telling me ‘stop’ like I am choosing to be like this"
Sent,"2025-11-06 19:10:51","You know me - I would do absolutely anything to find some way to be okay"
Sent,"2025-11-06 19:13:41","It’s humiliating and pathetic and not helping my case at all. But you have me cornered and until you decide to let me take one of the two roads that lead to letting me feel any better - I’m stuck in this purgatory "
Sent,"2025-11-06 19:31:20","i need you to please consider that you saw me cry maybe twice in 10 years"
Sent,"2025-11-06 19:33:09","And compare that with the past year. Annie this isn’t me trying to be dramatic or get your attention or score points. "
Sent,"2025-11-06 19:44:30","All year, to feel a little better,  I kept telling myself that, at least on my birthday I would actually get some time with you.  This month is going to be so fucking awful for me and I just wish you cared enough about me to either do literally anything  to show me that you aren’t just lying when you keep saying you want to be together or accept that I need to remove you from my reality "
Received,"2025-11-06 20:13:00","I’ll be over. "
Sent,"2025-11-06 20:40:52",mailbox
Received,"2025-11-06 20:45:17","Answer me "
Received,"2025-11-06 20:50:15","There is nothing in the mailbox "
Sent,"2025-11-06 20:50:50","she wouldn’t let me"
Sent,"2025-11-06 20:50:56","the door is open"
Sent,"2025-11-06 21:19:09","I want to be clear I’m not threatening to hurt myself but i’m ready to just disappear and I need to find some way I can to be okay"
Sent,"2025-11-06 21:20:50","I can see that you’re not going to realize how fucked I feel and how much I am willing to put myself through to have you back in my life. I don’t think you are that cruel or selfish, I think you just don’t really care anymore. "
Sent,"2025-11-06 21:24:17","So goodbye. I deleted my social media accounts and i'm going to make a real effort to push through what is sure to be a really traumatic and painful experience….but I need you to understand that I sincerely am devastated in a way that I don’t know what I can do to even start feeling like there’s some point to any of this other than forcing myself to pretend this was no more real than  the saddest and most emotionally destructive nightmare  "
Sent,"2025-11-06 21:32:47","I mean it when I say that i’m sorry I wasn’t able to be more normal and just move on but… I really believed with my entire heart that I had found the person I was meant to be with and that no matter what you did,  nothing would be worse than losing you. It sounds corny but you complete me and I want you to know that somebody who knows everything about you thought you were so incredible that they weren't able to keep going once you were gone. "
Sent,"2025-11-06 21:39:59","It was you. It wasn’t how beautiful you are or sex or your economic class. You gave me the only real human connection and happiness I've ever felt… It wasn’t about looks or sex or anything aesthetic - it was you, Anne Louise Ulmer,  that I miss so much that it feels like the world ended  "
Sent,"2025-11-06 21:40:41","that's why I have to do this. "
Sent,"2025-11-06 21:43:28","I wish i knew why you wouldn't give me a single chance to try to make things better by genuinely working together like we always had. but life isn't fair and at the end of the day, it doesn't really matter how many times i had to let go of being angry and hurt and betrayed when you would ask me for another  chance….if you stopped loving me, everything else stops being important."
Received,"2025-11-06 21:51:43","Daniel "
Sent,"2025-11-06 21:52:04"," I love you so much and I want to fucking die - but I have to completely shut all of my memories of you and us down and throw away the key"
Sent,"2025-11-06 21:52:28","you don’t want to be with me and I am 100% sure that this is my only option. "
Sent,"2025-11-06 21:52:40","this is not another bluff or me being dramatic"
Received,"2025-11-06 21:52:49","Pease don’t "
Sent,"2025-11-06 21:53:03","honestly - why do you care? "
Sent,"2025-11-06 21:53:08","i don't mean that as being mean"
Sent,"2025-11-06 21:56:17","i know you are being disingenuious most of the time when you say you are shitty to me, but you must see by now that you are playing games with someone who is obsessive and autistic as a person, but more importantly - someone who honestly does have the kind of love for you that is extraordinarily strong  "
Sent,"2025-11-06 22:00:05","i went 9 years without losing any of the intensity of how much i loved you…you know that I’m not going to be able to get so fed up that I determine it’s not worth it. 

You have done so many horI’m not deluding myself when i say that i don’t deluding myself when I say that I don’t care about or want anything in the world other than to have you back in my life and this feels worse than all of the pain you have ever caused me put together"
Sent,"2025-11-06 22:04:10","anyway - i AM being delusional by thinking you somehow secretly want me back in your life. So there’s nothing else and I’m not going to wait any longer."
Sent,"2025-11-06 22:05:01","i hate it so much that i'm blabbing to stall what needs to happen. so i guess the last thing i will say"
Received,"2025-11-06 22:11:02","Dan please I am begging you for one more chance "
Sent,"2025-11-06 22:12:29","i hope that you find who you really are and that it brings you real inner-happiness. You'll see someday that it’s not something you need to search for, it’s been in you the entire time. 

As hard as I might try to forget or ’ll never be able to care about anyone else and won’t ever stop thinking about how happi I was because i had the only person I could feel true love for"
Sent,"2025-11-06 22:13:31","I don’t know what that means and I don’t even understand why you want or care . I’m not being mean by saying that you are okay , I. See it  In your face "
Sent,"2025-11-06 22:15:14","i won’t block you. if you somehow realize that this isn’t the future you want…you can let me know"
Received,"2025-11-06 22:15:38","Please Dan "
Sent,"2025-11-06 22:21:26","You have no idea what this feels like at this moment "
Received,"2025-11-06 22:21:49","You’re right. "
Received,"2025-11-06 22:22:04","I don’t deserve to be given any more chances "
Sent,"2025-11-06 22:22:23","annie i would give you a million chances - but you don't want to be with me anymore"
Sent,"2025-11-06 22:26:03","i'm being honest - I love you so much that, as long as you still wanted and loved me - I would never be able to leave you…because as much as you could hurt me,  I  will never be able to love or connect with anyone else  like I can with you"
Sent,"2025-11-06 22:27:28","okay i'm done now. 

i do not know what you want, but it’s not me. "
Received,"2025-11-06 22:27:42","Dan it is you. It’s always been you "
Sent,"2025-11-06 23:01:27","okay well i think the noticable lack of effort here on your part can speak to why it’s kinda up to you to decide that you want me or us in your life "
Sent,"2025-11-06 23:28:06","Okay I am wasting my time trying to figure out how to explain that this isn’t me trying to bluff you or make passive threats but we’re at the point where you’re now asking me for more”chances” without even pretending to care about any of this so "
Sent,"2025-11-06 23:28:14","Goodbye Annie. "
Sent,"2025-11-07 04:29:35","￼"
Sent,"2025-11-07 05:03:21","￼"
Received,"2025-11-07 05:45:03","I just woke up randomly and now I’m crying. I dont know what to do or say. I am sorry I drove you you to this point. I am such a shitty human being. I dont know why I let this happen. I dont know what my problem is. I dont know who I am. But I know that I love you and I don’t want to lose you "
Received,"2025-11-07 13:03:45","Well I should have some sort of money this afternoon"
Sent,"2025-11-07 13:56:35",lmk
Sent,"2025-11-07 15:22:55",?
Received,"2025-11-07 15:26:05","I don’t have it yet Dan. "
Sent,"2025-11-07 16:10:53","not gonna wait much longer"
Received,"2025-11-07 16:18:55","I’m trying "
Received,"2025-11-07 16:52:07","Would I be able to pay your mom back "
Sent,"2025-11-07 16:59:28","you know when you had tricked me into thinking you actually wanted to be together, I went to bat for you the other day"
Sent,"2025-11-07 17:00:14","And then you completely destroy me again why the fuck would I do that for someone who wants nothing to do with me"
Sent,"2025-11-07 17:01:40","I shouldn’t even be talking to you. I asked you extremely nicely to stay away unless you wanted me in your life and you were ready to actually do that"
Sent,"2025-11-07 17:05:38",N
Sent,"2025-11-07 17:05:57","now you ignore me - do you see why I can’t have anything to do with you? "
Sent,"2025-11-07 17:06:20","You are just using me for whatever you need at the moment and then you don’t care what the fuck happens to me"
Sent,"2025-11-07 17:11:03","What is your fucking problem? Why do you think it’s okay to be like this JUST TO ME"
Received,"2025-11-07 17:15:31","I was fucking SLEEPING "
Received,"2025-11-07 17:15:34","holy fuck "
Sent,"2025-11-07 17:20:27","Maybe you can tell me why you want to keep lying to me about what role I am going to play in your life"
Sent,"2025-11-07 17:20:38","I am going to try to get her to cover you but I shouldn’t"
Sent,"2025-11-07 17:22:42","But honestly - I am not doing anything that would justify you doing this to me. You know that this is the most upsetting shit in the world to me and that I’ll keep believing you that you want to be with me no matter how many times you have shown me that you really don’t "
Sent,"2025-11-07 17:25:42","okay fuck this - you know what you are doing and it’s clear that you only even want to see me when you are waiting for your stuff to come in. "
Sent,"2025-11-07 17:27:13","I just really wish you knew how bad it feels that you keep saying things that you KNOW are going to give me hope and you don’t mean it at all. It’s so fucking mean and it hurts so badly because I can’t do anything to make you stop"
Received,"2025-11-07 17:29:33","Dan bc I do want to figure out how to make this work "
Received,"2025-11-07 17:29:47","I am sorry I am such a shitty person "
Received,"2025-11-07 17:33:21","If your mom is able to cover sixty I’ll have it tonight or tomorrow morning"
Sent,"2025-11-07 17:56:11","I will have something for you here soon"
Sent,"2025-11-07 17:56:25","I don’t know exactly how much but I will try to get 60"
Sent,"2025-11-07 17:56:47","Annie I need you to really understand something"
Received,"2025-11-07 18:01:36","Okay.. "
Sent,"2025-11-07 18:01:56","I'm not exaggerating or trying to be manipulative when i tell you that you are the only thing that has ever really made me feel happy or okay. "
Sent,"2025-11-07 18:02:53","It's not even anything you're doing or are aware of…… from the moment I met you outside of that bank, you have been the only thing that I cared about. "
Sent,"2025-11-07 18:05:04","and i promise you…honestly….I can’t shake it. I really do feel it 100% as strongly as I ever have. "
Sent,"2025-11-07 18:05:24","That is what makes this so special, but it also makes it incredibly dangerous "
Received,"2025-11-07 18:05:27","Dan I was instantly captivated by you from the moment we met "
Sent,"2025-11-07 18:08:18","okay but "
Sent,"2025-11-07 18:08:28","your actions are not lining up with what you are telling me"
Received,"2025-11-07 18:08:34","I still am "
Sent,"2025-11-07 18:09:10","and you KNOW that if it were up to me, this would not be where we are. "
Received,"2025-11-07 18:09:49","I know.. I know it’s my fault "
Sent,"2025-11-07 18:09:56","so you need to decide what it is you actually want "
Sent,"2025-11-07 18:12:43","I feel really manipulated. Like you know how much I love you and you're leading me on to think that you have any intention of being together"
Sent,"2025-11-07 18:13:25","I don't need you to be perfect. I don't need you to be anything more or less than what you are"
Received,"2025-11-07 18:13:32","Daniel I do. I love you and I don’t want to be without you "
Received,"2025-11-07 18:14:59","Do you want me to come over now?… my uncle is on his way here from the airport "
Sent,"2025-11-07 18:15:08",yeah
Received,"2025-11-07 18:15:20","So my mom kinda would like me to be here I guess "
Received,"2025-11-07 18:15:28","It’s raining so hard "
Sent,"2025-11-07 18:16:49","well wait"
Received,"2025-11-07 18:17:04",??
Received,"2025-11-07 18:17:06","I can come "
Sent,"2025-11-07 18:17:12","okay then come "
Sent,"2025-11-07 18:17:59","you understand i don't have it yet right?"
Received,"2025-11-07 18:18:54","I know that "
Received,"2025-11-07 18:25:33","Almost there "
Received,"2025-11-07 19:55:38","Hi have you heard anything "
Received,"2025-11-07 20:12:33",Hellllllllo
Sent,"2025-11-07 20:27:57","still waiting"
Sent,"2025-11-07 20:28:02","sorry :("
Received,"2025-11-07 20:28:22","It’s okay you have nothing to be sorry for "
Sent,"2025-11-07 20:30:11","i will let you know when he comes or if i hear something"
Sent,"2025-11-07 20:30:24","he *is* still supposed to be coming"
Received,"2025-11-07 20:30:28","Thank you "
Received,"2025-11-07 20:30:45","Hopefully I’ll have some money 😑"
Received,"2025-11-07 20:30:48","By then "
Sent,"2025-11-07 21:05:57","ugh this is insane"
Sent,"2025-11-07 21:05:58","still waiting"
Received,"2025-11-07 21:06:13","That’s absurd "
Sent,"2025-11-07 21:07:56","i miss you. i was so comfy eeping with you"
Received,"2025-11-07 21:10:08","Miss yew turd "
Received,"2025-11-07 21:10:12","I was peeping "
Received,"2025-11-07 21:10:15","Hard "
Received,"2025-11-07 22:13:03",Still?
Sent,"2025-11-07 22:48:19",nothing
Sent,"2025-11-07 22:48:22","i fell asleep sorry"
Received,"2025-11-07 23:01:17",Damnnnn
Received,"2025-11-07 23:48:41","Still nothing?"
Received,"2025-11-08 01:09:37","😑😑😑 just woke up "
Sent,"2025-11-08 01:32:26","he never showed up "
Sent,"2025-11-08 01:32:36","we'll try again in the morning"
Sent,"2025-11-08 01:35:30",listen
Sent,"2025-11-08 01:35:54","i know you. i know you want me to stop. "
Sent,"2025-11-08 01:36:57","but there have been several different times in our decade together that i have made you confront something uncomfortable that ended up being really important. "
Sent,"2025-11-08 01:38:31","do you remember the big fight we got in about getting the apartment in nyc that you ended up telling me that the only reason we got that place was because I made it an issue "
Sent,"2025-11-08 01:40:17","annie if i don't find some way to fix this and get you to remember why we are so great together, i will never forgive myself..and I will spend the rest of my life truly empty and unhappy because I lost my best friend and the only person in this world that I care about"
Sent,"2025-11-08 01:42:40","i know what you are to me. you are the love of my life and I can’t go 5 minutes without thinking about you. I love you in a way that I can not love anyone else. I know these things, I don’t have to guess. "
Received,"2025-11-08 01:42:40","I love you "
Sent,"2025-11-08 01:43:57","i just can't not do anything and everything i can to show you that, for all my faults (and there are many) - there's something we have that neither of us will ever find anywhere else"
Sent,"2025-11-08 01:44:08","i love you. Goodnight and I’ll talk to you in the morning "
Received,"2025-11-08 10:11:16","Getting ready to get Sugie and go to Marika’s. 😑😑😑 wish me luck "
Sent,"2025-11-08 10:37:20","did you get your money"
Received,"2025-11-08 10:39:53","Not yet :/ I’m trying "
Sent,"2025-11-08 11:49:43","how is marika"
Sent,"2025-11-08 11:50:32","my fav"
Received,"2025-11-08 11:55:01","😑😒"
Received,"2025-11-08 11:55:04","Annoying "
Sent,"2025-11-08 12:27:00","she just heard from bop"
Sent,"2025-11-08 12:27:07","itry to have 60 for you when you get done "
Sent,"2025-11-08 12:29:01","but only if i get to see you for a little bit 👹"
Received,"2025-11-08 12:30:17","Okay okay "
Received,"2025-11-08 12:30:36","Just leaving "
Received,"2025-11-08 12:30:41","Gotta get lunch for sugies "
Sent,"2025-11-08 12:33:14","Milo having a rough day"
Sent,"2025-11-08 12:33:29","he got one of his front nails caught on one of his back nails"
Sent,"2025-11-08 12:33:41","I could have picked him up like a little milo handbag"
Sent,"2025-11-08 12:34:08","Now he’s sad and he’s laying with the worlds most crossed paws ever"
Received,"2025-11-08 12:40:00","Laughed at “I could have picked him up like a little milo handbag”"
Received,"2025-11-08 12:40:08","He needs a spa day "
Received,"2025-11-08 12:42:28","I have fifty cash I’ll bring with me "
Received,"2025-11-08 12:43:34","I will come over after sugies. But I can’t stay long long but I will stay a little. We are having dinner at our house tonight and I amhelping my mom cook"
Received,"2025-11-08 12:43:37","Don’t be mad at me "
Sent,"2025-11-08 12:45:08","😢"
Received,"2025-11-08 12:46:13","I am now chef Anne  "
Sent,"2025-11-08 12:59:56","I wish you were girlfriend Anne"
Sent,"2025-11-08 13:04:02","How soon can you get here"
Sent,"2025-11-08 13:04:08","Or should I come pick up your money"
Sent,"2025-11-08 13:04:11","Bop said 20 mins"
Received,"2025-11-08 13:08:12","Ok "
Received,"2025-11-08 13:08:18","It’s ok the front seat of the car "
Sent,"2025-11-08 13:39:57","Sorry I was in the shower"
Received,"2025-11-08 13:40:13","Wraps ordered "
Received,"2025-11-08 13:40:18","Picking up now "
Received,"2025-11-08 13:40:22","Did he come yet "
Received,"2025-11-08 14:33:11","So I get the tarragon I pull in the driveway back at home and I’m like whose car is here"
Received,"2025-11-08 14:33:15","I walk in the door "
Received,"2025-11-08 14:33:29","All I hear Fraser Stokes laugh "
Received,"2025-11-08 14:33:36","He kills me aghahaha"
Sent,"2025-11-08 15:08:19","oh good god"
Sent,"2025-11-08 16:53:22","you know"
Sent,"2025-11-08 16:53:32","i sincerely hate how much better you make me feel"
Sent,"2025-11-08 16:53:46","it should be the opposite"
Received,"2025-11-08 16:53:59","Well I wish I could magically disappear right now "
Received,"2025-11-08 16:54:09","Family on their way over and my mom goes Annie open this mail"
Received,"2025-11-08 16:54:30","Fucking lawyer extending their services to me "
Received,"2025-11-08 16:54:44","Meaning they must have filed paperwork on me "
Received,"2025-11-08 16:54:52","I was never fucking processed. "
Received,"2025-11-08 16:54:59","I am shaking. I threw up "
Received,"2025-11-08 16:55:11","And my dads fucking side is all on their way over "
Received,"2025-11-08 16:55:20","Full blown panic attack "
Received,"2025-11-08 16:55:38","Seriously fuck my life I am so fucking stupid "
Sent,"2025-11-08 17:49:03","wait what"
Sent,"2025-11-08 17:49:06","i don’t understand"
Sent,"2025-11-08 17:50:38","listen even if there are some kind of charges you won’t have very much to worry about because they didn’t do any of the things they would need to to press charges"
Sent,"2025-11-08 17:50:46","i’m sorry sweetie it will be okay"
Sent,"2025-11-08 17:50:56","and sorry i was outside burning paper with my mom"
Sent,"2025-11-08 17:55:29","are you okay"
Received,"2025-11-08 18:31:28","Honestly no "
Received,"2025-11-08 18:31:35","Just a wreck "
Sent,"2025-11-08 19:14:09","at least wait to see what actually gets charged before you get too upset"
Sent,"2025-11-08 19:24:23","i’m sorry annie, as much as i wanted you to learn a lesson i didn’t want you to actually have to deal with that"
Sent,"2025-11-08 19:25:31","and i may not have done it in the nicest way but i did try to warn you that you were basically begging to have that happen to you"
Received,"2025-11-08 19:38:51","I know.. I know you warned me. "
Sent,"2025-11-08 19:50:34","can i do anything for you"
Received,"2025-11-08 20:19:43","Just want to go to bed "
Sent,"2025-11-08 20:22:13","i hope you know that i genuinely am sorry for you and wouldn’t have reacted the way i did if you had told me that you weren’t sure what the outcome was.  i don’t want you to think that i’m happy this happened to you"
Sent,"2025-11-08 20:22:57","i know it’s awful and scary, it will be okay and not as bad as you’re imagining."
Sent,"2025-11-08 20:23:13","i love you and i’m sorry sweetie"
Received,"2025-11-08 20:27:21","Nothing for you to be sorry for. I brought this upon myself. "
Received,"2025-11-08 20:27:50","And now I just remembered I need to come up with $50 before tomorrow or the phones are shut off"
Received,"2025-11-08 20:36:04","Even if I get a check from Sugie tomorrow it won’t clear"
Received,"2025-11-08 20:43:10","I cannot function right now "
Sent,"2025-11-08 22:20:52","i just feel bad that it happened. if it makes you feel better i am still fucking outside while she burns shit"
Sent,"2025-11-08 22:21:07","i keep telling her THIS IS NOT SAFE GET AWAY FROM THE WOODS IT’S 10PM"
Sent,"2025-11-08 22:21:25","is there a fucking emergency? no. why are we burning stuff right now? couldn’t tell you"
Received,"2025-11-08 22:26:32","Yeah that probably isn’t a great idea. Keep Milo inside   I’m sure you already are. "
Received,"2025-11-08 22:27:43","But yeah if you can think of any solution to not get the phone service shut off I’d be thankful. I’m in bed. Headache. Crying. Threw up again. "
Sent,"2025-11-08 22:58:13","i will try to think of something idk. i really don’t need to keep doing it either, this is the only thing left that you treat or talk about or refer to as an “us” thing so it’s probably not smart to have that be something negative"
Sent,"2025-11-09 02:55:22","not being shitty i’m just saying that this is exactly what you were doing before and i don’t get it. if you don’t want to be with me - don’t. if you do, let’s do SOMETHING in that direction. i don’t understand the point of what you are doing other than hurting me."
Sent,"2025-11-09 03:18:20","idk whatever it’s just… it feels pretty clear only one of us actually cares or wants to do anything to move forward together. this is not how you treated me or life situations when we started dating.."
Sent,"2025-11-09 03:18:35","goodnight. i love you."
Received,"2025-11-09 11:19:44","Good morning. Going down to sugies. Trying to get some money still. "
Received,"2025-11-09 11:35:03","I’ll probably come over after if that’s okay "
Sent,"2025-11-09 11:45:42","of course"
Received,"2025-11-09 12:28:17","Well I’m leaving marathon "
Sent,"2025-11-09 14:17:38","i love you so much"
Received,"2025-11-09 14:17:49","Wuv yew"
Sent,"2025-11-09 14:17:57","hey you still owe me brownie mix"
Sent,"2025-11-09 14:18:00","you should get it for me at the store and i’ll make them for us"
Sent,"2025-11-09 14:19:58","oh also"
Sent,"2025-11-09 14:19:59","you’re gonna be real mad"
Sent,"2025-11-09 14:20:10","i forgot to tell you i have weed"
Sent,"2025-11-09 14:20:53","i will make sure you get some when i see you later oka?"
Sent,"2025-11-09 14:20:58","i sorry"
Sent,"2025-11-09 14:21:53","😣"
Received,"2025-11-09 14:22:27","👹👹👹👹"
Received,"2025-11-09 14:22:34","I’ll get brownie mix "
Received,"2025-11-09 14:22:42","Has she heard back yet "
Received,"2025-11-09 14:26:02","I need all da weed "
Received,"2025-11-09 15:10:08","Hello’s"
Received,"2025-11-09 15:12:03","I said hello "
Sent,"2025-11-09 15:19:31","why you do that lol"
Received,"2025-11-09 15:19:44","Bc "
Received,"2025-11-09 15:19:54","I’m going to get your brownie mix "
Sent,"2025-11-09 15:19:58","you not very patient"
Received,"2025-11-09 15:20:07","Sometimes I’m
Not "
Sent,"2025-11-09 15:20:17","hey get some pepperoni too and we’ll make friiiiiiiied pepperoni"
Received,"2025-11-09 15:20:36",Ok
Sent,"2025-11-09 15:22:17","if that sounds good to you"
Received,"2025-11-09 15:22:28","I am going to my aunt Claire’s for dinner but sure "
Sent,"2025-11-09 15:29:26","it can be your WHORE D’OURVES"
Sent,"2025-11-09 15:29:36","sorry too aggressive"
Received,"2025-11-09 15:30:37","😑"
Received,"2025-11-09 15:47:43","On my way over "
Sent,"2025-11-09 17:19:53","i have good news and i have bad newas"
Sent,"2025-11-09 17:20:04","which do you want first"
Received,"2025-11-09 17:20:56","Oh gosh"
Received,"2025-11-09 17:21:01","Just tell me both"
Received,"2025-11-09 17:21:09","I’m at home changing clothes "
Sent,"2025-11-09 17:21:12","okay the good news is that there is actually no bad news"
Received,"2025-11-09 17:21:17","Amen "
Sent,"2025-11-09 17:21:24","and the bad news"
Sent,"2025-11-09 17:21:37","is that your present is here"
Received,"2025-11-09 17:21:42","Present "
Received,"2025-11-09 17:21:45","Aka z"
Sent,"2025-11-09 17:21:54","aka yes"
Received,"2025-11-09 17:21:57",Yes
Received,"2025-11-09 17:22:05","Can I come by on my way to aunt Claire’s "
Received,"2025-11-09 17:22:10","Then I’ll come over again after "
Received,"2025-11-09 17:22:13","If that’s ok "
Received,"2025-11-09 17:22:37","I needed to change so I came home before going to her house "
Sent,"2025-11-09 17:23:18","whatever you would like to do. obviously it’s more than okay if you come back afterwards"
Received,"2025-11-09 17:23:34","Ok I’m heading out now can you bring it "
Received,"2025-11-09 17:25:47","On my way "
Received,"2025-11-09 20:39:38","Um you pocket dialed my mom a little bit ago "
Received,"2025-11-09 20:39:41","Please be more careful "
Sent,"2025-11-09 20:59:44","ugh it was probably when i was trying to call you."
Sent,"2025-11-09 20:59:46",sorry
Sent,"2025-11-09 21:00:21","the phone wasn’t even in my pocket"
Received,"2025-11-09 21:00:36","It’s nothing to be sorry about lol"
Received,"2025-11-09 21:00:49","She was just worried "
Sent,"2025-11-09 21:02:28","￼"
Sent,"2025-11-09 21:02:28","it’s this problem lol"
Received,"2025-11-09 21:05:51","Omg "
Sent,"2025-11-09 21:42:01","are you eepy"
Received,"2025-11-09 21:44:43","I’m always peepy "
Sent,"2025-11-09 21:47:05","sometimes and then other times you are a 6 year old that ate too much sugar"
Received,"2025-11-09 21:47:21","Never happy medium "
Sent,"2025-11-09 21:52:08","that’s okay you perfect"
Received,"2025-11-09 21:54:01","I wouldn’t go that far "
Sent,"2025-11-09 21:54:42","okay i guess. if you say so"
Received,"2025-11-09 21:54:58","Milo on the other hand "
Sent,"2025-11-09 22:01:01","you worry me 😐 but i will let you go so you can sleep."
Sent,"2025-11-09 22:01:13","i love you"
Received,"2025-11-09 22:06:31","I enjoyed being with you and mimi today even tho you get pepperoni grease everywhere"
Received,"2025-11-09 22:07:05","Sweet dreams booga butt and turd brain. Luv yews. "
Sent,"2025-11-10 03:11:49","i was happy to be with you too but i’m kinda worried about the fact that you’re still so cold and distant physically and it doesn’t seem like anything is different"
Sent,"2025-11-10 03:11:58","idk i love you goodnight"
Sent,"2025-11-10 03:24:35","i’m sorry i just want to know what my life is going to look like and you’re the most important thing in my life. i want to make something, anything better and i can’t do anything until i can know what is even happening in my life."
Sent,"2025-11-10 03:24:41","i love you"
Received,"2025-11-10 10:40:26","Good morning I’m going g to try to get a check in a little bit so we can get a whole one today"
Sent,"2025-11-10 11:15:18","wow you are just da best"
Received,"2025-11-10 12:07:46","Got the check "
Received,"2025-11-10 12:08:01","Just need to leave here and go to bank so maybe you could text him "
Received,"2025-11-10 12:20:39","Leaving "
Received,"2025-11-10 12:35:29","On my way over "
Received,"2025-11-10 13:53:14","Any word?"
Sent,"2025-11-10 14:59:41","not just yet"
Received,"2025-11-10 14:59:54","😑😑😑"
Received,"2025-11-10 15:06:17","When "
Received,"2025-11-10 15:32:01","👹👹👹👹👹👹👹👹"
Received,"2025-11-10 15:41:27","I talked to your mom she said she just asked him an eta "
Received,"2025-11-10 15:41:43","I told her I’ll probably just come over in a couple minutes "
Received,"2025-11-10 19:08:41","Well I somehow got sucked into rolling coins with my dad 😑"
Sent,"2025-11-10 19:09:55",ohhhh
Sent,"2025-11-10 19:09:57",fun
Received,"2025-11-10 19:11:12","Well wait first .. I had to take stuff to Marika’s. And she trapped me there for almost AN HOUR "
Received,"2025-11-10 19:11:27","I kept saying I gotta go home I gotta go the kids are there waiting on me "
Received,"2025-11-10 19:11:34","And she just kept talking "
Received,"2025-11-10 19:12:01","￼"
Received,"2025-11-10 19:12:32","Now im here rolling coins with my dad. He already hates me "
Sent,"2025-11-10 19:51:40","😟"
Sent,"2025-11-10 20:29:57","it’s getting late. i’m going to guess you just don’t want to see me but it’s fine i understand"
Received,"2025-11-10 20:37:43","I was just about to text you and tell you I am sorry it got late and I didn’t come back "
Received,"2025-11-10 20:37:57","😕☹️ eggs is sorry "
Sent,"2025-11-10 20:48:18","it’s okay"
Received,"2025-11-10 20:57:07","I rolled coins with my dad for like almost 2 hours "
Sent,"2025-11-10 21:33:07","i don’t want to bother you so i’ll leave you alone"
Sent,"2025-11-10 21:33:28","i’ll talk to you later sometime i love you"
Received,"2025-11-10 21:35:24","Well I’m in bed now I have a bad headache and belly hurts "
Received,"2025-11-10 21:35:37","I come over after my appointment tomorrow"
Received,"2025-11-10 22:15:08","Goodnight I love you "
Received,"2025-11-11 09:30:37","Good morning. My dad is taking me to my appointment now "
Received,"2025-11-11 12:35:38","Are you awake"
Sent,"2025-11-11 12:46:40","i am awake"
Sent,"2025-11-11 12:46:52","i thought you were coming over after your appointment"
Received,"2025-11-11 12:48:52","I am I am "
Sent,"2025-11-11 12:49:38","its fine"
Sent,"2025-11-11 13:02:08","i’m going to take a nap, you don’t have to come"
Received,"2025-11-11 13:02:25","Can I change clothes "
Received,"2025-11-11 13:02:32","Is the door unlocked "
Received,"2025-11-11 13:16:59","Coming "
Received,"2025-11-11 14:26:37","Forgot my coat "
Received,"2025-11-11 14:27:00","I’ll be back tho in a little "
Received,"2025-11-11 15:01:58","Waiting for my mom to send me money "
Received,"2025-11-11 15:04:48",60
Sent,"2025-11-11 15:25:04","i took shower"
Sent,"2025-11-11 15:25:07","cleaned toilet"
Sent,"2025-11-11 15:25:24","can you get me caffeine on your way"
Received,"2025-11-11 15:25:29","Wow big day "
Received,"2025-11-11 15:25:38","Just left the house going to ATM "
Received,"2025-11-11 15:25:44","Yes I’ll get something "
Sent,"2025-11-11 15:27:07","you hate me"
Received,"2025-11-11 15:27:26","Nope "
Sent,"2025-11-11 15:29:30","but kinda"
Received,"2025-11-11 15:32:47","I said no "
Sent,"2025-11-11 15:33:47","its cleaning day"
Sent,"2025-11-11 15:33:56","spring cleaning"
Sent,"2025-11-11 15:34:46","i have more weed for you"
Sent,"2025-11-11 15:34:52","and pizza"
Received,"2025-11-11 15:35:02","I’m leaving marathon "
Sent,"2025-11-11 17:33:50","still haven’t heard anythign"
Sent,"2025-11-11 17:33:58","hopefully it won’t be much longer"
Received,"2025-11-11 17:38:11","Jeeeeeze "
Sent,"2025-11-11 17:42:44","i sorry"
Received,"2025-11-11 17:45:46","He needs to get it together "
Received,"2025-11-11 17:58:03","Call the man "
Received,"2025-11-11 18:06:43","Bc this is ridiculous "
Sent,"2025-11-11 18:18:26","i’m trying okay"
Sent,"2025-11-11 18:22:54","why you mad at me"
Received,"2025-11-11 18:24:10","👹👹👹"
Sent,"2025-11-11 18:24:37","alls i do is love you and all you does is hate me"
Received,"2025-11-11 18:25:26","I do not hate you "
Received,"2025-11-11 18:25:31","I love you "
Sent,"2025-11-11 18:43:03","hey eggie"
Sent,"2025-11-11 18:44:07","i have something for you"
Sent,"2025-11-11 18:45:28",eggster
Sent,"2025-11-11 18:45:34","i said"
Sent,"2025-11-11 18:45:37","i have something for you"
Sent,"2025-11-11 18:46:07","see? this is your hate"
Sent,"2025-11-11 18:46:19","u cannot stand me"
Sent,"2025-11-11 18:49:00","whatever i probably don’t want to know what you’re doing. it will be here"
Received,"2025-11-11 18:51:23","zhang on "
Received,"2025-11-11 18:51:28","EATING DINNA "
Received,"2025-11-11 18:51:30","then I come "
Sent,"2025-11-11 19:28:58","i’m sorry i promise i am not trying to be sadboy i just….i am legitimately trying to make things better - for myself, hopefully for us and the one thing i need is to feel like (finally) i know what you actually want and plan to do because it’s the thing that determines what my mental perspective of everything is"
Sent,"2025-11-11 19:29:42","and i just don’t know what’s different this time, i feel like something awful could happen at any minute. idk"
Received,"2025-11-11 19:29:47","Dan I am leaving dinner "
Received,"2025-11-11 19:29:54","I have to get back home and get to Claire’s "
Received,"2025-11-11 19:29:59","I will be over soon "
Received,"2025-11-11 19:32:52","On my way "
Sent,"2025-11-11 19:36:39","…idk what that has to do with what i’m saying but okay"
Received,"2025-11-11 20:43:31","Kids already crying "
Sent,"2025-11-11 20:57:22","oh boy - aren’t they excited you’re there?"
Received,"2025-11-11 21:06:57","Well yeah "
Received,"2025-11-11 21:09:59","Claire is literally standing outside of Otto’s door holding it closed because he is literally having meltdown"
Received,"2025-11-11 21:10:03","I’m scared lol"
Sent,"2025-11-11 21:29:24","what did you do now"
Received,"2025-11-11 21:30:33","It wasn’t me "
Received,"2025-11-11 21:30:45","I cannot wait to sleep "
Sent,"2025-11-11 21:44:19","do you have anythign to do at nights or does she just need you for mornings?"
Received,"2025-11-11 21:45:05","Just morning "
Received,"2025-11-11 21:46:57","I already took my melatonin "
Received,"2025-11-11 21:47:08","Gonna read to Alice "
Sent,"2025-11-11 21:55:00","okay if you can’t sleep or something i’ll be here"
Sent,"2025-11-11 21:55:04","i you"
Sent,"2025-11-11 21:55:07","i love you***"
Received,"2025-11-11 21:56:17","I love you and I will let you know when I am coming over. Tell mimi he is the bestest cutest boy "
Received,"2025-11-12 07:35:12","They are being good so far this morning"
Sent,"2025-11-12 08:40:13","hey hi hello"
Sent,"2025-11-12 08:40:31","how is your child rearing going"
Sent,"2025-11-12 08:50:42","bleh whatever hope you’re good. i’m gonna shower and stuff but the doors are and will remain unlocked so you don’t have to walk allllllllll the way around the house….because i’m very nice gentleman"
Received,"2025-11-12 08:54:41","Thank you "
Received,"2025-11-12 08:54:46","Still not out the door yet "
Sent,"2025-11-12 09:13:01","das okay i was just making sure you knew that i woke up"
Sent,"2025-11-12 09:13:16","you said “wahhh wahhhh you better answer your phone wahhhhh”"
Sent,"2025-11-12 09:13:46","as though i would sleep through the chance to see eggiest yeah right get a life"
Received,"2025-11-12 09:21:41","lol shut up "
Sent,"2025-11-12 09:24:27","milo had big morning."
Sent,"2025-11-12 09:24:30","he had some milk"
Sent,"2025-11-12 09:24:36","got himself yelled at for peeing everywhere"
Received,"2025-11-12 09:24:38","Big boy "
Sent,"2025-11-12 09:24:48","turns out he has been shitting in my old room"
Received,"2025-11-12 09:24:55","Shut up haha"
Sent,"2025-11-12 09:24:58","like he walks ALL the way upstairs, down to the end of the hall"
Received,"2025-11-12 09:25:05","That’s so funny "
Sent,"2025-11-12 09:25:11","he’s sneeeeeeakyt"
Received,"2025-11-12 09:25:24","Goofball boy "
Sent,"2025-11-12 09:26:12","￼Tap send"
Received,"2025-11-12 09:26:39",Cutie
Sent,"2025-11-12 09:27:16","￼"
Received,"2025-11-12 09:29:08","Belly boy"
Received,"2025-11-12 09:29:32","I gotta figure out how to get money today"
Sent,"2025-11-12 09:46:38","alllllwight i’m up"
Sent,"2025-11-12 09:46:45","and showered"
Sent,"2025-11-12 09:46:45","and ready to"
Sent,"2025-11-12 09:46:45","GREET THE GREAT DAY"
Sent,"2025-11-12 09:47:00","is what milo said"
Received,"2025-11-12 09:49:27","I am
Not "
Received,"2025-11-12 09:52:32","After this I have to go to Marika’s and pick up food for Sugie that she made. Drop it off at sugies. Gotta stop by home then Eggie come over "
Sent,"2025-11-12 09:54:27","yea yea i be here eggster"
Received,"2025-11-12 11:55:20","I’ll be over soon "
Received,"2025-11-12 11:55:23","Sorry "
Sent,"2025-11-12 12:09:05","..u hate me"
Received,"2025-11-12 12:09:23","I do not "
Sent,"2025-11-12 12:11:51",mhmmm
Sent,"2025-11-12 12:13:22","do you know what you’re going to want? remember it’s pool day"
Received,"2025-11-12 12:13:47"," I know"
Received,"2025-11-12 12:13:53","That’s why I’m trying to get money "
Received,"2025-11-12 12:18:50","Have $40 now"
Received,"2025-11-12 12:35:17","I’m sorry "
Received,"2025-11-12 12:35:48","If she has 20 I pinky promise I will have it by later "
Sent,"2025-11-12 12:39:17","i took care of it for you"
Sent,"2025-11-12 12:39:19",because
Sent,"2025-11-12 12:39:19","i love you"
Sent,"2025-11-12 12:39:26","and YOU"
Sent,"2025-11-12 12:39:30","you don’t even like me"
Received,"2025-11-12 12:39:52","I love you"
Received,"2025-11-12 12:39:54","Thank you "
Received,"2025-11-12 12:39:58","I got you"
Received,"2025-11-12 12:40:02","CHERRY SLUSH"
Received,"2025-11-12 12:40:07","bc I love you "
Sent,"2025-11-12 12:40:49","THAT’S NOT LOVE"
Sent,"2025-11-12 12:40:49","THATS SODA"
Sent,"2025-11-12 12:41:04","SOADIE IS NOT LOVE"
Sent,"2025-11-12 16:38:51","what are you doing 😕"
Received,"2025-11-12 16:44:28","Dying "
Received,"2025-11-12 16:44:37","The kids most definitely gave me a sore throat "
Sent,"2025-11-12 16:52:31",ohhh
Received,"2025-11-12 16:53:39","It’s all red. Raw. Irritated "
Received,"2025-11-12 17:11:20","We are about to eat dinner I will try to come back over before I go to Claire’s for the night "
Sent,"2025-11-12 17:12:13","…yep i know how this goes"
Sent,"2025-11-12 17:12:15","i should have asked you to leave me a little more before you left"
Received,"2025-11-12 17:12:20","Stop it "
Received,"2025-11-12 17:12:22","I will "
Sent,"2025-11-12 17:18:14","it’s whatever, i can’t make or convince you to want to fix this or make anything even slightly better… and if you keep treating spending any time together like it’s a chore or an errand, it’s just going to be more of the same."
Received,"2025-11-12 17:24:37","It’s not an errand or a chore???"
Sent,"2025-11-12 17:41:19","i won’t annoy you about it but it’s not like i can pretend that anything is better or that any of the affection / attraction you had for the first 9 years together has come back."
Sent,"2025-11-12 17:45:28","you still won’t even spend more than like an hour with me."
Received,"2025-11-12 18:05:53","I will be over in a little Dan "
Received,"2025-11-12 18:49:41","Just showered I’m about to leave "
Sent,"2025-11-12 20:33:12","i’m sorry"
Received,"2025-11-12 20:36:19","You don’t need to be sorry. I am "
Received,"2025-11-12 21:27:13","There is a character in this show Alice is watching and his name is Ding Ding"
Received,"2025-11-12 21:43:37","Just got Alice into bed "
Received,"2025-11-12 21:43:43","My throat hurts soooo bad "
Received,"2025-11-12 21:43:49","It’s so red. "
Sent,"2025-11-12 22:08:22","mine might be a little bit too"
Sent,"2025-11-12 22:08:38","i love you have good eep"
Received,"2025-11-12 22:09:04","Alice had the exact opposite of clearing the scene. She has such a hard time popping. For years. Literally crying full blown tears bc she couldn’t go. I feel so bad. 

But. I took my melatonin. Kids are in bed. Sprayed my throat with Chloraseptic spray. Hoping tomorrow morning goes as smooth as today"
Received,"2025-11-12 22:09:12",Has*
Sent,"2025-11-12 22:10:21","do not give her the ibs. that’s not good."
Received,"2025-11-12 22:10:49","I thought about it, and i dont know which problem if rather have "
Received,"2025-11-12 22:11:17","The IBS or the constipation  "
Sent,"2025-11-12 22:12:24","i think that the one that doesn’t involve shitting your pants is the clear winner every time"
Sent,"2025-11-12 22:12:36","not that either one is going to be fun, but that’s a dealbreaker for me"
Received,"2025-11-12 22:12:47","It isn’t EVERY SINGLE TIME"
Received,"2025-11-12 22:13:00","but not being able to poop hurts "
Received,"2025-11-12 22:13:14","At least after you clear the scene you feel better "
Received,"2025-11-12 22:13:26","I’d rather take the ibs "
Sent,"2025-11-12 22:14:31","what a philosopher you are"
Received,"2025-11-12 22:14:53","🥴🤭"
Received,"2025-11-12 22:14:58","Occasionally "
Sent,"2025-11-12 22:21:17","i feel so down i’m just going to bed soon also."
Sent,"2025-11-12 22:21:18","i love you i’ll talk to you in the morning"
Received,"2025-11-12 22:21:53","☹️☹️☹️"
Received,"2025-11-12 22:22:03","Flounder face "
Sent,"2025-11-12 22:22:40","…"
Received,"2025-11-12 22:23:33","I love you. "
Received,"2025-11-12 22:23:54","I love mimi. Ding ding. Bugga butt. Stinky boy "
Sent,"2025-11-12 22:37:15","maybe you can figure out why you aren’t acting like this is something you even want to do…or just tell me you don’t want to be with me anymore.."
Sent,"2025-11-12 22:37:22","i don’t get it. goodnight i love you"
Received,"2025-11-12 22:39:56","Well it something I want to do "
Received,"2025-11-12 22:42:47","I feel the melatonin had hit me. And hit me hard. I love you sweet dreams "
Sent,"2025-11-13 10:03:24",hi
Received,"2025-11-13 10:48:01","I am 100% sick "
Received,"2025-11-13 10:49:07","I threw up. My head is killing me. My throat is all fucked up"
Received,"2025-11-13 12:34:13","Im going down to take Sugie lunch "
Received,"2025-11-13 12:34:21","Trying to get some money "
Sent,"2025-11-13 12:48:57","let me know now if you’\re gonna get something"
Sent,"2025-11-13 12:49:00","she’s calling him no"
Received,"2025-11-13 12:50:28",Yes
Received,"2025-11-13 12:51:12","Call me "
Received,"2025-11-13 12:56:34","Let me in"
Sent,"2025-11-13 13:45:15","by the way you look so much better not stick thin"
Sent,"2025-11-13 13:45:22","i really really mean that."
Received,"2025-11-13 13:50:03","☹️☹️"
Received,"2025-11-13 13:50:14","I hate it. I look at myself and just see fat"
Sent,"2025-11-13 13:50:24","unfortuntately now you just want nothing to do with me so sucks fo rme but"
Sent,"2025-11-13 13:50:36","please stop. i promise you that you look BETTER"
Received,"2025-11-13 13:51:29","Thank you"
Sent,"2025-11-13 13:54:00","the only frown emoji’s should be coming from me…"
Received,"2025-11-13 14:01:46","Eggie sorry girl"
Received,"2025-11-13 14:08:04","I feel so crappy "
Received,"2025-11-13 14:08:09","Just want to sleep "
Received,"2025-11-13 14:23:23","Have you heard from him yet?"
Sent,"2025-11-13 14:29:04",yes
Sent,"2025-11-13 14:29:06","it will be around 4"
Received,"2025-11-13 14:33:11","Okay I may have to go up the mountain here soon so hopefully I’ll be back sometime around then. I’ll probably just come straight there "
Sent,"2025-11-13 14:33:50","…okay"
Sent,"2025-11-13 14:46:07","have fun i guess"
Received,"2025-11-13 14:47:04","What lol I have to go to the mountain house haha"
Sent,"2025-11-13 16:02:33","are you here?"
Sent,"2025-11-13 16:05:07",nevermind
Sent,"2025-11-13 16:05:09","you’re busy"
Sent,"2025-11-13 16:06:42","your phone is off so… i guess you don’t care when you get this"
Sent,"2025-11-13 16:10:58","yeah you can just let me know when you are done with whatever you’re doing and i’ll meet you outside when you get here."
Sent,"2025-11-13 16:13:24","keep treating me like i’m too stupid to notice anything"
Sent,"2025-11-13 16:14:33","like the fact that this has happened on thursday two weeks in a row…"
Sent,"2025-11-13 16:14:55","like the fact that you don’t lose service like this at the mountain house.."
Sent,"2025-11-13 16:17:48","i guess i AM too stupid to understand why you want to keep fucking with my head when you aren’t pretending to be interested in me even when everything is supposedly fine."
Sent,"2025-11-13 16:20:50","it’s not like you are trying to convince me that you want to be with me, so what’s the point? is it just because of the z? do you just like to see me sad? did i do something SO terrible to you that you think i deserve to keep being reminded that only other people deserve your affection now?"
Received,"2025-11-13 16:34:00","Excuse me "
Received,"2025-11-13 16:35:51","Actually I did lose service inside the back of the house. "
Received,"2025-11-13 16:36:23","My mom and I are up here to meet with someone fixing the foundation of the house "
Received,"2025-11-13 17:08:45","I’ll be over in like 30-45 min "
Received,"2025-11-13 18:00:49","Heading back "
Sent,"2025-11-13 18:01:11","K let me know when i need to run out"
Sent,"2025-11-13 18:10:17","assuming you don’t have any time for me regardless of how i feel so"
Sent,"2025-11-13 18:14:51","…cool"
Sent,"2025-11-13 18:24:12","remember when you said you’d be done around 4pm"
Received,"2025-11-13 18:30:02","Omg "
Received,"2025-11-13 18:30:10","5 min away "
Received,"2025-11-13 18:32:19","We had to go back to sugies "
Received,"2025-11-13 20:45:32","Getting the kids ready for bed now "
Received,"2025-11-13 21:01:31","￼🫢🥴"
Sent,"2025-11-13 21:02:58","??? are you holding the door closed"
Received,"2025-11-13 21:03:34","Yes "
Received,"2025-11-13 21:03:40","Claire is holding him back in there "
Received,"2025-11-13 21:04:08","He was in such a good mood "
Received,"2025-11-13 21:04:17","Then Claire told him it’s time for bed and bam "
Received,"2025-11-13 21:04:33","I looked at Alice and I said “does he do this every single night?” "
Received,"2025-11-13 21:04:40","She goes “…yeah…”"
Sent,"2025-11-13 21:22:24","sorry i was eating snack wrap"
Sent,"2025-11-13 21:23:08","i guess the door thing isn’t bad as long as someone is in there with him"
Sent,"2025-11-13 21:23:23","that’s one of my very few early childhood memories"
Sent,"2025-11-13 21:23:55","is being scared in my room in the middle of the night and rick locked the door  or did something to prevent me from getting out"
Sent,"2025-11-13 21:24:44","and it’s incredibly traumatizing, but if someone else is actually in the room it’s  a different thing entirely"
Received,"2025-11-13 21:28:09",Omg
Received,"2025-11-13 21:28:24","Yeah I was just holding it while Claire was getting him away from the door "
Received,"2025-11-13 21:28:40","That sounds extremely traumatizing "
Received,"2025-11-13 21:28:42","I’m sorry "
Received,"2025-11-13 21:28:54","Hope your snack wrappy was good "
Sent,"2025-11-13 21:42:59","it was actually real bad"
Sent,"2025-11-13 21:43:20","but that’s okay because even the best snack wrap is still pretty terrible"
Received,"2025-11-13 21:44:27","😑🫤"
Received,"2025-11-13 21:44:37","Bc I didn’t order it. That’s why "
Sent,"2025-11-13 21:46:18","omg why is john back AGAIN"
Sent,"2025-11-13 21:46:58","it would be different if he was bringing something with him but"
Sent,"2025-11-13 21:47:04","whatever i hate everything"
Sent,"2025-11-13 21:47:19","i hate literally everything about my life now"
Received,"2025-11-13 21:49:05","😞 I’m sorry "
Sent,"2025-11-13 21:51:54","…thanks - that’s so much better than just doing anything to make it less terrible (even something as small as just seeming like you mean any of the things you’re telling me)"
Sent,"2025-11-13 21:55:17","i really don’t get it - what am i supposed to do when you won’t give me the smallest change to help me think you’re not fucking around with me again…still…..  why do you act like you barely know me and not like we lived together for a decade…."
Sent,"2025-11-13 21:57:12","like - you would think if you were even 1% serious about this you would be making a point of giving me some reason to think that you understand how awful it felt to go through some of this stuff and telling me that you wouldn’t do that again idk"
Received,"2025-11-13 21:57:17","How am I acting like I barely know you??? I know absolutely everything about you "
Sent,"2025-11-13 22:04:21","seriously that’s all you have to say"
Sent,"2025-11-13 22:07:26","you are acting like that because even after 10 years together, you absolutely refuse to let me in at all or to do anything whatsoever that would show me that you’re taking this seriously at all and it feels fucking awful"
Sent,"2025-11-13 22:12:33","yeah you really do not care. i get it. i’ll talk to you tomorrow."
Sent,"2025-11-13 22:14:39","i’m asking for SO FUCKING LITTLE and your refusal to even consider or try is so unbelievably depressing and apparently you can’t see just how badly i needed you to either be serious or tell me it was over."
Received,"2025-11-13 22:14:56","Dan I am serious "
Sent,"2025-11-13 22:19:39","well why do i feel so sure that you aren’t and everything is exactly the same as it was before? i can PROMISE you that i would not be saying this if i had even the smallest piece of evidence that it wasn’t like that"
Sent,"2025-11-13 22:21:00","the relief and sheer joy that i would get from having some reason to think that anything was better would literally change my life at this point"
Received,"2025-11-13 22:24:55","Dan I am sorry I haven’t made the effort and for making you feel like this. I really am "
Received,"2025-11-13 22:29:15","I know you are upset with me. I am honestly sorry. But I really do need to go to sleep. I have to get up earlier tomorrow. Claire goes in at 6:00am on Fridays, usually she goes in at 7:00."
Sent,"2025-11-13 22:33:13","right got it."
Sent,"2025-11-13 22:36:16","also i’m really not upset with you and actively do not WANT to be upset with you i just can’t get you to see that i don’t have any idea why you want to keep treating me with this vague, unclear (but definitely not romantically involved) position when there’s nothing to gain other than making me feel stupid and bad"
Sent,"2025-11-13 22:39:15","also i’m not so stupid as to think i can argue, convince or manipulate you into actually genuinely wanting to be together. it seems unlikely that you would be doing such a good job of hiding that desire if you actually felt that way but… goodnight i love you."
Sent,"2025-11-13 22:48:12","…thanks for caring so much"
Received,"2025-11-13 22:48:47","Daniel. I love you. "
Sent,"2025-11-13 23:02:29","right. this is what you were saying and doing to me while you were doing horrible shit to me before… i’m not an idiot annie. goodnight"
Received,"2025-11-14 08:04:46","Good morning "
Received,"2025-11-14 08:04:55","I have money for a whole one today"
Sent,"2025-11-14 11:20:59",k
Received,"2025-11-14 11:50:25","I’ll bring it over soon. "
Sent,"2025-11-14 12:30:53",????
Received,"2025-11-14 12:35:45","I’m on the freaking toilet "
Received,"2025-11-14 12:35:48","I’ll be over "
Received,"2025-11-14 12:42:20","Leaving now "
Received,"2025-11-14 12:42:25","Want anything at marathon "
Sent,"2025-11-14 12:43:54",sure
Received,"2025-11-14 12:44:07","Tell me what "
Received,"2025-11-14 12:46:02","? I’m here now "
Received,"2025-11-14 12:52:54","On my way over "
Sent,"2025-11-14 14:28:18","are you going to spend any time with me tonight or no"
Sent,"2025-11-14 14:34:23","…annie why the fuck can’t you even TRY to make any of this work"
Sent,"2025-11-14 14:34:46","“i don’t know” is not an answer. you aren’t trying. you are CHOOSING to not even try to give me a chance."
Sent,"2025-11-14 14:40:26","…great you don’t care"
Sent,"2025-11-14 14:43:36","you asked for another chance. i gave you another chance and really tried to let you show me any effort"
Sent,"2025-11-14 14:44:28","that didn’t happen, so it’s about time to take the other road here. i am so fucking depressed and you don’t seem to notice or care. all i am looking for is something real and authentic from you, even just a fucking statement…i can’t get it"
Sent,"2025-11-14 14:47:35","again, this isn’t a threat. i don’t think that an ultimatum is going to produce you genuinely wanting to be together again. this is simply the only options available to me to make ANYTHING better. i keep trying the one that ends with keeping you in my life, you keep taking advantage of the fact that i want that so badly…"
Received,"2025-11-14 14:58:00","Yes daniel. I will be over after I’m done at sugies today."
Received,"2025-11-14 14:58:04","If you want me to. "
Sent,"2025-11-14 14:59:08","…you know i want you to"
Sent,"2025-11-14 14:59:25","it’s what you actually want that is unclear"
Sent,"2025-11-14 15:24:10","i love you"
Received,"2025-11-14 15:28:32","I’m doing cleaning out here "
Received,"2025-11-14 15:28:34","I love you too "
Received,"2025-11-14 15:28:40","I will let you know when I am leaving "
Received,"2025-11-14 16:02:11","About to leave "
Received,"2025-11-14 16:07:30","On my way "
Sent,"2025-11-14 17:24:31","well that felt about as terrible and pessimistic as i would have thought possible. so legitimately my guess is that i’m supposed to interpret your silence and lack of any pushback as you confirming that you will not and do not want to do anything that would bring us closer or even give the appearance of any connection to me."
Sent,"2025-11-14 17:25:04","that’s all i’ll say i don’t want to start a thing right now. just needed to get that realization out. have fun i’ll talk to you later"
Received,"2025-11-14 17:31:55","Dan I am sorry for my lack of actions and efforts. It is shitty of me and I am sorry. I know it’s no excuse but I am constantly running around doing things and taking care of Sugie or the kids. And why would you say have fun? I am literally at home with my parents. They wanted me here for dinner. "
Received,"2025-11-14 19:04:38","Getting ready to leave if that’s still okay with you "
Sent,"2025-11-14 19:06:04","yes i always want to see you"
Sent,"2025-11-14 19:06:06","youknow that already"
Received,"2025-11-14 21:02:59","I made it home "
Sent,"2025-11-14 21:07:58","Thank you"
Sent,"2025-11-14 21:16:01","I'm not going to bother you just please tell me what I'm supposed to do"
Sent,"2025-11-14 21:24:57","i really did not want this to wind up with me pathetically whining to you in long text message strings about feeling unloved and unwanted. it would seem like i could actually have some reason to think you might be serious this time…since there’s nothing you get from lying to make me think you still love me if you didn’t"
Sent,"2025-11-14 21:27:17","but it would seem like if you won’t even consider changing one thing about how you are interacting with me and treating this as a relationship, that’s pretty clearly the same as saying you do not want it in your life. if just TRYING to treat me like you are interested or attracted to me at all is too much to ask, what’s left"
Sent,"2025-11-14 21:27:37","but that’s all i will say tonight i promise. i’m sorry. i didn’t want to send even that much."
Received,"2025-11-14 21:30:02","Daniel I love you. I am not lying to you about how i feel towards and telling you that i want to be together. I know i have neglected in my actions to show you that this is what i want and i am sorry for that. I have no excuse for not showing and proving to you that I want us to be together. I am sorry. I love you. Whether you believe me or not. I do and I will continue to tell you that I love you and prove that I do. "
Sent,"2025-11-14 21:31:52","i hope you understand that even one single *attempt* would be progress and would make a difference. you’re saying that like you just kinda haven’t given it the proper attention and that’s not really the same thing as doing every single thing you can to make it seem like you don’t want to be together"
Sent,"2025-11-14 21:33:07","if i am wrong i swear to god i want you to tell me because i WANT to believe that this still matters even a tiny bit to you because it is the most important thing in the world to me and literally the one thing i would do anything to have still"
Sent,"2025-11-14 21:35:12","idk i’ll stop. i hate this i’m embarrassed, i feel so fucking stupid and worthless and you’re all i have and i just…i need to actually find reality and understand what is actually going to happen so i can start making things better"
Sent,"2025-11-14 21:36:28","i want you to know that i recognize how insane this is and would only point to how special and different this relationship has always been as any kind of justification about why i am in this position"
Sent,"2025-11-14 21:37:23","i wouldn’t be here right now if i didn’t sincerely still love you as much as i always have"
Sent,"2025-11-14 21:41:28",goodnight
Sent,"2025-11-14 21:50:23","…if you mean what you’re telling me at all i would really appreciate some kind of fucking sign you have no idea what torture it is for you to keep me in the dark"
Received,"2025-11-14 21:57:13","Dan I am not keeping you in the dark. I will be over tomorrow after i do my moms hair"
Sent,"2025-11-14 21:57:41","yes you are but i legitimately am sorry i am so fucking embarassed. i did not want to be doing ^ this again"
Sent,"2025-11-14 21:59:55","it’s so embarrassing and it’s just so crystal clear that i am pretending to ignore the obvious message you’re sending - you don’t have any serious intention to be together. i’ll leave it there because i really don’t want to be like this"
Sent,"2025-11-14 22:23:03","okay so maybe just text me if you change your mind and decide to take this seriously"
Received,"2025-11-15 10:38:22","Good morning "
Received,"2025-11-15 10:38:26","About to do my moms hair "
Sent,"2025-11-15 11:55:12","are you getting something"
Received,"2025-11-15 12:02:33","Ummm yeah "
Received,"2025-11-15 12:03:05","I am goi g to sugies now. I have to measure the drain in her garage and my mom and I are going to Home Depot and hobby lobby after "
Received,"2025-11-15 12:03:13","Am I able to send the money "
Sent,"2025-11-15 12:03:40","probably not"
Sent,"2025-11-15 12:03:49","can’t you just stop here before you go to sugies?"
Received,"2025-11-15 12:04:40","Let me see if I can get in and out. I’m already at her house."
Sent,"2025-11-15 12:04:57",also
Sent,"2025-11-15 12:05:00","thanks for lying…again"
Sent,"2025-11-15 12:05:04","don’t worry though"
Received,"2025-11-15 12:05:16","What "
Sent,"2025-11-15 12:05:21","you fucked me up badly enough last night that i’m legit done"
Sent,"2025-11-15 12:05:49","￼"
Received,"2025-11-15 12:06:23","Dan I am sorry I didn’t realize I needed to go do this "
Received,"2025-11-15 12:24:39","Is there any way I can please send the money "
Received,"2025-11-15 12:26:43","My mom is waiting on me "
Sent,"2025-11-15 12:56:35",no
Sent,"2025-11-15 12:56:37","you can’t"
Sent,"2025-11-15 12:57:01","and seriously fuck you"
Sent,"2025-11-15 12:58:01","you don’t give a fuck about me and you don’t have any intention of there being an ‘us’"
Sent,"2025-11-15 12:58:08","and it’s not helping me to pretend like you do"
Sent,"2025-11-15 12:58:15","so….let me know if you want something"
Sent,"2025-11-15 12:58:27","but no you can’t send the money"
Received,"2025-11-15 13:02:09",Dan
Received,"2025-11-15 13:06:20","Gosh I am fucking sorry "
Received,"2025-11-15 13:06:47","I will be over after we get done grocery shopping "
Sent,"2025-11-15 13:38:47","you should probably just wait until tomorrow"
Received,"2025-11-15 13:43:24","Why "
Received,"2025-11-15 13:45:58","If you would just let me send the money. "
Sent,"2025-11-15 13:53:03","it’s not my fucking decision"
Received,"2025-11-15 13:53:24","Okay Jeeze sorry "
Sent,"2025-11-15 13:53:55","annie you really can just stop saying that to me"
Sent,"2025-11-15 13:54:00","it means less than nothing"
Received,"2025-11-15 13:58:53","In line to check out at Walmart., I will go to the atm after I get home "
Received,"2025-11-15 14:23:32","Just got home let me load up my car then I’ll leave "
Received,"2025-11-15 14:48:58","Sorry leaving now"
Received,"2025-11-15 14:56:08","On my way over"
Received,"2025-11-15 17:03:11","Did you hear anything "
Sent,"2025-11-15 17:18:20","he’s supposed to be coming soon"
Received,"2025-11-15 17:25:19","Okay. I’m still with Sugie. "
Sent,"2025-11-15 17:40:18","by the way i was drinking the water i brought down for you the other day and i saw what you were looking at in the bottom of the glass…there wasn’t anything in it, it was just discolored because i must have burned it at some point lol"
Sent,"2025-11-15 17:40:39","i don’t want you to think i gave you gross water, i checked the glass before i brought it down."
Received,"2025-11-15 17:47:39","I didn’t think you did haha"
Received,"2025-11-15 17:47:48","I knew something was in there or wrong with the cup "
Sent,"2025-11-15 17:59:18","whenever you do come can you please grab me something caffeine"
Received,"2025-11-15 18:12:20","Yes. I have cans of Coke. Or do you want like an energy drink?"
Received,"2025-11-15 18:56:23",??
Sent,"2025-11-15 19:32:28","how stupid do you actually think i am"
Sent,"2025-11-15 19:40:47","like honestly you asked me to give you “another chance” and still did not even think about anything, do anything differently at all or even try in any way whatsoever"
Sent,"2025-11-15 19:42:20","that’s about as close as i’m going to be able to get to having evidence that you’re just lying about your intentions"
Sent,"2025-11-15 19:45:40","it’s just incredibly hard to understand why you would do that to me in the first place, let alone when you’ve already got me in a corner and i am at rock bottom in every imaginable sense."
Sent,"2025-11-15 19:55:32","you are the love of my life and the only thing and person that means anything to me, you are my closest family and you have been my world for a decade… to tell me that you want to be together but act like this is such a mean way to treat someone who is telling you that they love you unconditionally and if there is ANY way to not lose you, i HAVE to take it. you mean that much to me and i am going to spend the rest of my life empty and alone…"
Sent,"2025-11-15 19:58:45","if that’s what i’m doomed to experience, at least let me understand and accept that fact. you don’t understand how depressing it is to lose your true love when they cheat on you and then let you down refusing to try…and doing……this."
Received,"2025-11-15 20:05:01","I’ll be over. "
Sent,"2025-11-15 20:05:16","what the fuck kind of response is that"
Sent,"2025-11-15 20:05:49","is that seriouslyhow you think i deserve to be treated? like honestly??"
Sent,"2025-11-15 20:07:42","YOU asked ME to give you another chance"
Sent,"2025-11-15 20:23:54","please remember this moment the next time you want to INSIST that you care about, love and want to be with me."
Received,"2025-11-15 20:42:13","Coming. "
Received,"2025-11-15 22:38:17","Yesterday you asked me, “what does it even mean when you say I love you anymore” and I have tried to find the words to explain that to you with hopes you may believe me. 

When I tell you I love you, I love you for who you are, the guy I fell instantly for. I love you for your intelligence. Your dark twisted humor. I love you for how you know me better than I know my own self. I love you for never giving up on me regardless of how much hurt I have caused you. I love you for being there for me and listening to my pointless ramblings. I love you and I always have and always will."
Sent,"2025-11-15 23:06:12","i appreciate you writing that but it still doesn’t tell me the thing i’m not sure about: do you still love me as a boyfriend, romantically whatever / or did that morph into a more general love like a family member"
Sent,"2025-11-15 23:54:56","i’m going to bed i have thrown up twice"
Sent,"2025-11-15 23:55:09","my head hurts so fucking bad i just need caffeine"
Sent,"2025-11-15 23:55:37","i love you"
Received,"2025-11-16 10:28:52","Good morning "
Received,"2025-11-16 10:29:37","I am sorry i fell asleep last night. I will bring you some energy drinks in a little bit "
Received,"2025-11-16 10:31:49","And I have sixty, I know there is a Steelers game at 1:00. And he goes to church so i dont know if you can just tell your mom I want to get sixty"
Sent,"2025-11-16 10:59:33",huh?
Sent,"2025-11-16 10:59:59","if you’re able to get me a pack of cigarettes when you grab a drink please do"
Sent,"2025-11-16 11:00:12","i’ll be here. i can’t do anything until i have the money today. she doesn’t have enough to cover"
Received,"2025-11-16 11:02:06","Ok I’ll get ready "
Sent,"2025-11-16 11:09:03","i have a dog"
Received,"2025-11-16 11:13:01","No way "
Received,"2025-11-16 11:33:51","Crown menthol 100s?"
Sent,"2025-11-16 11:34:18","yes. my mom said she will give you money if you get her a small coffee"
Received,"2025-11-16 11:35:16","Cream sugar?"
Sent,"2025-11-16 11:35:27",yes
Received,"2025-11-16 11:35:36",Ok
Sent,"2025-11-16 11:35:48","thank you i appreciate it"
Sent,"2025-11-16 11:50:24","how long are you going to be"
Received,"2025-11-16 11:50:38","About to turn on Saratoga"
Sent,"2025-11-16 12:54:37","i love you very much"
Received,"2025-11-16 12:57:47","I love you "
Received,"2025-11-16 12:57:53","I got pepperoni rolls"
Received,"2025-11-16 13:01:08","￼Milo wants this for his new bag "
Sent,"2025-11-16 13:07:22","he said"
Sent,"2025-11-16 13:07:28","NO. FREAAKIN. WAY."
Sent,"2025-11-16 13:07:54","i don’t know if he was talking about the roni rolls or the bag but"
Sent,"2025-11-16 13:08:06","he’s worked up about it"
Received,"2025-11-16 13:10:16","He wants roni rolls in the bag "
Sent,"2025-11-16 13:13:43","he wants."
Sent,"2025-11-16 13:13:44","to see"
Sent,"2025-11-16 13:13:47","his freakin mom"
Received,"2025-11-16 13:23:59","He will "
Sent,"2025-11-16 13:40:15","He said his momma pretty"
Received,"2025-11-16 13:41:57","Dawe thanks milo"
Sent,"2025-11-16 13:47:50","i have a confession…."
Sent,"2025-11-16 13:47:57","sometimes……"
Sent,"2025-11-16 13:48:03","when i say milo said something…."
Sent,"2025-11-16 13:48:22","he didn’t"
Sent,"2025-11-16 13:48:29","and it’s just stuff i think"
Received,"2025-11-16 15:00:27",Ohhhhh
Sent,"2025-11-16 15:06:49","are you furious"
Sent,"2025-11-16 15:08:37","in other milo news"
Sent,"2025-11-16 15:08:43","he’s sun chipping"
Sent,"2025-11-16 15:08:48","so hard right now"
Sent,"2025-11-16 15:09:18","ON HIS OWN BED. ohhhhhh man it’s like big timing over here"
Sent,"2025-11-16 15:16:25","￼Tap send"
Sent,"2025-11-16 15:17:12","￼"
Sent,"2025-11-16 16:08:45","oh you angry"
Received,"2025-11-16 16:24:46",Woah
Received,"2025-11-16 16:24:50","Baby boy "
Received,"2025-11-16 16:28:01","I gottta go get the keys to my uncles "
Received,"2025-11-16 16:28:07","Did you hear anything yet "
Sent,"2025-11-16 16:28:17","Not yet"
Received,"2025-11-16 16:28:24","Jeeeze "
Sent,"2025-11-16 16:50:36","I sorry"
Sent,"2025-11-16 16:50:42","Maybe he mad you won’t come hang out with me"
Sent,"2025-11-16 16:50:46","Maybe that’s the reason"
Received,"2025-11-16 16:59:09","I’m on my way to my uncle’s house now"
Received,"2025-11-16 16:59:16","The Steeler game is over"
Sent,"2025-11-16 16:59:33","He might not have it still idk"
Sent,"2025-11-16 16:59:36","We will find out"
Received,"2025-11-16 16:59:52","Oh god"
Sent,"2025-11-16 17:00:04","Well wtf do you want me to do veggie"
Sent,"2025-11-16 17:00:09",eggie
Received,"2025-11-16 17:00:11",Veggie
Received,"2025-11-16 17:22:23","Going to come give you the foods "
Sent,"2025-11-16 17:22:53","😟"
Received,"2025-11-16 17:23:12",What
Sent,"2025-11-16 17:31:59","i. Don’t. Want. Food. I. Want. Egg."
Sent,"2025-11-16 17:58:58","remember when you got me liquid death and said it was an energy drink lmao"
Received,"2025-11-16 18:06:52","Yeah hahahaha "
Received,"2025-11-16 18:25:01","I didn’t know lol"
Received,"2025-11-16 18:25:16","Tell me she has heard something back "
Sent,"2025-11-16 18:25:20",...no
Sent,"2025-11-16 18:25:26","just chill okay"
Sent,"2025-11-16 18:25:28","I can’t do anything"
Received,"2025-11-16 18:25:30",No
Sent,"2025-11-16 18:25:30","Or "
Sent,"2025-11-16 18:25:32","Like I said"
Sent,"2025-11-16 18:25:42","Maybe he’s just mad you won’t hang out with me"
Sent,"2025-11-16 18:25:47","Who knows ya know"
Sent,"2025-11-16 18:25:52","Maybe that’s the issue"
Received,"2025-11-16 18:25:55","🙄🙄🙄"
Sent,"2025-11-16 18:28:38","You’re rude and you hateme"
Received,"2025-11-16 18:29:52","I do not hate you"
Received,"2025-11-16 18:29:55","I may be rude "
Sent,"2025-11-16 18:35:52","…ok"
Received,"2025-11-16 18:38:56","👹"
Received,"2025-11-16 18:39:04","I dont know how I am like so dead tired "
Received,"2025-11-16 18:39:13","Like cannot keep my eyes open "
Sent,"2025-11-16 18:39:29","I’m sure it’s exhausting hating me so much all day every day ya know"
Received,"2025-11-16 18:39:46"," I DONT "
Sent,"2025-11-16 19:11:27","My mom said it doesn’t look good for tonight"
Sent,"2025-11-16 19:11:32","So I’m sure I won’t be seeing you again"
Received,"2025-11-16 19:14:08","Wahhh "
Received,"2025-11-16 19:14:11",Wahhhhh
Received,"2025-11-16 19:15:24","￼"
Received,"2025-11-16 19:15:24","Eggie in bed "
Received,"2025-11-16 19:15:50","Eggie cannot keep her eyes open "
Sent,"2025-11-16 19:15:57","Why are you so pretty"
Received,"2025-11-16 19:15:58","But "
Sent,"2025-11-16 19:15:59","Stop it"
Received,"2025-11-16 19:16:25","I should have cash tomorrow when I get to my uncles. They are leaving between 12-2"
Received,"2025-11-16 19:16:37","So if he doesn’t come tonight"
Received,"2025-11-16 19:16:49","KEEP THE SIXTY FROM TODAY"
Received,"2025-11-16 19:17:03","and I’ll give you the rest to make it for a while one"
Sent,"2025-11-16 19:20:13","Yeah whatever"
Received,"2025-11-16 19:21:40",What
Sent,"2025-11-16 19:34:30",Hate
Sent,"2025-11-16 19:34:32","do no like"
Received,"2025-11-16 20:49:59","I just woke up"
Received,"2025-11-16 22:15:26","And again "
Received,"2025-11-16 22:38:59","I dont know why I am so tired like I cannot keep my eyes open "
Sent,"2025-11-16 22:39:19","Yea yea"
Sent,"2025-11-16 22:39:42","u suck"
Sent,"2025-11-16 22:48:01","I love you"
Received,"2025-11-16 22:57:42","I love you "
Received,"2025-11-17 09:37:16","I fell asleep at 7;30pm last night and woke up like twice for a few minutes when I texted you "
Received,"2025-11-17 09:37:23","And I just now woke up"
Received,"2025-11-17 09:37:26","HOW "
Sent,"2025-11-17 11:25:14","Please try to let me know when you"
Sent,"2025-11-17 11:25:18","you’re ready asap"
Sent,"2025-11-17 11:25:24","He said he can find us something today"
Received,"2025-11-17 11:31:19","Waiting for them to leave "
Received,"2025-11-17 11:32:34","Find us some? It better not be crappy "
Received,"2025-11-17 11:56:36","Good news "
Received,"2025-11-17 11:57:22","They are coming by my parents house to drop off my money bc the cleaning ladies are at their house now and they didn’t want to leave it there"
Received,"2025-11-17 11:58:11","So I will come over as soon as they drop it off "
Received,"2025-11-17 13:14:00","EGGSTER GOT DA WINE. GOT DA CHINESE "
Received,"2025-11-17 13:14:04","SHE ON DA WAY "
Sent,"2025-11-17 13:18:39","guess what eggie"
Received,"2025-11-17 16:12:02","Eggie belly hurts "
Sent,"2025-11-17 17:07:18","from the chinaman food?"
Received,"2025-11-17 17:09:34","I dont know "
Sent,"2025-11-17 17:10:04","i’m sorry sweetie"
Sent,"2025-11-17 17:10:45","or wait"
Sent,"2025-11-17 17:11:04","is this the new annie way of saying “i’m not coming back”"
Received,"2025-11-17 17:12:46",Omg
Received,"2025-11-17 17:13:35","I am going to try to Dan. I need to take Sugie dinner. I told my mom I’d eat with her. Gotta feed lucky and take him out "
Sent,"2025-11-17 17:14:22","…uh okay"
Sent,"2025-11-17 17:14:35","i promise i’m not trying to be rude but"
Received,"2025-11-17 17:14:39","I’m trying here "
Sent,"2025-11-17 17:14:39","it’s like so obvious"
Received,"2025-11-17 17:17:17",Sowwwwy
Sent,"2025-11-17 17:47:46","annie i don’t know what you’re not understanding about the fact that you are like breaking my brain by just convincingly telling me stuff that you don’t even pretend to follow through on or like"
Sent,"2025-11-17 17:49:10","i’m not even necessarily asking you to spend more time with me but you are just NOT treating this like it matters at all and there are all these things that you are just choosing to not do that are like…’how would this ever work if you aren’t willing to even try’ stuff"
Sent,"2025-11-17 17:51:12","and i don’t think it’s hard to understand why that would be so soul crushing… i don’t feel like i’m doing something admirable by doing whatever i need to to save this…i feel like you see me as an annoying hanger-on who just won’t get the message."
Received,"2025-11-17 18:15:07","I was eating dinner Dan. I am dorru "
Received,"2025-11-17 18:15:09","Sorry "
Received,"2025-11-17 18:16:26","Do you want me to come over before I go out there for the night. I just want to get out there and have the dog out before too late bc I am scared of the animals out there "
Sent,"2025-11-17 18:18:26","no it’s fine i get so fucking uncomfortable doing this"
Sent,"2025-11-17 18:18:42","you don’t want to hang out, i can’t change that. i"
Sent,"2025-11-17 18:18:46","im not going to beg"
Received,"2025-11-17 18:20:11","Dan yes I do want to hang out "
Sent,"2025-11-17 18:23:39","okay whatever you say annie i’m not trying to be shitty just like…"
Received,"2025-11-17 18:27:15","I’ll be over. "
Sent,"2025-11-17 18:29:09","i feel so weird having to ask this but there are are number of things like - are you telling me that you want to be together, but are also repulsed by the thought of hooking up or having any kind of physical relationship"
Received,"2025-11-17 19:15:39","Made it "
Sent,"2025-11-17 19:17:13","okay thank you"
Sent,"2025-11-17 19:19:43","would you do me a favor and just like…try for one minute to see what it would feel like and what message is being sent by ignoring my question?"
Sent,"2025-11-17 20:08:13",wow
Received,"2025-11-17 20:08:42","I am not ignoring the question Dan "
Sent,"2025-11-17 20:13:00","are you so sure?"
Sent,"2025-11-17 20:13:19","like is there a difference between just not answering and ignoring that i’m not getting or am i literally retarded"
Sent,"2025-11-17 20:21:26","okay i’ll let you go"
Sent,"2025-11-17 20:21:53","it seems like you’re super busy so i don’t want to annoy you more than i already have"
Sent,"2025-11-17 20:55:08","honestly like who knows if you are even where you say you are right now. like i have no idea when or what you’re going to lie about and you don’t have anything to say about going back to not constantly cheating on me and just completely mocking the fact that i love you like, actually."
Sent,"2025-11-17 20:55:55","i just don’t know how you can stand to not either tell me to fuck off or do a single thing that would get us on the road to making things better"
Sent,"2025-11-17 20:56:32","to exist in this vague, grey area where i don’t have any idea what your answer is to the question of what we are, whether we’re even exclusive right now or what the fuck is going on"
Sent,"2025-11-17 20:57:07","it’s the fucking worst. annie i will do literally anything that i need to if it’s possible to get you back and to try to make myself and us better…. i really will. you mean that much to me"
Sent,"2025-11-17 20:57:58","but right now i just have 0 clue what the real intent in your head is and what the chances are that you might be doing this and have no intention to ever give me a chance"
Sent,"2025-11-17 21:03:22","you know me…i need to understand the context and have some kind of mental idea of wtf is happening to understand anything well enough to succeed. i am intentionally staying inside the totally undefined, precarious place that you won’t let us get out of because i know that you are the love of my life and without you i will never be even moderately happy because it’s just you. but i don’t know what you are waiting for…i am trying to tell you i see how much i need you in my life and don’t care that you did the things that drove us apart"
Sent,"2025-11-17 21:03:57","i know you annie and i know that you probably don’t love me anymore, at least in the way i mean it"
Sent,"2025-11-17 21:04:28","but until you say that, i have to try. you are my universe and i can’t stop loving you. only you."
Sent,"2025-11-17 21:48:53","i think what just happened is finally a bridge too far for me."
Received,"2025-11-17 22:04:30","Dan stop I fell asleep "
Sent,"2025-11-17 22:05:11","i don’t know what else to take away from this - specifically tonight, but also just generally, whatever….it seems like you’re trying to tell me to get the picture that i lost you last december"
Sent,"2025-11-17 22:06:21","forget any of the right or wrong here, it’s just like…i’m out of ideas about how to imagine a scenario where you sincerely want to be together but act like this"
Sent,"2025-11-17 22:06:37","and i fucking hate looking like i’m in a constant crash out"
Sent,"2025-11-17 22:07:02","you should see by now how much i love you. i don’t think i can do much more."
Sent,"2025-11-17 22:07:07","so goodnight"
Sent,"2025-11-17 22:08:53","stg i do not want to be arguing or whining or whatever this is. i fucking hate it."
Received,"2025-11-17 22:28:07","I love you Dan. "
Sent,"2025-11-17 22:32:08","yeah this is kinda the thing"
Sent,"2025-11-17 22:32:14","if that’s all you have to say"
Sent,"2025-11-17 22:32:19","idk what to do"
Sent,"2025-11-17 22:32:46","not going to pretend i’m able to storm out and never look back but like"
Sent,"2025-11-17 22:38:40","well again, i can hear your message and"
Sent,"2025-11-17 22:39:53","i think it’s fucked up that you put it on me to get so broken that i can’t not say ‘forget it’"
Received,"2025-11-17 22:39:54","You’re right Dan it isn’t okay and I am sorry that I am making you miserable "
Sent,"2025-11-17 22:39:59","……NO"
Received,"2025-11-17 22:40:02","I don’t want to break you"
Sent,"2025-11-17 22:40:04","it’s that you are LYING"
Sent,"2025-11-17 22:40:08","about what you want"
Received,"2025-11-17 22:40:10","I am not lying "
Sent,"2025-11-17 22:40:12","stop doing that"
Sent,"2025-11-17 22:40:35","…okay i’m not doing this. if you think that you can care and want to be together and also do this"
Sent,"2025-11-17 22:40:59","….you weren’t ignoring my question earluer"
Sent,"2025-11-17 22:42:25","the last thing i will say is that you must really not understand what it does to you"
Sent,"2025-11-17 22:42:48","to be told one thing and actually believe the person still loves you but get proven to be wrong almost every day"
Sent,"2025-11-17 22:44:09","to be completely rejected in almost every way possible but be allowed to keep pretending like you love me. it’s not only embarrassing, but i don’t know what the fuck is going on in my life actually and it’s why i can barely leave the basement"
Sent,"2025-11-17 22:48:19","…i don’t know what you want. but there’s not much reason to think that you would be okay diminishing me more and more if you actually wanted this and were thankful that i made the decision to throw myself at this one more time to tell you that i can’t do this without you and see if whatever made you love me before is still there"
Sent,"2025-11-17 22:48:19","goodnight. i swear i'm done."
Received,"2025-11-17 22:49:32","Please Dan"
Received,"2025-11-17 22:50:09","I promise you I love you and I want to make this work between us"
Received,"2025-11-17 22:50:21","I am sorry I am so messed up and can’t do anything right "
Sent,"2025-11-18 07:03:25","No. You don’t."
Sent,"2025-11-18 07:06:16","Last night was about as bad as it could get"
Sent,"2025-11-18 07:06:51","and I’m just not able to pretend like I’m doing anything besides making myself look like a desperate loser. "
Sent,"2025-11-18 07:08:52","I am 100% sure that you can’t love someone, much less want to be together and do that"
Sent,"2025-11-18 07:18:51","Now you’ll pretend like nothing happened and go back to doing the absolute bare minimum required to keep me with a thread of hope that you still feel about me the way that I feel about you. "
Sent,"2025-11-18 07:23:47","You can let me know what you want for today, but I don't know what else there is to say about you and I."
Sent,"2025-11-18 07:27:26","and by the way….if you think I’m so fucking repulsive that you don’t even want to have a physical relationship anymore, I don’t know what the point of telling me you want to be together is in the first place. "
Sent,"2025-11-18 07:35:14","you used to be so fucking warm and you cared about me….that feels so infinitely far away and the reason why is because you don’t want to do that anymore - if you did, you would at least TRY. "
Sent,"2025-11-18 07:39:51","you know - we're days away from 10 years"
Sent,"2025-11-18 07:43:40","ugh fuck you seriously. just please do not message me and act like nothing happened last night."
Received,"2025-11-18 08:56:54","Well good morning. Happy due date to our aborted fetus. "
Received,"2025-11-18 11:16:05","Just finished hair. I’ll be over soon"
Received,"2025-11-18 13:35:46","Do you know if she heard back from him yet "
Sent,"2025-11-18 15:17:28","he is coming soon"
Received,"2025-11-18 15:27:14","Ok "
Received,"2025-11-18 15:27:25","This package still hasn’t come "
Received,"2025-11-18 15:28:10","I’m just going to leave bc I’m annoyed lol and I need to go home "
Sent,"2025-11-18 15:35:41","seriously i can not believe you’re just going to let that shit from last night hang there"
Sent,"2025-11-18 15:35:43","i should not be so surprised"
Sent,"2025-11-18 15:36:40","but honestly i didn’t think you had that much animosity towards me"
Received,"2025-11-18 15:37:52","I’m on my way Dan "
Sent,"2025-11-18 15:38:22",??
Received,"2025-11-18 15:39:10","Coming over??"
Sent,"2025-11-18 15:39:34","but what does that have to do with what i said"
Received,"2025-11-18 17:52:27","Back up with the animals. I get so scared taking the dog out at night. Heck I hate even walking from my car to the door at night. Thankfully they left a garage opener. But of course the battery was dead 😑 but my dad changed it so that’s good at least "
Sent,"2025-11-18 19:00:45","annie I’m not sure if I should keep talking too you"
Sent,"2025-11-18 19:55:16","Thanks that makes it an easier decision"
Sent,"2025-11-18 19:56:03","I love you I’ll talk to you tomorrow I don’t feel like crashing out and fighting with you. I know what’s really going on and it’s not what you’re telling me. goodnight."
Received,"2025-11-18 21:04:11","I love you Dan "
Sent,"2025-11-18 21:06:04","…just not romantically"
Sent,"2025-11-18 21:07:16","Whatever I HAVE to stop doing this because I’m going to spend all night feeling a pit in my stomach again…"
Sent,"2025-11-18 21:07:43","Your non-answers are answers. "
Sent,"2025-11-18 21:10:48","Seriously just get used to putting your order in with my mom so that I can begin this process. Please. "
Sent,"2025-11-18 21:12:38","i’ll stop it’s just terminally shitty that you need to tell me that you love me and want to be together knowing full well that you don’t mean it. "
Sent,"2025-11-18 21:12:40",Goodnight
Received,"2025-11-18 22:24:01","Dan "
Received,"2025-11-18 22:24:06","I know this is completely off topic "
Received,"2025-11-18 22:24:22","And so random but I am trying to comprehend what just happened "
Received,"2025-11-18 22:24:31","Can you please call me "
Received,"2025-11-18 22:24:48","I dont know what to even think right now "
Received,"2025-11-19 09:42:18","Good morning "
Sent,"2025-11-19 09:44:35",hello
Received,"2025-11-19 09:45:35","Can I come take a nap "
Sent,"2025-11-19 09:47:51",yep
Sent,"2025-11-19 09:49:45","as long as it’s not going to get you in trouble"
Received,"2025-11-19 09:50:00",?
Sent,"2025-11-19 10:14:00",when
Received,"2025-11-19 10:15:47","I’m getting g dressed "
Received,"2025-11-19 10:28:03","On my way. "
Received,"2025-11-19 10:35:23","Let me in "
Received,"2025-11-19 12:42:27","Have you heard anything yet "
Sent,"2025-11-19 12:45:35","Okay fuck off seriously I will let you know when it’s here - that’s literally the only thing you associate me with now"
Sent,"2025-11-19 12:47:50","You know I don’t suppose that there’s anything you have been neglecting to tell me is there? Not something you’re lying about per se, but something you know that you would inform me (the person you were just in a decade long relationship with who is trying to go back into that) about if you were not being dishonest"
Received,"2025-11-19 13:50:17","What the hell Dan? Noel "
Received,"2025-11-19 13:50:27","Edited to “What the hell Dan? No”"
Received,"2025-11-19 14:07:11","I’m going to come back over. "
Sent,"2025-11-19 14:15:42","and then leave as soon as he gets here."
Received,"2025-11-19 14:15:53","Stop it no. "
Sent,"2025-11-19 14:15:54","that’s called waiting for him here not really “coming over”"
Received,"2025-11-19 14:16:07","What do you want from marathon? I’m going to get gas."
Sent,"2025-11-19 14:17:40","maybe a girlfriend who gives the smallest amount of a fuck"
Received,"2025-11-19 14:18:03","I’ll see if they have any in stock"
Sent,"2025-11-19 17:17:07","FYI it’s not that you left that "
Sent,"2025-11-19 17:18:18","it’s how it feels to have to wonder what is wrong with me that someone who I had physical relationship with for a decade is so distant and disinterested in me that there’s not even an attempt to fake it"
Sent,"2025-11-19 17:29:16","the fact of the matter is that i would have no problem with the fact that you don’t want to make any time for me if I thought you actually had any desire or intention to be with me"
Received,"2025-11-19 18:33:18","On my way "
Sent,"2025-11-19 18:33:45","okay that’s enough. i really, honestly, will do my best to stop annoying you about stupid stuff like us or me and you can have what you are working towards right now anyways without another variable"
Received,"2025-11-19 18:35:29","I’m on my way?? "
Received,"2025-11-19 18:35:33","Do you want me to come or not?"
Sent,"2025-11-19 18:36:41","i said that at like 6:15. it wouldn’t go through"
Sent,"2025-11-19 18:37:39","more to the point, at some time you also have to want to spend time with me. it can’t JUST be me that wants it"
Sent,"2025-11-19 18:45:57","wow you must have been far away"
Sent,"2025-11-19 19:05:56","…seriously"
Sent,"2025-11-19 19:13:13",goodbye
Received,"2025-11-19 20:02:30","Made it "
Received,"2025-11-19 22:57:07","Goodnight Dan I’ll talk to you tomorrow. I love you"
Sent,"2025-11-20 01:27:42","stay the fuck away from me and just be happy you got to rug-pull me one last time. "
Received,"2025-11-20 09:24:43","Please don’t say that.."
Received,"2025-11-20 11:11:38","Well I gave your mom the money. I have to get down to Sugies. I guess her power is still out "
Received,"2025-11-20 18:22:35","Well I’m at Alice’s dance class right now. I feel so sick. I dont know what’s wrong. "
Sent,"2025-11-20 18:24:31","🤷‍♂️"
Sent,"2025-11-20 18:25:05","dunno. you’ve blown me off the last 2 thursdays in a row both with substantial sketchiness so i did not think i would be seeing you anyways so"
Sent,"2025-11-20 18:26:38","to be honest i kinda think it’s not very important anyways unless you somehow start to treat me and act like we’re involved or you are attracted to me in some way"
Sent,"2025-11-20 18:26:53","i told you i am not going to be your platonic friend and that’s precisely what you’re treating me as"
Sent,"2025-11-20 18:30:15","i just want to fucking disappear for the next week and a half, it must be really nice to not be fucked up about how the milestones at the end of november feel now.  oh well, have fun."
Sent,"2025-11-20 18:52:20","okay thanks for confirming my suspicions. sorry i didn’t pick up on your signals for so long. goodbye"
Received,"2025-11-20 19:00:07","I am leaving Claire’s and was going to come there"
Received,"2025-11-20 19:12:29","Let me in please "
Received,"2025-11-20 20:19:00","I’m back "
Sent,"2025-11-20 20:56:56",ok
Sent,"2025-11-20 21:25:13","talk to you tomorrow i guess"
Sent,"2025-11-20 21:56:06","that’s real nice. hey one thing"
Received,"2025-11-20 21:57:15",Dan
Sent,"2025-11-20 21:58:10","i am not your friend and i’m not sure how or how much longer i’m supposed to pretend like you haven’t rejected me to such an extent that i ‘m crawling out of my skin embarrassed and"
Sent,"2025-11-20 21:58:39","…wow well i sure do hope you know that the saying ‘dan"
Sent,"2025-11-20 21:58:50","thing doesn’t really make sense even though you still get away with it"
Sent,"2025-11-20 22:00:02","whatever i keep bringing it up and you ignoring me is an answer to the question by itself but why waste our time? if you’re this resistant to any kind of - you know what fucking forget it"
Sent,"2025-11-20 22:00:03",goodnight
Received,"2025-11-20 22:05:40","Dan I don’t want to lose you. I love you with everything in me i promise I do. I am sorry I am so shitty "
Sent,"2025-11-20 22:53:32","god i just remember like…it was only a year ago that you got so upset because i changed the calendar and put something that said (maybe) or (kinda) next to the anniversary date"
Sent,"2025-11-20 22:54:17","i constantly think about stuff like that so i don’t think i’m entirely crazy that you didn’t basically just turn against me and decide to abandon me almost overnight."
Sent,"2025-11-20 22:57:17","not sure what any of that means though because “Dan I don’t want to lose you. I love you with everything in me i promise I do. I am sorry I am so shitty” is not “i am going to change x/ y/ z so that we can make things better”"
Sent,"2025-11-20 22:59:48","but really i don’t know what is that is making you avoid my question about how serious could you really be if you treat me like a platonic friend and reject me any time i even try"
Sent,"2025-11-20 23:08:41","so, i’m quite certain that if you ^actually^ wanted us to be together still, not only would you not keep rejecting me but you would have wanted to hook up."
Sent,"2025-11-21 11:01:06","guess you’re good todayu"
Sent,"2025-11-21 11:16:14","like…so the way you think you are going to convince me you care is to disappear, ignore me again and message me back once every 12 hours or so"
Sent,"2025-11-21 11:16:58","i literally fucking hate this like….you HAVE to make a fucking decision. you either want to move TOWARDS something together or you don’t. 
"
Sent,"2025-11-21 12:16:50","okay you can stop acting like you aren’t intentionally sending the message you want nothing to do with me "
Sent,"2025-11-21 12:27:39","okay so you don’t need to come here anymore unless or until you’re ready to address anything with me and stop whatever the fuck message you’re trying to send with your shitty ignoring and distance"
Sent,"2025-11-21 12:28:11","i’m glad you’re having a great time playing this game. it’s literally ruining my fucking perception of reality so you win. i quit."
Sent,"2025-11-21 12:34:56","do you need to fucking be here"
Sent,"2025-11-21 12:35:32","just taunting me?"
Sent,"2025-11-21 12:42:34","can you please leave? now you deal with her anyways so you do not need me anymore"
Sent,"2025-11-21 12:46:55","can you leave please? i’m not freaking out but there’s no reason for you to be here unless or until you are ready to go back to being in a romantic situation"
Sent,"2025-11-21 12:47:52","you can drop off your money and pick it up from now on. it’s fine. but i do not need you around reminding me of how painful and shitty this situation is."
Sent,"2025-11-21 12:48:46","if you don’t see how rude what you’re doing right now is"
Sent,"2025-11-21 12:49:17","please do not make me have to make a scene. just go"
Sent,"2025-11-21 13:04:00","annie honestly - what the fuck is wrong with me that you have no interest in me whatsoever now"
Sent,"2025-11-21 13:04:40","i do not understand why you treat me SO fucking differently now it’s awful "
Sent,"2025-11-21 13:04:49","you won’t even talk to me"
Sent,"2025-11-21 13:10:21","good news no more messages from me. i’m blocking you now. you are taking your phone when you pick that up. i am done. you are not in my life anymore. i’m not waiting for the 25th"
Received,"2025-11-21 13:10:30","Stop please "
Sent,"2025-11-21 13:10:55",goodbye
Received,"2025-11-21 13:10:58","No dan "
Received,"2025-11-21 13:11:25","Please do not block me"
Sent,"2025-11-21 13:13:11","no - next time you need me i do not want to even have the choice of whether to be there for you or not"
Sent,"2025-11-21 13:13:17","you asked for a chance"
Sent,"2025-11-21 13:13:20",goodbye
Received,"2025-11-21 13:13:57","Daniel please… "
Sent,"2025-11-21 13:14:14","no fuck off"
Sent,"2025-11-21 13:14:51","answer my fucking question or i am blocking you"
Sent,"2025-11-21 13:15:25","why are you being like this? what is wrong with me that you won’t have any kind of physical relationship"
Received,"2025-11-21 13:16:25","There is nothing wrong with you Dan. "
Sent,"2025-11-21 13:16:36","SO WHAT THEN"
Sent,"2025-11-21 13:16:39","answer the question"
Received,"2025-11-21 13:18:08","I don’t an answer for you?! I am still interested in you. I still want you to be in my life. I want to have what we used to have "
Sent,"2025-11-21 13:19:22",goodbye
Received,"2025-11-21 13:21:05","Please don’t do this "
Sent,"2025-11-21 13:21:39","i thought i already did. i guess i need to do it on my computer too."
Received,"2025-11-21 13:21:53","Don’t "
Sent,"2025-11-21 13:25:26","if you want to be in my life it won’t be difficult to tell…until then you’re not in it."
Sent,"2025-11-21 13:25:33","seriously. goodbye."
Received,"2025-11-21 19:06:24","On my way "
Received,"2025-11-21 19:42:20","Made it back. "
Sent,"2025-11-21 20:23:52","i want you to understand that this is not me making some kind of decision. i have no choice in what happens, if i did this would be so easy.

i love you and i want to be with you for the rest of my life - so i would choose to do any and everything i possibly could that would make that possible or advance that goal. 




i haven’t had a choice about the thing i care about the most in almost a year…i’ve waited and heard the same things from you but can not ignore the fact that there’s literally not one thing that seems like you mean it."
Sent,"2025-11-21 20:27:32","i want to start fucking working and literally just be able to leave my basement"
Sent,"2025-11-21 20:30:43","annie everything in my entire world feels completely upside down. YOU are my world and i have been pretending like you are still here for me and now everything feels dead and numb and fucking pointless.

i hate myself so much and feel so fucking disgusting because you would rather put both of us through all this stress than even pretend to want to hook up…and again, why are we even doing this if you feel that way"
Sent,"2025-11-21 20:31:22","if you want to be with me and fix things and make us better - LET’S DO THAT. literally anything at all would be a step in the right directions."
Sent,"2025-11-21 20:31:24","and if you don"
Sent,"2025-11-21 20:31:47","don’t - PLEASE JUST TELL ME YOU DON’T WANT ME ANYMORE."
Sent,"2025-11-21 20:32:13","i swear to god that’s so much less mean than saying you do without any hint of sincerity"
Sent,"2025-11-21 20:35:40","you don’t know what it’s like to really love someone with every bit of yourself and then watch them stop wanting you, stop liking you and stop even caring about what that feels like"
Sent,"2025-11-21 20:40:51","…fucking exactly"
Received,"2025-11-21 20:48:04","I was in the shower Dan…"
Sent,"2025-11-21 21:05:55",yeah
Sent,"2025-11-21 21:06:27","idk i hate this but please understand"
Sent,"2025-11-21 21:06:44","i miss you…the actual you…"
Sent,"2025-11-21 21:07:07","and i don’t have any other choices left"
Sent,"2025-11-21 21:11:55","….









please remember this moment next time you think that telling me that you *actually do* care about me. 

it’s clear you want nothing to do with me and much less, have any desire to change or sacrifice for us."
Sent,"2025-11-21 21:12:27","1. please read"
Received,"2025-11-21 21:12:47","Dan the service is shitty up here I’m trying to get connected to the wifi again "
Sent,"2025-11-21 21:13:17","do not ask to come inside here unless or until you are ready to actually do what you say AND have rediscovered some kind of enthusiasm for a physical relationship"
Received,"2025-11-21 21:13:42","I am sorry for not being able to communicate properly how I really do feel. But I do mean it when I tell you that I love you. "
Sent,"2025-11-21 21:13:43","it’s fucked up. i told you i don’t want to be your platonic friend."
Received,"2025-11-21 21:13:53","I know this dan "
Sent,"2025-11-21 21:14:20","???? then why did you ask to come in"
Sent,"2025-11-21 21:15:12","also you’ve never been a great communicator…neither have i…

but this is not that - you are TELLING ME you don’t want to be with me by every action you take regarding me"
Sent,"2025-11-21 21:19:01","fogget it that’s all i have to say…hope you feel good about making me intensely hate myself for whatever it is that is preventing you from wanting to dostuff"
Sent,"2025-11-21 21:19:02",goodbye
Received,"2025-11-21 21:19:03","yes I do Dan. "
Received,"2025-11-21 21:22:20","I love you. "
Sent,"2025-11-21 21:23:56","i would rather you actually love me and never say it than this, you will say it but don’t actually do it"
Sent,"2025-11-21 21:27:19","okay i was gonna wait but you’re not going to decide to say anything meaningful so… i’ll unblock you to find out if you need something tomorrow.

annie the fact is it would require SUCH little effort to start repairing that i can not have anything to do with you if you don’t care enough to try..not even one time"
Sent,"2025-11-21 21:27:19",bye
Sent,"2025-11-21 21:27:37","i actually love you. i don’t really need to even say it…it would be hard to miss."
Sent,"2025-11-21 23:12:14","wow…just nothing."
Sent,"2025-11-21 23:12:25","you’re probably busy. have fun."
Received,"2025-11-21 23:15:53","￼I’m in bed at my uncles. Where I am supposed to be. Scared. It’s raining. Lights keep dimming in and out. Cats running around like a maniac. I’m in the big house in the mountain side. ALONE. IM SCARED. took 3 sleeping pills to hopefully knock me out. "
Sent,"2025-11-22 08:49:18","if you need to message my mom instead of me about getting you something you need to please let me know first. it’s humiliating to find out FROM HER that the person i dated for 10 years who is insisting that they still want me in their life has cut me out"
Sent,"2025-11-22 08:51:09","you know i really really needed you to decide to take even the smallest step towards what you’re telling me you want. i can not find any momentum until you either decide to tell me to fuck off or to do anything differently…this really really bothers me"
Sent,"2025-11-22 10:53:37","…cool"
Sent,"2025-11-22 10:54:49","have a nice life"
Sent,"2025-11-22 11:00:31","do you want something today or no?"
Received,"2025-11-22 11:03:37","I just woke back up Dan "
Received,"2025-11-22 11:04:12","I’ll bring over 60"
Received,"2025-11-22 11:44:43","Getting dressed then I’ll bring it over if you want "
Received,"2025-11-22 15:12:12","Do you know when he is coming "
Sent,"2025-11-22 15:14:23","no idea"
Sent,"2025-11-22 15:14:45","my mom isn’t back yet"
Sent,"2025-11-22 15:38:02","maybe send her a message and ask when he’s supposed to come"
Received,"2025-11-22 15:45:12","She said as soon as she gets back home. Half an hour "
Sent,"2025-11-22 15:48:39","hopefully i will have died by then"
Received,"2025-11-22 15:50:57","Stop it Dan "
Received,"2025-11-22 16:17:20","Going to do sugies pulls then ill be there "
Sent,"2025-11-22 16:48:46","are you just coming to wait for him or are you staying"
Received,"2025-11-22 16:49:32","I have to watch the kids tonight after I get Sugie get dinner."
Received,"2025-11-22 16:49:47","I’m on my way over now"
Sent,"2025-11-22 16:50:26","then why even fucking come"
Received,"2025-11-22 16:50:34","??? "
Received,"2025-11-22 16:50:44","Has he come yet ? "
Received,"2025-11-22 16:51:35","Like why are you mad that I have other shit to do constantly? I’m sorry that I’m not just laying around 24/7"
Sent,"2025-11-22 16:51:47","YOU WON’T MAKE ONE SINGLE TIME TO HANG OUT WITH ME"
Sent,"2025-11-22 16:51:50","THAT’S WHY"
Received,"2025-11-22 16:52:03","I’m on Saratoga "
Sent,"2025-11-22 16:52:06","if i was important"
Sent,"2025-11-22 16:52:13","you would set ONE FUCKING AFTERNOON aside or something"
Sent,"2025-11-22 16:52:18","TELL THE OTHER PEOPLE IN YOUR LIFE"
Sent,"2025-11-22 16:52:24","and stop treating me like i don’t matter"
Sent,"2025-11-22 16:52:25","fuck this"
Sent,"2025-11-22 16:58:16","i told you i do not want you here unless and until you want to take our relationship seriously"
Sent,"2025-11-22 16:59:23","please respect that. if you can’t make any time to see me, if you don’t want to have a sexual component to our supposedly romantic relationship, if you want to keep me in the dark entirely about what our status is - you can’t be near me"
Sent,"2025-11-22 17:01:29","this is not about you having family obligations…this is about *HOW YOU TREAT ME AND WHAT I AM IN YOUR LIFE*"
Sent,"2025-11-22 17:04:06","okay ignore me. i’ll go through this all with you when i come outside to meet you"
Sent,"2025-11-22 17:11:32","you do know i get my mom’s text messages right?"
Received,"2025-11-22 17:23:06",Okay?
Received,"2025-11-22 17:24:16","You referring to me telling her I saw Ricky at rizzs?? Am I not allowed to go to eat with my family?"
Sent,"2025-11-22 17:32:55","annie please - obviously you don’t have to date me. but if you don’t want to have that kind of relationship i really…honestly….need you to not be around"
Sent,"2025-11-22 17:33:18","like i am trying to explain this in as calm a way as possible."
Sent,"2025-11-22 17:33:43","i love you so much and if you don’t want to be together then i really need you to respect my boundarie"
Received,"2025-11-22 17:36:48","I understand that Dan "
Received,"2025-11-22 17:36:53","But I love you so much "
Received,"2025-11-22 17:38:34","I’m at Taco Bell now for Sugie "
Received,"2025-11-22 17:39:06","I guess If he isn’t there by the time I leave her house; I’ll just come after I watch the kids. "
Sent,"2025-11-22 17:44:56","he’s coming now"
Received,"2025-11-22 17:47:53","Ok "
Sent,"2025-11-22 17:48:00","just tell me when you’re coming"
Received,"2025-11-22 17:56:13","On my way. "
Sent,"2025-11-22 17:56:59",k
Received,"2025-11-22 17:57:18","I have to get to Claire’s. I was supposed to be there at six."
Sent,"2025-11-22 17:57:28",ok
Received,"2025-11-22 18:00:15",Here
Sent,"2025-11-22 20:07:50","…i fucking hate everything about my life now i do not know what to do to make literally anything better"
Sent,"2025-11-22 20:08:22","i’m sorry i won’t bother you with this"
Sent,"2025-11-22 20:35:23","alright i legitimately don’t want to keep getting upset and annoying you about it."
Sent,"2025-11-22 20:38:07","even though i think it’s really awful to do to someone, i understand the temptation to just ignore everything i say that you don’t want to hear. but i need to figure out how i am going to change the momentum without you in my life or the closure of you telling me you don’t love me anymore."
Sent,"2025-11-22 20:42:13","i guess for the moment i will just do my best to back off of you and i guess if you decide that there’s something you miss about me or us, maybe you’ll see that making me feel like a stranger you don’t want to be around was a mistake"
Sent,"2025-11-22 20:42:14",goodbye
Sent,"2025-11-22 20:43:51","you are the love of my life and i promise you that this is the most painful thing that i’ve ever dealt with. i would do anything to not lose you, but i can’t convince or make you want me again - that’s really really really fucking hard."
Sent,"2025-11-22 21:34:52","wow okay fuck you"
Sent,"2025-11-22 21:57:41","never again"
Sent,"2025-11-23 00:52:55","i can assure you that i will not believe any more of your lies and i will not be fucking fooled next time you try to manipulate the fact that i really believe you’re the love of my life with more empty promises"
Sent,"2025-11-23 00:55:18","i hope you are alone and miserable once you realize that there will never be anyone who thought you were so special that they were willing to forgive you dozens of times for your cheating, betrayal, complete lack of any loyalty."
Sent,"2025-11-23 00:58:15","i’m not great…at all. actually i’m a real fucking loser. but the one and only thing i have that makes me believe you are going to eventually regret this is that i would have loved you forever…no matter how many fucked up things you kept doing to me."
Sent,"2025-11-23 01:00:12","good luck finding someone else who will give you the kind of truly infinite and unconditional love that it takes to love annie ulmer."
Sent,"2025-11-23 01:03:37","you win, again. congrats - i have nothing and the closest thing to family i have needed to rub it in my face that she abandoned me and could not care less"
Sent,"2025-11-23 03:00:09","how do you not see how mean and awful it is to tell me you want to be together > do nothing and completely shut me out and ignore me > have no answers for anything > tell me just enough to keep me believing you"
Sent,"2025-11-23 03:01:08","if you can’t even TRY…like anything at all to make this better or to show me i matter to you, then you were lying about the whole thing. One of those two things has to be true."
Received,"2025-11-23 10:02:19","Good morning.. I am going to church. "
Received,"2025-11-23 12:57:38","Can I bring some money over after I get Sugie back home "
Sent,"2025-11-23 13:05:23",yea
Received,"2025-11-23 13:38:25","Getting her situated now "
Received,"2025-11-23 13:54:08","Leaving sugies need to stop at atm"
Received,"2025-11-23 14:06:32","On my way"
Sent,"2025-11-23 14:12:08",eta
Received,"2025-11-23 14:12:53","In the driveway. "
Sent,"2025-11-23 17:21:52","why are you doing this to me again? right at what should have been 10 years "
Sent,"2025-11-23 17:23:59","i don’t understand why. what am i doing to you that would make you need to do this again"
Sent,"2025-11-23 17:31:04","annie…."
Received,"2025-11-23 17:33:13","Yes Dan "
Sent,"2025-11-23 17:41:29","seiously? this is how little i mean to you?"
Sent,"2025-11-23 17:41:43","you won’t even answer me?"
Received,"2025-11-23 17:46:30","I’ll be over in a little bit "
Sent,"2025-11-23 18:12:27","well i have your stuff."
Sent,"2025-11-23 18:13:50","i feel so fucking invisible. you literally won’t acknowledge me and i put all of my faith in believing you when you said you wanted us to be together"
Received,"2025-11-23 18:14:12","Can I come inside or not "
Sent,"2025-11-23 18:14:58","i don’t know what i’m supposed to do or what i’m doing that is making you hate me but this is going to be the worst week of my entire fucking life and i don’t understand why you would lie about any of this when the result was always going to be you not wanting to be with"
Sent,"2025-11-23 18:15:19",yes
Sent,"2025-11-23 18:15:36","that’s real nice you answer me right away for that"
Received,"2025-11-23 18:15:51","I was already walking out the door Dan. "
Sent,"2025-11-23 21:01:15","what happened?"
Sent,"2025-11-23 21:11:29","wow i guess i really am that stupid"
Sent,"2025-11-23 21:11:32","have a wonderful evening"
Received,"2025-11-23 21:18:16","I just got back "
Received,"2025-11-23 21:18:30","She just really confused. Forgot I even took her to church this morning."
Received,"2025-11-23 21:19:26","Thinking that a new woman who came to learn her night time routine is two different people. But have the same name? And spelled differently. I dont know "
Received,"2025-11-23 21:19:58","It’s just crazy how slowly she has been declining then all of a sudden it’s really declining and almost every day it’s something "
Sent,"2025-11-23 21:22:27",noticably?
Sent,"2025-11-23 21:25:41","wait what about the name"
Received,"2025-11-23 21:26:08","Yes "
Received,"2025-11-23 21:26:10",And
Received,"2025-11-23 21:27:00","Michelle found this woman named Jenna to start helping out a few evenings. She’s retired. She’s an artist. And that is obviously a plus bc Sugie is an artist. Ya know "
Received,"2025-11-23 21:27:22","So she came on Friday evening. Kaitlyn showed her what she does at night"
Received,"2025-11-23 21:27:41","But Sugie wrote down the name Genna. Not Jenna. "
Received,"2025-11-23 21:28:24","And she is convinced that genna, who she is saying is also an artist, is not the same women as Jenna. The women she met Friday"
Sent,"2025-11-23 21:30:00","i mean its not good but is it possible that she did that and is now just referencing a small initial mistake"
Sent,"2025-11-23 21:30:37","i mean it’s certainly a bad sign but i think it’s probably much more likely to be the less detrimental regular “old people shit” rather than an indicator of an advancing dementia if that’s what happened"
Received,"2025-11-23 21:30:48","You can’t tell her any different. Like even trying to explain it calmly "
Received,"2025-11-23 21:30:53","She’s convinced "
Received,"2025-11-23 21:31:07","But then not remembering going to church today"
Received,"2025-11-23 21:31:11","She never leaves the house "
Sent,"2025-11-23 21:31:20","she’s not like IMAGINGING people - she just made a dumb old person mistake and hasn’t been present in mind enough to put that together"
Received,"2025-11-23 21:31:37","I know "
Received,"2025-11-23 21:31:48","But like she has been so sharp "
Received,"2025-11-23 21:32:15","I dont know. It’s just difficult bc Michelle refuses to do ANYTHING "
Received,"2025-11-23 21:32:36","she has been saying for months now she is going to make a neurologist appointment for her "
Received,"2025-11-23 21:33:16","She rarely goes to see her or take care of her own mother "
Sent,"2025-11-23 21:34:29","is she doing any gram stuff yet"
Sent,"2025-11-23 21:34:40","like - standing in front of the tv talking to it"
Received,"2025-11-23 21:35:02","No thank god "
Received,"2025-11-23 21:35:07","That was fucking freaky "
Sent,"2025-11-23 21:36:30","i always felt so bad she obviously didn’t want us to see her doing it"
Received,"2025-11-23 21:36:40","I know "
Sent,"2025-11-23 21:36:48","which is like - the rtrue sign of being halfway between gone and not"
Received,"2025-11-23 21:36:53","Or when she would get dressed in random clothes in the middle of the night "
Sent,"2025-11-23 21:37:12","she knew there was something pecicular about doing that but couldn’t see the obvious flaw in the thinking"
Received,"2025-11-23 21:37:29","Putting a roast sandwich in a bowl and putting it in the pantry "
Sent,"2025-11-23 21:37:48","i maintain that she and i communicated perfectly fine until the very end"
Sent,"2025-11-23 21:37:59","even in the midst of the craziest stuff"
Received,"2025-11-23 21:38:06","Oh I agree "
Received,"2025-11-23 21:38:08","Absolutely "
Sent,"2025-11-23 21:38:20","not to mention the deathbed thing"
Received,"2025-11-23 21:38:42","I came across a screenshot of a message that Vicki sent me when she was in the nursing home "
Sent,"2025-11-23 21:38:47","do you remember how insanely hard it started snowing right after that happened"
Received,"2025-11-23 21:38:57","Emphasized “do you remember how insanely hard it started snowing right after that happened”"
Sent,"2025-11-23 21:38:59","it was april - i had already started caddying"
Received,"2025-11-23 21:39:26","And it was a picture of gram crying and she said “she’s extremely upset because she didn’t want you to leave”"
Received,"2025-11-23 21:39:35","That day was freaky"
Sent,"2025-11-23 21:40:02","honestly the nursing home was the worst of all of it"
Received,"2025-11-23 21:40:08","Seriously "
Sent,"2025-11-23 21:40:19","remember i went to try to watch her one time and it went so fucking horribly that i was out of there in 5 minutes"
Sent,"2025-11-23 21:40:31","and surprisingly that was not me deciding to leave"
Received,"2025-11-23 21:40:52","I remember "
Sent,"2025-11-23 21:40:59","all she wanted was to leave and it had driven her into literal psychosis"
Received,"2025-11-23 21:41:09","That was horrible "
Sent,"2025-11-23 21:41:30","which is the one reason i can justify how absolutely…uh, unique, the way all of that happened"
Sent,"2025-11-23 21:41:54","like trust me, that day gram fell as you were leaving for work and we didn’t take her to the hospital"
Sent,"2025-11-23 21:42:08","she not only wanted and expected "
Received,"2025-11-23 21:42:19","I felt so bad "
Sent,"2025-11-23 21:42:32","but she would have been fucking FURIOUS if we had done the only responsible thing and took her to the ER"
Sent,"2025-11-23 21:43:02","not in that state, but like…it was made clear that the goal was to get as close to the end inside the house as possible. "
Received,"2025-11-23 21:43:17","How long was that time she fell before she passed "
Received,"2025-11-23 21:43:28","I know you have a pic of her on the floor "
Sent,"2025-11-23 21:43:54","3 or 4 months at least"
Sent,"2025-11-23 21:44:08","and no i have almost an hour of video"
Received,"2025-11-23 21:44:17","If she went to the hospital she would have absolutely gave up and died then "
Sent,"2025-11-23 21:44:26","i was legit terrified that THIS was going to be the thing i got blamed for "
Received,"2025-11-23 21:44:40","That’s for sur e"
Sent,"2025-11-23 21:45:13","it was just whatever the first trip to the ER was going to be her end "
Sent,"2025-11-23 21:45:48","but it was basically the equivient of this"
Sent,"2025-11-23 21:45:54",https://www.youtube.com/watch?v=kmILP6sxhoA
Sent,"2025-11-23 21:46:59","she did not want anyone to listen to her when she begged to go to the ER until it was the actual end of the road of any possible rule-skirting"
Sent,"2025-11-23 21:47:22",anyways
Sent,"2025-11-23 21:47:36","so sugie is still far from that kind of stuff though right"
Received,"2025-11-23 21:48:06","Hold on "
Received,"2025-11-23 21:48:08","Lucky "
Received,"2025-11-23 21:48:12","Chasing a deer "
Received,"2025-11-23 21:59:48","Got him inside "
Received,"2025-11-23 21:59:54","Stressing me out "
Sent,"2025-11-23 22:04:04","sorry :("
Received,"2025-11-23 22:04:42","Dark out there. Small dog. Mountains. Animals. "
Sent,"2025-11-23 22:09:16","oh you’re still taking care of your uncle’s place?"
Received,"2025-11-23 22:10:44",Yes
Received,"2025-11-23 22:11:07","They are in Dubai "
Sent,"2025-11-23 22:17:37","yeah i know i just though because of last night"
Received,"2025-11-23 22:18:08","I believe they come back Wednesday or Thursday but I’m pretty sure Wednesday"
Received,"2025-11-23 22:20:19","I need to start drying my hair. I did a scalp scrub thing my scalp is so dry "
Sent,"2025-11-23 22:24:19","yeah that’s what you need to do…"
Received,"2025-11-23 22:29:54","Is tha sarcasm "
Sent,"2025-11-23 22:33:58","i guess not really, i’m not so dumb to think i could change what YOUR priorities or wants are…but it’s just instructive that this is what your tjae"
Sent,"2025-11-23 22:34:07","take is **"
Received,"2025-11-23 22:34:54","Bc I said I need to start drying my hair?? It’s 10:30pm"
Sent,"2025-11-23 22:35:35","i’m sorry i misread - i thought you were saying you need to start doing it as like “each time i need to do this”"
Sent,"2025-11-23 22:35:41","not like ‘begin’"
Sent,"2025-11-23 22:36:21","in other words - “this is what i need to change”"
Received,"2025-11-23 22:39:44","I understand "
Received,"2025-11-23 23:52:18","Just finished drying my hair.. I am sleepy. I will come over in the morning okay? I love you Dan "
Sent,"2025-11-24 07:48:56","i went ahead and unlocked the door in case i don’t wake up or something"
Sent,"2025-11-24 07:52:41","(the front door)"
Received,"2025-11-24 09:57:26","Thank you "
Received,"2025-11-24 09:57:35","Want breakfast "
Sent,"2025-11-24 09:58:20","sure i don’t care i just want eggi"
Received,"2025-11-24 09:58:44","I feel like poop"
Sent,"2025-11-24 09:59:30","why what’s wrong"
Received,"2025-11-24 10:03:06","I dont know maybe im just hungry. I haven’t eaten since lunch yesterday"
Received,"2025-11-24 10:07:08","I’m getting dressed I dont know if I’ll make it to McDonald’s breakfast in time "
Received,"2025-11-24 10:07:12","What about sheetz "
Received,"2025-11-24 10:07:16","What do you want "
Sent,"2025-11-24 10:07:44","i told you."
Sent,"2025-11-24 10:07:46","what i want."
Sent,"2025-11-24 10:08:41","i don’t care sweetie i honestly ate a bunch already this morning so i don’t really need you to spend money on lil ol’ me"
Sent,"2025-11-24 10:08:57","maybe just some candy energy drink something i dunno"
Sent,"2025-11-24 10:09:01","i don’t  need nuffn"
Sent,"2025-11-24 10:23:47","i’ll try to get a few lines for us"
Sent,"2025-11-24 10:24:01","gonna tell her you don’t feel good and want something before we can see him this afternoon"
Received,"2025-11-24 10:26:16","Thank you "
Received,"2025-11-24 10:26:27","I will get cash out while I’m out "
Sent,"2025-11-24 10:28:46","are you not getting a big one today?"
Received,"2025-11-24 10:29:10","I have 100"
Sent,"2025-11-24 10:29:13","it’s fine i just wondering"
Sent,"2025-11-24 10:29:23","okay well that’s a big one amuways"
Sent,"2025-11-24 10:29:27","because he owes you 20"
Received,"2025-11-24 10:29:28","But you said he owes 20 right "
Received,"2025-11-24 10:29:32","Exactly "
Sent,"2025-11-24 10:37:13","milo said he don’t think you’re coming"
Received,"2025-11-24 10:37:42","EGGIE IS ABOUT TO LEAVE "
Received,"2025-11-24 10:37:47","she feel poopy "
Received,"2025-11-24 10:43:20","Lucky taking forever outside "
Received,"2025-11-24 10:43:22","I’m sorry "
Sent,"2025-11-24 10:55:25","￼"
Sent,"2025-11-24 10:55:25","i told milo he was right"
Received,"2025-11-24 10:59:20","At sheetz"
Received,"2025-11-24 10:59:26","Laughed at an image"
Sent,"2025-11-24 10:59:51","you’re full of sheetz"
Sent,"2025-11-24 11:03:14","puppy lookin around everywhere cos i told him his mommy was coming"
Received,"2025-11-24 11:07:58","Leaving sheetz "
Sent,"2025-11-24 11:08:15","you are"
Sent,"2025-11-24 11:08:17","the worst"
Sent,"2025-11-24 11:08:24",literally
Received,"2025-11-24 11:09:21",WHY
Received,"2025-11-24 11:09:23",NOW
Sent,"2025-11-24 11:11:05","because of your dislike of me"
Sent,"2025-11-24 11:11:15","{(same reason as before)}"
Sent,"2025-11-24 11:20:22","…really"
Received,"2025-11-24 11:20:55","I in Heritage Hills"
Received,"2025-11-24 11:21:00","Turd "
Received,"2025-11-24 11:21:16","Police are OUT today"
Sent,"2025-11-24 12:17:19","￼"
Sent,"2025-11-24 14:57:53","i feel soooooo super uneasy about the fact that you are not just not excited or interested in having sex but that you are entirely unwilling to consider it…and i think it’s a bit of a different situation when there’s (supposedly) a reconciliation happening here"
Sent,"2025-11-24 14:58:33","i promise i’m not trying to whine or bring you problems but i would really appreciate any clarity that might make me feel better"
Sent,"2025-11-24 14:58:59","because it feels like you either a: don’t’ like me          or     b: are seeing someone else"
Sent,"2025-11-24 15:02:10","again i’m just looking for some relief here, not a fight. it shouldn’t be too difficult to definitively answer those two scenarios and confirm or deny them both to make me  feel just a tiny bit better?"
Sent,"2025-11-24 15:04:12",please
Received,"2025-11-24 15:34:32","Dan i honestly just don’t have any sexual drive or whatever. I dont know. Maybe it’s a side effect of my medication. But that’s the truth "
Sent,"2025-11-24 15:42:52","so you’re sure that neither of those other situations exist to explain it? i promise i won’t keep prodding if i know that’s not the case"
Received,"2025-11-24 15:43:30","Did I not just say “that’s the truth” ?"
Sent,"2025-11-24 15:45:26","…i swear to god i’m not trying to be difficult i just do not understand why you want to use vague language. it feels like you’re skirting the real question"
Sent,"2025-11-24 15:46:33","like - what difference does it make to you? would it not be better to alleviate the very justified concerns?"
Received,"2025-11-24 15:47:10","I’m not Dan "
Sent,"2025-11-24 15:51:38","alright well i’m not trying to ruin your day so i guess it’s selfish and asking way too much for you to say “no i’m not seeing anyone else and i still like you the same way”"
Sent,"2025-11-24 15:56:50","swear to god i do not want to argue or fight or keep this convo going. i just…well, nevermind."
Sent,"2025-11-24 16:19:04","i guess if you can stop over later let me know - i have something and was going to hold onto it so  i could bribe you to spend some time with me tomorrow but it’s not going to happen and i don’t want o have more tension and shit so"
Sent,"2025-11-24 16:54:20","…i was having a real good day for once too"
Received,"2025-11-24 16:56:37","I fell asleep I’m sorry "
Received,"2025-11-24 16:57:09","I will come back over later after dinner is that okay "
Sent,"2025-11-24 17:02:09","yes but i would really appreciate a direct answer to my question so that i am not wondering why it would be a problem, particularly when avoiding it looks really bad"
Received,"2025-11-24 17:10:50","Yes Dan I am still attracted to you. No I am not seeing someone else. "
Sent,"2025-11-24 17:11:41","i really am not trying to be pedantic or difficult. i just need you, esp right now, to try to provide any clarity possible. thank you."
Received,"2025-11-24 19:26:01","Be over soon "
Sent,"2025-11-24 19:44:47","so your’re just going to come pick up the thing i got to try to get you to spend time with me"
Sent,"2025-11-24 19:44:49","that’s awesome"
Received,"2025-11-24 19:50:30","Omg I’m on my way "
Received,"2025-11-24 19:53:20","I’m sorry I was helping my mom move stuff around because she’s starting to decorate for Christmas"
Received,"2025-11-24 21:25:36","Sorry, I made it back"
Sent,"2025-11-24 21:33:53","okay thank you"
Sent,"2025-11-24 22:00:20","i know you think i’m just like so needy and am asking you for so much but i promise you that if there was any reason or behavior that gave me even the smallest indication that you still want to be together, it would be (legitimately) the biggest relief of my entire life and would make so much difference"
Sent,"2025-11-24 22:06:40","but this (and literally every relationship) requires an active decision. to just keep doing everything the exact same way is the same thing as deciding not to be together"
Sent,"2025-11-24 22:07:26","i will stop though i know how much you despise and how little you have to say about you and i"
Sent,"2025-11-24 22:16:55","all i will say is - imagine if after all this time you suddenly felt like you had no idea who i was or how i felt about you or whether or not the version of me that made you feel important and loved is gone or not.  it’s the worst feeling in the world"
Received,"2025-11-24 22:16:56","Dan I love you. "
Received,"2025-11-24 22:17:19","I told you I was trying to figure out and find myself "
Sent,"2025-11-24 22:18:23","annie the one thing i thought was positive about your run in with the law is i thought that would make it all too clear that “i need to find myself” was never what any of this was….do you feel any closer to finding yourself?"
Sent,"2025-11-24 22:24:00","idk i’m gonna stop, like…. you are the one who was cheating and lying and doing the real emotional harm, and i forgive you carte blanche without any apology or any commitment to go back to not being okay doing that to someone……and you are still keeping distance because of stuff like that"
Sent,"2025-11-24 22:28:36","goodnight - happy 10 yea….oh wait, nevermind"
Sent,"2025-11-24 22:38:58","ignored. that’s real nice"
Received,"2025-11-24 22:49:02","Happy 10 years daniel. I love you❤️"
Sent,"2025-11-24 22:53:16","are you trying to be funny"
Sent,"2025-11-24 23:00:50","listen - you fucking win. i have no way out here. i love you more than i love anything in this world and if i lose you, it’s game over.    you do not have anything to say or do or even a symbolic gesture to make me feel even 1% better"
Sent,"2025-11-24 23:02:49","nothing at all that would actually mean anything about what is really going on"
Sent,"2025-11-24 23:04:47","“why would i write you a NOTE?”"
Sent,"2025-11-24 23:08:07","also you won’t tell anyone else you have anything to do with me now so i’m not sure you get to celebrate the relationship you want so badly to destroy"
Sent,"2025-11-24 23:10:56","stop this fucking game. if you actually want me in your life - make the minimum fucking effort and let’s try to fix SOMETHING. if you don’t , accept that i am going to hate you for doing this to me and that you’re not going to have to deal with me"
Sent,"2025-11-24 23:10:58",goodnight
Sent,"2025-11-24 23:15:32","this is going to be the worst day of my life i don’t think you understand how awful this feels"
Sent,"2025-11-25 09:23:44","dunno if you are actually coming when the electrician leaves or not but if you are the door is unkocked"
Received,"2025-11-25 09:24:23","Still at sugies with the electrician "
Sent,"2025-11-25 09:48:46","…i said i wasn’t sure if you were coming after but whatever"
Received,"2025-11-25 09:53:20","Yes I am coming sorry "
Received,"2025-11-25 10:13:29","Leaving her house now going to to the atm then I’ll be there "
Received,"2025-11-25 10:19:09","￼I’ve never seen this atm so crowded. "
Sent,"2025-11-25 11:37:53","ugh i’m sorry"
Sent,"2025-11-25 11:38:28","i just miss you so much and you look absolutely stunning today"
Received,"2025-11-25 11:54:41","I do not "
Sent,"2025-11-25 11:56:19","i promise you do"
Received,"2025-11-25 12:13:16","Well thank you "
Received,"2025-11-25 12:17:16","Has your mom heard anything from him yet "
Sent,"2025-11-25 13:18:17","￼Tap send"
Received,"2025-11-25 13:20:33","Wow cool jamming "
Received,"2025-11-25 13:43:07","Excuse me "
Received,"2025-11-25 13:43:17","Do we have any word yet "
Sent,"2025-11-25 13:45:48","not yet pooki bear"
Received,"2025-11-25 13:47:41","POOKI BEAR"
Sent,"2025-11-25 13:55:14","i really do know you too well"
Sent,"2025-11-25 13:55:23","i knew precisely what you would say"
Sent,"2025-11-25 13:55:29","and i can hear how you said it in my head"
Sent,"2025-11-25 13:55:56","she sent him another message snookumz"
Sent,"2025-11-25 14:12:57",isorryy
Sent,"2025-11-25 14:13:11","don’t hate me (more than you already do)"
Received,"2025-11-25 14:49:53","What about now"
Sent,"2025-11-25 14:50:47","no sugardoodle"
Received,"2025-11-25 15:00:25",Grrr
Sent,"2025-11-25 15:01:05","do you know where we were 10 years ago right now"
Received,"2025-11-25 15:02:08","Tell me "
Sent,"2025-11-25 15:02:15","eggie i miss you so much"
Sent,"2025-11-25 15:02:20","i don’t wanna talk bout it"
Sent,"2025-11-25 15:03:54","we had just got back to virginia ave"
Sent,"2025-11-25 15:05:01","i was so nervous that i literally don’t remember much after that"
Sent,"2025-11-25 15:05:25","my memory picks back up when we went to CT’s together"
Sent,"2025-11-25 15:05:51","in my mind it literally feels like we started dating the second i got in your car at the bank"
Sent,"2025-11-25 15:06:55","because obviously going down there together and leaving together would probably have been a terrible idea if that was not what i was planning on doing lol"
Received,"2025-11-25 15:06:56",Aweeeeeee
Sent,"2025-11-25 15:09:16","…you’re just different to me than literally anybody else"
Sent,"2025-11-25 15:10:32","i swear to god i still feel the same lump in my stomach about you that i did when i first met you, it’s like i can’t change how much i like you"
Sent,"2025-11-25 15:10:46","because trust me…i shouldn’t feel like that, at all lol"
Received,"2025-11-25 15:11:23","I love you "
Sent,"2025-11-25 15:13:12","i love you and i will always love you. forever."
Sent,"2025-11-25 15:13:55","i’m sorry he’s taking so long, it probably won’t be much longer"
Received,"2025-11-25 15:17:17","It’s okay "
Received,"2025-11-25 15:17:33","I will come back over in a little "
Sent,"2025-11-25 15:19:26","well hold on"
Sent,"2025-11-25 15:19:35","first i have to make sure that’s okay with milo"
Sent,"2025-11-25 15:20:24","okay he is being a real bitch about it but he said as long as no glasses"
Sent,"2025-11-25 15:20:40","i like you in glasses FWIW"
Received,"2025-11-25 15:21:00","Oh "
Sent,"2025-11-25 15:21:01","but you’re not foolin me"
Sent,"2025-11-25 15:21:11","i know you’re not actually smart"
Received,"2025-11-25 15:21:17","True "
Received,"2025-11-25 15:22:03","Only smart in me is being a smart ass"
Sent,"2025-11-25 15:22:25","i mean maybe i should clarify"
Sent,"2025-11-25 15:23:13","you’re like a 99th percentile socio-emotional manipulator"
Sent,"2025-11-25 15:23:26","that’s pretty smart stuff"
Sent,"2025-11-25 15:23:48","you are a world class gaslight"
Sent,"2025-11-25 15:24:12","so maybe the glasses just make you better at that stuff idk"
Sent,"2025-11-25 15:24:33","but yes i do like you in glasses. i’d like you in anything, stupid."
Sent,"2025-11-25 15:25:57","how long were we at virginia ave before we had sex"
Sent,"2025-11-25 15:26:03","on the first day we hung out"
Received,"2025-11-25 15:31:24",Unmmm
Received,"2025-11-25 15:31:31","Not that long lol "
Sent,"2025-11-25 15:36:20","i was so fucking nervous. like i was SO happy i had given so much thought on how i wanted to come across and what i was going to say for the car ride to look cool but i cracked like an egg the second i realized you actually wanted to come in or hang out at all"
Sent,"2025-11-25 15:36:45","remember, i knew the night before i was going to be going with you"
Sent,"2025-11-25 15:37:46","and i had already developed a MASSIVE crush on you - which you had picked up on because i was liking a bunch of your stuff on the gram"
Sent,"2025-11-25 15:38:36","so knowing me how you do now, it shouldn’t surprise you that i dedicated several hours to preparing myself and game planning how i was going to trick you into think inf i was cooler than i was"
Sent,"2025-11-25 15:38:44","okay you don’t want to do nostalgia i’ll stop"
Sent,"2025-11-25 15:38:49","i’ll let you know when he comes"
Received,"2025-11-25 15:40:41","You tricked me "
Received,"2025-11-25 15:40:50","I’m going to come over "
Received,"2025-11-25 15:41:44","Sorry I have been peeping and was half asleep "
Received,"2025-11-25 15:42:57","I’m sorry "
Received,"2025-11-25 15:55:03","On my way "
Sent,"2025-11-25 16:13:33","okay you can go"
Sent,"2025-11-25 16:13:38","that’s what i thought this was"
Sent,"2025-11-25 16:13:40","a fucking lie"
Sent,"2025-11-25 16:13:59","honestly fuck off"
Sent,"2025-11-25 16:14:38",congrats
Sent,"2025-11-25 16:14:45","you made your point - we’re not together anymore"
Sent,"2025-11-25 16:14:49","everyone gets it now"
Received,"2025-11-25 16:15:08","wtf "
Received,"2025-11-25 16:15:17","You were on the back of my chair "
Received,"2025-11-25 16:15:54","Seriously Dan come back here "
Sent,"2025-11-25 16:17:16","it’s rude as fuck and just more proof that this whole thing is fake"
Received,"2025-11-25 16:18:45","I don’t mean it like that "
Received,"2025-11-25 16:18:50","Please come here. "
Received,"2025-11-25 16:20:50","It’s not fake "
Received,"2025-11-25 16:22:47","Dan come here "
Sent,"2025-11-25 17:22:53","i know you think i’m making a mountain out of a molehill but it’s really hard to only ever be given reasons to think that you are just doing what you have been since February and that this isn’t real at all"
Sent,"2025-11-25 17:23:14","and for you to need to make that clear in front of danielle was just like…unnecessarily hurtful"
Sent,"2025-11-25 17:24:33","but don’t tell me that you didn’t mean it that way, what other way could you possibly have meant it? whatever i’ll stop. you do not talk about our relationship"
Received,"2025-11-25 17:28:56","I told you I felt crowded?!?! I couldn’t move the chair?"
Received,"2025-11-25 17:33:08","I swear "
Sent,"2025-11-25 17:44:19","annie it’s just the totality of everything - if you want this to work you HAVE to find some area to make some kind of behavioral change that moves us at least some amount back into the direction of actually being together"
Sent,"2025-11-25 17:46:12","but without going through the whole list - when you won’t admit to anyone that we are (so you say) together, refuse to do anything sexual, won’t spend more than an hour at a time with me, don’t say anything sweet or thoughtful ever anymore, etc etc etc"
Sent,"2025-11-25 17:49:42","and there’s nothing you can do to even try to make any one of those things a little better? and also you don’t know why that is?"
Sent,"2025-11-25 17:49:57","i love you. this could be so much easier. i do not want to have tension or argue"
Sent,"2025-11-25 17:57:24","no, annie. i haven’t heard anything yet"
Received,"2025-11-25 18:46:10","Alright Dan"
Received,"2025-11-25 18:46:19","Do you want something from roosters "
Sent,"2025-11-25 18:47:24","i don’t care i guess  - what the fuck does “alright” mean there though lole"
Sent,"2025-11-25 18:47:36","like - just fucking nevermind this is so fucking stupid and fake as fuck"
Received,"2025-11-25 18:47:56","I was saying alright to you saying you haven’t heard anything "
Received,"2025-11-25 18:48:01","What do you want "
Received,"2025-11-25 18:48:47","Fried chicken or tenders "
Sent,"2025-11-25 18:50:26","idk do they have burgers"
Sent,"2025-11-25 18:51:06","hold one second i look"
Received,"2025-11-25 18:51:37","Yeah they do "
Sent,"2025-11-25 18:53:14","i guess just get me a plain cheeseburger"
Sent,"2025-11-25 18:53:23","unless you need to get me one of the others for some reason"
Sent,"2025-11-25 18:53:26","honestly i don’t care"
Received,"2025-11-25 18:54:16","They don’t have just a burger"
Received,"2025-11-25 18:54:28","Tenders okay?"
Sent,"2025-11-25 18:54:53",wait
Sent,"2025-11-25 18:55:02","maybe get those buffalo chicken rolls"
Sent,"2025-11-25 18:55:08","probably cheaper"
Sent,"2025-11-25 18:55:33","if the tenders are more than $11 get the rolls"
Sent,"2025-11-25 18:55:37","buffalo chicken rolls"
Sent,"2025-11-25 18:56:03","idk either the buffalo chicken rolls or fried chicken i don’t know you’re stressing me out"
Sent,"2025-11-25 18:56:19","all i want is to be with you i don’t care about stupid food"
Sent,"2025-11-25 18:56:43","you’re so mean and nasty and my stupid brain still just wants you"
Sent,"2025-11-25 18:57:29","10 years ago right now we were at CT’s together in our first public outing"
Received,"2025-11-25 18:57:44","I got tenders I’m sorry "
Received,"2025-11-25 18:58:00","😔😕"
Received,"2025-11-25 19:12:20","Waiting for the food "
Received,"2025-11-25 19:26:20","This is taking forever "
Sent,"2025-11-25 19:27:51","🙄"
Received,"2025-11-25 19:29:44","I’ve been sitting here twenty minutes "
Received,"2025-11-25 19:34:26","Finally "
Received,"2025-11-25 19:34:34","Be there shortly "
Received,"2025-11-25 19:38:06","Driving "
Received,"2025-11-25 20:53:50","Back "
Sent,"2025-11-25 21:08:21","okay thank you"
Sent,"2025-11-25 21:08:46","i forgot to give you yournote"
Received,"2025-11-25 21:10:59",Tomorrow?
Sent,"2025-11-25 21:17:01","we’ll see - i need to go through it to make sure it’s still appropriate to say some of the stuff to a platonic friend"
Received,"2025-11-25 21:18:22","Dan stop saying that "
Sent,"2025-11-25 21:18:54","yeah trust me i’d love to"
Sent,"2025-11-25 21:19:53","i mean we did just go through essentially a 10 year anniversary and you said.... nothing at all about it"
Sent,"2025-11-25 21:20:29","i’ll stop i know it’s not going anywhere"
Sent,"2025-11-25 22:00:46","well i guess i deserve to be ignored for the crime of being unhappy that you’ve demoted me into a totally fake relationship after 10 years without so much as a conversation"
Received,"2025-11-25 22:01:11","I’ve been cleaning up and doing laundry "
Sent,"2025-11-25 22:01:14","also way easier to do that everynight than like - be consistent"
Sent,"2025-11-25 22:01:33","you’re right this ^is^ the first time its happpened"
Sent,"2025-11-25 23:12:59","okay, buddy. i’ll talk to you tomorrow i guess"
Sent,"2025-11-26 00:13:59","very cool. hey thanks for having nothing at all of substance to say about 10 years together. i feel so much better about your investment and enthusiasm in ‘us’"
Received,"2025-11-26 10:39:19","Good morning "
Received,"2025-11-26 13:45:46","Alright..?  Still trying to figure out how the phone bill will be paid. And be able to get something too"
Sent,"2025-11-26 16:38:48","you weren’t even going to come say hi?"
Sent,"2025-11-26 16:40:54","does that mean you are not able to come see me later either?"
Received,"2025-11-26 16:44:29","yes I was going to come down Dan "
Received,"2025-11-26 16:44:46","I had walked out of the study"
Sent,"2025-11-26 16:46:54","can you hang out later o rnor"
Sent,"2025-11-26 16:47:45","can you hang out later or not"
Received,"2025-11-26 16:54:15","I am supposed to be going to the Mechling’s house tonight with all the cousins"
Received,"2025-11-26 16:54:29","But I will come over for a little "
Sent,"2025-11-26 17:21:42","i’ll let you know when he gets here"
Received,"2025-11-26 17:22:52","Okay thanks "
Sent,"2025-11-26 17:23:25","she left your money with me in case he comes before she is back"
Received,"2025-11-26 17:25:05","Okay "
Sent,"2025-11-26 17:27:46","you don’t have to hang out with me"
Sent,"2025-11-26 17:27:52","it’s fine i can tell you don’t want to"
Received,"2025-11-26 17:30:06","What the hell Dan "
Sent,"2025-11-26 17:30:40","annie its fine - i know you i can tell when you do and don’t want to do something"
Received,"2025-11-26 17:31:35","I do Dan "
Received,"2025-11-26 18:32:13","Do you have any update "
Sent,"2025-11-26 18:32:51","no not yet"
Sent,"2025-11-26 18:41:59","alright you can come pick this up i guess"
Received,"2025-11-26 18:42:18","I’ll let you know when I am coming "
Received,"2025-11-26 18:42:25","I am drying my hair "
Received,"2025-11-26 19:14:55","Leaving "
Sent,"2025-11-27 10:45:07","well i hope you just have the best thanksgiving and birthday ever. i’m going to interpret what happened last night and the fact that i haven’t heard from you in like 17 hours as a pretty clear message that you’ve got more important people to pay attention to and that you don’t really have any need for me so hopefully you’ll get what you want"
Sent,"2025-11-27 10:46:06","maybe now you can stop lying about what i’m doing and just admit this whole thing is fake as fuck"
Sent,"2025-11-27 11:14:54","seriously what the fuck? why are you so shitty and cold to me now? like why keep me around and then act like this"
Received,"2025-11-27 11:29:47","I’ve been helping my mom cook all morning. I am sorry I didn’t come back over last night. My parents and I were at the Mechling’s pretty late and I came home and fell asleep. "
Sent,"2025-11-27 11:30:48","just stop. i knew you were lying about coming back over when you said it…it’s that you wouldn’t even think to call me either to tell me you weren’t coming back or just to let me know you are alive"
Sent,"2025-11-27 11:31:33","it doesn’t matter. nothing that happens to me matters. i’m sure wherever you were and whatever you were doing was much more important so it’s all just water under the bridge"
Sent,"2025-11-27 11:32:12","forget it. i’m glad you’re safe and i hope you have a wonderful thanksgiving. i’ll hear from you whenever you need something"
Sent,"2025-11-27 11:56:06","do you think you would have treated me like i was literally invisible and worthless like this last year?"
Sent,"2025-11-27 12:22:32","did i like….do something to you?"
Sent,"2025-11-27 12:33:51","so just - don’t act like i’m crazy when i tell you that the way you act now makes it very clear that i’m not in your life at all. it’s so fucking rude and wrong, it would be way nicer to just be honest and tell me to go away."
Received,"2025-11-27 13:29:57","I am sorry Dan "
Received,"2025-11-27 13:32:28","My grandma and everyone just got here. "
Sent,"2025-11-27 13:32:36","good then you can let me extract you out of my life without needing to ask for another chance or pretend like there’s any reason to not do that"
Sent,"2025-11-27 13:33:19","because this is fucking stupid and fake and it only exists when you feel like it. i’m tired of it and it’s awful. have a nice dinner."
Sent,"2025-11-27 17:08:38","you know i do actually appreciate you finally making a decision and choosing a lane, but you really did not need to keep me the fuck around only to have you realize that you don’t want me in your life after all."
Sent,"2025-11-27 17:18:53","it’s pretty awful to find out that you aren’t interested by interpreting why you suddenly just act like i’m a stranger and don’t even want to talk to me"
Sent,"2025-11-27 17:19:08","a rejection would have been much easier."
Sent,"2025-11-27 17:49:44","seriously what did i do to make you want to be so unnecessarily rude like this"
Sent,"2025-11-27 18:10:51","okay annie sincerely fuck you. thanks for making it such a shit day trying to figure out what i did wrong to make you be so consistently awful to me"
Sent,"2025-11-27 18:11:10","hope you have a nice birthday and life"
Sent,"2025-11-27 18:12:04","if you want to tell me you haven’t had any time to talk to me at all in the past 24 fucking hours - you’re lying. you don’t give a fuck about me and i need to do the same for you"
Sent,"2025-11-27 18:12:57","it’s so fucking shitty. and that’s after you blew me off and everything else. just go the fuck away"
Sent,"2025-11-27 19:32:01","i had something for you but fuck you - you’re being absolutely horrible to me and all i’ve asked is why you won’t even speak to me"
Sent,"2025-11-27 19:57:22","i want you to come get the phone and anything else that is left of yours and then you need to go away"
Sent,"2025-11-27 19:58:33","like for real this time. i’ve never been treated like such a non-person by anyone in my life you can go the fuck away and find somebody else to get your stuff for you"
Sent,"2025-11-27 19:59:24","“please give me another chance Daniel”"
Sent,"2025-11-27 20:30:52","last thing i will bother you with and then i’ll block you so you don’t have to worry about me annoying you: annie i love you and i am the one who has been loyal and have done everything i could to make this work. you told me you wanted to be together and now suddenly i do not exist to you. it’s such a terrible thing to do and the fact that you do not care is just astonishing."
Sent,"2025-11-27 20:32:16","so now you can please accept that we are not in each other’s lives anymore. that’s what you want. it’s not what i want."
Sent,"2025-11-27 20:32:27",goodbye.
Received,"2025-11-27 20:36:29","Dan. "
Received,"2025-11-27 20:36:39","Let me come over after I leave sugies… "
Received,"2025-11-27 20:41:57","Nevermind. I’ll leave you alone. "
Sent,"2025-11-27 20:56:00","are you coming or nmot"
Sent,"2025-11-27 20:56:20","i have something for us"
Sent,"2025-11-27 20:59:18",?
Sent,"2025-11-27 21:05:24","…seriously"
Received,"2025-11-27 21:06:30","Okay Dan. I am still with Sugie "
Received,"2025-11-27 21:15:54","I’ll let you know when I leave okay?"
Sent,"2025-11-27 22:02:44","? i tried to answer"
Received,"2025-11-27 22:55:24","Home. "
Sent,"2025-11-27 22:56:07","i’m being serious i think you did that to make me even more upset"
Sent,"2025-11-27 22:56:47","i don’t know what to do but i’m done for tonight."
Received,"2025-11-27 22:59:46","Did what to make you more upset???"
Sent,"2025-11-27 22:59:47","you win. i can’t do anything to upset you. i still love you. you don’t even consider how terrible you choose to make me feel and you won’t do anything to make things better."
Sent,"2025-11-27 23:00:38","are you joking?"
Sent,"2025-11-27 23:01:31","you didn’t even see me at all"
Sent,"2025-11-27 23:02:38","just…goodnight. i can tell you are completely oblivious to how awful you’ve been and then to do that is just."
Sent,"2025-11-27 23:06:17","annie i love you more than anything in the world but you don’t give a fuck about me and it really shows. i don’t think it’s possible that you are going to go back to thinking i matter."
Sent,"2025-11-27 23:07:17","my mom said something when you left"
Sent,"2025-11-27 23:08:43","fuck off. just let me go."
Sent,"2025-11-27 23:10:53","i love you but please don’t call me anymore unless you are ready to make anything even a little better i hate being upset all the time"
Sent,"2025-11-27 23:10:53",goodnight
Sent,"2025-11-27 23:18:24","…you really can’t say anything meaningful or important about any of this? you haven’t said a single sweet or nice thing to me since i decided that it was more important to have you in my life than it was to be hurt for what you did"
Sent,"2025-11-27 23:21:37","how do you feel this way after 10 years together and how fucking close we are? i could write an entire book about how much you mean to me and how amazing you are and….have you thought at all about what it’s like to be the one who gets cheated on and forgiven and you don’t have a single thing to say"
Sent,"2025-11-27 23:35:48","actually i am ready to call it. i won’t bother you about it now but please call me in the morning when you have time. i’m sorry and i love you, i really do."
Sent,"2025-11-27 23:39:47","i promise you that you’re going to be fine. i’m not sure that i’ll be fine but i feel more alone then ever and i miss the old annie so much. i promise i’m done now goodnight"
Sent,"2025-11-28 02:56:24","annie i’m not stupid, i know something is going on. i fucking know you, i know how you are in all kinds of situations and honestly it doesn’t really matter. the only thing i’m really upset about is that you needed to keep me around and wouldn’t even give me a chance. you wouldn’t do anything that would have let this work and that really sucks because i love you with all of my heart and it didn’t need to play out like this"
Sent,"2025-11-28 02:57:19","and you refused to speak to me about anything so it just feels like i’m ranting at you…it’s either that or give up, and that’s where we are,"
Sent,"2025-11-28 02:59:40","i guess if i’m being honest i knew you didn’t care anymore when you had nothing at all to say about our 10 years. i’ll talk to you in the morning."
Sent,"2025-11-28 03:28:26","i HAVE to do this. i am literally going to off myself if you keep telling me you want to be together and literally can’t spend a fucking afternoon with me. you HAVE to go, completely and permanently."
Sent,"2025-11-28 03:28:28","our story ends here."
Sent,"2025-11-28 12:41:22","sorry but if you have no response to what i said, you’ve already left whatever this is."
Sent,"2025-11-28 12:42:08","even if that just means this is so low priority that it’s not even something worth addressing."
Sent,"2025-11-28 12:44:10","honestly annie what am i supposed to do?"
Sent,"2025-11-28 12:44:14","you literally don’t even talk to me"
Sent,"2025-11-28 12:44:35","you won’t let anything be bettef"
Sent,"2025-11-28 12:48:50","just let me know what you need i will come up with the rest for you and you can take your phone and we can part ways"
Received,"2025-11-28 12:49:15","I don’t want to part ways "
Received,"2025-11-28 12:50:10","I have twenty I can send "
Sent,"2025-11-28 12:50:18","i don’t want to be your platonic buddy"
Sent,"2025-11-28 12:50:24","so we’re at an impasse"
Received,"2025-11-28 12:51:49","I dont know if your mom wants to do the rest or some as a ‘birthday’ i dont know. "
Received,"2025-11-28 12:51:59","Let me know if I can send it "
Sent,"2025-11-28 12:52:13","okay fuck you"
Sent,"2025-11-28 12:52:19","and i will let you know"
Sent,"2025-11-28 12:52:23","so fucking rude"
Sent,"2025-11-28 12:57:03","yeah i’ll have something for you. no you can’t send the money"
Sent,"2025-11-28 12:57:15","and you can get your fucking phone and shit in a little bit"
Sent,"2025-11-28 12:57:34","honestly i’ve never been treated so rudely in my entire life"
Sent,"2025-11-28 12:58:25","i hope you’re happy with whoever it is"
Sent,"2025-11-28 12:59:43","fuck you"
Received,"2025-11-28 13:03:03","Dan "
Sent,"2025-11-28 13:03:57","yes???? what??? SAY SOMETHING"
Sent,"2025-11-28 13:04:04","you leave me with NO IDEA WHAT IS GOING ON"
Sent,"2025-11-28 13:04:16","ARE YOU DONE WITH US OR NOT"
Sent,"2025-11-28 13:05:47",yes?
Sent,"2025-11-28 13:07:51",omfg
Received,"2025-11-28 13:11:07","I’m at lunch right now "
Sent,"2025-11-28 13:11:36","you can’t answer my fucking question?"
Sent,"2025-11-28 13:11:43","why would i update you about the drugs i’m getting for you"
Sent,"2025-11-28 13:11:54","you obviously can text"
Sent,"2025-11-28 13:11:59","a YES or NO would suffice"
Sent,"2025-11-28 13:12:34","if you can’t do that why the fuck would i even get you anything"
Sent,"2025-11-28 13:12:58","answer the question or forget it"
Sent,"2025-11-28 13:14:31","okay then i’ll talk to you later sometime"
Received,"2025-11-28 13:15:49","I am. Not done "
Received,"2025-11-28 13:15:51","It’s us "
Received,"2025-11-28 13:16:01","Edited to “With us ”"
Received,"2025-11-28 15:35:19"," Your mom told me he was coming and I could come over "
Sent,"2025-11-28 16:00:22","when are you coming"
Sent,"2025-11-28 16:00:26","and where do you want to go for dinner"
Received,"2025-11-28 16:00:48","I’m here "
Sent,"2025-11-28 18:24:28",so....
Received,"2025-11-28 18:25:51","I dont know where we would even go I am not hungry at all "
Sent,"2025-11-28 18:26:30","…you could just come over?"
Sent,"2025-11-28 18:27:55","i swear to god you acted like i was so outrageous when i said that you were just going to fucking bail"
Sent,"2025-11-28 18:28:37","as though you have done anything other than that since we got back from nyc"
Received,"2025-11-28 18:29:08","Alright Dan "
Sent,"2025-11-28 18:29:19","…i thought you didn’t have any plans?"
Sent,"2025-11-28 18:30:06","just tell me now and get it over with, are you coming over or not?"
Received,"2025-11-28 18:30:18","I will. "
Sent,"2025-11-28 18:30:58","like later? when you leave light up night?"
Received,"2025-11-28 18:31:44","Give me like 30-45 minutes "
Sent,"2025-11-28 18:33:18","alright but honestly if you aren’t coming until like 8 then just forget it"
Received,"2025-11-28 18:33:32","It’s 6:30 Dan?"
Sent,"2025-11-28 18:35:13","yes i know that but…well nevermind, you apparently do not realize how many times you have completely blown me off or have come for 15 minutes on your way home from wherever instead of when you said you were coming"
Received,"2025-11-28 18:35:42","Alright. Well I will let you know when I am coming "
Sent,"2025-11-28 18:35:58","i thought you said 30-45? jesus christ whatever"
Received,"2025-11-28 18:36:06","YES DAN"
Sent,"2025-11-28 18:38:18","okay be angry at me…you won’t clarify why you just ignored me for 2 straight days or give me the peace of mind to deny the things that i have suggested might have been the reason for that."
Sent,"2025-11-28 18:39:26","i do not want to be contentious. i promise you. but you won’t just talk to me and work through anything and have left me with no idea what is going on or why you suddenly act like you hate me."
Received,"2025-11-28 19:10:33","About to leave home "
Sent,"2025-11-28 19:14:44","i did the dirty work for you"
Sent,"2025-11-28 19:14:51","i told her you were cold and not hungry"
Sent,"2025-11-28 19:15:30","although she probably would have just been “ohhhhh okay dear” if you were the one who told her we weren’t going"
Sent,"2025-11-28 19:15:43","anyways i only did that because you are coming to hang so"
Sent,"2025-11-28 19:15:45","we’re even"
Received,"2025-11-28 19:51:18","She made a line for you "
Sent,"2025-11-28 21:48:04","i am going to sleep, i just had an anxiety attack and nothing good is going to come of tonight"
Sent,"2025-11-28 21:48:41","happy birthday. it would have been really nice if i was able to spend any time with you but somebody else has that privilege now apparently?"
Sent,"2025-11-28 22:06:13","right - don’t know why i thought you’d care. see ya, buddy."
Sent,"2025-11-28 22:10:26","i’m gonna go run out real fast anyways"
Sent,"2025-11-28 22:29:53","…you know i have to be done right? this is the scenario i’ve dreaded the most and is going to make it feel so much worse.  whatever  i won’t ruin your birthday anymore than i already have i will stop before i start."
Received,"2025-11-28 22:32:38","I’m going home. "
Received,"2025-11-28 23:07:12","I am sorry you had an anxiety attack… I hope you are okay. I am sorry I didn’t spend much time with you today and I hope you can let me come over tomorrow.. but if you don’t want me to I won’t. I love you Dan and thank you again for getting me that today. You didn’t have to do that. I’m going to sleep, I don’t feel good at all. I love you, and I am sorry."
Sent,"2025-11-29 01:13:05","really annie…"
Sent,"2025-11-29 01:22:49","would you like to know what threw me over the edge and led to a panic attack?"
Sent,"2025-11-29 01:26:42","well it was when i  i got asked “where did annie go?” and then “wait she told me for 2 days she didn’t have any plans” and the other things that you needed to lie to me about"
Sent,"2025-11-29 01:27:06","so then i got to defend and re-tell the things you were lying to me about for you."
Sent,"2025-11-29 01:36:24","i wish you could spend one day experiencing the weirdness of being in like true love with someone for 10 years who has suddenly does not want you at all.  100% left you behind  without hiding it from you but insists that they still love you the same way also and doesn’t have an answer why they can’t try."
Sent,"2025-11-29 01:37:59","why they can’t spend ONE FUCKING AFTERNOON TOGETHER"
Sent,"2025-11-29 01:39:12","look i may not have every single detail but i know enough about what is going on now to know that you’re not going to be interested in making an effort to be together - you’re already doing that for someone else."
Sent,"2025-11-29 01:40:48","and truly it makes me want to die..mostly due to the fact that you would do that after asking me for more chances and telling me you love me and still only want to do this."
Sent,"2025-11-29 01:57:32","if you are not ready now, like today, to *SHOW* me that you have meant what you said and that you want to be together so that I can begin to start believing you, then there’s nothing else left to be said anyways."
Sent,"2025-11-29 02:04:47","And that means ACTUALLY do it this time. If you are not able to go back to acting and treating me like we are together."
Sent,"2025-11-29 02:05:32","do i think you will do that for me? no. i think you’re seeing someone else."
Sent,"2025-11-29 02:15:17","annie i just need you to go back to treating me like you say you feel about me: we’re together. you care about me. we’re in love and have  been together for a decade"
Sent,"2025-11-29 02:16:58","and i can’t wait any longer. if you are not currently ready to start turning the direction of the ship to act in a way that makes me believe you still love me, well that is crazy and you swear you do still love me so choose to act like it"
Sent,"2025-11-29 02:18:11","again…you are seeing someone else though….so…."
Sent,"2025-11-29 03:01:32","so would you like to please tell me what is going on and whether or not you are still able to love me and be together"
Sent,"2025-11-29 08:30:33","well, like i said…i have very little hope that you still want to actually start turning things around, but if you do i have part of a blunt that we can smoke and i can assure you that it’s not going to be hard to convince me you still want to be together. but if you think you’re going to keep faking it and stalling, it’s not even worth the effort"
Sent,"2025-11-29 10:27:09","if you are going to just ignore all of this or don’t think you need to finally let me know what is going on and provide real clarity - we can just quit while we’re ahead."
Sent,"2025-11-29 10:50:37","okay then - i’ll take that to mean you are seeing someone else now but can’t say it and that i need to move on."
Sent,"2025-11-29 10:58:30","please come get your phone and the goodbye letter i wrote you."
Received,"2025-11-29 10:58:58","Good morning I just woke up "
Sent,"2025-11-29 11:11:30","…okay i guess just let me know when you would like to come grab them"
Sent,"2025-11-29 11:16:48","do you plan on getting something today?"
Sent,"2025-11-29 11:16:55","if so you can do it then"
Received,"2025-11-29 11:19:52","I don’t want to lose you "
Sent,"2025-11-29 11:20:22","you have nothing to say about anything else?"
Sent,"2025-11-29 11:20:47","why did you lie and tell me you weren’t seeing someone else?"
Received,"2025-11-29 11:21:34","IM NOT "
Sent,"2025-11-29 11:37:29","it’s not important to you that i know and believe you about that? i keep bringing it up every time you do something else that makes it look like that and you ignore it and don’t seem to be trying to avoid giving that impression"
Sent,"2025-11-29 11:42:30","i’m sorry that’s not even the right thing to be talking about now. i do not want to fight or whine or come off as upset. i just want to finally, officially choose a lane."
Sent,"2025-11-29 11:48:29","alright you’re not ready to take this seriously or give me the kind of clarity that i need. i promise this should not be difficult. i’m literally just asking you to go back to behaving in a way that allows me to believe you still care"
Sent,"2025-11-29 11:49:27","so i’ll leave you alone. let me know soon if you are going to want something and if you happen to get a spark of inspiration that you aren’t ready to go our separate ways…now would be the time to figure that out."
Received,"2025-11-29 11:50:22","I want to figure it out and be together. Dan I am going to Pittsburgh with my family for the afternoon. I only have $20"
Sent,"2025-11-29 11:50:39",hahahahahaha
Sent,"2025-11-29 11:50:43","wait what happened to"
Sent,"2025-11-29 11:51:12","forget it. i’m gonna call real fast"
Sent,"2025-11-29 11:55:06","i’m not going to be mean or dramatic but this is fake and over so please just come get your stuff"
Sent,"2025-11-29 11:55:44","i’m done being lied to. i will wait until you’ve left to let myself process it. let’s get this over with"
Sent,"2025-11-29 11:56:43","also just for the record that was super fucked up to bail on me last night like that"
Sent,"2025-11-29 11:57:21","goodbye. let me know when you get back. if you can come get your stuff without causing a scene or lying about wanting to be together i will give you a line"
Sent,"2025-11-29 11:59:50","who are you going to pittsburgh with"
Sent,"2025-11-29 12:08:40","cool that’s what i thought…"
Sent,"2025-11-29 12:08:49",bye.
Sent,"2025-11-29 12:11:50","ugh i’m sorry but i have to- do you not think it’s shitty to fucking bail on me all these times and then PROMISE ME we will hang out today and then go to pittsburgh with “somebody”"
Sent,"2025-11-29 12:12:07","like fuck you why would i ever want anything to do with you if that’s what you think is okay"
Sent,"2025-11-29 12:13:02",????
Received,"2025-11-29 12:13:51","It’s not okay Dan "
Sent,"2025-11-29 17:12:23","i thought you weren’t even going to be long?"
Sent,"2025-11-29 17:13:56","srsly i can’t even believe after how many times you have just completely ditched me this week and then you make a big show of telling me last night how you would make it up to me and spend time together today"
Sent,"2025-11-29 17:15:41","that you would get my hopes up and then fuck me over without even so much as a real apology or any kind of acknowledgement that you don’t like me anymore"
Received,"2025-11-29 17:17:07","I will be back Dan. "
Sent,"2025-11-29 17:17:59",what?
Sent,"2025-11-29 17:18:27","you didn’t move there, of course you will be back. what does that mean for me?"
Sent,"2025-11-29 17:20:09","can you even tell me why you would make plans after you made such a big deal of telling me several times (including in your text before you went to sleep) that you would come spend time together"
Sent,"2025-11-29 18:07:47","i can’t tell you how glad i am i did what you asked and gave you another chance. i had no idea you were going to take it so seriously and make me feel so important"
Sent,"2025-11-29 18:11:34","whatever. obviously you’re not even on your way back yet so i’m probably going to drop these two things off"
Sent,"2025-11-29 18:12:05","does it matter wher"
Sent,"2025-11-29 18:27:11","seriously? no idea about time? no response to anything?"
Sent,"2025-11-29 18:44:58","alright annie, i’m done being treated like i don’t exist. you’ve made your choice and do not insult me by suddenly deciding i matter to you when you’re back or you need something."
Sent,"2025-11-29 19:09:37","i’m getting a shower now and then going to run down real quick and the phone will be in the mailbox"
Sent,"2025-11-29 19:21:07","hmmm i wonder who you could be with that you would not be able to text or talk to me?"
Sent,"2025-11-29 19:33:08","￼even after you completely blew me off earlier i still was going to surprise you with a 60 for us to do together."
Received,"2025-11-29 19:46:32","I AM ALMOST HOME. "
Received,"2025-11-29 19:46:37","I WILL COME OVER "
Sent,"2025-11-29 19:47:52","do not fucking act like you have any reason whatsoever to be angry or indignant"
Sent,"2025-11-29 19:49:11","and honestly, there’s no reason to come over other than to get the phone unless you’ve had some major change of heart in the last 6 hours"
Sent,"2025-11-29 19:49:42","why the fuck would i want to keep loving someone who ignores me 22 hours a day unless its about drugs"
Sent,"2025-11-29 19:50:28","who claims to be “with” someone but will barely touch them let alone have a physical relationship"
Sent,"2025-11-29 19:50:41","look at who you’ve turned into."
Received,"2025-11-29 19:58:03","I am like fifteen min away from home. I have to get my car. "
Sent,"2025-11-29 20:04:12","ok just ignore me, nothing i say matters"
Sent,"2025-11-29 20:07:18","sincerely if you’re about to come here and tell me you “can’t stay long” you might as well just stay home…"
Received,"2025-11-29 20:08:35","I’m on my way. "
Received,"2025-11-29 20:08:42","Do you want anything to eat from McDonald’s?"
Sent,"2025-11-29 20:08:49",NO
Sent,"2025-11-29 20:08:56","i don’t want your fucking food"
Received,"2025-11-29 20:09:10","K "
Sent,"2025-11-29 20:09:14","and stop acting like you didn’t just ignore me for 8 fucking hours"
Sent,"2025-11-29 20:09:33","i would have the reason why you did that prepared"
Sent,"2025-11-29 20:29:37","You are not coming over here and avoiding hanging out with me AGAIN. If thats what you are trying to do then you can go home"
Sent,"2025-11-29 20:29:46","What the fuck is going on with you"
Sent,"2025-11-29 21:54:08","it’s absolutely fine if you do not want a physical relationship with me. It’s only fun if it’s authentic. But you should not come inside anymore until or unless you are interested and ready to do that"
Sent,"2025-11-29 21:56:20","i am mortified and i feel ugly and stupid and it just is really making me upset so please respect that boundary. i’ll say goodnight after this but you won’t get anymore messages besides that from me tonight i promise."
Sent,"2025-11-29 22:18:00","you used to be okay with me and would try to support me and now my best friend won’t even speak to me and i don’t know what i did but i hate myself for being the way i am and losing your love and affection that i adored i fucking want to crawl in a ball and die. i’ll stop sorry"
Sent,"2025-11-29 22:31:07","goodbye annie. i’m blocking you now indefinitely."
Sent,"2025-11-29 23:13:01","annie please I’m begging you - if you don’t want to be with me, say that because i’m going to have to go through that anyways.

The way you are treating me is seriously the worst, I’m totally invisible to you and nothing you’re doing makes any sense. I feel so fucking sure you’ve been done with me this whole time and I don’t know why you stopped loving me when I didn’t to you"
Sent,"2025-11-29 23:24:31","i’m about to go drive by your house to see if your car is there and if it isn’t you’re never going to hear from me again let me promise you"
Received,"2025-11-29 23:31:11",Okay???
Received,"2025-11-29 23:31:56","It’s in the driveway"
Sent,"2025-11-30 00:06:33","annie please - i do not want to live and feel like this anymore. all i am asking is for you to decide if you want me in your life or not, and actually try to pursuit whichever person you decide"
Sent,"2025-11-30 00:07:43","i promise you this does not have to continue like this i fucking hate it. but nothing can change until you let us resolve problems instead of running away"
Sent,"2025-11-30 00:09:35","please i can’t keep pushing this off another day. if you want us to be together i am not going to make it difficult. you need to start acting like it and i will believe you. okay??"
Received,"2025-11-30 11:10:54","Good morning "
Sent,"2025-11-30 11:35:50","HI  you"
Sent,"2025-11-30 11:52:58","how are you"
Received,"2025-11-30 11:53:20","I’m okay getting ready to go down to sugies"
Received,"2025-11-30 12:16:53","I’m going to try to get some money together"
Received,"2025-11-30 12:18:02","Then come over. At shop n save for her now "
Sent,"2025-11-30 13:00:07","okay b"
Sent,"2025-11-30 13:01:07","grab me a pack of ramen if you’re still there?"
Received,"2025-11-30 13:02:08","I’m not "
Sent,"2025-11-30 13:02:09","actually don’t worry about it"
Received,"2025-11-30 13:02:12","But I can "
Sent,"2025-11-30 13:02:13","i have pizza"
Sent,"2025-11-30 13:02:24","its okay"
Sent,"2025-11-30 13:02:36","there’s plenty of food here"
Received,"2025-11-30 13:08:07","You sure "
Received,"2025-11-30 13:13:39","I will have sixty. "
Sent,"2025-11-30 13:23:55","okay my mom said the game starts at 430 so"
Received,"2025-11-30 13:24:31","Yeah "
Received,"2025-11-30 13:24:38","I’m finishing up here have her in the bathroom "
Received,"2025-11-30 13:24:44","Then need to go to atm"
Sent,"2025-11-30 13:30:44","okay sweetie i just had her text him to see if we can catch him before the game"
Sent,"2025-11-30 13:30:47","i have weed ready for you"
Sent,"2025-11-30 13:31:12","i have M. I. L. O. ready for you"
Sent,"2025-11-30 13:32:00","stands for Moody. Insane. Lonely. Outrageous"
Received,"2025-11-30 13:35:43","Loved “i have weed ready for you”"
Received,"2025-11-30 13:35:46","Laughed at “stands for Moody. Insane. Lonely. Outrageous”"
Received,"2025-11-30 13:41:24","Leaving now for atm"
Received,"2025-11-30 13:48:06","On my way "
Received,"2025-11-30 13:52:51","Let me in "
Received,"2025-11-30 13:52:56","ITS WINDY"
Sent,"2025-11-30 17:46:43","what are you doing eggster"
Received,"2025-11-30 17:46:47","Hi sorry I am going back down to sugies 😐 Michelle is supposed to be there Sunday evenings and have dinner with her. But of course she isn’t."
Received,"2025-11-30 17:46:56","We sent that at the same time "
Sent,"2025-11-30 17:50:27","oh okay"
Received,"2025-11-30 18:17:46","Eggster does not feel very good "
Sent,"2025-11-30 18:22:47","it’s fine i assumed you weren’t coming back"
Sent,"2025-11-30 18:24:05","not being rude i really did. eggie i know you, i can tell when you don’t want to do something"
Received,"2025-11-30 18:37:47","I was going to "
Sent,"2025-11-30 18:38:38","any time you say you’re coming there’s over a 75% chance that’s a lie"
Sent,"2025-11-30 18:39:14","but whatever i would really rather set that aside to make the point"
Sent,"2025-11-30 18:40:25","that i am 100% serious - if you don’t want to/aren’t ready to/etc hook up then we need to shut this down and both go do something else"
Sent,"2025-11-30 18:41:56","again. if you don’t want to ….that is fine… but we can’t be around each other"
Sent,"2025-11-30 18:43:29","but it’s creating a weirdness and tension/anxiety that i can not handle and it feels really shitty that the love of my life and someone who i’ve been with for 10 years won’t have sex with me anymore."
Sent,"2025-11-30 18:48:22","and you can not keep doing this and ignoring me about anything you don’t like or want to hear. if you need to give me an unpleasant answer, i’d rather hear it than be treated like i don’t exist"
Sent,"2025-11-30 18:50:07","i. want. this. to. work.           i promise you things can feel good, but we are going to exist inside one perpetual argument until you let us resolve problems"
Sent,"2025-11-30 19:09:25","okay i guess that means you don’t currently want to have any kind of physical contact"
Sent,"2025-11-30 19:27:13","that’s nice. i really appreciate you ignoring me after you broke plans with me…again. i’ll leave you alone so whoever it is that you’re hanging out with instead of me isn’t annoyed."
Sent,"2025-11-30 19:53:25","…i tried to be extra nice today and to temporarily set my issues aside and this is what i get back"
Received,"2025-11-30 19:53:28","I just got back home from sugies dan"
Received,"2025-11-30 19:53:33","I’m sorry "
Sent,"2025-11-30 20:09:11","￼"
Sent,"2025-11-30 20:33:44","okay i fucking quit"
Sent,"2025-11-30 20:38:38","can i please show you what it looked like when i was ignoring you and you were upset with me?"
Sent,"2025-11-30 20:43:29","okay you can find somebody else to do this to because it’s so unbelievably disrespectful and it just proves that you’re faking any desire to be with or around me. have a nice night."
Sent,"2025-11-30 20:45:11","oh sorry i forgot - you’ve already found someone else"
Sent,"2025-11-30 20:45:46","(probably where you are right now)"
Received,"2025-11-30 20:46:34","I AM AT HOME "
Sent,"2025-11-30 20:49:37","okay is there some reason why you disappear every time i bring up that i do not want to continue if you still don’t want to have any kind of sexual relationship? it makes me feel so fucking weird and stupid and i can not keep pretending like this is normal (for us or anyone("
Sent,"2025-11-30 20:49:53","if the answer is ‘no’ then just say it."
Sent,"2025-11-30 21:10:23","sokay seriously?"
Sent,"2025-11-30 21:14:42","like if there’s some reason that you haven’t told me about then just be honest? or is it literally just you don’t want to?"
Sent,"2025-11-30 21:27:49","that’s a pretty clear answer - it explains and changes  quite a lot for me."
Sent,"2025-11-30 23:47:51","well bop is here and according to him i am not overreacting, i am extremely underreacting"
Sent,"2025-11-30 23:49:17","i do not want to be your friend. if you can’t start acting like and behaving in a way that starts to turn this fake relationship into a real one tomorrow - we’re cutting everything off  including the z"
Sent,"2025-11-30 23:49:53","that’s what you claim you want anyways. i’m not waiting any longer"
Sent,"2025-12-01 00:00:49","you have my promise that i will be fair. all i’m asking you for is to behave and treat me like you still love me and that you are ready to start moving towards fully or officially being together, whatever…"
Sent,"2025-12-01 03:40:22","blowing me off again last night was a pretty telling move. i’m pretty sure i need to stop talking about it and actually cut this off before you do some really heinous shit to me"
Received,"2025-12-01 09:44:54","Good morning "
Sent,"2025-12-01 09:46:29","hi you"
Sent,"2025-12-01 10:04:43","is you okay"
Received,"2025-12-01 10:05:26","I is not "
Sent,"2025-12-01 10:29:17",why??
Sent,"2025-12-01 10:29:57","what’s wrong? who did this toy ou? i will kill them with my bare hands"
Sent,"2025-12-01 10:34:49","by the way i have bop on call to see us around lunchtime when you get your check. does that work for you?"
Sent,"2025-12-01 10:37:07","also i have one half of a blunt that i saved"
Sent,"2025-12-01 10:37:31","because i love you with my eternal soul"
Sent,"2025-12-01 10:39:58","OIC you don’t like blunts"
Sent,"2025-12-01 10:40:54","(or me)"
Received,"2025-12-01 10:43:49","I dont know how much I’ll be able to get a check for today tho"
Received,"2025-12-01 10:43:55","I’ll try my best "
Received,"2025-12-01 10:44:29","I just have had this head cold for like over a week now. Congestion, coughing, throat hurts. Can’t hear "
Sent,"2025-12-01 11:00:50","sad 😟"
Received,"2025-12-01 11:04:54","I’m getting myself together now and going to go down to sugies and get her lunch and stuff and hopefully get a check "
Sent,"2025-12-01 11:26:03","also you owe me extra time because you bailed on me last night"
Received,"2025-12-01 11:40:19","Well "
Received,"2025-12-01 11:40:37","I came down to sugies. And Donna
Is here showering her "
Received,"2025-12-01 11:40:47","So I couldn’t ask for a check"
Received,"2025-12-01 11:41:02","I’m sorry I know you told him you’d let him know around lunchtime "
Received,"2025-12-01 11:41:22","I could get a check later this afternoon but I don’t want to wait that long"
Sent,"2025-12-01 11:41:23","no he’s supposed to COME around lunch time"
Received,"2025-12-01 11:41:29","Fuck "
Sent,"2025-12-01 11:41:30",whatever
Sent,"2025-12-01 11:41:34","thanks for letting me know"
Received,"2025-12-01 11:41:37","What "
Received,"2025-12-01 11:41:44","I can still come over??"
Received,"2025-12-01 11:42:09","Your mom wouldn’t be able to cover it by any chance until this afternoon?"
Received,"2025-12-01 11:42:18"," Know that a stretch "
Sent,"2025-12-01 11:43:47","i’ll ask but"
Received,"2025-12-01 11:43:54","Like 100 "
Received,"2025-12-01 11:43:56","If it’s possible "
Sent,"2025-12-01 11:43:58","you never responded to what i said"
Received,"2025-12-01 11:44:00","Even 60 "
Received,"2025-12-01 11:44:10","I owe you extra time "
Sent,"2025-12-01 11:44:14",no
Sent,"2025-12-01 11:44:59","whatever i’m not getting into it now"
Received,"2025-12-01 11:45:23","I’m coming over now "
Sent,"2025-12-01 13:08:26","this is done done."
Sent,"2025-12-01 13:09:03","you’re taking your stuff later and you can go do your own thing."
Sent,"2025-12-01 13:09:45","why the fuck would i spend another minute wasting time on someone who treats me like this. go fuck yourself."
Sent,"2025-12-01 13:11:04","and you should know me well enough to know that this problem is different. if this is what you think of me i have no desire to save this anymore."
Sent,"2025-12-01 13:12:07","it’s over. and you really fucking hurt me. so i hope you’re happy and i hope you got what you wanted"
Received,"2025-12-01 16:09:18","I have 100 I’ll be over in a few minutes "
Sent,"2025-12-01 16:10:36",yep
Received,"2025-12-01 16:28:02","On my way "
Received,"2025-12-01 16:44:38","She made a line up here for you. "
Received,"2025-12-01 16:44:49","He’s on his way now "
Sent,"2025-12-01 16:45:04","are you fucking kidding e"
Sent,"2025-12-01 16:45:09","you came over to hangout upstairs?"
Sent,"2025-12-01 16:45:18","i know he is. mine is put in with yours."
Sent,"2025-12-01 16:46:29","fuck you."
Sent,"2025-12-01 16:46:31","seriously fuck you"
Sent,"2025-12-01 16:46:51","i am taking care of this as soon as you leave. you are not welcome here anymore."
Sent,"2025-12-01 16:47:05","enjoy your last time here"
Sent,"2025-12-01 16:47:57","and i don’t want to hear your opinions about how much i got fronte"
Sent,"2025-12-01 16:48:01","i am the one who will be paying it back"
Sent,"2025-12-01 16:56:16","i’m giving you the fend umbrella and your fucking hybrid"
Sent,"2025-12-01 16:56:44","congrats - i no longer want the umbrella. i do not need anything that makes me think about you,"
Sent,"2025-12-01 17:54:49","this is the first thing that has ever made me feel like i will never forgive you for - to manipulate me into thinking you want to be with me and then make me feel like the stupidest, most worthless, unappealing piece of shit.  i am absolutely fucking gutted and you’ve chosen to do this to me based only on the fact that you are so adamant about not wanting to have a romantic relationship with me. it’s the most humiliating and hurtful thing you could possibly do to someone who has gone through what i have and is still here trying to love you"
Sent,"2025-12-01 18:00:42","you’ve chosen to end that now, though. and this is very, very different from what has happened before. there is no manipulating me into forgetting about this. you denied me. you treat me like a fucking stranger. you are not the person i knew and loved and miss so fucking much. now you think it’s totally okay to cheat and lie and you have taken such advantage of how much i love you that you don’t see that you just shattered the whole illusion and taken away any reason i had to save this or keep you in my life. so - if someday you ever think about this, just know that i loved you 100% and would have done anything to have you in my life…right up until you told me to my face that you don’t even like me and that if i wanted any relationship with you i would now have to make do with a totally fake, platonic one."
Sent,"2025-12-01 18:07:35","if your goal was to take the tiny bit of confidence, self-image and worth i had left - trust me you have finally made me give up on and hate myself fully. i hope someday you see what you were to me and how much it took to lose my love. that’s your farewell note and all i have to say. goodbye annie ulmer. i will never forget your cruelty"
Sent,"2025-12-01 18:22:19","you can not imagine how it feels to hear from someone you’ve loved and given everything to for 10 years that you’re not good enough for them anymore after being cheated on and having everything you care about destroyed."
Sent,"2025-12-01 18:32:55","i don’t know if it’s my teeth or that i’ve gained weight or if i did something that i don’t even know about but if you knew what it is like to hear the love of your life tell you this after everything i’ve been through and how worthless you had already made me feel…even you would not have thought it was okay to put me through this"
Received,"2025-12-01 18:43:19","Dan I am still physically attracted to you. I love you I want and need to have you in my life "
Received,"2025-12-01 18:43:35","I am sorry that I have destroyed everything and that i have hurt you so badly "
Sent,"2025-12-01 18:58:24","you don’t need to apologize for something you’re in the middle of doing and could choose at any time to change….particularly in this situation where i’m supposed to believe that the only problem is that you “don’t want to”"
Sent,"2025-12-01 19:55:36","i don’t think i can ever be around you ever again. you’ve changed everything"
Sent,"2025-12-01 20:27:09","so i’m just now realizing that you’ve probably told or led everyone to believe that we’re just friends now after breaking up and that’s why you can’t ever tell them that you are going to be with me or are spending any real time with me"
Sent,"2025-12-01 20:29:01","which is why you won’t even consider doing anything for me or us, because you’ve told everyone that you don’t want to be with me and they would say something about it or disapprove"
Sent,"2025-12-01 20:37:06","i’m done for tonight i literally feel sick to my stomach thinking about how happy i was with you in my life and having your love"
Sent,"2025-12-01 20:39:48","why did you need to do this to me? you could have just said you didn’t like me anymore - we were already split up…i feel like i’m permanently broken and i have no reason why the love of my life did this to me"
Received,"2025-12-01 20:41:44","Dan I do like you. I LOVE you"
Received,"2025-12-01 20:42:09","I am not disgusted by you at all?? "
Received,"2025-12-01 20:43:19","And I do NOT tell people or anyone that I don’t want to be together? I do want to be together I want to find a way to make things better and I know that is all depending on me "
Sent,"2025-12-01 21:03:23","no. your words are not enough this time. nothing you say ever turns out to be true and this doesn’t even make any sense."
Sent,"2025-12-01 21:10:49","i miss annie. i miss the person who truly cared about me and treated me like i was important to her. it’s been so fucking long since i’ve felt like i even exist to you. even when you come here, you give milo all this attention and i just sit the re by myself"
Sent,"2025-12-01 21:12:29","whatever it doesn’t matter. i’m sorry i said i wouldn’t do this."
Sent,"2025-12-01 21:26:39","and you’re still ignoring me anyways. clearly you’re done. goodnightgoodbye"
Sent,"2025-12-01 21:52:54","seriously i hate you so much for making me feel so unwanted and stupid. i do not know how to make myself feel any better because now the only person who’s opinion i care about thinks i’m not good enough"
Received,"2025-12-01 22:22:58","Daniel please. I know you are mad at me. Angry. Upset. And you have every reason to be. "
Sent,"2025-12-01 22:32:18","no but you’ve literally just taken the relationship away"
Sent,"2025-12-01 22:35:51","you abandoned me at the lowest possible moment of my life and have never once shown up when i needed you for support or just to help me feel better. i am alone.  i have nothing and no-one but now i know that even the person i felt closest to doesn’t like me anymore and now it’s just…no-one."
Sent,"2025-12-01 22:37:54","somehow this hurts the most and truly changes everything"
Sent,"2025-12-01 22:39:38","even if i wanted to, i couldn’t possibly keep trying to save this."
Sent,"2025-12-01 22:40:08","you’ve confirmed that there’s no more ‘this’ to save. you literally won’t do the thing you did the first day you met me anymore"
Sent,"2025-12-01 22:43:18","i know it might seem shallow but you just don’t understand how low and stupid i feel and knowing that this is how you see me changes how i feel about you"
Received,"2025-12-01 22:46:14","I don’t see you like that Dan??!! "
Sent,"2025-12-01 22:52:03",right
Sent,"2025-12-02 01:37:08","realizing that you don’t want me at all hurts so much worse than the other shit i’ve been put through. it’s always been my worst fear that you’re suddenly going to stop seeing whatever made you like me in the first place and i just want to fucking die"
Sent,"2025-12-02 01:38:06","seriously it feels like you’ve undone 10 years of love. you’ve shattered the entire illusion"
Sent,"2025-12-02 01:44:25","i’ve always been able to forgiveyou because at least i felt like the love of my life still loved me. i don’t even have a choice this time because you’ve made it known how you feel about me and now there’s no way to pretend like i don’t feel used and abandoned and unworthy and completely fucked with.  i’ve never felt so fucking shitty and lost and alone in my life"
Sent,"2025-12-02 01:55:23","there is no talking our way through this. there is not a way to make me feel better or to push this to the side until later.  i know now how you see me and what i am to you and i’m fucking mortified and resentful and so unbelievably sad that you would see me this way after all this fucking time and everything together. i don’t understand but i don’t want to be me anymore and now i am legitimately going to be alone because you really were the only person i could ever truly feel true love for"
Sent,"2025-12-02 01:58:09","this is just the worst feeling. in the world."
Sent,"2025-12-02 02:01:42","the love of your life cheats on you, abandons you and then spends a full year distancing herself more and more while telling you she is going to “start trying”, then keeps asking for chances only to reject you as so not good enough for her that she won’t even fuck you anymore after 10 years. what could possibly be worse than this? and still you claim to care but won’t do a single thing"
Received,"2025-12-02 09:10:27","Good morning Dan "
Sent,"2025-12-02 09:39:28",Hey
Sent,"2025-12-02 09:48:16","Seriously why would you do this to me"
Sent,"2025-12-02 09:49:13","You do understand we have to kill this immediately right? "
Sent,"2025-12-02 10:40:42","alright fuck off, you know how rude you’re being"
Sent,"2025-12-02 10:57:33","come get your fucking phone and i do not want you going through my mom to get anything from now on"
Sent,"2025-12-02 10:58:11","it’s my decision if i want you in my life…you wouldn’t want me being involved with you mom if you were in this situation"
Sent,"2025-12-02 10:58:33","but you are not who i thought you were and i want you out of my life"
Sent,"2025-12-02 10:58:58","like…today."
Received,"2025-12-02 11:00:06","Please Dan… I don’t want to be out of your life "
Sent,"2025-12-02 11:02:13","no. I’m not good enough for you "
Received,"2025-12-02 11:02:55","Yes you are Dan "
Sent,"2025-12-02 11:03:27","No. I’m not. You’ve shown me that "
Sent,"2025-12-02 11:03:45","So please go"
Sent,"2025-12-02 11:03:58","If this is what I am to you after 10 fucking years"
Sent,"2025-12-02 11:04:00","Then go"
Sent,"2025-12-02 11:05:31","Do you seriously expect me to believe that this all just because you “don’t feel like it”"
Sent,"2025-12-02 11:05:50","Fuck off. Fuck you. It’s so shitty to do this to me after lying about wanting to be together. "
Received,"2025-12-02 11:06:18","I’m not fucking lying?!"
Sent,"2025-12-02 11:07:15","Okay, you’re faking."
Sent,"2025-12-02 11:07:29","You just told me yesterday we’re not having a romantic relationship"
Sent,"2025-12-02 11:07:38","So what would I possibly want you in my life for"
Sent,"2025-12-02 11:07:57","Get your shit and go away. "
Sent,"2025-12-02 11:08:19",Seriously.
Sent,"2025-12-02 11:09:00","You wanted me to hate you"
Sent,"2025-12-02 11:09:05","You figured out the way to do it"
Received,"2025-12-02 11:09:31","wtf Dan "
Sent,"2025-12-02 11:09:46","YOU TOLD ME YOU DON’T WANT A ROMANTIC RELATIONSHIP"
Sent,"2025-12-02 11:09:51","IT’S OVER"
Sent,"2025-12-02 11:10:20","and to reject me after ALL YOU HAVE PUT ME THROUGH"
Sent,"2025-12-02 11:10:27","go the fuck away."
Sent,"2025-12-02 11:10:52","okay fuck you let me know when you’re coming to take your stuff. if you don’t want it, great. goodbye"
Sent,"2025-12-02 11:13:22","Honestly I fucking hate you for doing this to me. You did NOT need to bring me back and make me think you wanted me only to do this"
Sent,"2025-12-02 11:13:49","This is by far the worst you’ve ever hurt me, personally."
Received,"2025-12-02 11:14:33","I DO WANT YOU "
Sent,"2025-12-02 11:28:41","Then show it"
Received,"2025-12-02 12:20:26","I’m at sugies now for lunch, if I am allowed, id like to come over "
Sent,"2025-12-02 12:44:48",okay
Received,"2025-12-02 12:50:38","I will probably get some food on the way too if you want anything "
Received,"2025-12-02 13:14:37",?
Received,"2025-12-02 13:23:52","Waiting for groceries to be dropped off then I’m leaving "
Sent,"2025-12-02 13:30:10",k
Sent,"2025-12-02 13:32:40","where are you getting food"
Sent,"2025-12-02 13:33:02","And I’m assuming youre good today"
Received,"2025-12-02 13:34:50","Probably McDonald’s. And I have 100"
Sent,"2025-12-02 13:41:57",o
Sent,"2025-12-02 13:42:17","Snackwrap & fries plz"
Received,"2025-12-02 13:47:27","Ok getting her to the bathroom and down for her nap "
Received,"2025-12-02 13:57:08","Finally leaving "
Received,"2025-12-02 14:05:53","Got the money. I am waiting for food now "
Received,"2025-12-02 14:10:39","On my way is the door unlocked? My hands are gonna be full."
Sent,"2025-12-02 17:50:33","￼there. i won’t blow up your phone but i am 100% serious so this is stuff i need you to understand asap"
Sent,"2025-12-02 18:07:07","alright i guess i’ll talk to you tomorrow. would you seriously still be ignoring me if you cared at all about us being together?"
Sent,"2025-12-02 18:08:32","annie i fucking love you so much and this is threating even my ability todo that. please - make up your mind and stop playing games"
Sent,"2025-12-02 18:24:45","…can you please stop telling me you want to be together if you’re going to ignore me like this"
Received,"2025-12-02 18:33:27","Dan, I’m eating dinner with Shuggie right now hold on please"
Received,"2025-12-02 18:33:29",Sugie
Sent,"2025-12-02 19:22:15","well…can you like…talk to me when you’re done? do you realize how fucking weird you’re making me feel i have NO idea what’s going on with you or why i can’t get you to connect or talk to me or want to find any resolution. i promise things could be SO MUCH BETTER"
Sent,"2025-12-02 19:24:25",please?
Sent,"2025-12-02 19:31:23","annie please? you do not understand how much worse you are making things by ignoring me and this is a way bigger deal than you realize."
Sent,"2025-12-02 19:34:23","or tell me that you don’t care anymore and to fuck off but this ignoring and evading thing you’re doing is the WORST. i want to make things better, i am asking virtually nothing of you"
Received,"2025-12-02 19:36:51","I just got back home to get my bag to spend the night at sugies dan. "
Received,"2025-12-02 19:37:41","I told you, I do find you attractive still? I never thought any differently."
Sent,"2025-12-02 19:39:54","this is not something you can talk away."
Sent,"2025-12-02 19:40:55","annie is the thought of doing anything sexual with me seriously THAT torturous that you would rather make me feel completely awful and live in this stress until we split off?"
Received,"2025-12-02 19:42:50","NO DAN "
Received,"2025-12-02 19:43:33","I am sorry I have zero fucking sex drive "
Sent,"2025-12-02 19:43:33","so why do this to both of us?"
Sent,"2025-12-02 19:44:20","okay but that does not mean you can not spend 10 minutes doing something you might not feel like doing, even if just to prove to me that you have ANY investment in this"
Sent,"2025-12-02 19:46:05","because right now it seems like you are so disconnected and uninterested that you wouldn’t even consider it."
Sent,"2025-12-02 19:51:30","and idk i’m just not sure you’re seeing how badly it got to me that you’ve outright rejected me. annie i still look at you with the same affection and astonishment that i always have, so it’s fucking BRUTAL that the girl i think is literally perfect and i’ve been so happy liked me…suddenly doesn’t;t"
Sent,"2025-12-02 19:53:05","that’s all i will say. i want to stop doing this and stop being upset i swear to god. please help me do that"
Sent,"2025-12-02 20:32:13","seriously annie? listen do whatever you want but why would i think you are serious or care at all when you just do this"
Received,"2025-12-02 20:47:11","Dan I told you I am at sugies for the night I am getting her ready for bed right now "
Received,"2025-12-02 20:47:17","I fucking LOVE you "
Sent,"2025-12-02 21:00:06","i won’t get into it right now but annie you act like i would be crazy to think that you might not be telling me the truth. this is exactly why i’ve cared that you trust me…"
Sent,"2025-12-02 21:02:11","but regardless, i just want to make clear that this can and will not go away until you decide that you can put up with being with me physically or we call it quits and run in opposite directions"
Sent,"2025-12-02 21:02:47","whatever you decide, it needs to be handled ASAP so we can move past this…or i can try to at least"
Received,"2025-12-02 21:24:48","I am telling you the truth Dan. "
Sent,"2025-12-02 21:28:35","okay i’m just telling you that the words don’t matter on this one so please decide which option you would rather choose"
Received,"2025-12-02 22:14:10","I understand that. "
Sent,"2025-12-02 22:18:00","annie i hate this everything feels so fucking weird and that’s exactly what this never was"
Sent,"2025-12-02 22:20:04","i would do anything to stop sending all these texts and feeling like every single thing is wrong. i do not want that at all and i want the opposite of that. i want that so badly that it will not be hard for you to make progress and sway my opinion that you care….i want you to understand i’m being honest when i say i don’t have any idea at all if you do anymore"
Sent,"2025-12-02 23:03:08","You don’t even say goodnight anymore it’s like what are we doing here"
Received,"2025-12-02 23:09:21","I wish I were sleeping. Sugie is still up having me reheat this fucking heating pad "
Sent,"2025-12-02 23:09:57","lol really"
Sent,"2025-12-02 23:10:18","my mom made me put milos puffer on"
Received,"2025-12-02 23:11:29","Did you take a pic "
Received,"2025-12-02 23:11:43","He needs snow boots "
Sent,"2025-12-02 23:18:15","maybe but he don’t like cold so he said snow boots might be a bad idea"
Received,"2025-12-02 23:19:50","I need pic in puffer "
Sent,"2025-12-02 23:35:13","he said you have been very mean to daddy and he refuses to sit for a pic until you start being nicer"
Received,"2025-12-02 23:38:37","Milo, king baby, Mimi, dingy butt, booger butt, money man, I promise to be nicer to your daddy. Pwetty pwease sit for a pic in your puffer that matches your daddy’s. "
Sent,"2025-12-02 23:47:46","￼"
Sent,"2025-12-02 23:47:47","He said you don’t get any pictures IN the jacket until you actually are nicer and stop the madness"
Sent,"2025-12-02 23:47:59","its sending its just taking forevr"
Received,"2025-12-02 23:48:23","He’s the cutest "
Received,"2025-12-02 23:48:38","He thinks that putting it on means he has to go outside lol"
Sent,"2025-12-02 23:48:59","do you think i do not know"
Sent,"2025-12-02 23:49:02","that he is the cutest"
Sent,"2025-12-02 23:49:04","I KNOW HE”"
Received,"2025-12-02 23:49:04","😒"
Sent,"2025-12-02 23:49:11","I AM THE ONE WHO MADE HIM THAT WYA"
Received,"2025-12-02 23:49:11","HES THE CUTEST "
Received,"2025-12-02 23:49:22","such a baby "
Sent,"2025-12-02 23:57:35","what are you doing stoopid"
Received,"2025-12-02 23:58:13","Finally getting in this horrible uncomfortable bed. I am so tired. "
Sent,"2025-12-02 23:58:47","alright i’ll let you get to sleep. thank you for (kinda) talking to me."
Sent,"2025-12-02 23:58:48","i love you"
Sent,"2025-12-02 23:58:58","..like way more than youknow"
Received,"2025-12-02 23:58:58","I come over tomorrow"
Received,"2025-12-02 23:59:19","And Milo better have his puffer on  "
Received,"2025-12-03 00:00:29","I love you turd brain"
Received,"2025-12-03 07:35:00","Rise and shine mother fucker "
Received,"2025-12-03 07:35:06","Eggie cannot BREATHE "
Sent,"2025-12-03 07:59:01","Why what’s wrong with your breather"
Received,"2025-12-03 08:17:56","I’ve been having this stupid head cold ever since i stayed at my uncles "
Received,"2025-12-03 08:18:09","Can’t breathe. Can’t hear. Throat hurts. Coughing. "
Sent,"2025-12-03 08:23:56","Maybe god is punishing you for your rune meanness and your mean rudeness"
Received,"2025-12-03 08:31:56","Probably "
Sent,"2025-12-03 09:07:13","if you were here right now"
Sent,"2025-12-03 09:07:19","i would make you toast"
Sent,"2025-12-03 09:07:26","or share my toast with you"
Sent,"2025-12-03 09:32:55","￼"
Sent,"2025-12-03 09:32:55","Fine be mean to me, I won’t send you videos of my dog in a ski jacket "
Sent,"2025-12-03 09:32:56","🫠"
Sent,"2025-12-03 09:46:36","oh okay fine then i guess you don’t like dogs in ski jackets"
Sent,"2025-12-03 09:46:43","i’"
Sent,"2025-12-03 09:46:51","i will let the little boy know"
Sent,"2025-12-03 09:55:58","he said he knew you were a fuck by how you treated me but he never thought you’d turn on HIM"
Sent,"2025-12-03 09:56:29","i tried to tell him you are a depraved and sick person"
Sent,"2025-12-03 10:20:18","ew go 2 jail"
Sent,"2025-12-03 10:47:29","okay now you’re official enemy"
Sent,"2025-12-03 11:02:43","you wake me up RISE AND SHINE MOTHERFUCKER at 730"
Sent,"2025-12-03 11:02:48","and then you disappear on me"
Sent,"2025-12-03 11:02:51","…because you hate me"
Received,"2025-12-03 11:15:38","Loved a movie"
Received,"2025-12-03 11:15:51","I WAS PEEPING "
Sent,"2025-12-03 11:16:34","oh okay i’ll tell milo you ALSO don’t want to peep with us"
Sent,"2025-12-03 11:17:04","he said you probably have those stupid things on your face"
Received,"2025-12-03 11:42:10","I ain’t got nothing on my face "
Received,"2025-12-03 11:46:01","Eggie hungry hungry hippo"
Received,"2025-12-03 11:49:55","WHO WANTS CANTON"
Received,"2025-12-03 11:57:44","Fine whatever "
Received,"2025-12-03 11:57:46","BE THAT WAY "
Received,"2025-12-03 12:01:20","The food is ordered "
Received,"2025-12-03 12:12:09","Eggster is trying to get her stupid boots on "
Sent,"2025-12-03 12:12:49","One of these days these boots are gonna walk all over you"
Received,"2025-12-03 12:15:14","Ha. Ha. Ha. "
Received,"2025-12-03 12:15:24","My dad gave me something to give to you "
Received,"2025-12-03 12:15:44","The Eggie has left the nest  "
Received,"2025-12-03 12:15:55","En route to canton "
Received,"2025-12-03 12:21:46","Food in hand "
Received,"2025-12-03 12:21:51","Is the door unlocked "
Received,"2025-12-03 12:21:54","It’s cold "
Sent,"2025-12-03 12:22:18","eggster i had it unlocked at 9am thinking maybe you might start liking me again and would show up"
Received,"2025-12-03 12:29:17",HERW
Received,"2025-12-03 12:29:19",HERE
Received,"2025-12-03 16:56:58","I am trying to get some sort of money together "
Received,"2025-12-03 17:03:24","I have twenty.. i dont know if your mom would be able to sell me any of whatever she has?"
Received,"2025-12-03 17:03:42","Nvm I’ll text her "
Sent,"2025-12-03 17:34:44","don’t"
Sent,"2025-12-03 17:34:50","Let me handle it"
Received,"2025-12-03 17:35:57","I did "
Received,"2025-12-03 17:36:07","Got her wine too "
Received,"2025-12-03 17:36:09","On my way "
Sent,"2025-12-03 17:38:15","Do not give her money just the wine"
Sent,"2025-12-03 17:38:31","Well whateveri don’t care"
Sent,"2025-12-03 17:38:52","Are you just coming to pick this up"
Received,"2025-12-03 17:40:00","I’m coming in for a little "
Sent,"2025-12-03 17:40:05",ok
Received,"2025-12-03 17:40:26","Here’s"
Sent,"2025-12-03 17:41:47","fyi I’m not gonna be able to get anything else from her because you got this so I sure hope you’re planning on splitting it wit me"
Sent,"2025-12-03 17:47:01",?
Sent,"2025-12-03 20:49:51","…I guess youre not talking ti me"
Sent,"2025-12-03 20:50:02","I love you o. Goodnight"
Received,"2025-12-03 21:10:11","I’m sorry. Walmart took forever to I showered and I feel like shit. My heads throbbing. "
Received,"2025-12-03 21:19:13","I love you Dan "
Sent,"2025-12-03 23:12:20","me and milo"
Sent,"2025-12-03 23:12:23","made some chicken noodle soup and grilled cheese"
Received,"2025-12-03 23:20:08","I just woke up. I fell asleep with the lights on. "
Received,"2025-12-03 23:20:32","Give Milo the soup broth"
Received,"2025-12-03 23:20:37","He loved it "
Sent,"2025-12-03 23:20:48","i can’t"
Sent,"2025-12-03 23:21:04","It’s SPICY chicky noodie"
Sent,"2025-12-03 23:21:16","And not because of me - it came that way"
Received,"2025-12-03 23:21:25","🤔"
Sent,"2025-12-03 23:21:52","Like it’s labeled"
Received,"2025-12-03 23:22:02","That’s stupid "
Sent,"2025-12-03 23:22:04","spicy chicky noodie"
Received,"2025-12-03 23:22:18","Think about Milo "
Sent,"2025-12-03 23:22:20","It was prettayyyyyy prettayyy g"
Sent,"2025-12-03 23:22:31","well he already had broth"
Received,"2025-12-03 23:22:37","He wants more "
Sent,"2025-12-03 23:22:43","And then apparently he was upstairs while I was asleep"
Received,"2025-12-03 23:22:49","🫢"
Sent,"2025-12-03 23:22:58","Eating a full thanksgiving dinner on the couch with my mom"
Received,"2025-12-03 23:23:03","Stop it’s"
Received,"2025-12-03 23:23:05",Hahahahahha
Received,"2025-12-03 23:23:15","They are best pals "
Sent,"2025-12-03 23:23:21","she said he sat with her for like an hour waiting for it to be ready"
Sent,"2025-12-03 23:23:41","Now he’s back on the heating pad"
Received,"2025-12-03 23:23:44","What a good boy "
Sent,"2025-12-03 23:23:49","RED ZONE BABY"
Received,"2025-12-03 23:23:50","He’s living the life "
Sent,"2025-12-03 23:24:00","We are red zonin’ it"
Received,"2025-12-03 23:24:04","he’s gonna get toaster burn "
Received,"2025-12-03 23:24:11","Please don’t red zone "
Sent,"2025-12-03 23:24:16","Noooooo he said"
Sent,"2025-12-03 23:24:24","“Mom I live my life in the red zone”"
Received,"2025-12-03 23:24:25","He is very sensitive "
Received,"2025-12-03 23:24:31","Please "
Received,"2025-12-03 23:24:40","That heaty pad is old "
Received,"2025-12-03 23:24:48","Yellow zone please "
Received,"2025-12-03 23:24:59","I don’t want him to get burns "
Sent,"2025-12-03 23:26:31","￼"
Sent,"2025-12-03 23:26:32","Okay for you I change to yellow zone"
Sent,"2025-12-03 23:26:32","But only for you"
Sent,"2025-12-03 23:26:38","Because I love you"
Sent,"2025-12-03 23:26:45","Very very very much"
Received,"2025-12-03 23:27:41","His wittle ears perked up when you said mommy "
Received,"2025-12-03 23:27:56","Got the heater and the heaty pad going "
Received,"2025-12-03 23:28:05","He said this is the life "
Sent,"2025-12-03 23:28:23","his ears always do that"
Sent,"2025-12-03 23:28:33","any time I said mommy he puts the sat ears on"
Received,"2025-12-03 23:28:45","Best dog award 2025 "
Sent,"2025-12-03 23:28:48","He misses mommy "
Sent,"2025-12-03 23:28:51","We both do"
Received,"2025-12-03 23:28:58","8 years in a row "
Received,"2025-12-03 23:29:07","New world record "
Sent,"2025-12-03 23:29:51","What a star"
Received,"2025-12-03 23:29:52","Well I wish me and Betty could say the same. But she’s no longer with us. So it’s just me, I miss you two turd heads. "
Received,"2025-12-03 23:30:07","He’s donating all his winnings to the hero’s "
Received,"2025-12-03 23:30:30","He said Tis the season "
Sent,"2025-12-03 23:30:52","Milo, you only get a box of dog biscuits for winning the best dog award….I don’t think the hero’s want your biscuits"
Received,"2025-12-03 23:31:21","He said it’s worth a try to donate them "
Sent,"2025-12-03 23:31:48","that’s how he keeps winning the award"
Received,"2025-12-03 23:32:05","And his cuteness "
Sent,"2025-12-03 23:32:08","He wins it by donating the last years winnings to the heros"
Sent,"2025-12-03 23:32:17","He’s scamming them"
Received,"2025-12-03 23:32:31","👀"
Sent,"2025-12-03 23:32:47","I might want another one hitter"
Received,"2025-12-03 23:32:57",?
Received,"2025-12-03 23:33:02","I can’t help you there "
Sent,"2025-12-03 23:33:10","was I asking you"
Received,"2025-12-03 23:33:15","Wish i had some "
Sent,"2025-12-03 23:33:17",Heh?
Sent,"2025-12-03 23:33:26","I Wass just noting"
Sent,"2025-12-03 23:33:56","Yeah well if you ever stayed with me you could ahve all of the one hitters your heart desires"
Sent,"2025-12-03 23:34:11","But you hate us soooooo"
Sent,"2025-12-03 23:34:18","Well, I won’t say that"
Received,"2025-12-03 23:34:18","I do not hate "
Sent,"2025-12-03 23:34:22","You hate ME"
Received,"2025-12-03 23:34:35","No I do not "
Received,"2025-12-03 23:34:50","I LOVE YOU "
Sent,"2025-12-03 23:35:25",pffft
Sent,"2025-12-03 23:35:37","You don’t know what love means"
Sent,"2025-12-03 23:35:45","i LOVE you"
Received,"2025-12-03 23:35:51","Oh "
Sent,"2025-12-03 23:35:54","it’s different"
Received,"2025-12-03 23:36:01",I
Received,"2025-12-03 23:36:09",LOVE
Received,"2025-12-03 23:36:14",YOU
Sent,"2025-12-03 23:37:38","Yeah whatever - I literally feel different when you’re around"
Sent,"2025-12-03 23:37:57","Just being near you makes me feel 100% better I hate it so much"
Received,"2025-12-03 23:38:17","You hate me "
Sent,"2025-12-03 23:38:20","Why couldn’t that have happened with someone ni"
Received,"2025-12-03 23:38:36","😳🫢😕"
Sent,"2025-12-03 23:39:04","I hate that it had to be YOU "
Received,"2025-12-03 23:39:23","☹️☹️☹️"
Received,"2025-12-03 23:39:34","Flounder face"
Sent,"2025-12-03 23:40:18","I’m stuck with you forever….even if you’re gone I’m still stuck with you"
Sent,"2025-12-03 23:41:09","you’re just in your own category. I love you different than I could anyone else"
Sent,"2025-12-03 23:41:12","It sucks"
Sent,"2025-12-03 23:42:15","but even though I know you’re awful and mean…I do truly truly love you"
Received,"2025-12-03 23:42:41","Am I in the ‘egg land best’ category for eggs"
Sent,"2025-12-03 23:43:11","…I will walk down there "
Sent,"2025-12-03 23:43:24","And spit on the floor for making jokes like that"
Sent,"2025-12-03 23:43:32","Yes you are egg land best"
Received,"2025-12-03 23:43:40","WAS I ACTUALLY FUNNY "
Received,"2025-12-03 23:43:45",HAHAHAHAHAH
Received,"2025-12-03 23:44:01","I came up with that quick "
Received,"2025-12-03 23:44:12","And your stamp of approval "
Sent,"2025-12-03 23:44:15","Yea you’re a real s"
Sent,"2025-12-03 23:44:24",star
Sent,"2025-12-03 23:44:29","you and milo"
Sent,"2025-12-03 23:44:34",Stars
Received,"2025-12-03 23:44:42","Milo gold star "
Sent,"2025-12-03 23:45:14","I wish you were eeping next to me"
Received,"2025-12-03 23:46:25","Me too ☹️😕"
Received,"2025-12-03 23:55:58","Eggster gotta go back to peep"
Received,"2025-12-03 23:56:13","She sorry "
Sent,"2025-12-03 23:56:44","I love you so much"
Sent,"2025-12-03 23:56:54","Have good night"
Received,"2025-12-03 23:58:04","I love you SO much "
Sent,"2025-12-03 23:58:27","🙄"
Sent,"2025-12-04 00:01:46","I have big nug of weed"
Sent,"2025-12-04 00:01:52","I will save for you"
Sent,"2025-12-04 00:03:09","But there’s a catch"
Sent,"2025-12-04 00:09:57","You gotta at least grab it if you want the weed"
Sent,"2025-12-04 00:10:38","To prove you don’t hate me okaybye goodnight I love you eggstar😇"
Sent,"2025-12-04 07:43:08","Rise and shine motherfucker"
Received,"2025-12-04 11:05:28","I finally actually slept "
Received,"2025-12-04 11:05:32","I gotta go back to Walmart "
Sent,"2025-12-04 11:08:34","…you"
Sent,"2025-12-04 11:08:39","…are a jerk"
Sent,"2025-12-04 11:09:49","That was milo. Milo wrote that"
Received,"2025-12-04 11:10:25","Sugie wants SIX pantry storage containers "
Received,"2025-12-04 11:10:27","For what "
Received,"2025-12-04 11:10:29","I dont know "
Sent,"2025-12-04 11:37:17","are you going to want anything today"
Sent,"2025-12-04 11:37:24",pookibear
Received,"2025-12-04 11:37:29",Yes
Received,"2025-12-04 11:37:48","I’m leaving now to go to Walmart. Then sugies to set up her new house phone "
Received,"2025-12-04 11:37:54","And she will write me a check "
Sent,"2025-12-04 11:39:20","Milo asked if he could get into one of the containers"
Sent,"2025-12-04 11:39:34","Maybe it would be a good placee to sleep?"
Received,"2025-12-04 11:43:43","I’ll find something for the boy "
Received,"2025-12-04 12:13:14","Milo gonna be the happiest boy ever "
Sent,"2025-12-04 12:52:56","￼"
Sent,"2025-12-04 13:08:15","u slow"
Received,"2025-12-04 13:12:03","I’m at sugies "
Received,"2025-12-04 13:12:05",Chill
Sent,"2025-12-04 13:28:17","but. i want."
Sent,"2025-12-04 13:28:17",my.
Sent,"2025-12-04 13:28:18",eggie.
Sent,"2025-12-04 13:29:03","we even left your heat pad out for you"
Sent,"2025-12-04 13:29:25","heaty pad"
Sent,"2025-12-04 13:29:27",weed
Sent,"2025-12-04 13:29:29",z
Sent,"2025-12-04 13:29:38","we have all your things"
Sent,"2025-12-04 13:32:36","￼"
Received,"2025-12-04 13:37:08","I’m trying to set up this damn landline "
Received,"2025-12-04 13:37:20","I want 100"
Sent,"2025-12-04 13:45:35","how long are ya ganna be"
Sent,"2025-12-04 13:45:35","and do i get to spend any time with you today"
Sent,"2025-12-04 13:45:35",plz
Received,"2025-12-04 13:46:45","Almost finished then go to atm"
Sent,"2025-12-04 13:47:58","that means no 😟"
Received,"2025-12-04 13:48:49","I AM COMING OVER SIR "
Received,"2025-12-04 13:48:52",CHILL
Received,"2025-12-04 13:49:16","GETTING YOU COFFEE KCUPS"
Sent,"2025-12-04 13:49:27","I WANT"
Sent,"2025-12-04 13:49:31","MY EGGIE"
Sent,"2025-12-04 13:49:54","i getting in the shower"
Received,"2025-12-04 13:52:16","I have to go in the bank it won’t let me do express funds i dont know why "
Received,"2025-12-04 13:52:31","Stupid "
Received,"2025-12-04 13:52:37","So wait "
Received,"2025-12-04 13:52:44","You said you had z there already "
Sent,"2025-12-04 14:00:55","my mom does"
Received,"2025-12-04 14:01:23","Well, can you tell her to text him?"
Received,"2025-12-04 14:01:33","I’m leaving "
Sent,"2025-12-04 14:03:10",done
Received,"2025-12-04 14:03:37","Thank you "
Received,"2025-12-04 14:03:43","Going to bank now "
Sent,"2025-12-04 14:05:55","love u"
Received,"2025-12-04 14:09:17","Wuv yew"
Received,"2025-12-04 14:09:19","On my way "
Sent,"2025-12-04 15:22:26","you’re not trying and you don’t care. this is all stupid and fake"
Received,"2025-12-04 15:29:25","ALL BECAUSE I HAVE NO SEX DRIVE DAN????"
Received,"2025-12-04 15:29:35","Whatever. Your mom said he’s on his way"
Received,"2025-12-04 15:29:46","I’m moving this fucking chair then I’ll come get it. "
Sent,"2025-12-04 15:34:26","annie it’s not JUST that and you know its not"
Sent,"2025-12-04 15:34:44","also you know that you’re phrasing this in a way to make it sound like i’m asking you something impossible"
Sent,"2025-12-04 15:35:32","and 2 days ago you told me that you understood why i doubted that you were serious about any of this"
Sent,"2025-12-04 15:37:52","and it would hurt your feelings a lot too"
Sent,"2025-12-04 15:38:18","if you were in my position and i literally REFUSED to have any sexual contact with you ever and just said “i don’t feel like it”"
Sent,"2025-12-04 15:38:32","you would think “what is wrong with me”"
Received,"2025-12-04 15:40:13","I’m on my way back "
Sent,"2025-12-04 15:40:30","wow thanks for caring"
Sent,"2025-12-04 16:04:28",https://www.youtube.com/watch?v=f0w60zW97sE
Sent,"2025-12-04 18:03:55","…i promise i’m not trying to be difficult but am i seriously supposed to believe that you are serious about us being together or how you feel abt me"
Sent,"2025-12-04 18:12:40","whatever it’s thursday night and you have a tendency to disappear on thursdays so…guess i’ll talk to you later"
Sent,"2025-12-04 18:20:57","what the fuck annie"
Received,"2025-12-04 18:21:33","I’m icing fucking cookies"
Received,"2025-12-04 18:21:38","Holy fuck "
Sent,"2025-12-04 18:29:58","oh shit i am so sorry if i would have known, i never would have said anything about something so unimportant and unnecessary"
Sent,"2025-12-04 18:30:05","i’ll let you go then"
Sent,"2025-12-04 19:04:03","well it sure seems like the you don’t even want to talk to me once you have it and like i’m not supposed to be messaging you after that."
Sent,"2025-12-04 19:26:43","okay well i’m sorry for bothering you and i’ll try to do better just accepting that i’m basically just an acquaintance to you at this point, and i should not feel like i have permission to talk to you about other subjects."
Sent,"2025-12-04 19:28:24","i would   really appreciate it if you’d stop telling me i’m important or that me or us matters to you when this is what you do every day."
Sent,"2025-12-04 19:36:03",srsly
Sent,"2025-12-04 19:36:57","have a great night"
Sent,"2025-12-04 19:48:24","if you are going with “i fell asleep” you can legitimately just not waste your time typing it out"
Sent,"2025-12-04 20:04:55","yeah - fuck. you."
Received,"2025-12-04 20:23:52","Alright Dan. No I wasn’t sleeping. We ate dinner and I have been setting stuff up with my mom. "
Sent,"2025-12-04 20:29:58","k goodnight then - i won’t bother you until the allowed time and i will refrain from mentioning any of the incredibly simple and fundamental issues that are preventing anything improving when i am supposed to talk"
Sent,"2025-12-04 21:01:13","…like, why keep doing this same thing?"
Sent,"2025-12-04 21:02:51","it doesn’t matter i guess - i’m just not sure why you want me to keep bothering you when you know you’d rather i go away 22 hours a day"
Sent,"2025-12-04 21:09:48",it
Sent,"2025-12-04 21:15:12","it’s nice that you feel so above scrutiny that you act like this to me - when i’ve just figured out how to forgive you and move on without any real acknowledgement or apology for so much shit."
Sent,"2025-12-04 21:58:50","what did i do to get you mad at ME"
Sent,"2025-12-04 22:07:12",wtf
Received,"2025-12-04 22:11:49","I’m not mad at you Dan "
Sent,"2025-12-04 22:15:12","so i’m just supposed to know that after bop comes that i’m not supposed to talk to you anymore that day?"
Sent,"2025-12-04 22:16:41","i don’t fucking understand annie - if this is how you want to be to me and what this is now then please just cut out of it"
Sent,"2025-12-04 22:18:11","whatever i can tell how totally unconcerned and passive you are about this entire thing and i just do not get it"
Sent,"2025-12-04 22:18:13",goodnight
Received,"2025-12-04 22:18:29","No dan?! I told you I had to go help my dad move furniture out into the garage and help my mom set up tables the i helped her make and ice and decorate cookies "
Received,"2025-12-04 22:19:17","I am sorry I have become everyone’s fucking work horse "
Sent,"2025-12-04 22:31:00","i won’t get into it, you don’t want to hear it or care how this effects me so i’ll drop it"
Sent,"2025-12-04 22:35:10","maybe i just want you to actually care, not even do anything different but"
Sent,"2025-12-04 22:36:06","well, i love you."
Received,"2025-12-04 22:38:03","Dan I care "
Received,"2025-12-04 22:38:09","I love you I am tired "
Sent,"2025-12-04 22:40:17","yes it shows"
Sent,"2025-12-04 22:40:18",goodnight
Received,"2025-12-04 22:40:43","Goodnight I love you Dan "
Sent,"2025-12-04 22:49:07","thanks again for keeping my head fucked up that the love of my life and girl i’ve been with for a decade refuses to touch me in any way that isn’t platonic"
Sent,"2025-12-05 00:00:23","i won’t send you a bunch of texts overnight but i do need to continue making this clear as often as possible until it’s resolved one way or another:"
Sent,"2025-12-05 00:02:22","if you aren’t ready or willing to have ANY kind of sexual relationship like…today…we. can. not. continue."
Sent,"2025-12-05 00:05:49","you have destroyed my confidence and self-image…rather than help me feel any better you are making it 100x worse and making me feel fucking worthless and unwanted. there feels like something else going on and i don’t fucking need more mystery. this is awful and you are not even trying to make it better or believable\"
Sent,"2025-12-05 00:07:31","this is going to be a fucking fight every single day until it’s resolved. why the fuck is it so unthinkable to do this? even if you’re not “in the mood”"
Sent,"2025-12-05 10:57:46","😔"
Received,"2025-12-05 11:05:24","Just waking up… I feel so horrible "
Received,"2025-12-05 11:13:29","Like this has to be that new strain of covid"
Sent,"2025-12-05 11:19:39",Huh?
Received,"2025-12-05 11:25:35","I think I have the new strain of covid "
Sent,"2025-12-05 11:40:10","…yeah I understood but what makes you think that"
Sent,"2025-12-05 12:00:25","You’re good for today?"
Received,"2025-12-05 12:11:34","My symptoms and it’s been over a week of having it "
Received,"2025-12-05 12:11:41","I don’t have any money "
Sent,"2025-12-05 12:32:58","Okay well I’m taking from all off this I won’t be seeing you today so have a nice day I guess"
Received,"2025-12-05 13:09:15","What the hell dan "
Received,"2025-12-05 13:09:38","I am laying in bed feeling like death. I’m trying to get some money together "
Sent,"2025-12-05 14:21:20","Last chance"
Sent,"2025-12-05 14:21:24","She’s calling soon"
Received,"2025-12-05 14:31:02","I’m waiting for my mom to send me money Dan "
Received,"2025-12-05 14:31:20","Can your mom cover anything for me "
Received,"2025-12-05 14:31:28","Let me call my mom. Hold on. "
Sent,"2025-12-05 14:33:17",???
Sent,"2025-12-05 14:33:46","You need to fucking tell me now if you want something"
Sent,"2025-12-05 14:33:50","I can’t cover anything"
Sent,"2025-12-05 14:33:56","She’s waiting for you"
Received,"2025-12-05 14:34:14","Okay Dan "
Received,"2025-12-05 14:34:25","She is going to send me some money when she stops driving "
Received,"2025-12-05 14:34:44","I have fifty. "
Received,"2025-12-05 14:35:21","I’ll go to atm in a few min let me get dressed "
Received,"2025-12-05 14:47:57","Leaving "
Sent,"2025-12-05 15:44:37","I’m getting your stuff together and going to reset this phone one last time. He won’t be long so I’ll let you know when I’m ready and you can come grab everythingHonestly if it’s this big of a fucking deal, we shouldn’t be anywhere near each other."
Sent,"2025-12-05 16:22:03","Can I ask what your plan is here? Like I’m telling you that if you find me that unappealing that yu won’t even fucking touch me…that we can’t be together"
Sent,"2025-12-05 16:22:54","And this is SEVERELY stressing me out. I don’t believe your story"
Sent,"2025-12-05 16:25:19","you have no idea how much being flat rejected by you is fucking with me annie. "
Sent,"2025-12-05 16:25:51","You are not looking at how we got here and what this says to me. It fucking HURTS and it’s AWFUL and you don’t even care"
Received,"2025-12-05 16:26:01","Jesus Christ stop Dan "
Received,"2025-12-05 16:26:05","I will be there soon. "
Sent,"2025-12-05 16:26:15","Okay so take your stuff and go and I will stop"
Received,"2025-12-05 16:36:40","I’m coming "
Sent,"2025-12-05 16:42:03","I fucking hate this I don’t want to feel unwanted anymore"
Received,"2025-12-05 16:43:20","I DONWANT YOY "
Received,"2025-12-05 16:43:29","I am on my way "
Sent,"2025-12-05 16:45:12","annie stop, this is what is making it so hard…I am so used to you actually loving me and caring about me that I can’t accept that you don’t anymore and that what you’re saying is not true "
Sent,"2025-12-05 16:45:49","What you say doesn’t matter if it’s never true"
Received,"2025-12-05 16:46:23","Almost there. Turning on Saratoga "
Sent,"2025-12-05 17:04:22","Are you shooting again?"
Sent,"2025-12-05 19:26:57","if you aren’t going to actually come back please tell me now so i don’t wait around thinking you’re coming"
Sent,"2025-12-05 19:32:36",please?
Sent,"2025-12-05 19:43:38","that’s very cool annie thanks a lot. i suppose you don’t have your phone on you"
Sent,"2025-12-05 19:48:59","seriously i give up. you’re not able to understand how you make me feel worthless and unwanted and i want to just fucking die because i am so into you and now you literally won’t even touch me."
Sent,"2025-12-05 19:50:01","it’s eating away at me and i just hate everything about my life now."
Sent,"2025-12-05 19:50:29","if you decide you want to see me, the door is open."
Sent,"2025-12-05 19:51:38","if you don’t - we can just consider that your decision and be done without any further conversation or debate."
Sent,"2025-12-05 19:57:10","like what the fuck why am i the only person you don’t respond to?"
Sent,"2025-12-05 20:04:29","okay i’m not stupid."
Sent,"2025-12-05 20:04:59","we’ll see what happens. if you’re blowing me off i’m just blocking you and that’s it"
Sent,"2025-12-05 20:16:43","yeah i’m about done here. you do not give a FUCK about me now"
Sent,"2025-12-05 20:31:03","alright. not angry but you are done destroying my self worth and treating me like a piece of shit."
Sent,"2025-12-05 20:31:23","these are your decisions and the message is clear. hope you have a magical night."
Sent,"2025-12-05 21:10:22","i appreciate you making it clear what you think of me and where i stand in your life"
Sent,"2025-12-05 21:11:38","again i’m not going to be rude or freak out or do this for dramatics."
Sent,"2025-12-05 21:15:59","i do want you to know that i"
Sent,"2025-12-05 21:18:05","am going to spend years trying to get past and overcome what you did by rejecting me. you’ve made me truly hate everything about myself and feel  so unwanted that i don’t know how to get back up. anyways you (clearly) don’t give a fuck. that’s all goodbye annie. no, we don’t pick these pieces up tomorrow. you made your choice."
Sent,"2025-12-05 21:25:26","you are the most heartless person i’ve ever known."
Sent,"2025-12-05 21:45:46","annie no more of this"
Sent,"2025-12-05 21:47:00","This is who you are. This is what you think of me. You KNOW youre being cruel and shitty right now.  "
Sent,"2025-12-05 21:53:29","Look at what you keep doing to me and tell me it’s even possible for you to still love me"
Sent,"2025-12-05 21:55:41","I’m sorry I’ll stop, you don’t want to hear from me.  And from now on you won’t be hearing from me anymore. Nor will I hear from you. I am going to make sure of that"
Sent,"2025-12-05 21:59:22","(Do not text suz about z again. If that’s a problem, I can make sure she doesn’t hear from you in the same way I won’t be hearing from you. You’re exiting my life entirely)"
Sent,"2025-12-05 22:02:38","This was really, REALLY fucking shitty of you to do tonight. I hope you know that."
Sent,"2025-12-05 22:03:03","You could have just told me you weren’t coming and it would have been so much less rude and hurtful"
Sent,"2025-12-05 22:05:04","seriously you’ve got no compassion or empathy..you just do not care what it feels like to be treated like you are not a person at all. "
Sent,"2025-12-05 22:08:05","Alright this phone is almost done wiping and I am blocking you the second it I finished so  this is goodbye "
Sent,"2025-12-05 22:14:28","fuck you. you've turned into a legitimately bad person.  "
Sent,"2025-12-05 22:23:19","i’ll be by in the morning. if you’re not around i can give it to your parents, who i would really like to let know how you’ve been treating me because nobody ever hears my side"
Sent,"2025-12-05 22:24:04","why did you need do this? you could have just turned me down"
Sent,"2025-12-05 22:38:55","stay the fuck away from me. Do not contact my mom. Do not ask to see milo. "
Sent,"2025-12-05 22:50:22","Why did you do this to me tonight of all nights"
Sent,"2025-12-05 22:50:43","Could you not see that I’m already having a hard enough time "
Sent,"2025-12-05 22:51:02","What the fuck have I ever done to you to deserve to be treated like this"
Sent,"2025-12-05 23:13:10","we’re not having a talk or letting you in to say goodbye to milo. i am going to act like you do not exist and i am going to figure out how to forget that you were my one true love.  you won’t even notice that i’ve disappeared"
Sent,"2025-12-05 23:18:35","no, i do not believe that someone who would do this, particularly tonight, loves or cares about me."
Sent,"2025-12-05 23:20:46","no i don’t know you’re not shooting. no i don’t believe you’re not seeing anyone. no, i don’t think you have any intention of being with me."
Sent,"2025-12-05 23:22:20","someday, you’re going to be treated like you don’t matter by someone you care about and you’ll see that it’s a special kind of awful…it’s literally the worst feeling in the world."
Sent,"2025-12-05 23:22:58","okay, i’ll stop. YOU chose to do this."
Sent,"2025-12-05 23:24:03","YOU are the one who decided to hurt me again"
Sent,"2025-12-05 23:27:16","and YOU are the one who wanted me out of your life now and forever.  That’s what happens now."
Sent,"2025-12-05 23:51:13","you’re a shitty person to me"
Sent,"2025-12-05 23:51:17","you can not even letme know you’re fucking safe"
Sent,"2025-12-05 23:52:37","fuck you annie. i don’t ever want to see you again. you’ve ruined my life and me."
Sent,"2025-12-06 00:48:50","how the fuck could you make such a big deal about not being able to have sex and then do this"
Sent,"2025-12-06 00:48:54","what do you think that makes me feel like annie"
Sent,"2025-12-06 01:00:07","this is the last night i will ever lay here feeling like this…no idea where you are…ditched…unwanted…used and manipulated."
Sent,"2025-12-06 01:06:34","i would have done fucking anything for you… i would have let you treat me badly and i still could have loved you for the rest ofmy life because you were the one"
Sent,"2025-12-06 01:07:21","but you think you’re too good for me to even have to treat me with any compassion"
Sent,"2025-12-06 01:10:14","i hope you try your bullshit. don’t call me until tomorrow afternoon. pretend like this was no big deal. fuck you. you know what happened tonight and you know what it would do to me emotionally. you wanted to hurt me…and you did. badly."
Sent,"2025-12-06 02:22:35","once i find out your safe and deliver this now wiped phone, you can have a great life and stop making me feel like i deserve to be treated like i don’t fucking matter."
Sent,"2025-12-06 02:23:44","you must have changed your mind about wanting me in your life. surely if you did, this would be the absolute last bullshit you would have put me through. fuck you annie i’ve been nothing but good to you and i’ve stayed with you for no reason other than i truly love you"
Sent,"2025-12-06 02:25:25","and how many times have i been left to have no idea who you are, where you are or why you can’t even fucking touch me now but you’ve truly made me hate everything about myself and i’m so fucking self-conscious i can barely leave the house. you told me you wanted this, you could have brought us back and better…this is how i get treated for loving someone who is unlovable"
Sent,"2025-12-06 02:29:20","what kind of fucking evil are you"
Sent,"2025-12-06 02:29:49","that you wouldn’t fucking come home after going out drinking RIGHT AFTER YOU TELL ME HOW YOU CAN NOT HAVE ANY SEX"
Sent,"2025-12-06 02:30:22","am i really that fucking disgusting?"
Sent,"2025-12-06 02:32:44","to have someone you love reject you and say they still love you but just can’t have any hook up…AND THEN YOU GO OUT DRINKING AND STAY OUT ALL NIGHT ? that’s fucking so wrong and it hurts me so much and i don’t like myself it’s just the fucking worst"
Sent,"2025-12-06 02:34:40","do you not see how extraordinarily mean it is to do that to someone? clearly i know now that it’s me and you just do not like me to the point you won’t touch me."
Sent,"2025-12-06 02:35:35","and sorry, no. if you’re out all night i do NOT believe you weren’t with someone else. that’s just not how that fucking works i’m not an idiot."
Sent,"2025-12-06 02:41:47","you told me you were going to try to come back specifically so i would know that you were going to go out all night and be with someone else…how could i ever look you in the fucking face again after you purposely insult me like that"
Sent,"2025-12-06 02:49:02","you lied. you said you weren’t seeing anybody. how could i let myself love someone who would do that to me again…like this…"
Sent,"2025-12-06 02:57:42","I literally feel sick. You’re either in a fucking ditch  or fucking someone else and those are the two outcomes I will get to cope with. This is what you have set me up for. "
Sent,"2025-12-06 03:06:52","ARE YOU OKAY WHAT THE FUCK ANNIE"
Sent,"2025-12-06 03:08:32","I honestly do not know if you are so fucked up that you would actually be ignoring telling me you’re fukcing safe because you’re fuckign someone else and can’t send a 3 letter text or if something is wrong… I sincerely hope you would not be that awful. LET ME KNOW YOU’re FUCKING OKAY."
Sent,"2025-12-06 03:09:41","You were supposed to come here and you literally disappeared. YOU NEED TO STOP BEING SO SELFISH AND LET ME KNOW THAT YOU ARE SAFE. "
Sent,"2025-12-06 03:11:41","I can not believe this is happening after you reject me. It’s seriously the most insulting thing you ever could have done it’s absolutely mortifying. You won’t touch me but also won’t take 3 seconds of attention away from someone else to let me stop freaking the fuck out. "
Sent,"2025-12-06 03:16:45","If I don’t hear from you soon I literally have to text your mom…not even to be shitty but because for all I know they think you’re here and if I know something is fucking wrong and I don’t say something, I might regret that for the rest of my life"
Received,"2025-12-06 03:34:21","What the heck Dan ?? I am home. I have been at home, ASLEEP. "
Received,"2025-12-06 03:34:32","60+ texts??? "
Sent,"2025-12-06 03:34:52",goodbye.
Received,"2025-12-06 14:33:37","I just wanted to apologize for not coming back over and for not answering you.. I really did fall asleep. I’m at sugies now doing her pills for the week. Then I have to go to get stuff at the store for my mom for the party tonight.. I understand if you don’t want to see or speak to me again. But I am sorry and I love you."
Sent,"2025-12-06 14:58:27","This is the 2nd time in a little over a week that you’ve disappeared overnight. It would appear that there’s something else going on that you aren’t telling me about..particularly given that you will not touch me "
Sent,"2025-12-06 15:04:56","Are you going to want something today"
Received,"2025-12-06 15:10:40","There. Is. Not. Anything. Going. On. "
Received,"2025-12-06 15:11:15","I only have 20 cash right now. But my mom is supposed to pay me for tonight at some point.. I assume it will be after."
Sent,"2025-12-06 15:12:16","do you want 20 from my mom now or no"
Sent,"2025-12-06 15:12:39","and honestly annie you don’t get to say that so matter-of-fact when you’ve done these exact things before"
Received,"2025-12-06 15:13:34","Yeah I’ll come now leaving shop now save "
Received,"2025-12-06 15:13:44","Shop n save "
Received,"2025-12-06 15:13:57","But I have a bag of ice in the back of my car so I need to get it home ASAP"
Sent,"2025-12-06 16:25:37","can you do me one favor"
Sent,"2025-12-06 16:45:44","2 favors actually"
Received,"2025-12-06 16:45:51",Wha
Received,"2025-12-06 16:45:58",What
Sent,"2025-12-06 16:46:35","send me a few pictures of you with your glasses on"
Sent,"2025-12-06 16:46:39","and the real favor"
Sent,"2025-12-06 16:49:23","would you please think about and make a decision about whether or not you can endure some kind of sexual activity (now, in the next few days) or if you are certain you’d rather split up"
Sent,"2025-12-06 16:51:30","like i don’t know what about the situation is preventing you from literally grabbing my dick"
Sent,"2025-12-06 16:52:28","it doesn’t make sense to me and if that’s the situation then i can’t….after all you’ve put me through, it’s really fucking with me."
Received,"2025-12-06 16:53:43","￼￼"
Sent,"2025-12-06 16:53:54","is that fair?"
Sent,"2025-12-06 16:54:17","Loved an image"
Sent,"2025-12-06 16:54:21","Loved an image"
Sent,"2025-12-06 16:54:31","you’re the most beautiful girl on earth"
Sent,"2025-12-06 16:55:28","trust me - i wouldn’t tell you that today unless i really thought it were true"
Received,"2025-12-06 17:10:44","Loved “you’re the most beautiful girl on earth”"
Received,"2025-12-06 17:11:56","Thank you "
Received,"2025-12-06 17:13:08","Sorry I am trying to finish up shit for my mom "
Sent,"2025-12-06 17:14:30","it’s okay. can you please make a decision about the other thing? it’s a really big deal and i need you to see that it’s important to me for several reasons, including helping me believe you"
Sent,"2025-12-06 17:17:14","not only that but you look so fucking amazing now and i’ve been so tortured not being able to have you  😢😵😩"
Received,"2025-12-06 17:25:39","I ain’t all that"
Received,"2025-12-06 17:25:57","As a matter of fact I just fucking shit my pants. AGAIN. "
Received,"2025-12-06 17:26:00","How is this happening "
Received,"2025-12-06 17:26:18","it’s like it just fucking leaked out of my ass fml "
Received,"2025-12-06 17:26:24","Haven’t even started my makeup "
Sent,"2025-12-06 17:28:23","annie you KNOW that i think you’re so perfect that i sincerely do not even think about anybody else. i don’t care what you or anyone else thinks, you are everything to me and i still see you with the same passion and excitement that i always have"
Sent,"2025-12-06 17:32:46","i don’t think you know or remember how rare and special it is to feel like that about someone. i literally can not make myself stop seeing you as the best thing in the world"
Sent,"2025-12-06 17:32:50","go clean your shit pants but please…"
Sent,"2025-12-06 17:33:32","will you think about it tonight so we can either do something together or we can call an end to this"
Sent,"2025-12-06 17:34:13","and you can send me a couple more recent pictures too if you don’t mind"
Sent,"2025-12-06 18:11:33","btw if telling me you shit your pants is supposed to discourage me from wanting you, you’re gonna have to try harder than that"
Sent,"2025-12-06 18:12:02","￼"
Received,"2025-12-06 18:12:35","￼￼"
Sent,"2025-12-06 18:14:53","😍😍😍 you look absolutely stunning wow"
Sent,"2025-12-06 18:18:05","i truly wish i could stop loving you this way"
Sent,"2025-12-06 18:18:50","you honestly make my heart skip a beat is what it feels like"
Received,"2025-12-06 18:23:27","Oh stop dat"
Sent,"2025-12-06 18:24:11","why the hell would i still be speaking to you"
Sent,"2025-12-06 18:24:17","if i was not fully and completely enamored"
Sent,"2025-12-06 18:25:24","i LOVE you. you are the love of my life and"
Sent,"2025-12-06 18:26:46","…if i am lying, let milo get struck by lightning… i am not exaggerating when i say that you are the prettiest and most amazing girl on the whole planet"
Received,"2025-12-06 18:28:11","Tank you tank you "
Received,"2025-12-06 18:28:16","Sorry a wittle busy "
Received,"2025-12-06 18:28:30","I wish I had some more freakin z"
Received,"2025-12-06 18:28:32","I’m dying "
Sent,"2025-12-06 18:31:01","it’s okay. i just want you to please think about what i asked when you have some downtime"
Sent,"2025-12-06 18:31:02","if you want to just use your hands to ease into things the first time, that’s fine..but if you aren’t ready to resolve this major problem at all, we need to do something else"
Sent,"2025-12-06 18:31:08","would you wanna come over for a little bit after you finish? i can get you some then"
Received,"2025-12-06 18:31:40","I dont know when it’ll be. Party ends at 10 but I have to help clean up"
Sent,"2025-12-06 18:43:23",:(
Sent,"2025-12-06 18:43:27","please do what i’m asking you and make a decision. things will be so much better i promise you."
Received,"2025-12-06 18:43:36","OKAY DAN "
Received,"2025-12-06 19:25:45","If my mom sends me the money tonight what are the chances he will come"
Sent,"2025-12-06 19:26:43","probably pretty good if i can let him know in advance"
Sent,"2025-12-06 19:27:04","but how would you get her to send it then without looking sus"
Sent,"2025-12-06 19:29:31","i would be willing to get it covered for you"
Sent,"2025-12-06 19:29:37","even if it takes you until the morning to get the money"
Sent,"2025-12-06 19:29:39","….IF"
Sent,"2025-12-06 19:30:25","do you want me to get a 60 for you?"
Received,"2025-12-06 19:31:50","I have some "
Received,"2025-12-06 19:31:59","Can I send it $60"
Sent,"2025-12-06 19:32:07","are you fucking kidding me annie seriously"
Sent,"2025-12-06 19:32:15","you hate me THAT MUCH"
Received,"2025-12-06 19:32:19",What
Sent,"2025-12-06 19:32:27","i was saying i would cover it for you"
Received,"2025-12-06 19:32:33","Then come get my card "
Sent,"2025-12-06 19:32:34","IF THAT WOULD BE ENOUGH TO PUT YOU IN THE FUCKING MOOD"
Received,"2025-12-06 19:32:41","Okay "
Received,"2025-12-06 19:32:52","I’m sorry I’m trying to do ten things right now "
Sent,"2025-12-06 19:32:57","it’s okay"
Sent,"2025-12-06 19:32:59","is that a deal"
Received,"2025-12-06 19:33:51",Yes
Sent,"2025-12-06 19:37:40","ok the call is in"
Received,"2025-12-06 19:40:55","Thank you ❤️"
Received,"2025-12-06 19:40:59","You da best "
Received,"2025-12-06 19:41:02","Milo the best "
Sent,"2025-12-06 19:43:19","okay he’s coming but he’s gonna be a little bit so it should be right before the party ends"
Sent,"2025-12-06 19:46:00","if your parents are worried about you driving i can even pick you up"
Received,"2025-12-06 19:47:19","Why would they be worried "
Sent,"2025-12-06 19:48:27","….you may or may not have gotten a DUI recently ?"
Sent,"2025-12-06 19:48:43","and i don’t touch that poison"
Received,"2025-12-06 19:50:04","Uh ok "
Received,"2025-12-06 19:50:09","Just sat down to eat "
Sent,"2025-12-06 20:07:28","lol were you not the same person who kept using the phrase “tight leash” to explain why you could never spend time with me?"
Sent,"2025-12-06 20:07:35","i was just offering geez"
Received,"2025-12-06 20:07:45",Stoppppp
Sent,"2025-12-06 20:10:03","…i love you"
Received,"2025-12-06 20:11:29","Love youuuuu"
Received,"2025-12-06 20:20:03","Mrs. cantalamessa and I just talked about you for a while "
Sent,"2025-12-06 20:22:25","you probably said “oh i don’t like that idiot anymore”"
Received,"2025-12-06 20:23:35","No "
Received,"2025-12-06 20:23:40","She didn’t know we date d"
Received,"2025-12-06 20:23:53","She was asking me about New York and how it was and if I liked it, blah blah blah"
Received,"2025-12-06 20:24:03","And then she asked me what I was doing now and I told her that I was taking care of Sugie "
Received,"2025-12-06 20:24:14","And then another woman was like oh yeah, she lives in the house next-door to where Fran used to live"
Received,"2025-12-06 20:24:28","And they were like oh that’s so nice that you take care of her and I was like yeah I have a soft spot in my heart for you know older people are taking care of them"
Received,"2025-12-06 20:24:38","And I was like, actually, I took care of Fran as well until she passed away"
Received,"2025-12-06 20:24:52","And I had told her that I was living in New York with my boyfriend, but she didn’t know that it was you"
Received,"2025-12-06 20:25:17","Until I said, yeah Fran’s great grandson is my boyfriend that I was in New York with"
Received,"2025-12-06 20:25:27","And she looked at me like wait what"
Received,"2025-12-06 20:25:33","And I said yes, Daniel"
Received,"2025-12-06 20:25:45","And she was like oh my God I had no idea that you two are dated. I said yes we’ve been together for 10 years."
Received,"2025-12-06 20:27:50","And she’s like yes, he was at our wedding with his parents when he was little"
Sent,"2025-12-06 20:29:02","yeah i was"
Sent,"2025-12-06 20:29:04","DA STAR OF THE SHOW"
Sent,"2025-12-06 20:29:14","i bet they had the best dressed wedding"
Sent,"2025-12-06 20:29:16","because..you kno"
Sent,"2025-12-06 20:31:04","btw i am going to be helping my mom until you’re done to make this possible so if i don’t answer that’s wher ei am"
Received,"2025-12-06 20:34:21","Okay "
Received,"2025-12-06 20:34:28","I’m clearing plates now "
Received,"2025-12-06 20:34:33","And doing dishes "
Sent,"2025-12-06 21:17:48","everything going according to plan"
Sent,"2025-12-06 21:17:56","👍🏻"
Received,"2025-12-06 21:18:51","What does that mean "
Sent,"2025-12-06 21:19:03","he texted her and shouldn’t be much longer"
Sent,"2025-12-06 21:19:06","i went and got all the moneys"
Received,"2025-12-06 21:22:38","Ok I’m busy "
Sent,"2025-12-06 21:22:49","okay go do your thing jerko"
Sent,"2025-12-06 21:22:59",pookibear
Sent,"2025-12-06 21:23:07","jerko pookibear"
Sent,"2025-12-06 21:23:09","that’s your new nam"
Received,"2025-12-06 21:37:14","What gagaga"
Sent,"2025-12-06 21:37:48","jerko pookibear"
Sent,"2025-12-06 21:38:10","you know what’s real weird, ms. pookibear"
Sent,"2025-12-06 21:38:28","i think that the postman is on his way with a package for someone NAMED JERKO POOKIBEAR"
Sent,"2025-12-06 21:38:34","isn’t that a weird coincidence"
Received,"2025-12-06 21:39:15","You were talking absolute nonsense right now"
Received,"2025-12-06 21:39:25","I’m still cleaning up here sorry if I don’t answer"
Sent,"2025-12-06 21:40:32","annie…..you have spent the last 6 months answering 1 out of every 10 messages i send you"
Sent,"2025-12-06 21:40:35","i think i’ll survive"
Sent,"2025-12-06 21:44:22","and i was saying that there’s a package for you"
Sent,"2025-12-06 21:44:43","you, jerko pookibear."
Received,"2025-12-06 21:47:33","A package "
Received,"2025-12-06 21:47:35","Of what "
Sent,"2025-12-06 21:47:58","well i can’t open it, it would be mail fraud"
Sent,"2025-12-06 21:48:20","but i actually knew the courier they sent to drop it off"
Sent,"2025-12-06 21:48:31","bop must be working for USPS or something, they sent him"
Sent,"2025-12-06 21:48:42","Emphasized “bop must be working for USPS or something, they sent him”"
Received,"2025-12-06 21:49:12",Hahah
Received,"2025-12-06 21:49:24","Well I’ll let you know when I am finished cleaning up "
Received,"2025-12-06 21:49:28","People still here. "
Received,"2025-12-06 21:49:37","Hope my mom pays me well "
Received,"2025-12-06 21:49:59","Then I’ll have to go to atm "
Sent,"2025-12-06 21:50:41","i told you - you don’t have to worry about it tonight"
Sent,"2025-12-06 21:50:41","that was part of our deal"
Sent,"2025-12-06 21:51:04","i saiiiiid i would cover you and if you wanted to wait until tomorrow that was fine"
Received,"2025-12-06 22:03:10","Oh I didn’t understand that "
Received,"2025-12-06 22:03:35","I was busy sorry "
Sent,"2025-12-06 22:03:51","well it’s all in the contract"
Sent,"2025-12-06 22:04:33","what did you think the freaking deal was then"
Received,"2025-12-06 22:10:30","I DIDNT READ CORRECTLY "
Received,"2025-12-06 22:10:35","STOP DAT"
Sent,"2025-12-06 22:28:29","😓 you make me nervous. you’re an infamous deal breaker"
Received,"2025-12-06 22:29:02","🙄😒"
Received,"2025-12-06 22:29:06","I will be there. "
Received,"2025-12-06 22:52:59","OKAY "
Received,"2025-12-06 22:53:11","putting the leftovers in containers "
Received,"2025-12-06 22:53:18","I dont know I just want my mom to pay me "
Received,"2025-12-06 22:57:15","So wait "
Received,"2025-12-06 22:57:23","Do I need to get cash out or no "
Sent,"2025-12-06 22:57:47","No get it tomorrow"
Sent,"2025-12-06 22:58:08","…I told you……that..was…part…of….our…DEAL"
Sent,"2025-12-06 23:15:47","what are you doooooing i told you that i would cover you until tomorrow"
Received,"2025-12-06 23:18:38","Why can’t I just get it tonight"
Sent,"2025-12-06 23:19:04","i mean you can but you don’t need to - i was trying to help you out"
Sent,"2025-12-06 23:19:26","also it would give you more time with me if you weren’t going to the atm idfk"
Sent,"2025-12-06 23:24:22","…"
Sent,"2025-12-06 23:24:51","i dare you to break our deal and still think you’re getting anything"
Received,"2025-12-06 23:27:38","I said I would be over?"
Received,"2025-12-06 23:27:45","I’ll call you in a little "
Sent,"2025-12-06 23:27:54","where are you going?"
Sent,"2025-12-06 23:28:17",wtf
Sent,"2025-12-06 23:29:27","ummmm ?"
Sent,"2025-12-06 23:30:48",seriously?
Received,"2025-12-06 23:33:20",What
Received,"2025-12-06 23:33:23","wtf lol"
Received,"2025-12-06 23:33:28","What are you talking about "
Sent,"2025-12-06 23:34:08","you said “i’ll call you in a little” which sounds like you’re going to leave to do something and that you would call me when its done"
Received,"2025-12-06 23:34:09","I’m confused "
Received,"2025-12-06 23:34:20","When i am finished "
Received,"2025-12-06 23:34:24","Cleaning up "
Received,"2025-12-06 23:34:26","Jeeze "
Sent,"2025-12-06 23:34:34","okay that’s fine that’s all i was trying to figure out"
Received,"2025-12-06 23:34:38","You are thinking too far into things "
Sent,"2025-12-06 23:34:45","..gee i wonder why"
Received,"2025-12-06 23:34:52","🙄"
Received,"2025-12-06 23:34:56","Blah blah blah "
Sent,"2025-12-06 23:35:17","you do understand that you build trust by me being wrong like that, right?"
Received,"2025-12-06 23:35:53","Yes daniel "
Sent,"2025-12-06 23:35:55","you get so mad at me but it’s when you aren’t doing anything wrong and i find out that i was wrong that it changes perception"
Received,"2025-12-06 23:36:05","I’ll let you know when I am ready to leave "
Sent,"2025-12-06 23:36:06","go do your thing"
Sent,"2025-12-06 23:36:08","i’ll be here"
Sent,"2025-12-06 23:36:12","you don’t even have to call you can just come"
Received,"2025-12-06 23:36:21",Ok
Received,"2025-12-07 00:02:06","Soon "
Sent,"2025-12-07 00:18:23","Idk what that means but I’ll hold onto this until I know you’re not breaking our deal"
Received,"2025-12-07 00:18:59","I am at pnc now. "
Sent,"2025-12-07 00:20:02","What does that have to do with it?"
Sent,"2025-12-07 00:22:13","￼"
Sent,"2025-12-07 00:22:23","You are aware this is what I’m talking about right?’"
Received,"2025-12-07 00:23:30","Dan I am driving "
Received,"2025-12-07 00:23:59","Turning on Saratoga "
Received,"2025-12-07 00:25:59","Door is locked "
Sent,"2025-12-07 00:32:35","…srsly"
Received,"2025-12-07 02:01:32","Text me coin pocket wallet after I tell you I’m back home"
Received,"2025-12-07 02:01:42","Do you understand what I’m saying?"
Received,"2025-12-07 02:02:00","Like don’t say it until I tell you I’m inside"
Received,"2025-12-07 02:04:50","I’m inside "
Received,"2025-12-07 02:05:08","(That’s your queue)"
Sent,"2025-12-07 02:06:41","Weed purse pocket"
Sent,"2025-12-07 02:08:01","coin pocket wallet"
Sent,"2025-12-07 02:08:12","listen i didn’t even read the first 3 texts"
Received,"2025-12-07 02:08:19","Roger that"
Sent,"2025-12-07 02:08:21","i took my phone outside with me so i was ready to text you"
Sent,"2025-12-07 02:08:37","and i just so happened to be one word off from what i was supposed to say lmao"
Sent,"2025-12-07 02:09:04","you scare the fuck out of me now"
Sent,"2025-12-07 02:09:15","type shit"
Received,"2025-12-07 02:09:29","￼"
Received,"2025-12-07 02:09:32","👻👻👻"
Sent,"2025-12-07 02:11:38","i would rather you not scare me please"
Sent,"2025-12-07 02:14:13","did you actually actually insist on going to the atm and then not leave her the money"
Received,"2025-12-07 02:17:47","I gave you the money!!!"
Received,"2025-12-07 02:17:50","Didn’t I?"
Sent,"2025-12-07 02:18:10",no
Sent,"2025-12-07 02:19:39","eggie are you sure you’re alright like…"
Received,"2025-12-07 02:20:33","Eggie is well done cooked egg"
Sent,"2025-12-07 02:20:36","i am not accusing you of anything but i want you to consider that the reason you are most likely still alive today is because you did the hard thing and told me you were doing something even though you didn’t want to\\\"
Sent,"2025-12-07 02:23:39","i love you so much and i am worried about you."
Sent,"2025-12-07 02:28:07","that’s all i’m going to say, i promise (again) this isn’t meant as criticism or to be shitty"
Sent,"2025-12-07 02:29:04","but please stop driving like that i honestly am freaked out about it"
Sent,"2025-12-07 02:30:33","24 hours a day doesn’t matter i will make sure you don’t have to drive"
Sent,"2025-12-07 02:30:49","i will find a way to you and your car and will drive you to your house and then walk home if you tell me"
Sent,"2025-12-07 02:31:45","i promise you. just please, i would be absolutely lost and done if something happened to you"
Received,"2025-12-07 02:32:32","I’m fine Dan??"
Sent,"2025-12-07 02:33:14","…alright i’m just gonna get off idk"
Sent,"2025-12-07 02:33:19","i love you"
Sent,"2025-12-07 02:34:57","if i’m not supposed to care about you like that you should probably tell me"
Received,"2025-12-07 02:35:09","Why are you having a one sided argument "
Received,"2025-12-07 02:35:20","Like you just instantly went off "
Received,"2025-12-07 02:35:30","I dont know I’m sorry "
Received,"2025-12-07 02:35:41","I am getting ready for bed and passing out "
Sent,"2025-12-07 02:37:08","i’m not - i just don’t like you driving drunk and tried to offer so you didn’t have to"
Received,"2025-12-07 02:38:09","Yes you are correct "
Sent,"2025-12-07 02:38:11","and  “i’m fine” didn’t feel like it was even registering"
Received,"2025-12-07 02:38:22","I shouldn’t be doing that "
Sent,"2025-12-07 02:39:59","i’m sorry i know i’m operating on a hair-trigger. i’m trying to make sure that i’m not being stupid or unreasonable."
Received,"2025-12-07 02:40:22","Wait off "
Received,"2025-12-07 02:40:24","Omg "
Sent,"2025-12-07 02:40:31",huh
Received,"2025-12-07 02:40:32","One of my earrings is missing "
Received,"2025-12-07 02:40:41","Please look around for it "
Sent,"2025-12-07 02:40:55",k
Received,"2025-12-07 02:43:21","￼"
Received,"2025-12-07 02:43:33","I’ve had these since I was like 10"
Received,"2025-12-07 02:43:45","Real silver "
Received,"2025-12-07 02:43:49","I’m going to cry "
Sent,"2025-12-07 02:45:37","i’m gonna look outside"
Received,"2025-12-07 02:45:59","Maybe it’s in the car i dont know "
Received,"2025-12-07 02:46:04","Fml "
Sent,"2025-12-07 02:47:53","well calm down"
Sent,"2025-12-07 02:48:05","you were only at your house and here so it can’t be too far"
Received,"2025-12-07 02:48:11","But still"
Received,"2025-12-07 02:48:14","I dont know "
Received,"2025-12-07 02:48:16","Sorry "
Sent,"2025-12-07 02:48:35","and i have to clean everything in here tonight for the showing tomorrow so"
Sent,"2025-12-07 02:48:42","if it’s here i promise i’ll find it"
Received,"2025-12-07 02:50:46","Oh I didn’t know there was a showing tomorrow"
Sent,"2025-12-07 02:51:44","￼"
Sent,"2025-12-07 02:52:29","did you find your money?"
Received,"2025-12-07 02:54:42","Omg you’re right "
Received,"2025-12-07 02:54:47","I have it in my wallet "
Received,"2025-12-07 02:55:02","I was thinking of earlier today when I handed you the twenty in the kitchen"
Received,"2025-12-07 02:55:08","My fault I am sorry "
Received,"2025-12-07 02:56:42","Two questions:
1. What are you doing?? I was waiting for Milo to pop up?
2. Are you wearing high heels? What’s with all the click clacking "
Sent,"2025-12-07 02:58:06","i am outside looking for your earring"
Sent,"2025-12-07 02:58:21","i am wearing sandals lmao"
Sent,"2025-12-07 02:58:40","i just wanted to look now to make sure it didn’t fall off when you were getting into the car"
Received,"2025-12-07 02:59:23",Ohhhhh
Received,"2025-12-07 02:59:38","Sounds like ya got your mom shoes on "
Sent,"2025-12-07 03:00:31","￼"
Sent,"2025-12-07 03:02:23","remember when you got so mad at me voice texting that you insisted on buying me a keybaord"
Sent,"2025-12-07 03:02:38","…because you hate me and my voice was enough to make you annoyed"
Received,"2025-12-07 03:02:38","I sure do "
Sent,"2025-12-07 03:03:06","no to be honest i hate it too"
Sent,"2025-12-07 03:03:13","so you’re off the hook on that one"
Received,"2025-12-07 03:04:05","Figured "
Sent,"2025-12-07 03:06:26","i love you. i’m gonna find your earring"
Received,"2025-12-07 03:06:40","Hopefully it’s in my car "
Received,"2025-12-07 03:06:46","But thank you for looking "
Sent,"2025-12-07 03:07:46","i feel very strange but i’m gonna just hold off"
Received,"2025-12-07 03:08:13","lol yeah okay you hold off "
Sent,"2025-12-07 03:08:51","cool i guess i’ll talk to you tomorrow"
Sent,"2025-12-07 03:17:09","i love you. sad you don’t realize that this all should be so much happier and hopeful right now but you’re just not involved. goodnight"
Sent,"2025-12-07 03:18:54","oh and i think i found your lipstick. no luck on the earrings"
Received,"2025-12-07 03:26:45","BUT OF COURSE YOU ARENT HAPPY AFTER I GIVE YOU WHAT YOUVE BEEN ASKING FOR "
Received,"2025-12-07 03:33:17","Goodnight Dan I love you. "
Sent,"2025-12-07 03:36:27","hey annie the whole thing is we’re both supposed to want that. i’m really not trying to be upset."
Sent,"2025-12-07 03:36:31","i love you."
Sent,"2025-12-07 08:09:33","I feel really gross about last night. 


You made me feel like I am the absolute last person in the world you want to have sex with.  "
Sent,"2025-12-07 08:34:16","Eggie  If this is no longer real for you, you would be doing the right thing by speaking up to end it…I promise you. I’m not built to do this without clarity or security that you aren’t about to leave me. 

Please tell me if the part of you that used to make me feel loved and safe is gone. I don’t want to be like this anymore, I want things to be GOOD and HAPPY with us…"
Sent,"2025-12-07 08:40:49","can I ask why you wouldn’t tell me that you’re not going to just disappear overnight on me anymore like you did friday night?"
Sent,"2025-12-07 10:48:21","i'm gonna be leaving soon for the appointment"
Sent,"2025-12-07 10:48:33","well because of the appointment to be precise"
Sent,"2025-12-07 10:48:40","I love you "
Sent,"2025-12-07 11:19:34","kwell i’ll be back in a lil bit "
Received,"2025-12-07 11:26:29","Oh hi o"
Received,"2025-12-07 11:32:41","Hopefully my mom will pay me before the Steelers game so he could come by real quick "
Sent,"2025-12-07 12:37:34","i'mback inside pooka "
Sent,"2025-12-07 12:37:56","my little pooka shell"
Sent,"2025-12-07 12:38:35","my sweet little pooka shell necklace "
Sent,"2025-12-07 12:39:08","are you loving that"
Sent,"2025-12-07 12:41:13","yeah i knew it. you love it so much you're speechless"
Received,"2025-12-07 12:42:52","🤔😒"
Received,"2025-12-07 12:43:15","Hey wait "
Received,"2025-12-07 12:43:20","Technically I do have 100 "
Sent,"2025-12-07 12:43:55","alright alright just"
Sent,"2025-12-07 12:44:19","Remember that Monday is when he gives me something usually because you get a regular one usually"
Sent,"2025-12-07 12:44:29","So even if you can’t get a whole regular one tomorrow"
Sent,"2025-12-07 12:44:47","I would appreciate (and will share with you) if you make sure you can get soooooomething tomorrow"
Sent,"2025-12-07 12:44:55","So tell me "
Received,"2025-12-07 12:44:55","Yeah I know "
Sent,"2025-12-07 12:45:07","Do you want me to change your order"
Sent,"2025-12-07 12:45:42","Or are you just talking shit trying to impress me with all your fabulous austere wealth"
Received,"2025-12-07 12:46:48",100
Sent,"2025-12-07 12:50:20","Alright you dumb bitch"
Sent,"2025-12-07 12:50:55","Very important"
Sent,"2025-12-07 12:50:58","Headache medicine "
Sent,"2025-12-07 12:51:03","Please god please"
Sent,"2025-12-07 12:51:05","It hurts so bad"
Received,"2025-12-07 12:51:41","Wait please don’t hate me "
Received,"2025-12-07 12:51:57","I thought I had more money in my account "
Received,"2025-12-07 12:52:22","Technically the total I have is 90"
Received,"2025-12-07 12:53:39","But yes I’ll bring medicine "
Sent,"2025-12-07 12:54:18","eggie "
Sent,"2025-12-07 12:54:33","Of all of the jams you put me in"
Sent,"2025-12-07 12:54:42","Why would I hate you for THAT"
Received,"2025-12-07 12:55:51","I dont know "
Sent,"2025-12-07 12:56:12","you shoot me in the the leg a bunch of times and laugh, then accidentally step on my shoe and apologize aggressively "
Received,"2025-12-07 12:57:56","Well I’m sorry "
Sent,"2025-12-07 12:58:50","I need my eggie"
Sent,"2025-12-07 12:59:09","I want my eggie"
Received,"2025-12-07 13:06:37","I’m gonna bring over baklava"
Received,"2025-12-07 13:17:14","So I assume he is not coming soon "
Sent,"2025-12-07 13:24:05","I will tell you"
Sent,"2025-12-07 13:24:07","When I see you"
Received,"2025-12-07 13:24:19","😒"
Sent,"2025-12-07 13:27:42","Where are you"
Sent,"2025-12-07 13:27:42",\
Sent,"2025-12-07 13:27:58","You’re gonna get me in trouble I’m not supposed to text him until the money is on the way here"
Sent,"2025-12-07 13:28:13","And my fucking head hurts"
Received,"2025-12-07 13:28:21","I’m sorry I’m coming "
Sent,"2025-12-07 13:38:49","what are you dooooooing why are you the sketchiest person on the earth now"
Sent,"2025-12-07 13:39:48","just for the record I can not explain how much I miss old eggie"
Received,"2025-12-07 13:40:19","TRYNA GET THESE DAMN BOOTS ON "
Sent,"2025-12-07 13:41:38","old eggie was so nice to me"
Sent,"2025-12-07 13:42:47","And actually wanted me to know she loved me. I never felt like she totally didn’t care about me like now"
Sent,"2025-12-07 13:43:12","Not because you’re taking forever just…stuff.."
Sent,"2025-12-07 13:43:47","I just miss that a lot. "
Received,"2025-12-07 13:51:48","Leaving sorry "
Received,"2025-12-07 17:04:28","Wuv yew"
Sent,"2025-12-07 17:06:24","I love you stoopie"
Sent,"2025-12-07 17:15:49",listen
Received,"2025-12-07 17:19:53",?
Sent,"2025-12-07 17:20:34","you look so fucking good at a healthier weight holy fuck"
Sent,"2025-12-07 17:20:35","i know you’re gonna make me feelstupid for even complimenting you like that but you really do and the difference is crazy for the small amount of change"
Sent,"2025-12-07 17:27:11","And I wanna say again - if you aren’t into me anymore, you HAVE to tell me okay? it doesn’t seem like it but that’s the nicer and better thing to do"
Sent,"2025-12-07 17:32:44","I love you I won’t say anything else about it"
Sent,"2025-12-07 17:32:49","i'm sorry."
Sent,"2025-12-07 17:43:33","see….told you that you’d make me feel dumb"
Received,"2025-12-07 17:56:40","I am SORRRRY"
Received,"2025-12-07 17:56:47","my mom and I were chit chatting "
Sent,"2025-12-07 18:02:43","☹️"
Sent,"2025-12-07 18:07:51","want me to leave you alone then"
Sent,"2025-12-07 18:13:09","alright sorry to bother you. if you want to talk to me later i’ll be here."
Sent,"2025-12-07 19:17:28","so like"
Sent,"2025-12-07 19:17:44","are you really just going to ignore me after you see him EVERY DAY?"
Received,"2025-12-07 19:17:51","No dan!!"
Received,"2025-12-07 19:18:09","My mom and I had dinner and started watching a show then we both fell asleep lol"
Received,"2025-12-07 19:26:43","Loved “i know you’re gonna make me feelstupid for even complimenting you like that but you really do and the difference is crazy for the small amount of change”"
Sent,"2025-12-07 19:29:14","i think"
Sent,"2025-12-07 19:29:27","and i know that you’ll never ever do this but"
Sent,"2025-12-07 19:29:50","i have these mushrooms still"
Sent,"2025-12-07 19:31:11","and i would do absolutely anything to get one day with you to eat them and get spiritually healed together"
Sent,"2025-12-07 19:31:33","never gonna happen but..i honestly believe it would fix so much"
Sent,"2025-12-07 19:35:32","alright i’m not being shitty or mad but i will just let you go"
Received,"2025-12-07 19:36:07","I told you recently that I still have a good amount left here that you gave me "
Sent,"2025-12-07 19:36:38","i mean like a real mushroom day"
Received,"2025-12-07 19:37:57","I understand what you’re saying lol"
Sent,"2025-12-07 19:39:45","￼i haven’t touched it"
Sent,"2025-12-07 19:39:52","do you want me to let you go or not? i promise it’s fine"
Received,"2025-12-07 19:41:11","I am going to get in the shower in a few minutes "
Sent,"2025-12-07 19:57:50","do you think you can at least call me or text me before you fall asleep for the night"
Received,"2025-12-07 19:58:24","Yes I can "
Sent,"2025-12-07 20:03:15","one last thing you’re gonna be so annoyed but idc"
Sent,"2025-12-07 20:05:05","you did see that i told you the right thing to do, if you no longer are sincerely (actually) sexually attracted to me anymore, is to say something and not pretend like you are…right?"
Sent,"2025-12-07 20:07:36","i only ask and bring it up because i want you to understand that the thing that will help and be best for me is to know whether or not you still like me or not…and i feel very iffy about that answer"
Received,"2025-12-07 20:22:38","Yes I understand "
Sent,"2025-12-07 20:27:34","…and if you still like me, i want us to grow closer and have fun and that is just a part of bonding so…idk i’ll stop bye"
Received,"2025-12-07 21:02:12","I obviously still like you Dan. And i dont know why you are so hung up on thinking im not sexually attracted to you? Like yes I am. You just assumed I wasn’t bc I told you that I don’t have any sort of sex drive. Like at all. "
Sent,"2025-12-07 21:09:04","i don’t wanna bum you out and go into it, and yes i am aware and try to compensate for my own overthinking, oversensitive perception of that stuff but... well just consider that some stuff that happened really drained my self-worth and image entirely and i was made to feel like i wasn’t good enough for you, specifically."
Sent,"2025-12-07 21:12:45","…eggie i really still do see you and want you like i just met you. it’s fucking crazy, nobody else was like that for me and i just think you’re perfect."
Sent,"2025-12-07 22:16:44","￼that’s the picture i was talking about"
Sent,"2025-12-07 22:17:19","that’s the version of eggie i see in my head"
Sent,"2025-12-08 08:06:04","Good morning fuckface"
Sent,"2025-12-08 10:11:55","Are you okay?"
Sent,"2025-12-08 10:49:29",??
Sent,"2025-12-08 10:59:36","Ok whatever"
Received,"2025-12-08 11:36:41","I just now woke up"
Received,"2025-12-08 11:38:31","Lord help me "
Received,"2025-12-08 11:38:45","I gotta get the damn tire fixed "
Received,"2025-12-08 11:46:54","Sugie is currently in Pittsburgh for a doctors appt "
Received,"2025-12-08 11:47:13","I will figure out a way to get money together to see him before the kid comes "
Sent,"2025-12-08 11:56:12","you need to figure it out in the next 30 minutes if you want it today"
Sent,"2025-12-08 11:56:58","i’m running to get cigarettes. text my mom if you have the number before you hear from me next"
Received,"2025-12-08 11:58:25","I’m trying "
Received,"2025-12-08 11:59:02","I’m going down to get my tire fixed and my mom’s gonna send me money to cover that so"
Received,"2025-12-08 11:59:25","I don’t know maybe I’ll just use for sugies cards to get the tire paid for even though that is horrible to do"
Received,"2025-12-08 11:59:48","And use the money my mom send me to get something"
Received,"2025-12-08 12:00:32","I have the 60 I still owe your mom. But I may have to use some of that for today. I don’t fucking know. Let me call you in a little bit."
Sent,"2025-12-08 12:06:31","if you need to use some of it for today that’s fine but he’s not gonna be around after 1230"
Received,"2025-12-08 12:07:52","Okay "
Received,"2025-12-08 12:08:01","May need you to get me at tri county tire "
Received,"2025-12-08 12:08:03","I’m here now "
Sent,"2025-12-08 12:08:17","i can get you loser"
Sent,"2025-12-08 12:08:24",LOOOOOOOSER
Sent,"2025-12-08 12:08:40","i need a number now"
Sent,"2025-12-08 12:08:44","she’s making the call"
Received,"2025-12-08 12:08:58",100
Received,"2025-12-08 12:09:07","I’ll have my mom send me money "
Received,"2025-12-08 12:09:15","I’ll let you know if I need picked up "
Sent,"2025-12-08 12:10:28","ohhh you’re having your other boyfriend come get you"
Sent,"2025-12-08 12:10:45","or maybe just your primary boyfriend at this point"
Sent,"2025-12-08 12:11:05","🥺"
Sent,"2025-12-08 12:11:11","😕"
Sent,"2025-12-08 12:11:14","🙁"
Sent,"2025-12-08 12:11:20","☹️"
Received,"2025-12-08 12:12:59","OMFG "
Received,"2025-12-08 12:13:01","Stop "
Sent,"2025-12-08 12:13:30","*doesn’t deny it*"
Received,"2025-12-08 12:16:04","I’m like a fucking fish in a shark tank here "
Received,"2025-12-08 12:16:21","I am waiting for them to take the car back to inspect "
Sent,"2025-12-08 12:16:27","what the hell does that mean"
Received,"2025-12-08 12:17:02"," Got money "
Sent,"2025-12-08 12:18:10","am i coming to get you or did you already send for your MAIN PRIMARY #1 boy"
Sent,"2025-12-08 12:18:20",boyf
Received,"2025-12-08 12:18:49","ONLY YOU"
Received,"2025-12-08 12:18:59","they are getting the car back now "
Received,"2025-12-08 12:19:52","If it’s going to take a long time I may make an appointment to bring it back "
Sent,"2025-12-08 12:20:07","girl u crazy"
Sent,"2025-12-08 12:20:14","but that’s the right answer finally"
Received,"2025-12-08 12:23:30","But I have enough money "
Sent,"2025-12-08 12:27:45","I’m gonna tackle you when i see you"
Sent,"2025-12-08 12:28:24","pin you down"
Sent,"2025-12-08 12:29:09","tie you up"
Sent,"2025-12-08 12:29:32","torture you"
Received,"2025-12-08 12:31:07","Don’t need ride "
Sent,"2025-12-08 12:31:29","😒"
Received,"2025-12-08 12:31:58","They said take it to another shop bc I bent something and they don’t want to put a new tired on until that is fixed bc it will keep wearing the tire down "
Received,"2025-12-08 12:33:05","So I’ll leave here once the car comes out. I’ll hit the atm"
Received,"2025-12-08 12:33:13","I gotta still watch the damn kids "
Sent,"2025-12-08 12:33:37","oh good god you broke your fucking car"
Sent,"2025-12-08 12:33:40","ANOTHER car annie"
Sent,"2025-12-08 12:33:47","first your black volvo"
Sent,"2025-12-08 12:33:57","then you totaled the honda"
Sent,"2025-12-08 12:34:13","then you finally took a break and didn’t break your nissan"
Sent,"2025-12-08 12:34:25","and now you break your fucking lexus. really annie?"
Sent,"2025-12-08 12:35:08","you’ve broke 3 of the 4 cars you’ve had since we’ve been *~ in love ~*"
Sent,"2025-12-08 12:35:35","well…since i have been in love. you go in and out of that once a week"
Received,"2025-12-08 12:35:49","Shut upppp"
Sent,"2025-12-08 12:36:04","see? see that? where is the love"
Received,"2025-12-08 12:36:39","Going to atm "
Sent,"2025-12-08 12:36:43",https://www.youtube.com/watch?v=WpYeekQkAdc&list=RDWpYeekQkAdc&start_radio=1
Received,"2025-12-08 12:36:48","Want snack wrap"
Sent,"2025-12-08 12:37:01","i want my eggie"
Sent,"2025-12-08 12:37:55","idc - if you are going you can get me one but otherwise just bring your world class, best-in-show ass over here"
Sent,"2025-12-08 12:38:19","(  Y  )"
Sent,"2025-12-08 12:38:58","(  )o(  )"
Received,"2025-12-08 12:39:56","Ok ok "
Received,"2025-12-08 12:40:10","I also need to go to the dry cleaners to drop off these tablecloth so my mom doesn’t get double charged"
Sent,"2025-12-08 12:40:23","i hate"
Sent,"2025-12-08 12:40:23",you
Received,"2025-12-08 12:40:24","I picked up this fucking Christmas garland that I have to take to somebody’s house"
Received,"2025-12-08 12:40:36","Food ordered "
Received,"2025-12-08 12:40:42","Almost to pnc "
Sent,"2025-12-08 12:42:01","why you sleep so late today"
Sent,"2025-12-08 12:42:23","i was up like 5 hours before you"
Sent,"2025-12-08 12:44:23","i’m jumping in the shower so when you get here i’ll be"
Sent,"2025-12-08 12:44:32","*fresh as fuck*"
Received,"2025-12-08 12:45:04","I will need help "
Received,"2025-12-08 12:45:08","Carrying "
Received,"2025-12-08 12:45:11","Please "
Sent,"2025-12-08 12:45:21","text milo"
Sent,"2025-12-08 12:45:22","tell him"
Received,"2025-12-08 12:45:43","I’m leaving now "
Sent,"2025-12-08 12:46:05","fuck i’ll hurtty"
Received,"2025-12-08 12:46:26","It’s fine I can manage"
Received,"2025-12-08 12:46:32","Strong, independent woman"
Received,"2025-12-08 12:48:32","Kill me"
Received,"2025-12-08 12:48:55","I meant to get an extra twenty out to give your mom at least something "
Received,"2025-12-08 13:45:30","My dad mad at me lol "
Received,"2025-12-08 13:45:53","I asked if he wanted me to take the car to that shop or if he wanted to take it somewhere else "
Sent,"2025-12-08 13:45:59","for sleeping in or the car"
Received,"2025-12-08 13:46:07","The car "
Received,"2025-12-08 13:46:36","He’s out of town right now thankfully lol he’s like “I’ll call you back and let you know when I calm down”"
Received,"2025-12-08 13:47:19","So I’m going to dry cleaners now "
Received,"2025-12-08 13:47:39","Dropping the garland off next. Then I’ll come back over but I have to be back home by 3"
Received,"2025-12-08 13:47:48","To watch the kids "
Sent,"2025-12-08 13:48:28","why are you being nice"
Received,"2025-12-08 13:48:33","Fuck the garland it can wait "
Sent,"2025-12-08 13:48:34","who are you"
Sent,"2025-12-08 13:48:44","you’re usually mean and neglect me"
Received,"2025-12-08 13:48:48","👹"
Received,"2025-12-08 13:49:10","￼"
Received,"2025-12-08 13:49:18","My mom made a sticker of my broken ankle "
Sent,"2025-12-08 13:49:39",lol
Received,"2025-12-08 13:50:26","Hope bop comes soon "
Received,"2025-12-08 13:52:03","I could have sworn I just saw him on Morgantown street "
Received,"2025-12-08 13:52:09","Bibbidi bop"
Received,"2025-12-08 13:53:22","Coming back there now "
Received,"2025-12-08 15:15:24","I’m not accusing you first of all , but did you take any out of this besides the pile I left on the tray for you "
Sent,"2025-12-08 15:15:36",what
Sent,"2025-12-08 15:15:49","no why"
Received,"2025-12-08 15:15:54","I was just asking "
Sent,"2025-12-08 15:15:57","are you saying it’s small???"
Received,"2025-12-08 15:16:01","I said I wasn’t accusing "
Sent,"2025-12-08 15:16:05","it’s supposed to be 25 more than you paid for"
Received,"2025-12-08 15:16:10","I was half asleep "
Sent,"2025-12-08 15:16:10","actually more"
Sent,"2025-12-08 15:16:11","no explain"
Sent,"2025-12-08 15:16:16","i want to understand"
Sent,"2025-12-08 15:16:18","i’m not mad"
Received,"2025-12-08 15:16:42","I dont know I probably just started shoveling out and putting in the pile for you"
Received,"2025-12-08 15:16:59","Maybe I’m losing my mind more than i already have lost "
Received,"2025-12-08 15:17:06","Nvm I wasn’t complaining lol"
Sent,"2025-12-08 15:17:21","no annie please tell me"
Sent,"2025-12-08 15:17:29","you’re saying its small"
Received,"2025-12-08 15:17:29","I did?!?!"
Sent,"2025-12-08 15:17:36","i just don’t understand"
Received,"2025-12-08 15:17:41","What I have left here"
Sent,"2025-12-08 15:17:56","let me show you what you left for me, haven’t touched it yet"
Received,"2025-12-08 15:18:02","I didn’t know or realize what I was scooping out "
Received,"2025-12-08 15:18:07","I dont know it doesn’t matter "
Received,"2025-12-08 15:18:14","It’s okay "
Sent,"2025-12-08 15:20:58","i’m trying to do things differently so stop thinking i’m going to be upset with you or something"
Sent,"2025-12-08 15:21:12","but regardless i will take care of it for you"
Sent,"2025-12-08 15:21:23","by the time your’re done with the kids"
Sent,"2025-12-08 15:21:31",promise
Sent,"2025-12-08 15:22:07","￼"
Received,"2025-12-08 15:24:19",No
Sent,"2025-12-08 15:24:25","shut up stop"
Received,"2025-12-08 15:24:26","You don’t have to take care or anything "
Received,"2025-12-08 15:24:30","I’m serious"
Received,"2025-12-08 15:24:58","I am probably just crazy and lol"
Received,"2025-12-08 15:25:04","There is plenty here "
Received,"2025-12-08 15:25:08","I am fine i swear "
Sent,"2025-12-08 15:25:19","annie why won’t you let me try to make you like me or do nice stuff"
Received,"2025-12-08 15:25:42","There is nothing to do to be nice for in this lol"
Sent,"2025-12-08 15:25:51","i love you"
Received,"2025-12-08 15:25:53","I was only asking if you had already split some"
Received,"2025-12-08 15:25:58","Other than what I left "
Received,"2025-12-08 15:26:00","That’s all"
Received,"2025-12-08 15:26:03","I love you too "
Sent,"2025-12-08 15:28:11","i hope you realize i’m trying to meet you halfway and compromise so that we can have an actual romantic relationship and i can start to feel like you still see me the say way without constantly pressuring you to actually have sex"
Sent,"2025-12-08 15:29:39","like, we HAVE to have a sexual dynamic…that’s the one thing that we do only with each other that makes it romantic and not platonic. so stupid, non-intensive stuff would at least HELP to substitute for the missing piece here"
Sent,"2025-12-08 15:30:13","or again, if you don’t want to or can’t feel that way about me now then we need to acknowledge that NOW and move on"
Received,"2025-12-08 15:30:23","I have noticed you are trying to meet me half way"
Received,"2025-12-08 15:30:33","And I know I have to meet you the other half "
Received,"2025-12-08 15:30:36","Sorry kids are here "
Sent,"2025-12-08 15:30:50","it’s okay sweetie i love you."
Received,"2025-12-08 15:35:37","Love you "
Sent,"2025-12-08 16:51:20","i have something for you"
Received,"2025-12-08 17:27:29","What "
Sent,"2025-12-08 17:28:59","…you stupid"
Received,"2025-12-08 17:30:37",Why
Sent,"2025-12-08 17:33:15","1. i love you"
Sent,"2025-12-08 17:33:35","2. i want you to be happy and have whatever you want"
Received,"2025-12-08 17:34:55","I love you "
Sent,"2025-12-08 17:36:26","3. you kinda just bumped into it last time so it’s another chance to get you to just hold/squeeze for like 30 seconds"
Sent,"2025-12-08 17:36:54","4. i didn’t weigh it so i don’t know if you’re right but i don’t want you to be mad at me so"
Received,"2025-12-08 17:36:59","Jesus Christ "
Received,"2025-12-08 17:37:06","I’m not mad at you?(("
Received,"2025-12-08 17:40:04","I’ll come over after we eat in between going to sugies "
Sent,"2025-12-08 17:45:38","okay b - i have nice gifts for you trust me"
Sent,"2025-12-08 17:45:48","Not just like a line"
Received,"2025-12-08 17:45:49","I don’t deserve "
Sent,"2025-12-08 17:46:45","You deserve the world"
Received,"2025-12-08 17:47:09","I really don "
Received,"2025-12-08 17:47:11","Don’t"
Sent,"2025-12-08 17:49:26","You need to realize that me just being around still is the best proof you’re ever going to get that i honestly think you’re the best thing in the world. "
Sent,"2025-12-08 17:51:36","Like no exaggerations, no sweet talking whatever…you make me see stars and I feel it maybe more now than I ever have. you literally infected my brain 10 years ago"
Sent,"2025-12-08 17:51:50","So yes, you do. "
Received,"2025-12-08 18:02:41","Infected your brain "
Received,"2025-12-08 18:02:44","👹"
Received,"2025-12-08 18:02:53","About to eat in a few minutes "
Sent,"2025-12-08 18:34:25","you did infect my brain"
Sent,"2025-12-08 18:39:43","hey you fuck…you know everything about me so tell me something.  what is the ONLY thing that consistently makes me cry / get upset about? have you ever heard any stories about me caring or being loyal to anyone else? of my many long relationships, who holds the record by almost 2x?"
Received,"2025-12-08 18:41:54","I’m leaving now "
Received,"2025-12-08 18:42:01","Gram "
Sent,"2025-12-08 18:42:25","i barely cried at all when gram died"
Sent,"2025-12-08 18:42:35","i have cried for 10 months straight"
Sent,"2025-12-08 18:42:52","because i miss you and us"
Received,"2025-12-08 18:42:54","I’m on my way "
Sent,"2025-12-08 18:43:08","yeah shut up cool girl"
Received,"2025-12-08 20:16:50","I made it down to sugies "
Sent,"2025-12-08 20:16:54","oh fyi i only moved your arm earlier because i didn’t want you to feel like i was expecting you to do that the entire time you were here or that i would get shitty with you about it. it wasn’t meant as negative feedback"
Sent,"2025-12-08 20:17:29","i know i’ve given you a couple snap reactions recently and i kinda stand by them but i didn’t want you to think that would happen again or something idk. thanks for letting me know"
Sent,"2025-12-08 20:17:48","i shut up now"
Received,"2025-12-08 20:18:05","Thank you "
Sent,"2025-12-08 20:18:20","👻"
Sent,"2025-12-08 20:21:52","when you have a free minute later let me know there is one thing i wanted to tell you about"
Sent,"2025-12-08 20:23:41","nothing you did or anything serious just shut up bye i love you"
Received,"2025-12-08 20:31:23","Tell me?"
Sent,"2025-12-08 20:33:19","i was waiting only because it requires you to answer one question first but it’s up to you if you have time to answer it now. i promise there is a legitimate reason i’m asking this and am not just negging"
Sent,"2025-12-08 20:33:21","do you consider us ‘exclusive’ currently"
Sent,"2025-12-08 20:33:41","not dating necessarily if you don’t want that..but exclusive."
Sent,"2025-12-08 20:34:04","that informs how i explain from here and is important detail"
Received,"2025-12-08 20:34:09",Yeah?
Sent,"2025-12-08 20:35:20","okay good. tricked ya!!!"
Sent,"2025-12-08 20:35:22","no i’m kidding"
Received,"2025-12-08 20:35:30","😒"
Sent,"2025-12-08 20:36:26","so i got a message and i didn’t want to block the number unless you agreed that we were exclusive"
Received,"2025-12-08 20:36:39",?
Sent,"2025-12-08 20:37:53","if you had said you did not consider us exclusive, i would have wanted to keep as many options open as possible"
Received,"2025-12-08 20:38:06","You can answer?? lol "
Sent,"2025-12-08 20:38:12",uh
Sent,"2025-12-08 20:38:19","…no"
Sent,"2025-12-08 20:38:26","i mean i would say that regardless but"
Sent,"2025-12-08 20:38:49","given the content of the messages"
Received,"2025-12-08 20:38:58","lol "
Sent,"2025-12-08 20:39:02","just…annie why the fuck would you want me to answer that"
Received,"2025-12-08 20:39:24","I dont know what you’re referring to Dan "
Sent,"2025-12-08 20:39:39","sorry i know i’m being vague"
Sent,"2025-12-08 20:39:42","UGH hold on"
Received,"2025-12-08 20:40:27","No "
Received,"2025-12-08 20:40:32","You don’t have to show me anything "
Sent,"2025-12-08 20:41:40","￼"
Sent,"2025-12-08 20:42:08","does it make sense now?"
Sent,"2025-12-08 20:42:26","Like if you said “no we aren’t exclusive I can fuck other people”"
Received,"2025-12-08 20:42:39","Yikes "
Sent,"2025-12-08 20:42:48","i mean yes yikes"
Sent,"2025-12-08 20:42:51","But at the same time"
Received,"2025-12-08 20:42:54","Even tho she is crazy in the head "
Received,"2025-12-08 20:43:05","Answer her "
Sent,"2025-12-08 20:43:06","if you’re getting broken up with by someone you lov"
Sent,"2025-12-08 20:43:23","you don’t want to be throwing away viable opportunities"
Sent,"2025-12-08 20:43:38","i don’t like you doing this"
Sent,"2025-12-08 20:43:53","no because i don’t want you talking to other guys so why would i talk to another girl like that"
Sent,"2025-12-08 20:44:30","i’m blocking the number. you gave me the answer i was hoping for so it’s truly of no use to me"
Received,"2025-12-08 20:44:44","You don’t have to block her ??"
Sent,"2025-12-08 20:45:20","please don’t punish me for trying to be transparent and honest about something lmao"
Sent,"2025-12-08 20:45:35","i was so fucking mad because"
Sent,"2025-12-08 20:45:43","you’ve been so much better the last few days"
Sent,"2025-12-08 20:46:11","and then i get that and i take your trust really fucking seriously so i have to say something and then i’m worried you’re going to use that as justification to fuck around idk"
Sent,"2025-12-08 20:46:33","but please stop why would you want that? what good would come of that"
Sent,"2025-12-08 20:48:55","i love you. honestly, and i think you know this, i really do feel like i have the prettiest and sexiest and most amazing  in the world and i just don’t ever see anyone as more appealing than you"
Sent,"2025-12-08 20:50:42","if it makes you feel better, asshole..i’m at least glad you know that there’s a B- option available to me if you decide you’re going rogue again or some shit (please don’t do that)"
Received,"2025-12-08 20:51:04","Calm yourself down "
Received,"2025-12-08 20:51:06",Chillllll
Received,"2025-12-08 20:51:12","Please "
Sent,"2025-12-08 21:04:03","here i’ll give you the eggie bagels response to that"
Sent,"2025-12-08 21:04:09","i’m fine?? lol"
Sent,"2025-12-08 21:04:42","no i do feel better knowing you also see this as exclusive. that"
Received,"2025-12-08 21:04:43","Good "
Sent,"2025-12-08 21:05:19","shut up. you calm down. i love you. do you want me to let you go until you get back or something"
Received,"2025-12-08 21:05:41","I just feel like crap"
Sent,"2025-12-08 21:05:54","like how?"
Received,"2025-12-08 21:06:05","I’ve told you "
Received,"2025-12-08 21:06:09","A million times "
Sent,"2025-12-08 21:06:12","still your throat?"
Received,"2025-12-08 21:06:12","My throat "
Received,"2025-12-08 21:06:14","My nose "
Received,"2025-12-08 21:06:16","My ears "
Received,"2025-12-08 21:06:19",Cough
Sent,"2025-12-08 21:06:26","okay calm down i know about that i just thought you meant something else"
Received,"2025-12-08 21:06:35","Head feels like it could explode any minute "
Sent,"2025-12-08 21:06:35","your covid 25’s"
Sent,"2025-12-08 21:07:13","i’m sorry b"
Sent,"2025-12-08 21:07:16","how can i help"
Received,"2025-12-08 21:07:29","You can’t It’s okay "
Received,"2025-12-08 21:07:36","I got some throat spray at home "
Received,"2025-12-08 21:07:52","And thank you again for getting me that, you really didn’t have to "
Sent,"2025-12-08 21:08:15","would it help if i didn’t make the same throat juice/milk/whatever joke again"
Received,"2025-12-08 21:08:24","Daniel "
Sent,"2025-12-08 21:08:38","and they say i’m not helpful"
Sent,"2025-12-08 21:09:21","and you don’t have to thank me. i love you i want you to be happy"
Received,"2025-12-08 21:09:40","I love you "
Sent,"2025-12-08 21:16:13","you’ve been much more present and nicer the past few days and even that little bit of effort makes a huge difference and i really appreciate it."
Received,"2025-12-08 21:17:49","Loved “you’ve been much more present and nicer the past few days and even that little bit of effort makes a huge difference and i really appreciate it.”"
Sent,"2025-12-08 21:17:51","as long as i know and believe you still love me, things will always be okay."
Sent,"2025-12-08 21:41:58","i saw that the gas station with arby’s is hiring - should i go apply there lol"
Received,"2025-12-08 21:47:06","That’s a good idea. You should "
Sent,"2025-12-08 21:55:04","i told you i’ve been ready to start doing SOMETHING for a long time now and have legitimately been so bummed out i felt like i physically couldn’t."
Sent,"2025-12-08 21:55:34","but you can not ask to steal the honey buns or red bull"
Sent,"2025-12-08 21:55:40","off limits"
Received,"2025-12-08 21:56:15","I understand what that may feel like. But I don’t think you realized that doing something about getting a job would have looked really good in my eyes. "
Received,"2025-12-08 21:56:25","I ain’t stealing nothing "
Received,"2025-12-08 21:56:32","That was New York Annie "
Received,"2025-12-08 21:57:38","I’m home now "
Received,"2025-12-08 21:57:52","I am going to shower and chug NyQuil "
Sent,"2025-12-08 22:01:57","well two things: so first of all,  i think you’ve totally missed that you told me specifically that the reason you had a year plus gap in jobs is because you “weren’t doing well mentally” and never once did i think that i had any reason to think less of you, much less break up the relationship"
Received,"2025-12-08 22:02:23","That’s why I said i understood "
Sent,"2025-12-08 22:03:43","and not only that but you also don’t get that i feel EXTREMELY wronged and, as stupid and petty as it may sound, i really needed to choose a path forward (together or apart) and see you make the first move to some small degree"
Received,"2025-12-08 22:04:08","Dan I wasn’t trying to put you down in any way "
Sent,"2025-12-08 22:04:17","i don’t think you were it’s just"
Received,"2025-12-08 22:04:19","I apologize "
Sent,"2025-12-08 22:04:26","no stop you don’t have to be sorry"
Sent,"2025-12-08 22:05:21","i just don’t think you’ve ever believed me that you are paramount in my life enough that all of this turmoil has just destroyed how i see and think about the world…and i’m already really prone to needing that kind of  thing"
Sent,"2025-12-08 22:06:21","idk it’s just like… a life with us together feels 100% different to me than one where we aren’t. i’m not mad at you. you didn’t say anything wron"
Sent,"2025-12-08 22:06:38","i love you and that’s all. i promise you didn’t offend me or say anything wrong i just wanted to explain"
Sent,"2025-12-08 22:08:19","go sleep so i can finally text the crazy girl back and tell her the coast is clear"
Received,"2025-12-08 22:08:53",lol
Sent,"2025-12-08 22:08:58","🥳that’s joke. i just want my eggs"
Received,"2025-12-08 22:10:01","I know I know "
Received,"2025-12-08 22:10:27","I’m getting in the shower   Already took a big swig of NyQuil "
Sent,"2025-12-08 22:11:05","you’re out of control. go."
Received,"2025-12-08 22:12:32",Nahh
Received,"2025-12-08 22:12:39","I’m not "
Received,"2025-12-08 22:12:43","Love you. "
Sent,"2025-12-08 22:26:59","￼"
Sent,"2025-12-08 22:32:59","joking. i love you too stupid. go shower and tryyyyy to text or call before you zzzquil out"
Received,"2025-12-08 22:41:24","Ready for peep"
Received,"2025-12-08 22:41:28","Talk to you tomorrow"
Received,"2025-12-08 22:41:33","I love you. And thank you again "
Sent,"2025-12-08 22:42:35","thanks for loaning me your paws."
Sent,"2025-12-08 22:42:36","i love you"
Sent,"2025-12-08 22:42:56","miss u goodnight"
Sent,"2025-12-09 07:14:39","Rise and shine bimbo, today is already a great day for you."
Sent,"2025-12-09 07:15:35","i have some news that will make you very happy that I want you to wake up to"
Sent,"2025-12-09 07:16:56","So text me as soon as your beautiful eyeballs open.

you’re gonna want to PETAL over here as quick as you can once you hear"
Sent,"2025-12-09 08:16:38","￼"
Sent,"2025-12-09 08:32:59","Wake up you stupid bitch. You’re gonna be so happy I want to give you this fucking GIFT and then you can love me forever for it okay? "
Sent,"2025-12-09 08:33:44","put the PETAL to the metal."
Sent,"2025-12-09 08:33:45",petal
Sent,"2025-12-09 09:12:52","excuse me please can i wake you up and give you good news morning"
Received,"2025-12-09 09:31:55","I’m alive"
Sent,"2025-12-09 09:32:39","so milo has some presents for you"
Sent,"2025-12-09 09:32:40","only one present really"
Sent,"2025-12-09 09:32:44","and it’s not drugs"
Sent,"2025-12-09 09:32:58","the second present isjust a thing."
Sent,"2025-12-09 09:33:13","YA GONNA BE HAPPY"
Received,"2025-12-09 09:33:29","Am I "
Sent,"2025-12-09 09:34:02","eh maybe not"
Sent,"2025-12-09 09:34:04","just forget it"
Received,"2025-12-09 09:34:10",Nooo
Sent,"2025-12-09 09:34:12","we skip it"
Received,"2025-12-09 09:34:19","😕"
Sent,"2025-12-09 09:34:29","milo give it to the heros"
Sent,"2025-12-09 09:35:56","you would have loved it too"
Sent,"2025-12-09 09:36:17","it was better than a pig in lipstick"
Received,"2025-12-09 09:45:35","Not funny "
Sent,"2025-12-09 09:47:37","youuuu’re maybe a little stoopie"
Sent,"2025-12-09 09:47:40","or slow"
Sent,"2025-12-09 09:48:06","just stop through when you have a chance"
Received,"2025-12-09 09:52:13","I’m eating something real quick "
Sent,"2025-12-09 10:03:50","￼hurry up"
Received,"2025-12-09 10:07:10"," I don’t like that "
Received,"2025-12-09 10:07:51","It’s cold out "
Sent,"2025-12-09 10:09:33","￼"
Sent,"2025-12-09 10:09:33","it kinda cold"
Sent,"2025-12-09 10:09:33","not as bad as yesterday tho"
Sent,"2025-12-09 10:10:07","omg my heart"
Sent,"2025-12-09 10:10:22","￼"
Sent,"2025-12-09 10:10:22","goth eggie"
Received,"2025-12-09 10:10:29",Stoppp
Received,"2025-12-09 10:10:34","I don’t like"
Received,"2025-12-09 10:13:18","I feel like crap "
Sent,"2025-12-09 10:13:41","still covid?"
Received,"2025-12-09 10:13:55","It’s gotta be "
Sent,"2025-12-09 10:14:52","that means i have it too"
Sent,"2025-12-09 10:14:56","it’s like"
Received,"2025-12-09 10:14:57","Probably "
Sent,"2025-12-09 10:15:01","that episode of boy meets world"
Sent,"2025-12-09 10:15:21","where topanga gets mono"
Sent,"2025-12-09 10:15:29","and thinks she won’t see him for the whole summer"
Received,"2025-12-09 10:15:29",lol
Sent,"2025-12-09 10:15:36","but he kisses her so he gets the mono too or something"
Sent,"2025-12-09 10:15:40","that’s us"
Received,"2025-12-09 10:15:50","🙄🙄"
Sent,"2025-12-09 10:16:17","do you plan on seeing him today or are you okay"
Received,"2025-12-09 10:16:24","I dont know "
Received,"2025-12-09 10:16:30",Fifty?
Received,"2025-12-09 10:16:58","I need to pay the phone bill on the 10th"
Received,"2025-12-09 10:21:06","My freakin phone charger stopped working last night "
Sent,"2025-12-09 10:21:37","i have an extra"
Sent,"2025-12-09 10:21:48","i don’t have an extra brick"
Sent,"2025-12-09 10:21:58","but if you have the usb-c brick i can give you the charger"
Received,"2025-12-09 10:25:04","I just charge it when I get there "
Received,"2025-12-09 10:25:09","I’ll get a new one later "
Sent,"2025-12-09 10:25:42","you dumb bitch"
Sent,"2025-12-09 10:25:42","let me do"
Sent,"2025-12-09 10:25:43","nice things for you"
Sent,"2025-12-09 10:25:49","you stupid, stupid asshole."
Received,"2025-12-09 10:25:52","Sorry "
Sent,"2025-12-09 10:26:20","i have an extra one and now you have a working one"
Sent,"2025-12-09 10:26:44","and if you don’t like it too fackin bad"
Received,"2025-12-09 10:26:54","Ok thank you "
Received,"2025-12-09 10:38:58","Should I get fifty out of the atm"
Sent,"2025-12-09 10:44:26","i spoke"
Sent,"2025-12-09 10:44:29",spoze
Received,"2025-12-09 10:46:51","Ok "
Received,"2025-12-09 10:47:04","Getting my clunkers and leaving "
Sent,"2025-12-09 10:49:35","i freakin"
Sent,"2025-12-09 10:49:36","love you"
Received,"2025-12-09 10:49:50","Love you "
Received,"2025-12-09 10:57:50","Left ATM "
Received,"2025-12-09 10:58:47","The door better be unlocked"
Sent,"2025-12-09 12:30:38","you didn’t want your polaroid of us 😟"
Received,"2025-12-09 12:32:37","Yes Dan"
Sent,"2025-12-09 12:33:05","noooo you left it"
Received,"2025-12-09 12:34:01","Stop it "
Sent,"2025-12-09 12:40:24","￼look at you stylin"
Received,"2025-12-09 12:41:10","Cute "
Received,"2025-12-09 14:51:20","My freaking throat is killing me"
Sent,"2025-12-09 15:08:31","baw I know but it’s probably nothing too bad. Not like covid or strep or something serious like that"
Sent,"2025-12-09 15:08:43","😛"
Received,"2025-12-09 15:08:49","😒"
Sent,"2025-12-09 15:08:57","Are you laughing"
Received,"2025-12-09 15:09:00","I just asked your mom if she wants me to do her hair in a little "
Received,"2025-12-09 15:09:14","She hasn’t answered yet "
Sent,"2025-12-09 15:09:20","I think she does"
Sent,"2025-12-09 15:09:40","But idk I’m just the stupid asshole in the basement nobody likes so what do I know"
Sent,"2025-12-09 15:09:50","Can’t believe you didn’t take the polaroid"
Received,"2025-12-09 15:10:13","ILL BE BACK JESUS CHRIST "
Received,"2025-12-09 15:10:20","just ask her for me "
Sent,"2025-12-09 15:10:31","…but that’s not the point"
Sent,"2025-12-09 15:10:38","And if it were me right now you’d say"
Sent,"2025-12-09 15:10:47","WHY DO YOU NEED TO KNOW WHAT ELSE DO YOU HAVE TO DO "
Sent,"2025-12-09 15:10:54","Okay hold on asshole"
Received,"2025-12-09 15:10:56","Bc I am going to have to go back to sugies and also watch strep throat girl Alice for like an hour "
Received,"2025-12-09 15:11:12","Thank you "
Sent,"2025-12-09 15:11:23","Well then when even would you do it"
Sent,"2025-12-09 15:11:28","You LOVE being so vague"
Received,"2025-12-09 15:11:38","I have like an hour or so??"
Received,"2025-12-09 15:11:48","How am I being vague "
Received,"2025-12-09 15:12:01","I’ve been telling you step by step every move I make "
Sent,"2025-12-09 15:13:39","The first thing she is going to say is"
Sent,"2025-12-09 15:13:42","What time "
Received,"2025-12-09 15:13:54","I texted her if in a half hour "
Received,"2025-12-09 15:14:15","It doesn’t take me long to do her hair "
Sent,"2025-12-09 15:14:16","do you still think you’re not being vague lmao"
Sent,"2025-12-09 15:14:27","Like what time are you free is the question"
Sent,"2025-12-09 15:14:46","i’m not even being shitty or mean about it "
Received,"2025-12-09 15:14:57","Well to be specific "
Received,"2025-12-09 15:15:02","I texted her at 3:03"
Received,"2025-12-09 15:15:07","And said in about a half hour "
Sent,"2025-12-09 15:15:13","yes again"
Received,"2025-12-09 15:15:15","So based on the time right how "
Sent,"2025-12-09 15:15:18","you are using relative time"
Received,"2025-12-09 15:15:24","It would be a little after 3:30"
Sent,"2025-12-09 15:15:25","just tell me "
Received,"2025-12-09 15:15:30","Jesus "
Sent,"2025-12-09 15:15:35","i'm free from 4 to 5 or whatever"
Sent,"2025-12-09 15:15:48","not like 25 minutes from 15 minutes ago lmao"
Received,"2025-12-09 15:15:50","I’ll be fucking over soon "
Sent,"2025-12-09 15:19:07","that’s too much criticism? 🧐"
Sent,"2025-12-09 15:19:31","(Delivered without hostility)"
Received,"2025-12-09 15:26:10","I’m gonna smack you up side the head"
Received,"2025-12-09 15:28:10","Sorry gonna be a little longer than 3:30"
Received,"2025-12-09 15:28:27","I’ve been on hold with my doctors office for an antibiotic "
Received,"2025-12-09 15:28:42","Then my mom called and was yapping "
Received,"2025-12-09 15:43:52","Leaving in like ten "
Received,"2025-12-09 15:48:23","You hate me "
Received,"2025-12-09 15:54:50","Folding her sheets now then leaving "
Received,"2025-12-09 16:02:30","On my way "
Received,"2025-12-09 17:35:30","I dont know how it would be possible but please keep in mind I have to make a $70 payment tomorrow for the phone bill"
Sent,"2025-12-09 17:36:12","how what would be possible"
Received,"2025-12-09 17:36:48","To help me "
Sent,"2025-12-09 17:36:48","i told you i would try to get something for you."
Received,"2025-12-09 17:36:56","I’m sorry thank you "
Sent,"2025-12-09 17:38:09","didn’t you just pay the phone bill like right after thanksgiving"
Sent,"2025-12-09 17:38:48","also tell me again how much you really liked and wanted the picture that you’ve now left here twice"
Sent,"2025-12-09 17:38:50","i just put it back"
Received,"2025-12-09 17:39:05","Bi weekly payments "
Received,"2025-12-09 17:39:12","Omg I’m sorry "
Sent,"2025-12-09 17:40:08","it’s nothing to be sorry about"
Sent,"2025-12-09 18:09:31","also didn’t you end up with an extra 60?"
Received,"2025-12-09 18:09:49","What "
Received,"2025-12-09 18:09:52",No
Received,"2025-12-09 18:10:02","I used that I think it was Sunday remember"
Sent,"2025-12-09 18:10:29","no if anything it would have been today"
Sent,"2025-12-09 18:10:42","I mean it’s fine iw wasn’t trying to say you did something wrong"
Sent,"2025-12-09 18:11:32","but you were waiting for your mom to pay you on sunday anded i said just use what you had and you could wait to pay her back"
Received,"2025-12-09 18:11:55","Yeah and she only paid me 60"
Received,"2025-12-09 18:12:04","Remember we got a full one "
Sent,"2025-12-09 18:18:59","￼that was sunday"
Sent,"2025-12-09 18:19:15","oh wait"
Sent,"2025-12-09 18:19:31","so the money your mom sent you yesterday wasn’t from the party that was just for the tire"
Sent,"2025-12-09 18:20:10","￼you said this and i misunderstood and thought she still hadn’t paid you from saturday night"
Sent,"2025-12-09 18:20:12","sorry i wrong"
Received,"2025-12-09 18:21:21","Correct "
Received,"2025-12-09 18:21:57","I dont know I gotta figure something out I am tired of living this way "
Received,"2025-12-09 19:17:25","Hopefully I can get some sort of cash tomorrow"
Sent,"2025-12-09 19:27:28","i’m going to lay down i guess. i knew you weren’t gonna come back."
Received,"2025-12-09 19:27:57",Chill
Received,"2025-12-09 19:28:01","I’m at Claire’s right now "
Sent,"2025-12-09 19:29:06","it’s okay you don’t have to. i know you’ve been trying to be here more"
Sent,"2025-12-09 19:29:24","sorry i shouldn’t have been such a sourpuss like that"
Sent,"2025-12-09 19:29:29","i sorry"
Received,"2025-12-09 19:33:47","You weren’t a sourpuss"
Received,"2025-12-09 19:37:19","Once Claire gets back I’ll be over "
Sent,"2025-12-09 21:18:58","tanks for coming back over b"
Received,"2025-12-09 21:22:04","You’re welcome "
Sent,"2025-12-09 21:29:51","and i sorry i’m so grabby on you… it’s just because i really think you’re 100x more amazing at a healthy weight and i missed you idk i just like you shut up😫"
Sent,"2025-12-09 21:30:15","but i sorry"
Received,"2025-12-09 21:30:58","It’s okay "
Sent,"2025-12-09 21:31:57","..k i’m going to bed"
Sent,"2025-12-09 21:31:58","i love you"
Received,"2025-12-09 21:33:14","I just feel really crappy my throat hurts so bad I’m sorry I just want to sleep "
Received,"2025-12-09 21:33:33","Please try to find out if there is any way to help with the phone bill "
Received,"2025-12-09 21:35:40","I love you "
Sent,"2025-12-09 21:36:41","i have 10 already"
Received,"2025-12-09 21:39:48","Hot dog money bags "
Sent,"2025-12-09 21:40:26","yeah i sold the picture you didn’t want 😘"
Received,"2025-12-09 21:40:45","I’m sorry I forgot again "
Sent,"2025-12-09 21:40:48","shut up i love you go sleep"
Received,"2025-12-09 21:40:53","Love you"
Sent,"2025-12-09 22:47:46","milo laying in his bed in front of the heater he’s so happy"
Sent,"2025-12-10 07:21:58","get up loser"
Sent,"2025-12-10 07:21:58","we miss u"
Sent,"2025-12-10 08:11:40","omg this dog"
Sent,"2025-12-10 08:12:58","he’s in his bed, under a blanket, in front of the heater, his little head poked out of the blanket and using the side of the bed as a pillow"
Sent,"2025-12-10 08:14:02","NOW he is saying “THIS IS THE LIFEEEEEEE"""
Sent,"2025-12-10 09:14:51","GRRR EGGGIEEE"
Sent,"2025-12-10 09:15:05","you are in trouble"
Sent,"2025-12-10 09:17:54","…i saw you typing you jerk"
Sent,"2025-12-10 09:33:52","ew whatever"
Sent,"2025-12-10 09:34:28","guess i’ll have to wait for you to need something from me"
Sent,"2025-12-10 10:02:26","are you mad at me for something?"
Sent,"2025-12-10 11:16:02","k fuck off"
Sent,"2025-12-10 11:16:08","don’t ask me for  anything"
Received,"2025-12-10 11:41:02","I fell asleep texting "
Sent,"2025-12-10 11:43:25","okay well its pool day so i’m assuming you weren’t going to need me for anything anyways since you’re not going to be ready"
Sent,"2025-12-10 11:43:38","yes annie i remember the phone bill"
Received,"2025-12-10 11:44:36","What is wrong with you "
Sent,"2025-12-10 11:44:37","i’ll talk to you later"
Received,"2025-12-10 11:44:52","Dan I am sick? I have been knocked the heck out "
Sent,"2025-12-10 11:45:13","i don’t like that you’re unreachable 50% of the time"
Sent,"2025-12-10 11:45:33","i get 12 hours a day that i am able to reach you, otherwise i’m out of luck"
Received,"2025-12-10 11:46:05","I was dead asleep!?"
Received,"2025-12-10 11:49:15","Seriously Dan "
Received,"2025-12-10 11:54:37","Why are you being mean "
Sent,"2025-12-10 11:55:57","I’m not. i’m not accusing you of doing anything i’m just saying that it sucks you can’t be reached for 50% of the time"
Received,"2025-12-10 11:56:08","I am sorry "
Sent,"2025-12-10 11:57:33","i’m just letting you know that he is coming in like 30 minutes. you don’t need to get anything i am just telling you"
Received,"2025-12-10 11:57:44","I wish I fucking could "
Sent,"2025-12-10 12:17:23","if you want i can use that 10 to get us something from her"
Received,"2025-12-10 12:17:30","lol "
Received,"2025-12-10 12:17:40","I dont know Dan "
Received,"2025-12-10 12:17:48","I have ten dollars"
Received,"2025-12-10 12:17:56","I need fucking $70"
Received,"2025-12-10 14:00:04","I’m getting myself up and I’ll come over if that’s ok "
Sent,"2025-12-10 14:06:12","of course?"
Sent,"2025-12-10 14:07:40","annie you don’t need to ask to come over"
Sent,"2025-12-10 14:07:44","i love you"
Sent,"2025-12-10 14:07:51","i always wanna see you"
Received,"2025-12-10 14:08:00","I have been sleeping so hard "
Received,"2025-12-10 14:08:06","Like I jus feel like crap"
Sent,"2025-12-10 14:08:24","well come feel like crap with me and i will at least get you some z"
Received,"2025-12-10 14:08:44","Loved “well come feel like crap with me and i will at least get you some z”"
Received,"2025-12-10 14:08:47","I’m getting dressed "
Sent,"2025-12-10 14:09:27","milo won’t leave his bed"
Sent,"2025-12-10 14:09:29","he loves it so much"
Sent,"2025-12-10 14:09:47","he said he loves it extra because his momma gave it to him"
Received,"2025-12-10 14:10:31","My baby boy"
Received,"2025-12-10 14:13:37","I craving candy "
Received,"2025-12-10 14:13:42","I haven’t been eating much "
Received,"2025-12-10 14:13:49","I stop by marathon "
Sent,"2025-12-10 14:16:50","😡"
Sent,"2025-12-10 14:16:55","i JUST TOLD YOU"
Sent,"2025-12-10 14:17:02","i like healthy eggs"
Sent,"2025-12-10 14:17:10","eat more"
Received,"2025-12-10 14:18:12","I meant eating much candy"
Received,"2025-12-10 14:18:16","What do you want?"
Received,"2025-12-10 14:19:52","I’m driving there now"
Received,"2025-12-10 14:22:29","Hello "
Received,"2025-12-10 14:22:31","Tell me "
Sent,"2025-12-10 14:23:25",drink
Sent,"2025-12-10 14:23:26",candy
Received,"2025-12-10 14:23:41","What candy Dan "
Sent,"2025-12-10 14:23:49","you choiose"
Sent,"2025-12-10 14:23:52","whatever YOU want"
Received,"2025-12-10 14:23:55","Tell me "
Received,"2025-12-10 14:23:57",Now
Sent,"2025-12-10 14:23:59",butters
Received,"2025-12-10 14:24:04","Thank you "
Received,"2025-12-10 16:45:37","Trying to get my mom to write me a check from Sugie "
Sent,"2025-12-10 17:24:04","i really do feel crappy today"
Sent,"2025-12-10 17:24:16","no z isn’t helping but i think its your fault mostly"
Received,"2025-12-10 17:28:57","Probably "
Received,"2025-12-10 17:29:01","Sorry "
Received,"2025-12-10 18:10:00",Hello
Received,"2025-12-10 18:15:23","I got a check"
Received,"2025-12-10 18:30:18","I figured out the phone "
Received,"2025-12-10 18:30:24","Can your mom sell me any of hers "
Sent,"2025-12-10 18:31:39","i sorry i fell asleep"
Sent,"2025-12-10 18:32:11","we owe owe her 10 for the teeny bit i just got"
Sent,"2025-12-10 18:32:19","and then maybe get 30?"
Sent,"2025-12-10 18:32:27","idk it will be easier to figure out with you here"
Received,"2025-12-10 18:32:39",Ok
Received,"2025-12-10 18:32:53","I’ll come in a little after I finish eating "
Sent,"2025-12-10 18:34:13","did you know i’m in love with you"
Sent,"2025-12-10 18:34:33","and only you"
Sent,"2025-12-10 18:34:40","forever and ever"
Received,"2025-12-10 18:36:11","Yeah yeah "
Sent,"2025-12-10 18:36:38","but i do though"
Sent,"2025-12-10 18:37:07","and i don’t believe that you can’t feel it, esp recently. i’m OOZING love for you"
Received,"2025-12-10 18:45:37","I’m leaving now "
Received,"2025-12-10 18:45:44","Going to just get out $30"
Received,"2025-12-10 18:47:34","Ok "
Received,"2025-12-10 18:47:47","Say ok "
Received,"2025-12-10 18:51:03","Yeah, that’s a great song by Vanessa Hudgens"
Received,"2025-12-10 20:06:10","Made it home "
Sent,"2025-12-10 20:12:08","Thank you  b"
Sent,"2025-12-10 20:12:11","I love you "
Received,"2025-12-10 20:12:15","Love you"
Sent,"2025-12-10 20:12:15","Go do hair"
Sent,"2025-12-10 20:12:22","Text me when youre done?"
Received,"2025-12-10 20:12:25","Yeah I am. Then I am going the heck to bed "
Received,"2025-12-10 20:12:29","Wanted to wash my hair "
Received,"2025-12-10 20:12:38","I dont know if I have the energy "
Received,"2025-12-10 20:13:53","Heck I dont know if I can stand long enough to color my mom’s hair. It takes so long "
Received,"2025-12-10 20:14:07","Maybe she will understand and let me do it tomorrow"
Sent,"2025-12-10 20:15:59","i’m sure she will"
Sent,"2025-12-10 20:16:16","and that works extra good because it lets YOU get out of hanging with me twice for the same reason!"
Sent,"2025-12-10 20:16:19","it’s a BOGO"
Sent,"2025-12-10 20:16:25","😛"
Sent,"2025-12-10 20:16:56","i just kidding you’ve been trying and i hope that you’ve noticed that it has made a difference in how i feel and interact with you"
Received,"2025-12-10 20:20:03","I know "
Sent,"2025-12-10 20:21:59","i stop bugging you but thank you for….everything idk, being you, finding love in your heart for a weirdo autist and his chihuahua"
Received,"2025-12-10 20:50:41","Love you "
Sent,"2025-12-10 21:38:44","I love you"
Sent,"2025-12-10 21:38:52","sorry i was eepin"
Received,"2025-12-11 08:55:10","Morning "
Received,"2025-12-11 08:55:16","I feel like crap "
Received,"2025-12-11 08:55:32","I can’t get enough sleep even tho I’ve been sleeping for days "
Received,"2025-12-11 09:51:58","I got lots of places to run around for Sugie and my mom today. But I’ll come over after my appointment"
Received,"2025-12-11 09:52:05","Oh my way to the hospital now "
Received,"2025-12-11 09:53:26","I really like any a breakfast sammie but i probably won’t make McDonald’s maybe I’ll go to sheetz. Do you want one "
Sent,"2025-12-11 10:15:09","hi you"
Sent,"2025-12-11 10:15:17","idkkkk i don’t need one but you do"
Received,"2025-12-11 10:21:40","Just checking out "
Received,"2025-12-11 10:50:06","That door better be unlocked"
Sent,"2025-12-11 12:38:34","hey thank you for coming to wake me up"
Sent,"2025-12-11 12:38:37","that made me real happy"
Received,"2025-12-11 12:40:12","Yeah yeahhhhh"
Received,"2025-12-11 12:40:15","I’m the best "
Received,"2025-12-11 12:40:33","Otto’s coming over "
Received,"2025-12-11 12:40:39","Love that little shit"
Received,"2025-12-11 12:40:56","He’s been bad at school this week I guess.. Claire doesn’t know what to do "
Received,"2025-12-11 12:41:10","So he’s having half days for now "
Sent,"2025-12-11 12:41:29","no really i want you to know that i see you’re trying and i appreciate it and feel better"
Received,"2025-12-11 12:41:36","Good "
Sent,"2025-12-11 12:41:38","ohhhh have fun"
Sent,"2025-12-11 12:41:59","i let you know"
Sent,"2025-12-11 12:42:03","as soon as i hear something"
Received,"2025-12-11 12:42:14","Poor guy was so bad yesterday, the teachers  gave out Christmas presents to the kids and they told him he wasn’t allowed to get his"
Sent,"2025-12-11 12:42:44","i know that feeling"
Received,"2025-12-11 12:42:51","He’s just a little turd "
Sent,"2025-12-11 12:43:03","what did he do to be bad"
Received,"2025-12-11 12:44:05","I dont know yet "
Received,"2025-12-11 12:44:10","I’m gonna ask him about it "
Received,"2025-12-11 13:01:27",https://www.tiktok.com/t/ZP8UwM3tF/
Received,"2025-12-11 13:48:52","Excuse me "
Sent,"2025-12-11 14:20:49","u beautiful"
Sent,"2025-12-11 14:21:01","i guess my mom has heard back from him but he’s not expected right away"
Sent,"2025-12-11 14:21:07","idk what that means precisely but"
Sent,"2025-12-11 14:21:13","that’s the scoop"
Sent,"2025-12-11 14:21:30","does that help?"
Sent,"2025-12-11 14:36:28","i have an idea"
Received,"2025-12-11 14:40:36","Huh "
Sent,"2025-12-11 14:45:47","secret but you’re gonna be happy if i can do it"
Sent,"2025-12-11 14:48:28","well maybe i should ask you first to make sure"
Sent,"2025-12-11 14:48:33","would you rather have MORE z or LESS z"
Received,"2025-12-11 14:49:41","More z "
Received,"2025-12-11 14:49:46","I getting ready to leave "
Received,"2025-12-11 14:50:04","I still gotta go out to Dixon "
Received,"2025-12-11 14:50:08","But I go later "
Sent,"2025-12-11 14:50:21","why? go now and when you’re back maybe i be ready"
Received,"2025-12-11 14:50:40","Whatever ok "
Received,"2025-12-11 14:53:58",Draw
Received,"2025-12-11 14:54:01","Whoops "
Received,"2025-12-11 14:54:11","I dont know why that happened lol "
Sent,"2025-12-11 14:54:15","oh okay lol"
Received,"2025-12-11 14:54:19","I ain’t playing uno"
Received,"2025-12-11 15:03:28","￼"
Sent,"2025-12-11 16:27:23","i’m going to shower and actually clean like for real so i can get it done before you’re around later."
Sent,"2025-12-11 16:28:50","i want to hear from you some of the not-as-obvious stuff that i can start trying that would make you happy. i know the really obvious stuff - job, phone, etc but i want to know what other things i could think about more that would help you or make you happier"
Sent,"2025-12-11 16:30:21","not right now obviously but think about it…i really really really want you to see that i’m not just looking at this as a one-sided thing and i sincerely do want things to be different and better so i want to get a full understanding of the stuff that would matter to you idk"
Sent,"2025-12-11 16:31:44","i am capable of change and i promise you things don’t have to be the same."
Received,"2025-12-11 16:47:01","I know you are capable. You are capable of a lot of things. You are very intelligent and have a lot potential you could be putting to use in many ways Dan. And I’ve been telling you that is what I want "
Received,"2025-12-11 16:47:39","But Claire just asked me if I wanted to go to the nutcracker at the state theater tonight with her and Alice"
Sent,"2025-12-11 16:51:07","OMG seriously"
Sent,"2025-12-11 16:51:10","no i’m joking i’m kidding"
Sent,"2025-12-11 16:51:17","i promise i’m joking lmao"
Received,"2025-12-11 16:51:21","😒"
Sent,"2025-12-11 16:51:23","i love you. you should go it’s good music"
Sent,"2025-12-11 16:51:29","i promise i kidding"
Sent,"2025-12-11 16:51:32","i couldn’t helpmyself"
Received,"2025-12-11 16:51:40","Rude "
Sent,"2025-12-11 16:52:14","i sorry"
Sent,"2025-12-11 16:52:22","that will be fun though"
Sent,"2025-12-11 16:53:18","what time does it start? 7?"
Received,"2025-12-11 16:54:30",6
Received,"2025-12-11 16:54:32","I think "
Sent,"2025-12-11 16:59:45","it’s 7"
Sent,"2025-12-11 17:00:15","tonight the first night"
Received,"2025-12-11 17:02:51","Ok thx "
Sent,"2025-12-11 17:04:55",sorry
Sent,"2025-12-11 17:05:01","i shouldn’t have made that joke"
Sent,"2025-12-11 17:06:45","I’ll leave you alone so you can get ready and stuff"
Received,"2025-12-11 17:36:48","I dont know if I will go or not "
Received,"2025-12-11 17:36:57","My mom wants me to do her hair I didn’t last night "
Sent,"2025-12-11 17:37:58","if you don’t go and you can stop over here i might have something extra for us. bop is supposed to come here soon"
Sent,"2025-12-11 17:38:07","were you happy with what you got today at least?"
Received,"2025-12-11 17:38:52","I will try my best and yes of course? Why wouldn’t I be"
Sent,"2025-12-11 17:41:33","it’s okay if you can’t eggie. i’m not going to give you a hard time"
Sent,"2025-12-11 18:45:59","no nutcracker?"
Received,"2025-12-11 18:46:13","Going to start my moms hair "
Sent,"2025-12-11 20:13:21","are you staying in?"
Received,"2025-12-11 20:13:33","I will come over "
Received,"2025-12-11 20:13:43","In a little bit. I’m going to trim her hair "
Sent,"2025-12-11 20:14:12","okay b take your time"
Received,"2025-12-11 20:58:32","On my way "
Received,"2025-12-11 20:58:39","I can’t stay too long "
Received,"2025-12-11 21:53:48",https://www.facebook.com/share/p/1A7umJNmYm/
Received,"2025-12-11 21:53:48","Dad just sent me this "
Sent,"2025-12-11 21:55:40","i can’t see it because i never reactivated my facebook but i googled it and found this interview that i think the article you sent is probabley about"
Sent,"2025-12-11 21:55:52",https://www.youtube.com/watch?v=rVWEI_-vaGg
Sent,"2025-12-11 21:57:20","i’m going to look over my resume and try to find some places tonight and then tomorrow go apply"
Sent,"2025-12-11 21:58:17","not the day after tomorrow or next week or if i feel like it.  i’m going to do SOMETHING tomorrow"
Received,"2025-12-11 21:58:48","Yeah my dad just said there is a link"
Received,"2025-12-11 21:58:51","I’ll send it to him "
Sent,"2025-12-11 21:59:06",no
Sent,"2025-12-11 21:59:07",wait
Sent,"2025-12-11 21:59:15","the first comment says “this is an AI atrocity”"
Sent,"2025-12-11 21:59:40","i’m gonna go help my mom for a few minutes but i just say this one time i promise"
Received,"2025-12-11 21:59:49","Mane no "
Sent,"2025-12-11 22:00:06","what. the. fuck. annie. you look so fucking good it’s fucking bizarre"
Received,"2025-12-11 22:00:13","Shut up. "
Sent,"2025-12-11 22:00:15",huh
Sent,"2025-12-11 22:00:40","…sorry? idk"
Received,"2025-12-11 22:01:32","I’m joking "
Sent,"2025-12-11 22:09:27","you know what a nervous asshole i am plus i’m still trying to chill out from how freaked out i was after realizing how shitty everything felt without you idk i’m sorry"
Sent,"2025-12-11 22:12:05","i love you and i’m going to figure out how i can make myself more of a…uh..person, make you happier and make us better."
Received,"2025-12-11 22:12:19","You’re fine Dan "
Sent,"2025-12-11 22:25:37","alright sorry"
Received,"2025-12-11 22:25:59","I love you "
Sent,"2025-12-11 22:36:17","i love you too stupid idiot pretty asshole"
Sent,"2025-12-11 22:42:55","you confuse me. you were bummed out that i didn’t give you enough appreciation and recognition as i needed to, but you also don’t like when i try to give you sincere praise and stuff"
Sent,"2025-12-11 22:44:06","i keep trying. i’ll let you go so i don’t keep bugging you"
Sent,"2025-12-11 22:44:12","goodnight i love you"
Sent,"2025-12-11 22:45:19","thanks for caring about coming back because you said you would. i can’t tell you how much it means to me that you’re trying. seriously. okay goodnight"
Received,"2025-12-11 22:59:15","I told you I would "
Sent,"2025-12-11 22:59:18","i feel so stupid please don’t judge me on that"
Received,"2025-12-11 22:59:19","I am sleepy "
Received,"2025-12-11 22:59:23","Goodnight I love you "
Sent,"2025-12-11 23:07:41","😟"
Sent,"2025-12-11 23:07:51","goodnight love u"
Sent,"2025-12-12 04:25:34","we just woked up and had a slice of pizza. milo wanted me to text you to say we loves you."
Sent,"2025-12-12 08:21:23","good morning loser"
Received,"2025-12-12 09:34:40","Good morning "
Received,"2025-12-12 09:34:45","I feel like crap"
Sent,"2025-12-12 09:38:12","aww still??"
Received,"2025-12-12 11:31:28","Argh yes"
Sent,"2025-12-12 11:36:31","i’m sorry b"
Received,"2025-12-12 12:02:12","I have no fucking money "
Received,"2025-12-12 12:02:15","I’m sick "
Received,"2025-12-12 12:06:41","I’m miserable "
Received,"2025-12-12 12:07:19","I go downstairs and my moms siblings were supposed to pick up their checks earlier and she’s like go upstairs I don’t want uncle mark to see you when he comes "
Received,"2025-12-12 12:07:27","So I thought hours went by, in clear"
Received,"2025-12-12 12:07:30","I’m "
Received,"2025-12-12 12:07:42","I’m sitting in the kitchen. My mom’s gone. Dads gone. "
Received,"2025-12-12 12:07:49","Uncle mark pulled up. And sees me. "
Sent,"2025-12-12 12:44:50","i told my mom to put an extra 20 on her order for us"
Sent,"2025-12-12 12:45:07","if you can come up with 10 or something later i can get the other 10"
Sent,"2025-12-12 12:45:09","either way whatever"
Sent,"2025-12-12 12:45:15","i’ll have something small for us"
Received,"2025-12-12 12:46:43","Thank you "
Received,"2025-12-12 12:46:50","I’ll try "
Received,"2025-12-12 12:47:09","I mean I could get her a bottle of wine "
Sent,"2025-12-12 12:47:28","yes do that"
Received,"2025-12-12 12:47:41","Ok "
Received,"2025-12-12 12:47:53","Wine and lighters lol"
Received,"2025-12-12 12:48:05","Merry Christmas Frank Household "
Sent,"2025-12-12 12:48:18","perfect she said she needs it"
Sent,"2025-12-12 12:48:20","can you get 2?"
Sent,"2025-12-12 12:48:22","or no?"
Sent,"2025-12-12 12:48:32","if not its fine lol"
Sent,"2025-12-12 12:48:37","i just trying to get you more"
Received,"2025-12-12 12:48:56","I’ll try to yeah "
Sent,"2025-12-12 12:50:51","okay if you can get 2 i gets more for you"
Sent,"2025-12-12 12:51:01","what would you do without me"
Received,"2025-12-12 12:51:02","I’ll get two "
Received,"2025-12-12 12:51:20","Going to sheetz first. "
Received,"2025-12-12 12:51:24","Want a drink "
Sent,"2025-12-12 12:51:39","yes please"
Sent,"2025-12-12 12:51:49","i bet you look extra beautiful today"
Sent,"2025-12-12 12:52:01","you alllllwayyysss look extra beautiful on fridays"
Received,"2025-12-12 12:52:06","Nah "
Sent,"2025-12-12 12:52:16",shut.
Sent,"2025-12-12 12:52:17","the fuck up."
Sent,"2025-12-12 12:52:36","you’re the most beautiful girl in the world"
Sent,"2025-12-12 12:52:43",promise
Sent,"2025-12-12 12:53:09","no-one else is even close"
Received,"2025-12-12 12:58:20","Blah blah "
Received,"2025-12-12 12:58:24","If you insist "
Received,"2025-12-12 12:59:50","Now to the licca sto"
Received,"2025-12-12 13:19:05","On my way "
Received,"2025-12-12 13:19:36","Couldn’t find the brand on sale"
Received,"2025-12-12 13:19:49","So I got two of the not on sale "
Received,"2025-12-12 13:19:51",$30
Received,"2025-12-12 13:20:07","Just so you know. "
Received,"2025-12-12 13:24:19","Let me in"
Received,"2025-12-12 14:11:53","￼"
Received,"2025-12-12 14:53:59","He came "
Sent,"2025-12-12 15:26:50","eggie i love you so fucking much. i really am so lucky and thankful that i have you (back) in my life"
Received,"2025-12-12 16:15:35","I love you "
Received,"2025-12-12 16:28:35","You hate me sorry I was upstairs chitchatting 😕"
Sent,"2025-12-12 16:30:28","i don’t hate you i just need a picture of your butt hanging out or something. it’s to die for."
Sent,"2025-12-12 16:30:59","no but i hope you know (and can sense) that i really sincerely mean that"
Received,"2025-12-12 16:31:14","What the hahaha"
Sent,"2025-12-12 16:32:29","i honestly get flooded with feels every single time i’m with you and i just know in my heart that we are made for each other and whatever i have to go through to not lose that is 100% worth it"
Sent,"2025-12-12 16:37:25","but i promise you i’m not just talking shit when i tell you that i think you are the most gorgeous and i am so in love with you."
Sent,"2025-12-12 16:37:55","i’m gonna run up to JG’s to see if they are still hiring. the sign was on the door yesterday so i would imagine they are"
Received,"2025-12-12 16:39:08","That’s a good idea. Can’t hurt to try "
Received,"2025-12-12 16:39:17","Just get the dog fur off ya lol"
Received,"2025-12-12 17:21:48","Getting dressed and going to have dinner with my parents "
Sent,"2025-12-12 17:22:25","show me the butt"
Sent,"2025-12-12 17:22:34","pretty please"
Received,"2025-12-12 17:22:38","Oh goshhhhh"
Received,"2025-12-12 17:26:51","￼Happy??"
Sent,"2025-12-12 17:27:21","omg yes i am the happiest person alive i fucking love you"
Sent,"2025-12-12 17:27:43","Loved an image"
Sent,"2025-12-12 17:28:22","🍆"
Sent,"2025-12-12 17:28:31","📌"
Sent,"2025-12-12 17:29:10","i might be having a stroke right now"
Received,"2025-12-12 17:29:48","Omg stop "
Sent,"2025-12-12 17:33:46","but i think you’re incredible and i want to tell you"
Sent,"2025-12-12 17:35:24","thank you b ❤️ you are fucking divine"
Received,"2025-12-12 18:46:33","lol thank you "
Sent,"2025-12-12 19:06:39","i’m serious"
Sent,"2025-12-12 19:13:08","if you do make it back over here i’ll see to it that we have something for us to do"
Sent,"2025-12-12 19:13:24","it’s okay if you can’t just please don’t disappear on me tonight okay"
Received,"2025-12-12 19:13:31","Okay Dan "
Sent,"2025-12-12 19:13:40","i promise i won’t be mad if you can’t come back. i’m not trying to be mean or rude"
Received,"2025-12-12 19:13:50","I know you aren’t "
Sent,"2025-12-12 19:22:18","i love you. it means so much to me that you’re trying."
Received,"2025-12-12 19:22:27","What are you guys doing "
Sent,"2025-12-12 19:22:29","have good dinner. i be here when you’re done"
Sent,"2025-12-12 19:24:09","milo’s playing with the lighters. i’m still trying to detach my face from the screen because your picture."
Sent,"2025-12-12 19:24:18","i’m peeling it off with a spatula"
Received,"2025-12-12 19:24:20","😒"
Sent,"2025-12-12 19:26:13","shut up i just like you a lot. but i was specifically trying not to text you while you were at dinner so let meknow when you’re finished"
Received,"2025-12-12 19:55:51","Ok I’ll be over soon. But i really can’t stay long my dad asked for me to be home around 9"
Received,"2025-12-12 19:55:54","Is that okay "
Sent,"2025-12-12 19:56:35","of course"
Sent,"2025-12-12 20:01:07","i love you. i’m gonna secure us some drugs now"
Sent,"2025-12-12 20:01:42","and we can do them however you want. if you want to save some to take with you that’s totally fine"
Received,"2025-12-12 20:06:03","I have $20"
Sent,"2025-12-12 20:08:17","well i’m gonna try to get us something without making you use that"
Sent,"2025-12-12 20:08:27","because she’s probably not gonna want to get rid of a bunch anyways and i want to do nice things for you"
Received,"2025-12-12 20:08:34","It’s fine !? i’m turning on Saratoga"
Sent,"2025-12-12 20:26:49","i made you a line. i will ask iher for it when you come down to do tha"
Received,"2025-12-12 20:27:57","Ok sorry "
Received,"2025-12-12 21:21:40","Made it without sneezing "
Sent,"2025-12-12 21:22:41","good i’m glad i wished i hadn’t said the thing about derrick ave as soon as it left my mouth"
Received,"2025-12-12 21:22:53","Yeah yeah sure "
Sent,"2025-12-12 21:23:02","i was just yapping i didn’t want to jinx you but you stayed to watch milo so i wasn’t as worried by the time you left"
Sent,"2025-12-12 21:23:39","😐 you need to make up your mind"
Sent,"2025-12-12 21:23:55","are you annoyed that i am telling you how great you are and how much i love you every 30 seconds"
Sent,"2025-12-12 21:24:11","or do i not care want you to sneeze your car into a ditch"
Received,"2025-12-12 21:24:24","😐🥴"
Sent,"2025-12-12 21:24:29","it’s the first one"
Sent,"2025-12-12 21:24:44","you annoyed because i love you way too much. that’s not the worst prob"
Received,"2025-12-12 21:24:49","I don’t like how I look "
Received,"2025-12-12 21:24:54","Yes I know i look healthy "
Received,"2025-12-12 21:25:08","But you of all people should understand that doesn’t click in my mind "
Sent,"2025-12-12 21:26:14","no i absolutely do understand"
Sent,"2025-12-12 21:26:25","and am kinda going through the same thing currently although its just different"
Sent,"2025-12-12 21:26:26",but
Received,"2025-12-12 21:26:28","I dont know sorry "
Sent,"2025-12-12 21:26:32","no stop listen"
Sent,"2025-12-12 21:26:53","i know EXACTLY what you’re saying and i don’t know how to conquer that personally"
Sent,"2025-12-12 21:26:53",but
Sent,"2025-12-12 21:27:00","i am telling you, and i know you believe me"
Received,"2025-12-12 21:27:13","I know I look healthy and I look better "
Sent,"2025-12-12 21:28:04","it’s such a small difference that nobody is going to really notice unless they know you super super well but it not only makes you look healthy"
Sent,"2025-12-12 21:28:14","idk it makes your skin feel different even"
Received,"2025-12-12 21:28:17","Uh no everyone notices "
Sent,"2025-12-12 21:28:47","and so i just want to beat into your head that even though it may not feel comfortable or “right” for you yet"
Received,"2025-12-12 21:28:52","And they don’t mean to point it out in a bad way I know that"
Received,"2025-12-12 21:29:08","But like my clothes not fucking fitting "
Sent,"2025-12-12 21:29:08","you look so fucking good and i’m not just telling you that"
Received,"2025-12-12 21:29:20","I dont know "
Sent,"2025-12-12 21:29:22","but eggs i do really understand what you’re saying"
Received,"2025-12-12 21:29:22","I’m sorry "
Received,"2025-12-12 21:29:36","I appreciate that you think I look good "
Sent,"2025-12-12 21:30:08","what it really becomes is anything over the minimum super-skinny weight instantly falls into the “fat” grey area"
Sent,"2025-12-12 21:32:05","let me point out that it is the one thing that happened in 2025 that i am not attempting to change or rollback."
Sent,"2025-12-12 21:34:14","let me ask you - do you believe that i’m being sincere when i tell you that you look really really good…or do you think i’m doing that because i want to get you to do something healthy and good for you and am embellishing or inventing it"
Received,"2025-12-12 21:35:11","I believe you Dan"
Sent,"2025-12-12 21:42:08","it wasn’t a ‘gotcha’ question i just wanted to know if you thought i was just saying it to score points or for whatever other reason. but from someone who has always thought the skinnier, the better…. i would be sincerely bummed out if you went back down to the low hundreds."
Sent,"2025-12-12 21:42:34","and i would like submit my performance last night as evidence"
Received,"2025-12-12 21:42:37","Well it doesn’t look like that will happen "
Sent,"2025-12-12 21:42:59","not that this should be a consideration for  you anyways but just as a side benefit"
Sent,"2025-12-12 21:43:27","it also makes it easier for me to feel like i’m okay to stay at a healthy weight"
Sent,"2025-12-12 21:43:47","because i have the same issues you have with that and"
Received,"2025-12-12 21:43:48","Well Dan you are okay to "
Sent,"2025-12-12 21:43:57","…shut the fuck up lmao"
Received,"2025-12-12 21:43:58","I want you to take care of yourself. "
Received,"2025-12-12 21:44:02","I have been saying that "
Received,"2025-12-12 21:44:18","I dont know I don’t want to have this conversation honestly "
Sent,"2025-12-12 21:44:53","that’s fine all i’m gonna say is -"
Sent,"2025-12-12 21:49:19","it feels like i’m starting to crawl out of a very dark hole here and i just need you to not  go forward thinking that everything has to be the same or to assume that the past is prologue"
Sent,"2025-12-12 21:52:36","and sometimes you need to let things be good."
Sent,"2025-12-12 21:53:30","we’ve been through so much together and there’s something that we have that can"
Received,"2025-12-12 21:54:28","I know I know "
Received,"2025-12-12 21:54:48","I’m sorry "
Sent,"2025-12-12 21:54:50","can’t exist with anyone else. so if you honestly want us to be together, you should be happy that this isn’t dead"
Sent,"2025-12-12 21:55:17","annie please don’t be sorry. you’re doing so much better recently and i do not want to sound like you’re doing something wrong at all"
Received,"2025-12-12 21:55:41","I’m trying "
Sent,"2025-12-12 21:58:32","all i want in this world is for you to look at me without feeling the need to put on the mask that everybody else sees.  you know a version of me that i wouldn’t and couldn’t be with anyone else. i think you get worried when  you do that because it could make you look “bad” and it’s safer to not fully commit"
Sent,"2025-12-12 21:58:42","okay i’m sorry i’ll stop talking i didn’t mean to ramble i’m a lil high"
Sent,"2025-12-12 21:58:44","i love you"
Received,"2025-12-12 22:00:23","I understand what you are saying and I am trying to let go of putting on that “front” i dont know "
Received,"2025-12-12 22:00:25","I love you "
Received,"2025-12-12 22:00:43","I am going to smoke the little I have left and probably pass out. I have a headache "
Sent,"2025-12-12 22:08:31","thank you for everything eggie"
Received,"2025-12-12 22:08:59","Thank you turd "
Sent,"2025-12-12 22:10:02","wanna see the worlds comfiest chichi"
Received,"2025-12-12 22:10:08","Sure do "
Sent,"2025-12-12 22:11:42","￼"
Received,"2025-12-12 22:12:17","*my blanket*"
Received,"2025-12-12 22:12:23","But he is cozy boy "
Received,"2025-12-12 22:12:25","Full belly "
Received,"2025-12-12 22:12:40","Just watch out as I said about the runs with the bacon grease "
Sent,"2025-12-12 22:17:55","…..why is she feeding him this shit lmao"
Sent,"2025-12-12 22:17:55","it’s funny that they’re fwiends and all but"
Sent,"2025-12-12 22:17:55","when i have to start worrying about the dog having the runs simply because of the food he’s eating i start to wonder where we went wrong lol"
Received,"2025-12-12 22:18:32","Well he may not but just a thought I had sorry"
Sent,"2025-12-12 22:18:46","why are you sorry? you didn’t do anything!"
Received,"2025-12-12 22:19:11","There is def an animal in the wall of my bathroom "
Received,"2025-12-12 22:19:18","I hear it’s claws "
Sent,"2025-12-12 22:19:38","…how long has it been there"
Sent,"2025-12-12 22:19:47","couldn’t be long or else it would have starved by now right"
Received,"2025-12-12 22:19:55","I dont know my mom said it’s probably squirrels "
Received,"2025-12-12 22:20:05","I hear stuff all the time in the attic "
Sent,"2025-12-12 22:20:12","oh fun!"
Received,"2025-12-12 22:20:18","And one day I went in the storage room up here "
Received,"2025-12-12 22:20:20","And I said mom "
Sent,"2025-12-12 22:20:27","i mean that’s GOT to be easier to take care of than betty"
Received,"2025-12-12 22:20:29","It looks like an animal tore through her e"
Received,"2025-12-12 22:20:51","And she’s like no wayyy I said I hear stuff in the walls sometimes "
Received,"2025-12-12 22:21:05","And she looks and she’s like yep that’s what it looks like happened "
Sent,"2025-12-12 22:21:24","did you ever mention the bay leaves thing"
Received,"2025-12-12 22:21:52","Yeah "
Received,"2025-12-12 22:22:08","She’s like yeah but they aren’t good for you to eat "
Received,"2025-12-12 22:22:11","Whatever lol I dropped it "
Received,"2025-12-12 22:31:13","Eggs laying down now. I love you "
Sent,"2025-12-12 22:31:34","￼"
Sent,"2025-12-12 22:31:55","okay okay. i hope you finally feel better tomorrow goofball"
Sent,"2025-12-12 22:32:09","i love you to the fucking moon and back"
Received,"2025-12-12 22:32:26","Dear god 😑"
Received,"2025-12-12 22:32:53","Make up looks great though "
Received,"2025-12-12 22:33:28","Goodnight turd and turd brain"
Sent,"2025-12-13 00:01:32","￼"
Sent,"2025-12-13 00:40:19","i miss her 😟  i can’t believe she was so tiny"
Sent,"2025-12-13 06:08:56","goooood morning stoop kid. me and milo are up extra early for some reason \\"
Sent,"2025-12-13 08:49:36","wake up sleepyhead"
Received,"2025-12-13 10:06:42","Good morning "
Received,"2025-12-13 10:06:47","Loved an image"
Received,"2025-12-13 10:06:52","My sweet Betty "
Received,"2025-12-13 10:07:09","The tiniest wittle thing "
Received,"2025-12-13 10:08:10","That stuff you got last night from your mom was completely different then the stuff we got earlier yesterday"
Received,"2025-12-13 10:08:26","That’s why I was sneezing like a mad man. "
Received,"2025-12-13 10:08:42","It didn’t taste the same either "
Sent,"2025-12-13 10:34:53","hmmmmmm i don’t know it shouldn’t have been different? they were both from bop"
Sent,"2025-12-13 10:35:11","i ordered your christmas present 😊"
Received,"2025-12-13 10:35:39",What
Received,"2025-12-13 10:35:42","Why "
Received,"2025-12-13 10:35:52","We don’t do presents "
Sent,"2025-12-13 10:36:13","shut the fuck up.  i love you i’m buying you a present"
Received,"2025-12-13 10:36:18",Argh
Sent,"2025-12-13 10:37:25","go argh yourself"
Sent,"2025-12-13 10:41:41","what are you doing eggo"
Received,"2025-12-13 10:41:56","Dying "
Sent,"2025-12-13 10:42:10","well we’re all dying"
Received,"2025-12-13 10:42:34","Well I can’t stop coughing "
Received,"2025-12-13 10:48:56","What am I going to get you "
Received,"2025-12-13 10:49:02","I’m stressed "
Received,"2025-12-13 10:59:46","Also I have another twenty for today to put with the one I left there last night"
Received,"2025-12-13 11:40:37","I’ll bring it over in a little "
Sent,"2025-12-13 11:42:23","if you happen to be able to get a little bit more i can get some extra for you."
Sent,"2025-12-13 11:42:32","like anything over 50"
Sent,"2025-12-13 11:42:41","but either way i be here waiting for you"
Received,"2025-12-13 11:49:37","I don’t have any way"
Received,"2025-12-13 11:49:49","Unless it’s in wrapped coins lol"
Received,"2025-12-13 11:58:33","I am leaving now I have to go to shopnsave"
Received,"2025-12-13 11:58:41","For my mom "
Received,"2025-12-13 11:58:48","But I come over first "
Received,"2025-12-13 12:03:11","LET ME IN "
Received,"2025-12-13 12:03:22","DAMN IT "
Sent,"2025-12-13 12:53:53","￼"
Received,"2025-12-13 12:54:22","Big stretch "
Sent,"2025-12-13 12:54:30","biiiiiiiig stretch"
Received,"2025-12-13 12:55:12","Big baby boy "
Received,"2025-12-13 13:49:52","What do ya wantttttt"
Sent,"2025-12-13 13:53:54","that’s okay. never mind. just forget it. it’s not a big deal. you’re busy. 😎"
Received,"2025-12-13 13:54:38","lol what"
Received,"2025-12-13 13:54:42","I’m making cookies "
Received,"2025-12-13 13:54:56","It’s Santa’s bakery up in here "
Received,"2025-12-13 13:55:33","Tell me "
Sent,"2025-12-13 13:56:31","you’re busy. just forget it. that’s okay. it’s not a big deal. never mind."
Received,"2025-12-13 13:56:52","Stop it "
Received,"2025-12-13 13:56:56","Tell me now "
Sent,"2025-12-13 13:58:06","nooooo no no you can’t be seen on the phone with me 😜"
Received,"2025-12-13 13:59:51","Enough daniel. "
Sent,"2025-12-13 14:14:07","I was going to tell you that if you drive up to Aldi you might find some free z"
Sent,"2025-12-13 14:14:19","That my mom left in the parking lot and is too scared to go back up there lol"
Sent,"2025-12-13 14:18:32","I think you know this but I was just teasing "
Sent,"2025-12-13 14:18:38","I not mad you didn’t answer or anything"
Sent,"2025-12-13 14:19:02","sorry just making sure you knew. You doing good job recently"
Sent,"2025-12-13 14:21:47","Except for right now when you ignore me"
Received,"2025-12-13 14:25:06","Laughed at “That my mom left in the parking lot and is too scared to go back up there lol”"
Received,"2025-12-13 14:25:15","Loved “sorry just making sure you knew. You doing good job recently”"
Received,"2025-12-13 14:25:33","Shut your trap"
Received,"2025-12-13 14:33:27","So wait are there z or no lol "
Sent,"2025-12-13 14:35:04","Not here"
Sent,"2025-12-13 14:35:06","At Aldi"
Sent,"2025-12-13 14:35:11","Ours has not come"
Received,"2025-12-13 14:38:30","😐"
Sent,"2025-12-13 14:39:28","It won’t be long pookibear"
Sent,"2025-12-13 14:40:29","We brought milo’s bed upstairs"
Sent,"2025-12-13 14:43:34","ohhhhhhhh eggggiiieeeee"
Sent,"2025-12-13 14:44:07","Oh eggster"
Sent,"2025-12-13 14:44:16","I have. "
Sent,"2025-12-13 14:44:18","An update."
Received,"2025-12-13 14:44:55","Loved “We brought milo’s bed upstairs”"
Sent,"2025-12-13 14:47:25","An update AND some good news for the eggster"
Sent,"2025-12-13 14:48:21","I have your z "
Sent,"2025-12-13 14:48:35","And then if you want to come back for a little bit later tonight"
Sent,"2025-12-13 14:49:47","i can get you even moreeeeeeeeee"
Sent,"2025-12-13 15:25:57","hi good morning"
Received,"2025-12-13 15:36:23","I coming soon "
Sent,"2025-12-13 16:25:41","￼"
Sent,"2025-12-13 16:29:45","￼^that’s u"
Received,"2025-12-13 16:33:47","Loved an image"
Sent,"2025-12-13 16:35:24","￼that’s us"
Received,"2025-12-13 16:37:34","Loved an image"
Sent,"2025-12-13 16:42:04","￼"
Sent,"2025-12-13 16:45:33","￼"
Sent,"2025-12-13 16:46:06","you are so beautiful in like 4 totally different, distinct ways it’s honestly remarkable"
Received,"2025-12-13 16:52:50","🥺🥹"
Received,"2025-12-13 16:53:14","My smile after you smell the shampoo "
Received,"2025-12-13 16:53:50","Caddy tan line lol"
Sent,"2025-12-13 16:55:01","￼that’s from your birthday in 2015"
Sent,"2025-12-13 16:55:27","well it’s a screenshot of a screenshot from 2015 lol"
Sent,"2025-12-13 16:55:43","but still. i keep all of my sentimental eggie stuff"
Received,"2025-12-13 16:56:24","Except the stuff you burned"
Sent,"2025-12-13 16:57:34","…if you keep being nice to me i might even have a way to unburn everything and make it good as new"
Sent,"2025-12-13 16:57:41","…………eggie"
Sent,"2025-12-13 16:57:49","do you really think"
Sent,"2025-12-13 16:57:54","nevermind lol"
Sent,"2025-12-13 16:58:34","YOU’RE THE LOVE OF MY LIFE I WOULD NEVER EVER REALLY BURN OUR STUFF"
Received,"2025-12-13 17:05:21","B my way"
Received,"2025-12-13 17:44:46","Made it "
Sent,"2025-12-13 17:45:09","okay okay good i was worried"
Sent,"2025-12-13 17:46:41","also - see, i didn’t say anything or make you feel bad or act pouty about you having to leave right away because you’ve been making the effort and that’s the number 1 thing i needed from you"
Sent,"2025-12-13 17:48:18","you’ve made me feel like you actually love me for the first time in almost a year and i just want us to keep making things better"
Sent,"2025-12-13 17:49:23","i loves you."
Sent,"2025-12-13 17:50:10","if you would like some more z in a little bit, i will walk down to get you and walk you back later on if you need to go back"
Sent,"2025-12-13 17:50:38","or drive but it would be kinda fun to walk idk"
Received,"2025-12-13 17:51:02","I love you "
Received,"2025-12-13 17:51:13","I wanna wash my hair "
Sent,"2025-12-13 17:52:25","okay b it’s fine if you want to stay in  too"
Received,"2025-12-13 17:52:30","It’s bad out "
Sent,"2025-12-13 17:52:31","but but but -"
Received,"2025-12-13 17:52:32","Real bad "
Sent,"2025-12-13 17:53:02","….send me something when you’re getting ready for your shower pweze"
Sent,"2025-12-13 17:53:11","🥰"
Received,"2025-12-13 17:53:14","Maybe "
Received,"2025-12-13 17:53:26","If you lucky "
Sent,"2025-12-13 17:54:15","okay that’s a relief…i am the luckiest person on earth so i should be good"
Received,"2025-12-13 17:54:50",Hahaha
Sent,"2025-12-13 17:56:09","go find me another example of someone who mythologizes and worships someone they’ve been with for a decade as much as i do to you"
Sent,"2025-12-13 17:57:19","good luck. i still think you are the most perfect and beautiful girl that has ever existed"
Received,"2025-12-13 17:57:35","Tanks "
Received,"2025-12-13 17:57:39","You sweet "
Sent,"2025-12-13 17:59:26","…I really do think that though. "
Received,"2025-12-13 18:01:09","I know"
Received,"2025-12-13 18:10:42","￼Happy "
Sent,"2025-12-13 18:11:23","Omg I can die now "
Sent,"2025-12-13 18:11:35",wowowowowowowow
Sent,"2025-12-13 18:12:10","😵‍💫"
Sent,"2025-12-13 18:12:54","i don’t know why you do this to me but"
Received,"2025-12-13 18:12:59",What
Sent,"2025-12-13 18:13:35","Like literally you make me feel like my head is going to pop "
Sent,"2025-12-13 18:13:40","Like bubblegum"
Received,"2025-12-13 18:14:02","lol get out"
Received,"2025-12-13 18:14:05","I am just me "
Sent,"2025-12-13 18:14:09","as stupid as that sounds you just really do make me feel different than anyone else ever has. It’s weird and I love you so much"
Sent,"2025-12-13 18:14:33","I know you are and I don’t want you to be anything other than you"
Sent,"2025-12-13 18:14:50","I love you because you are you. "
Sent,"2025-12-13 18:17:03","thank you eggie. I love you so much and I’m obsessed with new eggie"
Received,"2025-12-13 18:25:39","🫢"
Received,"2025-12-13 18:38:56","I think I’m going to sit and do a puzzle with my mom "
Received,"2025-12-13 18:39:00","For a little "
Received,"2025-12-13 19:00:25","￼Starting small with a small advent calendar puzzle lol"
Received,"2025-12-13 19:00:28","I hate puzzles "
Sent,"2025-12-13 19:01:59","i think i got a surprise for you in a min"
Sent,"2025-12-13 19:03:28","i may need you to send me a dollar or two on cash app"
Sent,"2025-12-13 19:03:32","but hold on"
Received,"2025-12-13 19:05:33","I can’t "
Received,"2025-12-13 19:05:48","I am over drawn on Cash App bc I borrowed money on it "
Sent,"2025-12-13 19:05:49","lol sorry"
Sent,"2025-12-13 19:05:58","it okay I figure it out"
Received,"2025-12-13 19:05:58","Anything I get sent goes to the debt "
Received,"2025-12-13 19:06:00","What "
Sent,"2025-12-13 19:07:45","I’m trying to get you Disney+"
Sent,"2025-12-13 19:08:05","And I found a few free ways to do it"
Sent,"2025-12-13 19:09:04","by the way I was going to send the money back to you I wasn’t going to use it"
Sent,"2025-12-13 19:09:39","I know that doesn’t make any difference as to whether or not you are overdraft I just wanted to let it be known"
Sent,"2025-12-13 19:10:35","i think I owe you like 50 years of Disney+ for that video 😍"
Received,"2025-12-13 19:11:13",No
Received,"2025-12-13 19:11:32","What money "
Received,"2025-12-13 19:11:37","Don’t get me Disney +"
Received,"2025-12-13 19:11:43","I can use Claire’s"
Received,"2025-12-13 19:52:46","￼I did it "
Sent,"2025-12-13 19:53:08","⭐️"
Sent,"2025-12-13 19:53:25","When you said little"
Sent,"2025-12-13 19:53:31","I did not know you meant THAT Little lmao"
Received,"2025-12-13 19:53:32","It is little lol"
Received,"2025-12-13 19:53:45","Compared to the one my moms doing"
Sent,"2025-12-13 19:54:01","Yeah I thought you were calling that one little"
Sent,"2025-12-13 19:54:04","And being sarcastic"
Sent,"2025-12-13 19:54:14","That’s like a puzzle you’d get in a cracker jacks box "
Sent,"2025-12-13 19:54:28","But good job good job"
Sent,"2025-12-13 19:54:30","Very proud"
Sent,"2025-12-13 19:54:44","Of your Cracker Jack puzzle"
Received,"2025-12-13 19:56:41","It’s part of an advent calendar jerk "
Received,"2025-12-13 19:56:44","Like a puzzle a day "
Received,"2025-12-13 19:56:46","Shut up "
Sent,"2025-12-13 20:07:44","Ohhhh you did say that I thought you just meant"
Sent,"2025-12-13 20:07:59","The puzzle looked like an advent calendar. "
Received,"2025-12-13 20:08:10",Noooo
Received,"2025-12-13 20:08:28","Even my mom said “those little ones are hard”"
Received,"2025-12-13 20:08:37","And once I figured out which one it was on the box"
Received,"2025-12-13 20:08:54","The picture was fucking wrong. It had extra candies in it that we’re not on the picture on the box."
Received,"2025-12-13 20:11:58","And I called it from the start. Before I put any pieces together "
Sent,"2025-12-13 20:17:28","vindicated again"
Sent,"2025-12-13 20:17:52","Does it ever get annoying being right all of the time?"
Sent,"2025-12-13 20:17:55","😛"
Sent,"2025-12-13 20:18:08","I’m gonna take mi out real fast"
Received,"2025-12-13 20:23:31","Even when im wrong im right "
Received,"2025-12-13 20:23:35","Put his puffer on "
Received,"2025-12-13 20:23:46","Ask your mom if you can use her phone for a video or pic "
Received,"2025-12-13 20:23:48","Please "
Sent,"2025-12-13 20:26:34","i can take one?"
Sent,"2025-12-13 20:26:40","but i didn’t see your message in time"
Sent,"2025-12-13 20:26:46","i take him back out in a few mins"
Sent,"2025-12-13 20:26:50","he haaaaaated it lmao"
Received,"2025-12-13 20:28:49","Was his puffer on"
Sent,"2025-12-13 20:29:02",hoodie
Sent,"2025-12-13 20:29:32","also for sending me that i stg if you wanted me to walk down to bring you a line or two when i get it i absolutely will"
Sent,"2025-12-13 20:30:11","it was perfect so whatever you need"
Sent,"2025-12-13 20:30:13","i get u"
Received,"2025-12-13 20:31:52","Omg "
Received,"2025-12-13 20:31:56","Don’t "
Sent,"2025-12-13 20:32:21","don’t what? i was just offering"
Received,"2025-12-13 20:32:32",Why
Sent,"2025-12-13 20:32:40","to be nice?"
Sent,"2025-12-13 20:32:46","to repay you being nice?"
Received,"2025-12-13 20:32:47","I mean yeah I wouldn’t turn it down "
Sent,"2025-12-13 20:32:56","and i would get to see you for a second"
Received,"2025-12-13 20:32:57","But that is insanity "
Sent,"2025-12-13 20:33:02","i would walk to cleveland for that"
Sent,"2025-12-13 20:33:20","plus it could be fun"
Sent,"2025-12-13 20:33:29","we meet up outside in the snow all late at night"
Received,"2025-12-13 20:34:27","You’re crazy "
Received,"2025-12-13 20:34:38","Knowing you , you would lose it on the way lol"
Received,"2025-12-13 20:34:42","Drop it in the snow "
Sent,"2025-12-13 20:37:18","what time would be best for you to sneak outside"
Sent,"2025-12-13 20:37:38","or just what time would be best for me to go"
Received,"2025-12-13 20:37:44","lol bye"
Received,"2025-12-13 20:37:54","You are not walking down here "
Received,"2025-12-13 20:38:02","I am not going out there "
Sent,"2025-12-13 20:38:02","why not?"
Sent,"2025-12-13 20:38:08","okay then i mean"
Received,"2025-12-13 20:38:14","😑"
Sent,"2025-12-13 20:38:15","i don’t have to but i want to"
Sent,"2025-12-13 20:38:26","and i guess you just don’t want any more z"
Received,"2025-12-13 20:38:45","I admire the willingness "
Received,"2025-12-13 20:38:47","I do"
Received,"2025-12-13 20:38:57","But you are not walking here "
Sent,"2025-12-13 20:38:57","it’s not willingness…i WANT to see you"
Sent,"2025-12-13 20:39:18","and you would just have to walk out your door i wouldn’t make you go out on the golf course like when used to when you ACTUALLY liked me"
Received,"2025-12-13 20:39:19","Hang on I am using the blow dryer "
Sent,"2025-12-13 20:39:23","sorry lol"
Sent,"2025-12-13 20:57:58","hmmmm i bet if i just walked down there and called you that there’s no way you wouldn’t want to just walk outside for 30 seconds for a lil present"
Received,"2025-12-13 21:01:02","Yeah Dan I would but what would my parents think lol"
Sent,"2025-12-13 21:01:27","(do you remember me asking you what time would be best to sneak out)"
Received,"2025-12-13 21:01:39","I ain’t sneaking !!"
Sent,"2025-12-13 21:14:21","k sorry"
Received,"2025-12-13 21:14:42","It’s a freaking blizzard out there "
Received,"2025-12-13 21:15:06","You lunatic "
Sent,"2025-12-13 21:23:17","Removed a dislike from “You lunatic ”"
Sent,"2025-12-13 21:23:21","Disliked “It’s a freaking blizzard out there ”"
Sent,"2025-12-13 21:23:57","i know its a blizzard that’s what makes it fun and memorable but"
Sent,"2025-12-13 21:24:10","hey i guess you just have plenty of z and still don’t like fun"
Sent,"2025-12-13 21:24:43","i go take it to someone who wants it lol"
Sent,"2025-12-13 21:26:46","i’m joking it’s okay"
Sent,"2025-12-13 21:27:02","but really i think it would be fun and we need to do more stuff like that idk"
Received,"2025-12-13 21:27:03","😒☹️"
Received,"2025-12-13 21:27:12","It’s dangerous out there "
Sent,"2025-12-13 21:27:43","ok go 2 jail"
Sent,"2025-12-13 21:28:02",dangerous
Received,"2025-12-13 21:28:10",Huh
Sent,"2025-12-13 21:28:38","how on earth would it be dangerous to walk from here to there"
Received,"2025-12-13 21:28:46",Whatever
Sent,"2025-12-13 21:28:51",lmao
Sent,"2025-12-13 21:29:07","eggie i said its okay you don’t need to come up with any more excuses"
Sent,"2025-12-13 21:29:11","😛"
Received,"2025-12-13 21:30:24","￼Trying to do my hair here "
Sent,"2025-12-13 21:31:19","how many hours in are you and how many are left"
Received,"2025-12-13 21:31:53","I keep getting distracted "
Received,"2025-12-13 21:31:57","Then my
Phone vibrates "
Sent,"2025-12-13 21:32:40","😔"
Received,"2025-12-13 21:32:46","Turd "
Received,"2025-12-13 21:48:15","Argh. I wouldn’t mind more z…. But i refuse to have you walk here "
Sent,"2025-12-13 21:52:41","well you’re stupid because i would walk to canada just to see your stupid pretty face and that’s particularly true tonight so"
Sent,"2025-12-13 21:52:52","if the reason is because of your parents that’s one thing"
Received,"2025-12-13 21:52:59","What if I go out and start shoveling the driveway lol"
Received,"2025-12-13 21:53:47","Well it’s bc 1. I don’t want you walking "
Received,"2025-12-13 21:53:52","And 2. My parents "
Sent,"2025-12-13 21:54:44","1. i can tell you with absolute certainty - i want to see your dumb face more than you don’t want me to walk down there in a blizzard"
Sent,"2025-12-13 21:55:28","i sorry i’m going to try not to do that as much"
Received,"2025-12-13 21:55:53","You’re crazy "
Sent,"2025-12-13 21:56:03","your “dumb” face is an excuse for me to not have to say how ungodly pretty i think you are"
Sent,"2025-12-13 21:56:59","i think we’ve already hit the 10th anniversary of you figuring out that i was crazy so idk why you’re saying it like that’s news to either of us"
Received,"2025-12-13 21:58:35",Lolololol
Sent,"2025-12-13 21:58:43","and you are a romance ruiner"
Received,"2025-12-13 21:59:02","I told my dad “don’t be shocked if I go outside and start shoveling the driveway, it looks peaceful” hash"
Received,"2025-12-13 21:59:04",Hahah
Sent,"2025-12-13 21:59:08","who doesn’t think it’s fun or cool or good to meet up in the middle of the night in a blizzard for me to give you z and you to kiss my cheek"
Received,"2025-12-13 21:59:16","And my mom goes “that’s exactly why we went out a little bit ago!”"
Received,"2025-12-13 22:02:15","You’re sweet "
Sent,"2025-12-13 22:04:39","that’s what everyone always says about me. the word most people use to describe me?"
Sent,"2025-12-13 22:04:41",sweetheart.
Received,"2025-12-13 22:05:11","LOL OKAY "
Sent,"2025-12-13 22:07:56","…you do not have any idea how scared that i wasn’t going to have you in my life. you’re the only person who actually knows who i am…i just want you to know i really do love you for who you are and i will forever."
Received,"2025-12-13 22:08:21","And I love you Dan"
Received,"2025-12-13 22:08:31","I told you I do "
Received,"2025-12-13 22:08:43","And that I needed you in my life "
Received,"2025-12-13 22:14:12","Listen. I really don’t need you to walk down here in this snow "
Received,"2025-12-13 22:14:15",Okay?
Sent,"2025-12-13 22:14:23","okay i won’t"
Received,"2025-12-13 22:14:49","Would I go out if you did? Yeah of course. But I really don’t want you to do all that "
Sent,"2025-12-13 22:15:01","…now why"
Sent,"2025-12-13 22:15:04",lmao
Received,"2025-12-13 22:15:06","It’s not a safe idea. Especially since you don’t have a phone "
Sent,"2025-12-13 22:15:07","would you tell me that"
Sent,"2025-12-13 22:15:14",hahaha
Received,"2025-12-13 22:15:20","😐☹️"
Sent,"2025-12-13 22:15:54","if i would have gone out, hypothetically"
Received,"2025-12-13 22:16:04",Grrrrrr
Sent,"2025-12-13 22:16:05","i would have framed it as just a ‘walk’"
Sent,"2025-12-13 22:16:13","not necessarily to you"
Sent,"2025-12-13 22:16:18","but just a walk"
Received,"2025-12-13 22:16:22","I understand "
Sent,"2025-12-13 22:16:25","so i mean"
Sent,"2025-12-13 22:16:36","i can’t say whether or not i might get a second wind"
Received,"2025-12-13 22:16:49","Daniel "
Sent,"2025-12-13 22:16:53","and just decide to take a stroll. i actually do have snowshoes"
Received,"2025-12-13 22:17:00",Hahahahaha
Received,"2025-12-13 22:17:23","Of course you do "
Sent,"2025-12-13 22:19:00","cross country skis"
Sent,"2025-12-13 22:19:19","maybe i take milo on a mountain adventure"
Received,"2025-12-13 22:20:46","He would be so miserable "
Sent,"2025-12-13 22:21:01",crying
Sent,"2025-12-13 22:21:06","(screaming, throwing up)"
Received,"2025-12-13 22:21:44","Exactly "
Received,"2025-12-13 22:24:19","He’d walk himself back home "
Sent,"2025-12-13 22:27:17","i told him you said that"
Sent,"2025-12-13 22:27:23","you do NOT want to know what he had to say"
Received,"2025-12-13 22:27:32","He probably agreed "
Sent,"2025-12-13 22:28:23","uh no…he said “okay i don’t like cold but at least i don’t shit my pants”"
Received,"2025-12-13 22:28:48","Whatever. Idc"
Sent,"2025-12-13 22:28:52","i explained to him that it’s only because he doesn’t wear them"
Received,"2025-12-13 22:28:55","I am open about it "
Sent,"2025-12-13 22:29:26","omg do not even"
Received,"2025-12-13 22:29:39",lol
Sent,"2025-12-13 22:29:42","after 10 years of being the worlds most talkative, open scene clearer"
Sent,"2025-12-13 22:30:03","start getting shy about your bowel habits with me"
Received,"2025-12-13 22:30:17","But I’m not??"
Received,"2025-12-13 22:30:26","Im not being shy"
Sent,"2025-12-13 22:30:34","i know but even the “idc i’m open about it” is more introspective than i’m used to with you"
Sent,"2025-12-13 22:30:41","usually it’s just"
Sent,"2025-12-13 22:30:52","“YEAH IT WAS REAL BAD”"
Received,"2025-12-13 22:31:07","🤗"
Received,"2025-12-13 22:31:37","🚧🚧"
Sent,"2025-12-13 22:33:32","i can’t dislike anything that has a nominal connection to the national treasure that is your ass 🥰"
Received,"2025-12-13 22:33:55","🙄🙄"
Received,"2025-12-13 22:40:36","￼All done "
Received,"2025-12-13 22:40:46","Ain’t no way I would risk going outside in the snow and ruining this hair "
Sent,"2025-12-13 22:43:22","🥵you are unbelievable"
Sent,"2025-12-13 22:43:32","your hair looks good and stuff"
Received,"2025-12-13 22:43:33","Thank you "
Sent,"2025-12-13 22:43:39","but you are"
Sent,"2025-12-13 22:44:03","the most beautiful"
Sent,"2025-12-13 22:44:17","not even close"
Sent,"2025-12-13 22:44:52","i love you eggs"
Received,"2025-12-13 22:45:42","I love you "
Received,"2025-12-13 23:24:33","This eggo is peepy "
Received,"2025-12-13 23:38:31","I love you and mimi goodnight "
Sent,"2025-12-13 23:41:27","Sorry I was shoveling"
Sent,"2025-12-14 05:29:36","i have weed for u and there’s foodstuff"
Sent,"2025-12-14 05:29:58","love u loser. text me when you get up"
Received,"2025-12-14 09:50:18","My throat is killing me omg "
Sent,"2025-12-14 10:42:48","lmao every day"
Sent,"2025-12-14 10:42:55","first message i get from the egg star"
Sent,"2025-12-14 10:43:16","“I AM. SOooooooO0ooOo0o0oOooo0o0ooO)o0oooO0oo SICK”"
Sent,"2025-12-14 10:43:39","come do some drugs with me"
Sent,"2025-12-14 10:52:10","eggie where u go"
Sent,"2025-12-14 10:53:27","milo wants to tell you about the crazy stuff going on there’s all this stuff outside and it’s real cold and he don’t like it"
Received,"2025-12-14 10:58:05","I can’t drive in this "
Received,"2025-12-14 10:58:30","And my parents have both cars at church "
Sent,"2025-12-14 11:48:30","ok i ttyl"
Received,"2025-12-14 13:16:21","Stop "
Received,"2025-12-14 13:16:31","They back home I’ll get
Up and get a car "
Received,"2025-12-14 13:29:41",Hello
Received,"2025-12-14 13:29:44","I was peeping "
Received,"2025-12-14 13:29:46","I’m sorry "
Sent,"2025-12-14 13:30:23","it ok"
Received,"2025-12-14 14:04:22","In my way "
Received,"2025-12-14 15:43:47","Sorry home "
Received,"2025-12-14 15:43:54","I was talking to my mom "
Sent,"2025-12-14 16:05:40","you forgot"
Sent,"2025-12-14 16:05:42","your box"
Received,"2025-12-14 16:05:57","OMFG "
Received,"2025-12-14 16:05:59","I did "
Sent,"2025-12-14 16:19:15","i gonna get us 20 later on"
Sent,"2025-12-14 16:19:24","would you come over if i can do dat"
Sent,"2025-12-14 16:19:43","i pick you up"
Sent,"2025-12-14 16:21:22","i love when you come and wake me up"
Sent,"2025-12-14 16:21:33","get woken up by the pwettiest girl in da world"
Received,"2025-12-14 16:25:09","I’ll see if I can get any money. "
Received,"2025-12-14 16:34:40","Have $20 cash."
Sent,"2025-12-14 16:36:51","ok b"
Received,"2025-12-14 17:46:05","How much later on you thinking"
Sent,"2025-12-14 17:50:30","want em to come pick you up in a little"
Received,"2025-12-14 17:50:43","I can drive my moms "
Received,"2025-12-14 17:50:48","The kids are here "
Sent,"2025-12-14 17:51:20",YOU
Sent,"2025-12-14 17:51:20",HATE
Sent,"2025-12-14 17:51:21",ROMANCE
Sent,"2025-12-14 17:51:36","the romance ruiner"
Sent,"2025-12-14 17:52:01","i come save you from the blizzard in the car"
Sent,"2025-12-14 17:52:11","bring your a moser roth chocolate bar"
Sent,"2025-12-14 17:53:02","ugh whatever just let me know when you’re coming"
Received,"2025-12-14 18:10:07",Lolololol
Sent,"2025-12-14 18:17:25","bad news"
Sent,"2025-12-14 18:17:36","she won’t have enough until later tonigh"
Sent,"2025-12-14 18:17:37","i can get us a line"
Sent,"2025-12-14 18:19:18","actually you can still bring the 20"
Sent,"2025-12-14 18:19:26","and i have an idea to make it work as 40"
Sent,"2025-12-14 18:19:29","i explain"
Received,"2025-12-14 18:24:05","Ok ok"
Received,"2025-12-14 18:24:08","Yes please "
Received,"2025-12-14 20:52:07","Be over at j a little "
Sent,"2025-12-14 20:52:40","you’re gonna have to leave right away lol"
Received,"2025-12-14 20:53:22",What
Sent,"2025-12-14 21:05:19","nothing lol come snug plz"
Sent,"2025-12-14 21:07:51","where are you?"
Sent,"2025-12-14 21:08:54",?
Sent,"2025-12-14 21:12:55","…uh okay"
Sent,"2025-12-14 21:16:40",wtf
Received,"2025-12-14 21:18:12","Be there shortly "
Sent,"2025-12-14 21:18:35","where were you"
Sent,"2025-12-14 21:19:57","alright if you’re gonna be sketchy you don’t need to come"
Sent,"2025-12-14 21:22:51",right
Received,"2025-12-14 21:24:14","Really "
Sent,"2025-12-14 21:25:30","i asked where you’ve been"
Sent,"2025-12-14 21:28:24","would you rather just go straight home"
Sent,"2025-12-14 21:28:24","it’s 930"
Sent,"2025-12-14 21:28:33","you obviously had better things to do"
Received,"2025-12-14 21:29:08","What hahaha"
Received,"2025-12-14 21:29:14","I am leaving in five minutes "
Received,"2025-12-14 21:29:17","Calm yourself "
Received,"2025-12-14 21:29:19","Please "
Received,"2025-12-14 21:43:27",Leaving
Received,"2025-12-14 21:44:05","Jeeze "
Received,"2025-12-14 21:44:12","are you calm "
Sent,"2025-12-14 21:44:28",yea
Received,"2025-12-14 21:44:37","Good see you soon "
Received,"2025-12-14 23:39:25","Made it home "
Sent,"2025-12-14 23:39:47","okay thank you for letting me know."
Sent,"2025-12-14 23:39:52","garbage is done"
Received,"2025-12-14 23:43:12","Good "
Sent,"2025-12-14 23:43:14","i love you so much eggie. i’m sorry i keep saying it and stuff but you’ve made me feel so much better recently"
Received,"2025-12-14 23:43:15","Good work "
Received,"2025-12-14 23:43:23","I am glad "
Received,"2025-12-14 23:43:25","I can tell "
Sent,"2025-12-14 23:43:56","you’re just the best"
Sent,"2025-12-14 23:44:00","you’re also the worst"
Sent,"2025-12-14 23:44:03","but you’re def the best"
Sent,"2025-12-14 23:44:13","and i wouldn’t want you any other way"
Received,"2025-12-14 23:46:16","Emphasized “you’re also the worst”"
Received,"2025-12-14 23:46:19",Hahahahha
Received,"2025-12-14 23:46:29","👹😈"
Received,"2025-12-14 23:46:35","That is Eggie "
Received,"2025-12-14 23:46:45","In emogi form "
Received,"2025-12-14 23:47:07","I cannot believe it’s this late "
Received,"2025-12-14 23:47:13","And that my dad had to text me "
Sent,"2025-12-14 23:47:59","🧚🏻‍♀️ < that is eggie."
Sent,"2025-12-14 23:48:02","smol bean magic pixie dream girl"
Received,"2025-12-14 23:48:10","Bye "
Received,"2025-12-14 23:48:18","You think you are a Gen Z "
Received,"2025-12-14 23:48:22","Talking like that "
Received,"2025-12-14 23:48:25","Trash "
Received,"2025-12-14 23:48:32","You are grown "
Received,"2025-12-14 23:48:35","Act your age "
Sent,"2025-12-14 23:49:11","six seven"
Sent,"2025-12-14 23:51:30","do you actually feel that way? like i don’t understand why it wouldn’t be a good thing to know the current slang or be aware of youth culture"
Received,"2025-12-14 23:52:55","🙄"
Received,"2025-12-14 23:53:04","You. Are. Too. Old. "
Received,"2025-12-14 23:53:15","I even fell too old saying some stupid things kids say"
Received,"2025-12-14 23:53:27","And the key word there is KIDS "
Received,"2025-12-14 23:53:32","we are GROWN"
Received,"2025-12-14 23:54:44","￼"
Sent,"2025-12-14 23:58:42","Do you think"
Sent,"2025-12-14 23:58:58","You’re funny or something"
Sent,"2025-12-15 00:00:05","I sorry I won’t say anymore zoomer words"
Received,"2025-12-15 00:01:55",Haha
Sent,"2025-12-15 00:04:44","please do not get me anything for christmas"
Sent,"2025-12-15 00:04:55","i wanted to get you something special this year because it’s been such a fucked up year"
Sent,"2025-12-15 00:07:12","but i am serious that the only thing i want is to feel like you still love me and i do feel that way now so i don’t need anything"
Received,"2025-12-15 00:08:15","I feel bad "
Received,"2025-12-15 00:08:23","I want to get you something "
Received,"2025-12-15 00:08:38","Bc you know like gift giving and acts of service are my thing "
Received,"2025-12-15 00:08:40","Like "
Sent,"2025-12-15 00:10:55","i know i know but i just want you to understand that there’s nothing you could ever give me that would mean anything compared to how happy you make me feel just being in my life"
Received,"2025-12-15 00:12:13","￼I just toughed out putting on clean sheets I’m gonna sleep so good "
Sent,"2025-12-15 00:12:30","woooooooooow looks like a hotel room"
Sent,"2025-12-15 00:12:36","very nice job eggo"
Received,"2025-12-15 00:14:33","I know "
Received,"2025-12-15 00:14:54","I moved up here solely because it was a perfect napping spot "
Received,"2025-12-15 00:15:15","I love having a clean spotless room "
Received,"2025-12-15 00:15:30","Couldn’t have that bc of SOMEONE "
Received,"2025-12-15 00:15:38","But that isn’t the point "
Received,"2025-12-15 00:16:15","Pkdgomdg "
Received,"2025-12-15 00:16:17","OMFG "
Received,"2025-12-15 00:16:38","Omg omg "
Received,"2025-12-15 00:17:04","￼"
Received,"2025-12-15 00:17:04","Please look "
Received,"2025-12-15 00:17:05","NOW "
Received,"2025-12-15 00:17:05","IM GONNA CRY "
Sent,"2025-12-15 00:17:24","…😔."
Sent,"2025-12-15 00:17:39","you lost another one??"
Received,"2025-12-15 00:17:47","Kill me now "
Received,"2025-12-15 00:17:52","LOOK FOR IT "
Sent,"2025-12-15 00:17:54","let me look"
Received,"2025-12-15 00:18:44","￼"
Received,"2025-12-15 00:20:03","Why me "
Received,"2025-12-15 00:23:46","I mean this pair is a cheap pair "
Received,"2025-12-15 00:24:13","But I was going to wear them until my mom gives me a set silver hoop pair to replace my nice pair I lost "
Received,"2025-12-15 00:24:22","Omg I can’t believe myself "
Sent,"2025-12-15 00:25:10","If I find it"
Received,"2025-12-15 00:25:29","Why does this happen to me "
Sent,"2025-12-15 00:25:37","will you love me forever"
Received,"2025-12-15 00:28:02","Obviously "
Sent,"2025-12-15 00:28:25","Pinky promise?"
Received,"2025-12-15 00:28:43","Yes "
Sent,"2025-12-15 00:28:49","Okay I have it"
Received,"2025-12-15 00:28:54","No way"
Sent,"2025-12-15 00:29:21","Yes huh"
Received,"2025-12-15 00:29:58","Show me "
Sent,"2025-12-15 00:29:58","But you’re stuck now"
Sent,"2025-12-15 00:30:08","If you ever try to leave I will sue you"
Received,"2025-12-15 00:30:14","Oh ok"
Received,"2025-12-15 00:32:17","Show me"
Received,"2025-12-15 00:32:21","Now "
Sent,"2025-12-15 00:32:25","￼"
Received,"2025-12-15 00:32:43","No way "
Received,"2025-12-15 00:32:57","That ain’t it"
Received,"2025-12-15 00:33:06","Show me better "
Received,"2025-12-15 00:34:19","Okay yes "
Sent,"2025-12-15 00:34:24","￼"
Received,"2025-12-15 00:34:27","Minus the fuzz "
Received,"2025-12-15 00:34:32","Your picked off"
Sent,"2025-12-15 00:34:33","IT WAS SNOW"
Sent,"2025-12-15 00:34:37","Not fuzz"
Received,"2025-12-15 00:34:43",SNOW
Sent,"2025-12-15 00:34:45",Weirdo
Received,"2025-12-15 00:34:45","WHERE WAS IT "
Sent,"2025-12-15 00:34:55","in the snow obviously"
Received,"2025-12-15 00:35:03",Outside!
Received,"2025-12-15 00:35:07","How did you find it "
Received,"2025-12-15 00:35:09","Omg "
Received,"2025-12-15 00:35:11","Wow "
Received,"2025-12-15 00:35:15","I am stunned "
Sent,"2025-12-15 00:35:44","i looked real hard because I knew it would make eggie happy"
Received,"2025-12-15 00:35:52","🥹🥹"
Sent,"2025-12-15 00:35:55","And I saw a little hole in the snow "
Received,"2025-12-15 00:35:55","Thank you "
Received,"2025-12-15 00:35:59","Kind sir "
Received,"2025-12-15 00:36:07","I can’t believe it"
Sent,"2025-12-15 00:36:21",why?
Received,"2025-12-15 00:36:23","Thank you "
Received,"2025-12-15 00:36:29","For finding it "
Received,"2025-12-15 00:36:33","And looking for it "
Sent,"2025-12-15 00:36:38","No why cant you believe it? "
Received,"2025-12-15 00:36:39","Even tho they are cheap "
Received,"2025-12-15 00:36:52","I just didn’t think it would be found "
Received,"2025-12-15 00:36:56","Thank you"
Received,"2025-12-15 00:37:05","Still gotta change. "
Sent,"2025-12-15 00:37:07","And of course b "
Received,"2025-12-15 00:37:08","Wash my face "
Received,"2025-12-15 00:37:15","Brush my teeth "
Received,"2025-12-15 00:37:17","I’m tired "
Sent,"2025-12-15 00:37:35","i let you go do your stuff then. Text me before you pass out"
Sent,"2025-12-15 00:37:38",Please
Received,"2025-12-15 00:37:44","I try my best "
Received,"2025-12-15 00:37:51","Bc you found da earring"
Sent,"2025-12-15 00:38:19","I love you loser"
Received,"2025-12-15 00:38:20","I can’t believe it "
Received,"2025-12-15 00:38:22","Thank you "
Received,"2025-12-15 00:38:28","What a relief "
Received,"2025-12-15 00:38:35","I was stressing "
Sent,"2025-12-15 00:38:36","I am glad I could help for once"
Received,"2025-12-15 00:38:40","Love you "
Received,"2025-12-15 00:38:51","I may get distracted but I’ll text you "
Received,"2025-12-15 00:38:57","Always get distracted "
Sent,"2025-12-15 00:39:20","if you forget it’s okay I won’t give you a hard time"
Sent,"2025-12-15 00:39:24","But try to"
Received,"2025-12-15 00:39:37","I will love you turd "
Sent,"2025-12-15 00:44:42","Btw you would still be waiting "
Sent,"2025-12-15 00:44:45","Bop still here"
Received,"2025-12-15 00:49:58","Duh "
Received,"2025-12-15 00:50:06","That’s why I texted your mom lol "
Received,"2025-12-15 00:50:24","She hasn’t read my text about grams jacket lol "
Received,"2025-12-15 00:53:17","Face clean. Teeth brushed. Jammie’s secured. "
Received,"2025-12-15 00:53:21","Clean sheets "
Received,"2025-12-15 00:53:32","This eggo is ready for bed"
Sent,"2025-12-15 00:58:08","Wow that took all of 5 seconds to do lol"
Sent,"2025-12-15 00:58:29","You don’t need it but go get your beauty rest"
Received,"2025-12-15 00:58:33","Is that sarcasm "
Sent,"2025-12-15 00:58:40","No it was real fast lo"
Received,"2025-12-15 00:58:53","Did you mean lo or lol"
Sent,"2025-12-15 00:59:05","i meant lol but they both technically work"
Received,"2025-12-15 00:59:10","Bc lo used to be my nickname "
Sent,"2025-12-15 00:59:11","I’ve never called you that lol"
Received,"2025-12-15 00:59:17","I know"
Sent,"2025-12-15 00:59:18","i know that lo_xoxo"
Received,"2025-12-15 00:59:20","That’s why I asked "
Received,"2025-12-15 00:59:24","Shut the fuck yo"
Received,"2025-12-15 00:59:27",Up
Received,"2025-12-15 00:59:29","Now "
Received,"2025-12-15 00:59:32","Goodbye "
Received,"2025-12-15 00:59:41","Good riddance "
Sent,"2025-12-15 00:59:42","????? I didn’t have anything to do with that?"
Received,"2025-12-15 00:59:46","I know "
Received,"2025-12-15 00:59:57","But before that ever even existed "
Received,"2025-12-15 01:00:03","It was my nickname "
Sent,"2025-12-15 01:00:37","See this what I mean - you gotta be okay with me knowing the stuff you like and the stuff you don’t like about you"
Received,"2025-12-15 01:00:55","I never said I liked or didn’t like "
Sent,"2025-12-15 01:01:10","Why did you just tell me to shut the fuck up now good bye good riddance lol"
Received,"2025-12-15 01:01:39","I dont know man"
Received,"2025-12-15 01:01:45","It caught me off guard "
Received,"2025-12-15 01:01:47","It doesn’t matter "
Received,"2025-12-15 01:01:52","I’m tired. "
Received,"2025-12-15 01:01:57","Cannot believe I threw up "
Received,"2025-12-15 01:02:01","For no reason at all"
Sent,"2025-12-15 01:02:13","It wasn’t much"
Received,"2025-12-15 01:02:13","I literally just overflowed "
Sent,"2025-12-15 01:03:03","It’s okay I don’t say anything about it"
Sent,"2025-12-15 01:03:21","you fine"
Received,"2025-12-15 01:04:09","Like "
Received,"2025-12-15 01:04:14","Claire and I just overflow "
Received,"2025-12-15 01:04:25","I have a pic somewhere of her lol
"
Received,"2025-12-15 01:04:27","In my car "
Received,"2025-12-15 01:04:30","Overflowing "
Received,"2025-12-15 01:04:40","In a plastic bag after target "
Sent,"2025-12-15 01:05:02","Poor eggie "
Sent,"2025-12-15 01:05:07","She has problems on both ends"
Sent,"2025-12-15 01:05:46","you’re a lil crazy"
Received,"2025-12-15 01:05:53","Wait hahaha"
Received,"2025-12-15 01:05:59","I found a funny vine "
Received,"2025-12-15 01:06:05","While looking for the pc "
Received,"2025-12-15 01:06:07",Pic
Received,"2025-12-15 01:06:14","Actually two vines "
Received,"2025-12-15 01:06:30","￼￼"
Sent,"2025-12-15 01:07:27","￼"
Received,"2025-12-15 01:07:34",Ahah
Sent,"2025-12-15 01:08:05","I thought someone was going to overflow"
Sent,"2025-12-15 01:08:19","False advertising"
Received,"2025-12-15 01:09:40","￼"
Received,"2025-12-15 01:09:43","There she is "
Received,"2025-12-15 01:09:49","Zip lock bag "
Received,"2025-12-15 01:09:56","We just overflow "
Received,"2025-12-15 01:10:31","Okay I am tired "
Sent,"2025-12-15 01:10:35","Yeaaahhhhht there we go"
Received,"2025-12-15 01:10:47","Thanks for finding my earring"
Sent,"2025-12-15 01:11:03","Thanks for finding……my…heart."
Sent,"2025-12-15 01:11:10","I don’t know lol"
Sent,"2025-12-15 01:11:17","I love you so much"
Sent,"2025-12-15 01:11:20","Go to bed."
Received,"2025-12-15 01:11:45","￼Baby Betty with my old favorite beanie babies "
Sent,"2025-12-15 01:12:39","aw we miss her"
Received,"2025-12-15 01:12:44","￼"
Sent,"2025-12-15 01:13:07","my two favorite girls"
Received,"2025-12-15 01:13:31","￼"
Sent,"2025-12-15 01:13:48","your face in that picture of you sleeping"
Sent,"2025-12-15 01:14:02","do you even understand how unnaturally pretty you are"
Received,"2025-12-15 01:14:23","￼First time I ever left her for a few days "
Received,"2025-12-15 01:14:47","She was so depressed "
Sent,"2025-12-15 01:14:55","Loved “First time I ever left her for a few days ”"
Received,"2025-12-15 01:15:01","My wittle girl "
Received,"2025-12-15 01:15:45","￼Betty head first full force into an ugg"
Sent,"2025-12-15 01:15:55","hahaha wtf"
Sent,"2025-12-15 01:15:59","i never saw that one"
Received,"2025-12-15 01:17:13","￼￼￼￼￼￼￼"
Received,"2025-12-15 01:17:21","Such a small girl"
Received,"2025-12-15 01:18:28","Miss her so much I still catch myself trying to not make loud noises bc I know it would set her off "
Received,"2025-12-15 01:18:47","Okay bed time "
Received,"2025-12-15 01:19:33","Goodnight I love you thanks for the earring rescue "
Sent,"2025-12-15 01:20:37","￼"
Sent,"2025-12-15 01:20:38","are you happy?"
Sent,"2025-12-15 01:20:38","not about the earring…but just….generally"
Received,"2025-12-15 01:20:47","Uh yeah?"
Received,"2025-12-15 01:20:56","Don’t ask generous questions like that before bed "
Received,"2025-12-15 01:21:17","Already depressed looking at pics of Betty "
Received,"2025-12-15 01:21:27",Serious***
Received,"2025-12-15 01:21:36","Not generous wtf "
Received,"2025-12-15 01:21:55","It’s way past bedtime "
Received,"2025-12-15 01:22:01","This is not good"
Received,"2025-12-15 01:22:06","Goodnight I love you "
Sent,"2025-12-15 01:34:08",sorry
Sent,"2025-12-15 01:39:27","it’s just important to me that you are happy we are together. this didn’t have to be what happened and i just want to know that this was what you wanted also"
Sent,"2025-12-15 01:43:34","i guess i shouldn’t have put you on the spot. i’m sorry and i won’t treat that as you saying that you’re happy."
Sent,"2025-12-15 01:43:35","i love you. sorry. goodnight"
Sent,"2025-12-15 02:38:49","she didn’t have anything left for me. hopefully i’ll be able to get something from him when you get your check tomorrow"
Sent,"2025-12-15 02:39:01","i have a half blunt i save for you"
Sent,"2025-12-15 02:41:40","￼"
Received,"2025-12-15 09:47:38","Uh I doubt I will be getting a check today Dan."
Received,"2025-12-15 09:57:26","One bc I haven’t been over there enough hours to even write a check. And two my mom has to write them "
Sent,"2025-12-15 10:43:50","….so i’ve given up getting anything for myself for the last week for, what?"
Sent,"2025-12-15 10:43:52",whatever
Received,"2025-12-15 10:46:22","What the hell dan"
Received,"2025-12-15 10:46:32","God I’ll try to get some money "
Sent,"2025-12-15 12:03:20","you know for someone who made such a scene about needing drugs last night i would think you would be more sympathetic about how little i’ve gotten recently because of your thing"
Received,"2025-12-15 12:26:04","I’m waiting for my mom to send me something "
Received,"2025-12-15 12:55:08","I’ll be over soon. May use some reward points and get McDonald’s for us "
Sent,"2025-12-15 13:01:52","do you know the number"
Sent,"2025-12-15 13:01:56","so i cn put the order in"
Sent,"2025-12-15 13:03:34","if my mom send you money can you stop and get a pack of cigarettes on the way here"
Received,"2025-12-15 13:04:41",Yes
Received,"2025-12-15 13:04:54","$55 but in having trouble at atm"
Received,"2025-12-15 13:04:57","Hold on "
Received,"2025-12-15 13:05:55","What kind "
Sent,"2025-12-15 13:06:10","crown gold 100"
Received,"2025-12-15 13:08:25","Ok got the cash had to walk in "
Received,"2025-12-15 13:18:50","On my way "
Sent,"2025-12-15 16:30:23","today i am going to overhaul clean the basement and then i have a system to keep it clean and verify it"
Sent,"2025-12-15 16:30:57","you made a comment last night and i just want to show you that even though i might not be good at doing stuff naturally or by myself…"
Sent,"2025-12-15 16:31:26","…that there’s nothing i can’t or won’t do to make you happy and i want to show you that i CAN do things differently"
Sent,"2025-12-15 16:33:15","i want you to see that things don’t have to be the same and that there’s nothing i wouldn’t do for you"
Received,"2025-12-15 16:33:25","I home sorry "
Received,"2025-12-15 16:33:27","Kids here "
Sent,"2025-12-15 16:34:00","okay eggs"
Sent,"2025-12-15 16:34:01",thanks
Received,"2025-12-15 17:17:38","￼"
Sent,"2025-12-15 17:22:59",wooooowcool
Sent,"2025-12-15 17:27:05","still only my 3rd favorite picture or video message from you this week"
Received,"2025-12-15 17:31:51","😒🙄"
Sent,"2025-12-15 17:33:03","why you not like that i like you"
Sent,"2025-12-15 17:34:19","like that should be a good thing"
Sent,"2025-12-15 17:36:56","esp because i’ve never been like that with anybody else in my past…it’s just you that makes me like this. you are legitimately perfect in my eyes, honestly i mean that."
Sent,"2025-12-15 17:46:24","ehhh whatever i guess you don’t want me to like you so much anymore"
Received,"2025-12-15 17:52:11","We were eating dinner "
Sent,"2025-12-15 18:01:14","i’m saving my z in case i can use that to bribe you to come see me"
Received,"2025-12-15 18:26:45","I dont know if i can tonight i sorry"
Received,"2025-12-15 18:27:00","My mom has me running the sweeper and cleaning "
Sent,"2025-12-15 18:29:19","oh okay"
Received,"2025-12-15 18:49:14","Sorry I was in the basement wrapping g gifts with my mom "
Received,"2025-12-15 19:04:18","Now you’re mad at me "
Sent,"2025-12-15 19:04:28","no i’m not b"
Sent,"2025-12-15 19:04:35","i promise. listen you’ve been trying really hard"
Received,"2025-12-15 19:04:49","🥺☹️"
Sent,"2025-12-15 19:05:49","i want you to know that at the very least you trying hard will make things easier for you and save you from having to hear me get upset all the time"
Sent,"2025-12-15 19:06:25","i mean it does so many more things than that but, if nothing else you will have less of a headache lol"
Received,"2025-12-15 19:06:58","I love you "
Sent,"2025-12-15 19:08:35","i love you so much and i promise you things can be better."
Sent,"2025-12-15 19:52:36","whatcha doin"
Received,"2025-12-15 19:55:53","Laundry and cleaning "
Received,"2025-12-15 20:56:04","What are you and the baby doing "
Sent,"2025-12-15 21:15:33","yelling at milo"
Received,"2025-12-15 21:19:07","Um why "
Received,"2025-12-15 21:19:20","We do not yell at him "
Received,"2025-12-15 21:44:21","All that cleaning and wrapping presents wore me out "
Sent,"2025-12-15 22:11:59","wishing i"
Sent,"2025-12-15 22:12:11","sorry i had that typed before idk why lol"
Sent,"2025-12-15 22:12:12","but you were doing it for like"
Sent,"2025-12-15 22:12:13","6 hours"
Sent,"2025-12-15 22:12:13","omg yesss"
Sent,"2025-12-15 22:12:13","i lost that roach earlier"
Received,"2025-12-15 22:12:59","Listen I had to bc I asked my mom for that money earlier "
Received,"2025-12-15 22:13:06","And she was not happy with me "
Received,"2025-12-15 22:13:30","How did you lose it lol I was half asleep lol i hit it once "
Received,"2025-12-15 22:14:22","If you were able to find my earring last night, then I am sure you will find the roach lol"
Sent,"2025-12-15 22:16:58","i found it"
Sent,"2025-12-15 22:17:20","which is why i said yessss"
Sent,"2025-12-15 22:17:20","BUT i celebrated too early"
Sent,"2025-12-15 22:17:59","i left it sitting on the chess pieces and i guess it wasn’t fully out"
Sent,"2025-12-15 22:18:03","and the plastic melted into it"
Received,"2025-12-15 22:19:23","😳"
Received,"2025-12-15 22:19:27",See
Received,"2025-12-15 22:19:33","Careless "
Received,"2025-12-15 22:19:52","Could have started a damn fire "
Sent,"2025-12-15 22:21:07","😞 i’m trying to do better"
Sent,"2025-12-15 22:21:44","and i did think it was fully out. i was wrong and it was a bad place to put it tho"
Received,"2025-12-15 22:24:11","You are and have been making small but big changes daniel. You know I notice the small things in everything and it doesn’t go unnoticed "
Received,"2025-12-15 22:24:13","Proud of you "
Sent,"2025-12-15 22:31:38","i just want you to be happy. i’m sorry that i just have a weird tendency to not care about some pretty fundamental and important things but you’re the one thing that i would truly do anything for"
Sent,"2025-12-15 22:33:09","not to mention i can’t think of a single one of these things that wouldn’t make my life better and easier anyways but…i do know that i suck and am not normal and i am sorry to make you deal with that"
Received,"2025-12-15 22:35:10","You don’t suck… as for normal.., eh yeah you aren’t lol ahhaha I’m just kidding "
Received,"2025-12-15 22:36:56","Every little thing that I have ever “nagged” or tried to make just little things “habits” were mostly just things that I felt would make easier i dont know how to explain. "
Received,"2025-12-15 22:37:10","I know I have a lot of weird stuff and routines that I do "
Received,"2025-12-15 22:38:02","And im sure a lot of my habits are dtuoid "
Received,"2025-12-15 22:38:03","Stupid "
Sent,"2025-12-15 22:40:13","first of all - normal sounds fucking awful and i can’t imagine you got into this looking for someone ‘normal’ so don’t worry about that"
Received,"2025-12-15 22:40:53","That wasn’t the point lol"
Received,"2025-12-15 22:40:55","Shut up "
Sent,"2025-12-15 22:42:44","but i want to make you happy and i can see things as important because they matter to you, even if i don’t naturally think about them"
Sent,"2025-12-15 22:43:42","it’s so important that you are ACTUALLY happy and TRULY feel like this is what you want because otherwise it’s going to eventually break"
Sent,"2025-12-15 22:44:33","so i know how important it is for me to make the same kind of effort i’m asking you to make"
Received,"2025-12-15 22:44:35","I understand "
Received,"2025-12-15 22:44:57","And it is noticed and I am appreciative of that "
Sent,"2025-12-15 22:46:10","plus you have no idea the amount of sadness i felt thinking that i was going to have to figure out how to be me without you"
Sent,"2025-12-15 22:47:28","and i would do literally anything to not experience that again. you make me so happy and you’re the only person i feel completely okay being myself with"
Sent,"2025-12-15 22:47:37","are you ready for bed?"
Received,"2025-12-15 22:49:55","Well you know I can only be my authentic self with you too"
Received,"2025-12-15 22:50:10","And yes. I am ready for bed. I am sleepy. I have a headache coming on. "
Received,"2025-12-15 22:50:20","I took some excedrin "
Received,"2025-12-15 22:50:49","I still gotta bring you some. I can’t believe I forgot to when you had a headache "
Received,"2025-12-15 22:51:11","I’ll bring some tomorrow to have incase of emergency lol I’ll put them in my purse now"
Sent,"2025-12-15 22:52:00","yeah what happened ms. acts of service 😛"
Received,"2025-12-15 22:53:16","Shut up 🙄"
Sent,"2025-12-15 22:54:14","i love you"
Received,"2025-12-15 22:54:29","It’s in my purse now. I put half of what I have in my room in a bottle. And I’ll get some more tomorrow from the medicine cabinet"
Sent,"2025-12-15 22:55:00","also girl u fine as hell"
Sent,"2025-12-15 22:55:08","yaim sayin"
Received,"2025-12-15 22:55:14","May not be the same headache medicine but it’ll be fine lol"
Received,"2025-12-15 22:55:33","😶🫢"
Received,"2025-12-15 22:55:37","Thank you "
Sent,"2025-12-15 22:58:08","you’re supposed to say “thank you PAPI”"
Received,"2025-12-15 22:58:21","🥴"
Received,"2025-12-15 23:00:57","On that note, I’m going to bed lol "
Sent,"2025-12-15 23:04:02","okaaaay lol"
Received,"2025-12-15 23:04:59","I love you and I love stinky baby boy"
Received,"2025-12-15 23:05:55","Maybe give him a spa night lol. And wash all the dang pillow cases and blankets and vacuum the chair 😂"
Received,"2025-12-15 23:05:59","Is that too much lol"
Sent,"2025-12-15 23:06:20","of course not 😊"
Received,"2025-12-15 23:06:32","lol THANK YOU "
Sent,"2025-12-15 23:06:38","i love you. goooodnight"
Received,"2025-12-15 23:06:43","I love you "
Received,"2025-12-15 23:06:53","Goodnight stinky boys "
Sent,"2025-12-16 05:16:11","me and mi just got up for some 5am ramen"
Sent,"2025-12-16 05:17:27","he wanted me to text you about it. he thought it made him so cool"
Sent,"2025-12-16 05:34:06","eggie i really do love you so much and i am so thankful that i still have you in my life"
Sent,"2025-12-16 05:35:38","i really do mean it when i tell you that i think you’re the prettiest girl i’ve ever seen. you haven idea how lucky i feel"
Sent,"2025-12-16 08:43:11","goooood morning! i’m up and putting blankets and pillow covers in the warsh"
Received,"2025-12-16 09:16:27","Amen "
Sent,"2025-12-16 10:47:00","what are we doing today"
Received,"2025-12-16 11:32:05","Sleepy "
Received,"2025-12-16 11:32:23","I’ll get up and dressed in a few minutes "
Sent,"2025-12-16 11:56:30","do you plan on getting anything today"
Received,"2025-12-16 12:31:48","I dont know how "
Received,"2025-12-16 12:32:18","Unless I can buy your mom more wine or something "
Received,"2025-12-16 12:53:37",??
Sent,"2025-12-16 13:27:45","i talked to her. just ask her what she wants or whatever and then go grab it fast"
Sent,"2025-12-16 13:27:48","so we can hangz"
Received,"2025-12-16 13:29:28","Did you take her lighter "
Received,"2025-12-16 13:29:37","Ok do you want anything "
Sent,"2025-12-16 13:31:50",sure
Sent,"2025-12-16 13:32:00","1. you (Eggie)"
Sent,"2025-12-16 13:32:07","2. whatever you want to get"
Sent,"2025-12-16 13:32:17","also i sorry if i was crabby when you got here"
Sent,"2025-12-16 13:32:22","i just woked up"
Sent,"2025-12-16 13:37:38","if they have utz salt and vinny’s get us some of those too"
Received,"2025-12-16 13:39:12",Ok
Received,"2025-12-16 13:39:27","I make it like a frozen Chinese bowl or something"
Received,"2025-12-16 13:39:35","May get "
Sent,"2025-12-16 13:39:53","okay as long as you come hang out with me you can bring annnnnyyyy food you like"
Sent,"2025-12-16 13:39:56","😊"
Received,"2025-12-16 14:05:59","I got stuff for EVERYONE "
Received,"2025-12-16 14:06:17","Including MILO"
Received,"2025-12-16 14:06:47","On my way "
Sent,"2025-12-16 16:54:25","i literally do not know where to go to look for a job here"
Sent,"2025-12-16 16:55:38","if you hear something please let me know"
Sent,"2025-12-16 16:55:58","honestly i was hoping john would hire me, and every time i had the opportunity to go work for him i said yes and was ready and he would just never follow through"
Received,"2025-12-16 16:56:06",Hmmmm
Sent,"2025-12-16 16:56:29","i’m much better with that kind of informal work but honestly right now i would take anything as a temporary thing"
Sent,"2025-12-16 16:59:39","and i don’t like outsourcing responsibility but i really was so fucking bummed out with not having any idea what you were doing or going to do that every day felt like fog. i’ve never been like that in my entire life, it felt terrible and scared the shit out of me"
Sent,"2025-12-16 17:00:49","my point is - not only am i not averse to working…i’ve wanted but felt unable to for a while and ultimately that’s my problem and responsibility"
Sent,"2025-12-16 17:56:52","where are you"
Received,"2025-12-16 18:04:32","Home. Going back tonsugies "
Sent,"2025-12-16 18:05:11","okay b thank you"
Sent,"2025-12-16 18:05:18","love you"
Received,"2025-12-16 18:05:46","Love you turd how is wittle lamby "
Sent,"2025-12-16 18:06:06","well he keeps getting scared by it and i have no idea how but"
Sent,"2025-12-16 18:06:15","he loves it"
Received,"2025-12-16 18:07:41",Gagaga
Sent,"2025-12-16 20:22:21","😟"
Sent,"2025-12-16 21:03:15","C’MERE PLZ"
Received,"2025-12-16 22:07:33","Home "
Sent,"2025-12-16 22:22:33","okay b  thank you"
Sent,"2025-12-16 22:23:04","what else should i clean or do next"
Received,"2025-12-16 22:23:44","I dont know lol"
Received,"2025-12-16 22:23:48","The toilet "
Received,"2025-12-16 22:23:55","With a damn toilet brush "
Sent,"2025-12-16 22:24:18","okay i do that but that only takes a minute. i meant like a bigger thing"
Received,"2025-12-16 22:24:41","I dont know "
Received,"2025-12-16 22:24:45","The shower "
Received,"2025-12-16 22:24:50","The sink. The mirror "
Sent,"2025-12-16 22:25:09","i do the sink and mirror but the whole point was stuff YOU use or whatever"
Sent,"2025-12-16 22:25:19","fooooorget it i know what to do i’m a cleaning expert basically"
Sent,"2025-12-16 22:26:17","also i’ve got $10 to add next time you decide you want to get something"
Received,"2025-12-16 22:27:19","Uhhhhh I use the bathroom "
Received,"2025-12-16 22:27:24","And hate how it’s icky "
Sent,"2025-12-16 22:27:49","okay i clean it and keep it clean. promise."
Received,"2025-12-16 22:27:52","Get hand soap for the sink. And like. Bag for trash "
Sent,"2025-12-16 22:28:03","copy that"
Received,"2025-12-16 22:28:04","That’d be nice "
Received,"2025-12-16 22:28:17","Get Milo rubber gloves "
Sent,"2025-12-16 22:28:19","i will, just give me a chance."
Sent,"2025-12-16 22:28:31","i clean it tonight"
Received,"2025-12-16 22:28:32","I am?? "
Received,"2025-12-16 22:28:35","Thank you "
Sent,"2025-12-16 22:28:53","i know! sorry i didn’t mean to make it sound like you weren’t"
Received,"2025-12-16 22:29:04","I didn’t think you were "
Sent,"2025-12-16 22:38:55","i just really want to make an effort to show you that i care and want to do things differently and also that i’m not going to drop the ball"
Sent,"2025-12-16 22:39:20","i don’t mean to be snazzy about it"
Sent,"2025-12-16 22:39:24",SPAZZY
Received,"2025-12-16 22:41:08","Snazzy "
Received,"2025-12-16 22:41:51","*milo doing jazz hands in a sparkly jazz dance costume*"
Sent,"2025-12-16 22:42:19","would you shuuuuuutt uppppp"
Sent,"2025-12-16 22:42:54","i don’t know what i’d do without you and your goofy ass"
Received,"2025-12-16 22:46:10","Lord only knows "
Sent,"2025-12-16 22:54:08","🙄"
Sent,"2025-12-16 23:00:57","you getting ready for bed?"
Received,"2025-12-16 23:03:22",Yes
Sent,"2025-12-16 23:07:19","do you hate me"
Received,"2025-12-16 23:09:40","What the heck no"
Sent,"2025-12-16 23:17:12","k just checking"
Sent,"2025-12-16 23:17:44","i love you. i miss you. i’m gonna give you the cleanest bathroom with all the amenities you could ever want"
Sent,"2025-12-16 23:17:47","just you wait"
Received,"2025-12-16 23:18:47","lol wow extreme bathroom makeover "
Received,"2025-12-16 23:38:37","Goodnight I love you "
Sent,"2025-12-16 23:44:34","sorry i was cleaning"
Sent,"2025-12-16 23:45:00","goodnight loser. thanks again for surprising me and mi tonight - that made us both very happy"
Sent,"2025-12-17 09:10:56","gooodmorning sleepyhead. i got up a little bit ago and finished cleaning the bathroom and i think it’s almost eggie ready"
Sent,"2025-12-17 09:11:46","i cleaned everything - the walls, the mirror, the cabinets, the floors"
Sent,"2025-12-17 09:12:25","did the toilet with a brush. used a magic eraser on the floor and shower, put garbage bag and candle in"
Sent,"2025-12-17 09:16:20","i just wanna give you the most luxurious shit of your life"
Received,"2025-12-17 09:53:15",Wowwwwwww
Received,"2025-12-17 09:53:17","Fancy "
Sent,"2025-12-17 10:14:31","anything for you"
Received,"2025-12-17 10:31:34",Anything???!!!
Sent,"2025-12-17 10:32:29","literally ANYthing"
Sent,"2025-12-17 10:33:13","hey did you see when i told you that i had 10 to put in today"
Received,"2025-12-17 10:34:38",Yes
Received,"2025-12-17 10:34:43","I have $10"
Sent,"2025-12-17 10:35:17","oh never mind den"
Received,"2025-12-17 10:35:25","☹️☹️"
Received,"2025-12-17 10:37:22","Let me see what i can do…"
Received,"2025-12-17 10:42:23","Okay so with your ten, we have $60 total"
Received,"2025-12-17 10:45:24","I gotta get changed and hit the atm"
Sent,"2025-12-17 10:49:50","can i kiss you"
Received,"2025-12-17 10:53:03","😶 I don’t have lips sorry"
Sent,"2025-12-17 11:03:49",that
Sent,"2025-12-17 11:03:51","was very rude"
Sent,"2025-12-17 11:04:28","now i don’t want to see you"
Received,"2025-12-17 11:05:52","☹️😕"
Sent,"2025-12-17 11:09:30","i lose milo"
Received,"2025-12-17 11:16:12","I what"
Received,"2025-12-17 11:16:16","Why’s "
Received,"2025-12-17 11:16:18","Where is he "
Sent,"2025-12-17 11:21:57",lost
Received,"2025-12-17 11:22:32","￼"
Sent,"2025-12-17 11:28:41","dooooooor open"
Received,"2025-12-17 11:32:27","Tanks "
Received,"2025-12-17 11:32:36","Gotta stop at the damn shopnsave "
Received,"2025-12-17 11:32:47","Gotta get Will and V a gift card "
Received,"2025-12-17 11:32:59","For da Home Depot "
Sent,"2025-12-17 11:33:32","can you grab me energy drink while you’re there"
Received,"2025-12-17 11:33:44","I gyesssss"
Sent,"2025-12-17 11:34:30","are you so excited to see your clean clean bathroom"
Sent,"2025-12-17 11:34:45","(that is going to stay clean)"
Sent,"2025-12-17 11:34:51",((indefinitely))
Received,"2025-12-17 11:38:40","Your mom told me she was showing you how to properly clean it lol"
Received,"2025-12-17 11:38:45","Leaving store "
Received,"2025-12-17 14:17:37","No more miss nice eggie "
Received,"2025-12-17 14:17:44","She’s getting mad "
Sent,"2025-12-17 14:26:35","she texting him again"
Received,"2025-12-17 14:26:59",Jeeze
Received,"2025-12-17 14:36:14","I’m gonna scream "
Sent,"2025-12-17 14:46:16","okay meanie"
Received,"2025-12-17 14:46:52",What
Received,"2025-12-17 14:52:30","👹👹👹"
Sent,"2025-12-17 14:56:48","he coming soon just chill and wrap your presents mean girl"
Received,"2025-12-17 14:57:48","Nah I’m coming over now "
Received,"2025-12-17 14:58:59","￼"
Sent,"2025-12-17 17:11:07",hi
Sent,"2025-12-17 17:13:46","where are you"
Received,"2025-12-17 17:17:09","At home "
Received,"2025-12-17 17:17:18","About to eat dinner "
Sent,"2025-12-17 17:27:06","are you doing anythinglater"
Received,"2025-12-17 17:28:29","I was going to try to come back over "
Sent,"2025-12-17 17:29:24","😊"
Received,"2025-12-17 17:38:30","So how do you plan on getting what I didn’t get earlier "
Sent,"2025-12-17 17:39:06","annie do you think he’s going to give me a hard time getting 0.2g from him"
Received,"2025-12-17 17:39:14","I dont know "
Sent,"2025-12-17 17:39:26","like it was off by 3 lines, not like thousands of dollars"
Sent,"2025-12-17 17:39:59","but i don’t know whythis one time you’re super worried about it when i’ve never once not gotten what you’ve paid for"
Received,"2025-12-17 17:40:25","Dan I believe you ???"
Received,"2025-12-17 17:43:52","His was a wittle bummed out that’s all"
Sent,"2025-12-17 17:44:28",huh?
Received,"2025-12-17 17:44:43",Was*
Received,"2025-12-17 17:44:47","I was"
Received,"2025-12-17 17:44:49","Sorry "
Sent,"2025-12-17 17:51:54","i don’t know what else i can do other than try to make sure there’s something we can do tonight and then get the missing amount added to the next one"
Received,"2025-12-17 17:52:49","Okay. I’ll probably come over I. A little bit but I have to wash my hair tonight it’s disgusting and you know it takes me forever to do so I want to get an early start"
Sent,"2025-12-17 17:54:04","why are you mad at me about that when i’m trying to make it right like i always do when this happens"
Received,"2025-12-17 17:54:14","I’m
 Not mad at you!!!?!"
Received,"2025-12-17 17:54:21","Jeeze "
Sent,"2025-12-17 17:56:48","i’m stressing about every little thing trying to make sure i don’t give you a reason to be upset or disappointed with me so this is not what i wanted to happen"
Received,"2025-12-17 17:57:11","You didn’t do anything wrong "
Sent,"2025-12-17 18:07:48","i’m sorry i just am freaked out because i’ve been trying not to fuck even the smallest thing up because i don’t want to make you go back to not liking me and i don’t know what else to do"
Received,"2025-12-17 18:09:39","Stop that. "
Received,"2025-12-17 18:12:17","Leaving in a few minutes "
Received,"2025-12-17 18:16:06","Leaving "
Received,"2025-12-17 19:31:29","Made it "
Received,"2025-12-17 19:32:01","My mom beat me to the shower 😭"
Sent,"2025-12-17 19:51:15","sorry i was upstairs"
Sent,"2025-12-17 19:51:18","thanks for letting me know and"
Sent,"2025-12-17 19:51:18","sucks to suck"
Received,"2025-12-17 20:18:41","Clean hair. At last. "
Received,"2025-12-17 20:26:44","So like I am not trying to be like nagging or anything like that but I heard your mom say he may be coming back by tonight."
Sent,"2025-12-17 20:36:46","but i can’t ask him for that by itself…it really was not THAT far off that i would be able to do that"
Received,"2025-12-17 20:39:02","Alright sorry "
Sent,"2025-12-17 20:39:19","plus it usually works out WAY in our favor when this happens and it gets added to the next one. but i really can’t ask him to bring 0.2g or else i would i promise"
Sent,"2025-12-17 20:40:04","i tried to get enough from my mom that it would at least make up that difference until i was able to get you more from him idk i’m sorry"
Sent,"2025-12-17 20:40:45","my mom is just getting it for someone else but if i can take some or if she gives me some i will give it to you i promise okay"
Received,"2025-12-17 20:40:48","Dan it’s okay!!!!"
Received,"2025-12-17 20:41:06","Please understand I am not mad about anything !"
Sent,"2025-12-17 20:43:19","it’s not you or anything you’re doing i promise. i am just so worried that i’m going to do something that makes you mad or reminds you of things you already don’t like about me and i will ruin everything"
Sent,"2025-12-17 20:44:18","i know i’m being super freaked out paranoid about it. it’s not your fault at all and just want you to know i am only like that because i so badly do not want to lose you. i’msorry"
Received,"2025-12-17 20:46:16","Please try to not think that way. "
Received,"2025-12-17 20:46:29","I know it’s uncontrollable but just please "
Received,"2025-12-17 20:46:49","I am trying to be more open and communicate more "
Received,"2025-12-17 20:47:08","So things don’t turn sour in any way "
Sent,"2025-12-17 20:51:49","i know you are and i want to say again that you’re not doing anything wrong that is causing this, it’s 100% me and i know it’s stupid"
Sent,"2025-12-17 20:52:50","you’re doing such a better job with literally everything and it’s the biggest relief of my life"
Received,"2025-12-17 20:52:57","Well I’m reassuring you that you don’t have to worry so much about that "
Received,"2025-12-17 20:53:09","Or worry at all"
Sent,"2025-12-17 20:55:09","you have no idea how much that kind of stuff means. i love you eggie"
Received,"2025-12-17 20:55:48","I love you too "
Sent,"2025-12-17 21:03:19","you know that i haven’t lost any part of what you make me feel like"
Received,"2025-12-17 21:06:49","Loved “you know that i haven’t lost any part of what you make me feel like”"
Sent,"2025-12-17 21:13:14","you really are different to me. you’re the only one who i have ever truly loved and felt grateful just to have in my life"
Sent,"2025-12-17 21:13:20","okay i let you dry your hair"
Received,"2025-12-17 21:29:56","Sorry yes I am about to start drying now "
Received,"2025-12-17 21:30:02","I was downstairs talking to my dad "
Received,"2025-12-17 22:26:31","Have you seen the TikTok of the guy saying “I wish I had a bag of chips” to a chip delivery truck lol"
Sent,"2025-12-17 22:30:53","i don’t think so let me look"
Received,"2025-12-17 22:31:07","Or a vending machine lol"
Received,"2025-12-17 22:31:20","You don’t even have to look it up lol"
Received,"2025-12-17 22:32:08","I was just thinking of it and I wanted to text “I wish I had some z’s” but only if you had seen the tiktok to understand lol"
Received,"2025-12-17 22:32:11","I dont know nevermind "
Sent,"2025-12-17 22:36:47","did you hear who is buying tiktok"
Sent,"2025-12-17 22:37:31","it’s larry ellison, the trump guy who just bought CBS and who is trying to buy CNN and warner brothers lol"
Sent,"2025-12-17 22:38:17","but i also wish i had something"
Sent,"2025-12-17 22:38:30","i haven’t even tried to get more from my mom, she wasn’t happy when i asked for that earlier lol"
Received,"2025-12-17 22:40:16","Cool. Fascinating. What exciting news  "
Received,"2025-12-17 22:40:18","HAHHAH sorry "
Received,"2025-12-17 22:41:09","But I am sorry "
Sent,"2025-12-17 22:43:01","lmao it may not be good to have only one person owning ALL of the media companies in America"
Received,"2025-12-17 22:43:12","Well yeah "
Sent,"2025-12-17 22:43:12","particularly the worlds richest person"
Received,"2025-12-17 22:43:18","True "
Sent,"2025-12-17 22:43:43","also you don’t need to be sorry about that!"
Sent,"2025-12-17 22:43:56","i said nothing about you"
Sent,"2025-12-17 22:43:58","when i asked her"
Received,"2025-12-17 22:44:04","Blahhhh did Milo enjoy his warm dinner "
Sent,"2025-12-17 22:44:16","i NEVER ever say anything that could make you look bad you should know that by now"
Sent,"2025-12-17 22:44:23","no he did not. he like didn’t even want it at first"
Received,"2025-12-17 22:44:35",Why
Received,"2025-12-17 22:44:53","Probably bc I wanted to give him dinner earlier "
Sent,"2025-12-17 22:45:38","that was super against the rules"
Sent,"2025-12-17 22:46:01","nothing takes priority over eggie time"
Sent,"2025-12-17 22:47:17","i have a feeling you’re going to say no but i would really really like to be with you on new years"
Received,"2025-12-17 22:53:25","I forgot new years was even coming "
Received,"2025-12-17 23:00:32","Can we get through Christmas first "
Received,"2025-12-17 23:02:10","I was just texting your mom that I looked up that candle. And all the info on it. And she was saying the wax in it is old and dried out. and I told her that refills are available and she was like “I never even thought of that!” "
Received,"2025-12-17 23:02:24","So I ordered a refill for her for Christmas "
Sent,"2025-12-17 23:08:55","meh i know what *that* means"
Sent,"2025-12-17 23:09:01","what the heck events that thing i don’t understand"
Received,"2025-12-17 23:09:24","The candle??"
Received,"2025-12-17 23:09:44","So it doesn’t feed itself through the clip. She was wrong about that"
Received,"2025-12-17 23:09:53","It’s called a courting candle "
Received,"2025-12-17 23:10:12","And every 3 inches of the wax is 1 hour"
Received,"2025-12-17 23:10:29","And to answer my question about where the wax drips "
Received,"2025-12-17 23:10:41","It’s beeswax. As your mom said. And it doesn’t drip "
Received,"2025-12-17 23:11:01","I learned some information "
Received,"2025-12-17 23:11:09","Aren’t you proud of me "
Sent,"2025-12-17 23:11:16","well the first message was about your non-answer to stall me until you already have plans and then the second one was about the candle"
Sent,"2025-12-17 23:11:22","yes i am that’s very interesting"
Sent,"2025-12-17 23:11:46","was it used to tell  time or something?"
Received,"2025-12-17 23:12:52","Uh "
Received,"2025-12-17 23:12:55","Yes Dan "
Received,"2025-12-17 23:13:00","Well a timer "
Received,"2025-12-17 23:13:03","As I said "
Received,"2025-12-17 23:13:20","Every three inches is one hour"
Sent,"2025-12-17 23:18:05","I think i’m gonna go lay down now"
Received,"2025-12-17 23:18:12","I am too"
Received,"2025-12-17 23:18:18","Eggs is peepy "
Sent,"2025-12-17 23:18:33","love you"
Received,"2025-12-17 23:18:41","I love YOU"
Received,"2025-12-17 23:18:50","and I love MILO "
Received,"2025-12-18 11:04:18","Good morning "
Sent,"2025-12-18 12:18:31","hi you"
Sent,"2025-12-18 12:20:37","whatcha doin"
Received,"2025-12-18 12:39:09",Nuffin
Received,"2025-12-18 12:48:58","I think I am going to greensburg this afternoon with my mom"
Received,"2025-12-18 12:49:05","Christmas shopping "
Received,"2025-12-18 12:49:17","I try to come over before? I’ll get ready now "
Received,"2025-12-18 13:05:31","Is that okay "
Received,"2025-12-18 13:38:57","Just left home "
Received,"2025-12-18 13:39:05","Going to stop at marathon "
Sent,"2025-12-18 13:51:23","i unlocked the door"
Sent,"2025-12-18 13:51:40","suz is out of control today. not in a good way."
Received,"2025-12-18 13:55:34","Uh oh "
Received,"2025-12-18 13:55:43","In Heritage Hills now almost there"
Received,"2025-12-18 13:55:49","We are leaving at 3"
Sent,"2025-12-18 15:28:48","i love you so much"
Sent,"2025-12-18 15:28:48","drive safe plz"
Sent,"2025-12-18 15:30:03","and i was not joking you look absolutely phenomenal today 😍"
Received,"2025-12-18 15:43:07","Thank youuuuu"
Received,"2025-12-18 15:43:10","Wish I had drugs "
Sent,"2025-12-18 16:04:53","me freakin too"
Received,"2025-12-18 16:09:30","Argh "
Sent,"2025-12-18 16:37:33","😟"
Sent,"2025-12-18 16:37:35","i’m sorry if there was any way i could get us something i would"
Sent,"2025-12-18 16:37:43","but today is the one day i def can’t do that without seeing him"
Received,"2025-12-18 16:47:09","I understand "
Received,"2025-12-18 16:47:49","I will see if I can get any money.. if I do I will have to send it obviously "
Sent,"2025-12-18 16:50:08",ok
Received,"2025-12-18 16:51:11","I will let you know "
Received,"2025-12-18 17:22:35","No luck yet "
Sent,"2025-12-18 17:56:10","okay b"
Received,"2025-12-18 18:21:11","I will probably have some money tomorrow. But I am still trying for tonight."
Sent,"2025-12-18 19:28:13","i got yelled at"
Sent,"2025-12-18 19:28:15","for trying to get the lamps lol"
Sent,"2025-12-18 19:28:52","but do not worry - i WILL secure the lamps"
Sent,"2025-12-18 19:57:22","i can’t even get anything to eat because i don’t want to go up there"
Sent,"2025-12-18 20:17:22","oh ok"
Received,"2025-12-18 20:17:31","Driving Dan "
Received,"2025-12-18 20:51:49","Coming "
Received,"2025-12-18 21:46:57","I’m home "
Sent,"2025-12-18 21:49:45","okay b good"
Sent,"2025-12-18 21:49:47","i didn’t take anything don’t worry"
Sent,"2025-12-18 21:49:53","and thank you so much for coming back"
Received,"2025-12-18 21:53:28","Good "
Received,"2025-12-18 21:56:02","￼My dad got my mom a custom emerald diamond ring 😍😭"
Sent,"2025-12-18 22:05:51","wowww fancy"
Received,"2025-12-18 22:08:00","I said can it be mine one day lol "
Received,"2025-12-18 22:08:07","I helped my dad with the design "
Sent,"2025-12-18 22:10:03","what did you do"
Received,"2025-12-18 22:10:11","HELPED HIM "
Received,"2025-12-18 22:10:13","WITH THE"
Received,"2025-12-18 22:10:15","DESIGN "
Sent,"2025-12-18 22:10:20","okay okay but"
Sent,"2025-12-18 22:10:22","well nevermind lmai"
Sent,"2025-12-18 22:10:27","i was just curious"
Received,"2025-12-18 22:10:27","Jeeze "
Sent,"2025-12-18 22:10:32","jeeze yourself"
Received,"2025-12-18 22:10:33","I’m GRUMPY "
Sent,"2025-12-18 22:10:43","i know it’s okay"
Sent,"2025-12-18 22:10:48","you allowed"
Received,"2025-12-18 22:10:48","I wanted MY PUPPY to sleep over "
Sent,"2025-12-18 22:10:57","UHM  you had permission"
Received,"2025-12-18 22:11:00","He’d be peeing everywhere "
Sent,"2025-12-18 22:13:09","yeah but you’d snug real good"
Received,"2025-12-18 22:13:51","Argh "
Sent,"2025-12-18 22:14:27","hey you know one good thing"
Sent,"2025-12-18 22:14:34","because we didn’t get anything today"
Sent,"2025-12-18 22:14:40","and you came over twice you get 2x credit"
Received,"2025-12-18 22:15:12","Credit "
Sent,"2025-12-18 22:15:24","yeah you get the credit!"
Sent,"2025-12-18 22:15:27","shut up sick girl"
Sent,"2025-12-18 22:15:30","i’m tryin to be nice"
Received,"2025-12-18 22:16:41","Credit for what lol in your book? "
Sent,"2025-12-18 22:18:43","nothing never mind credit revoked"
Received,"2025-12-18 22:18:47",Hahahah
Received,"2025-12-18 22:18:50","Okay "
Received,"2025-12-18 22:18:56","I’m going to sleep so hard tonight"
Received,"2025-12-18 22:19:04","Since I did zero drugs "
Sent,"2025-12-18 22:19:07","now you only get half credit"
Received,"2025-12-18 22:19:28","lol "
Sent,"2025-12-18 22:19:28","are you eep"
Sent,"2025-12-18 22:19:31",eep
Sent,"2025-12-18 22:19:35",eepy
Received,"2025-12-18 22:19:41",Peepy
Received,"2025-12-18 22:19:45","Yes I am "
Received,"2025-12-18 22:20:00","Just smoked a one hitter. Already popped one sleeping pill "
Received,"2025-12-18 22:20:07","Washed my face "
Received,"2025-12-18 22:20:16","Cozy clothes on"
Received,"2025-12-18 22:20:30","Heat turned on"
Sent,"2025-12-18 22:20:36","alright alright i let you go then"
Received,"2025-12-18 22:20:39","Heatie pad ready "
Sent,"2025-12-18 22:20:42","i loves you"
Received,"2025-12-18 22:20:44","All I need is "
Received,"2025-12-18 22:20:47",MILO
Received,"2025-12-18 22:20:58","and lamby"
Sent,"2025-12-18 22:22:14","he said he waits at the front door"
Sent,"2025-12-18 22:22:16","you come  pick him up"
Received,"2025-12-18 22:22:32","With his little overnight bag "
Sent,"2025-12-18 22:23:25","he’s out there you better hurry"
Received,"2025-12-18 22:23:33","I ain’t leaving "
Received,"2025-12-18 22:23:46","Sowwwwy mi"
Sent,"2025-12-18 22:25:28","alright i’m gonna fall asleep tpp"
Sent,"2025-12-18 22:25:29","i love you bb"
Sent,"2025-12-18 22:25:31","message me in the morning"
Sent,"2025-12-18 22:25:31","…or else"
Received,"2025-12-18 22:26:29","Did he even eat dinner"
Sent,"2025-12-18 22:26:46","yes i fed him"
Sent,"2025-12-18 22:26:53","we both ate after you left"
Sent,"2025-12-18 22:27:07","i didn’t microwave his damn food"
Sent,"2025-12-18 22:27:13","but he ate"
Received,"2025-12-18 22:27:27","He was probably so upset "
Received,"2025-12-18 22:27:31","But was so hungry "
Received,"2025-12-18 22:27:37","Bc no one fed him "
Sent,"2025-12-18 22:27:49","omg he’s fine"
Sent,"2025-12-18 22:27:49","he lives"
Sent,"2025-12-18 22:27:54","in the lap of luxury"
Received,"2025-12-18 22:28:37","And he deserves to eat dinner at a earlier time "
Received,"2025-12-18 22:28:48","He was hungry "
Sent,"2025-12-18 22:29:16","he said"
Sent,"2025-12-18 22:29:24","“mom shut up you won’t even come pick me up”"
Received,"2025-12-18 22:29:41","He didn’t say that "
Received,"2025-12-18 22:33:39","I loves you "
Received,"2025-12-18 22:33:40","Goodnight "
Sent,"2025-12-19 08:36:12","good morning my sweet, beautiful pookibear"
Sent,"2025-12-19 08:38:45","someone is playin with lamb"
Received,"2025-12-19 09:31:24","Did you hear the rain last night"
Sent,"2025-12-19 09:50:05","yes i did"
Sent,"2025-12-19 09:51:51","i am very much in love with you"
Sent,"2025-12-19 09:53:07","just wanted you to know that"
Sent,"2025-12-19 09:57:31","she’s speechless"
Sent,"2025-12-19 10:00:14","why do i wake up earlier than you do now"
Sent,"2025-12-19 10:00:14","does that mean i’m old"
Sent,"2025-12-19 10:01:34","if the answer is no, say nothing -"
Sent,"2025-12-19 10:03:15","awww thank u bb i don’t think i’m old either"
Received,"2025-12-19 10:24:12",Hahahahah
Received,"2025-12-19 10:26:39","This wind is INSANE "
Sent,"2025-12-19 11:13:44","hey if you want something please let me know kinda soon"
Received,"2025-12-19 11:15:35","Well i dont know yet Dan "
Received,"2025-12-19 11:15:38","I’m still waiting "
Received,"2025-12-19 11:15:48","I can’t control that "
Sent,"2025-12-19 11:16:12","i know but she has to put the order in before 1230"
Sent,"2025-12-19 11:17:07","he’s going to a christmas party"
Sent,"2025-12-19 11:17:17","so if you want something today i need to know in the next hour"
Received,"2025-12-19 11:17:34","Fml "
Received,"2025-12-19 11:18:16","Is she able to like spot me until I have the money,"
Sent,"2025-12-19 11:18:22",no
Sent,"2025-12-19 11:18:25","she doesn’t have anything"
Received,"2025-12-19 11:18:33",Argh
Received,"2025-12-19 11:26:30","I’m trying "
Received,"2025-12-19 11:40:21","I doubt I’ll get anything before 12:30"
Received,"2025-12-19 11:43:13","So yeah shit out of luck "
Sent,"2025-12-19 11:43:49","i thought you said yo had a way to get money today"
Received,"2025-12-19 11:43:57","Not by 12:30"
Sent,"2025-12-19 11:45:04","i have one other option"
Received,"2025-12-19 11:45:16",What
Sent,"2025-12-19 11:45:28","would you let her switch cars with you tonight so she can go to her work christmas party"
Received,"2025-12-19 11:45:36","My car is fucked "
Sent,"2025-12-19 11:45:37","she said she would spot you the money"
Received,"2025-12-19 11:45:40","It’s not safe "
Received,"2025-12-19 11:45:52","Especially in this wind and snow starting "
Sent,"2025-12-19 11:45:56","……"
Received,"2025-12-19 11:46:06","Unless she wants to drive super slow "
Sent,"2025-12-19 11:46:18","well which is it annie"
Sent,"2025-12-19 11:46:21","she can drive slow"
Received,"2025-12-19 11:46:30","I don’t mind but the car is not safe lol"
Sent,"2025-12-19 11:46:52","how much would you want her to spot you"
Received,"2025-12-19 11:47:21","If she drives it and just hits a puddle. Or snow. Or ice the wrong way you will lose control "
Received,"2025-12-19 11:48:14","What time is the party "
Sent,"2025-12-19 11:48:38","well let’s do this"
Sent,"2025-12-19 11:48:47","let’s proceed like she’s going to take the car"
Sent,"2025-12-19 11:48:54","at least until she sees him"
Sent,"2025-12-19 11:49:12","and then you can give her the disclaimers"
Sent,"2025-12-19 11:49:17","and pretend like i am stupid"
Received,"2025-12-19 11:51:19","What time. "
Sent,"2025-12-19 11:52:20","i don’t know yet"
Received,"2025-12-19 11:54:52","I’m just nervous bc it is not safe"
Received,"2025-12-19 12:01:11","I can’t drive her? lol sit in the car while she does her party "
Sent,"2025-12-19 12:02:11","why would that be any safer"
Sent,"2025-12-19 12:02:15","and if your car isn’t safe"
Sent,"2025-12-19 12:02:19","then i don’t want you driving it"
Received,"2025-12-19 12:02:19","Bc I know how the car drives "
Received,"2025-12-19 12:02:44","You aren’t going to tell me what to do lol "
Sent,"2025-12-19 12:04:38","…okay then bye"
Received,"2025-12-19 12:05:23","She just said she doesn’t think she’s going "
Received,"2025-12-19 12:05:26","It’s going to be icy "
Received,"2025-12-19 12:06:26","I dont know I’ll be over in a little while. Gotta go to sugies "
Sent,"2025-12-19 12:07:25",why
Received,"2025-12-19 12:07:39","She texted that to me"
Sent,"2025-12-19 12:08:09",no
Sent,"2025-12-19 12:08:25","what are you coming over for if i am not allowed to tell you i don’t want you driving a car that you are admitting is unsafe"
Received,"2025-12-19 12:08:32","Omg "
Received,"2025-12-19 12:08:41","You’re acting ridiculous "
Sent,"2025-12-19 12:09:11","\am i"
Sent,"2025-12-19 12:09:14","are you so sure?"
Received,"2025-12-19 12:09:23","Don’t start this with me "
Sent,"2025-12-19 12:10:10","are you allowed to tell ME that i can’t drive an unsafe car?"
Received,"2025-12-19 12:10:24","WHATEVER DAN"
Received,"2025-12-19 12:10:28","SHE CAB DRIVE JT "
Received,"2025-12-19 12:10:35","I DONT GIVE A FUCK "
Sent,"2025-12-19 12:11:34","not even what we’re talking about"
Received,"2025-12-19 12:11:40","k "
Received,"2025-12-19 12:11:46","I know how to drive my car "
Sent,"2025-12-19 12:11:47","i care much more about your safety than her"
Received,"2025-12-19 12:11:58","But for someone who doesn’t drive it "
Sent,"2025-12-19 12:12:02","are you allowed to tell ME"
Sent,"2025-12-19 12:12:13","that i shouldn’t drive an unsafe car or not"
Received,"2025-12-19 12:12:14","And doesn’t know what to do when something could happen "
Received,"2025-12-19 12:12:25","You’re pissing meoff "
Sent,"2025-12-19 12:13:04","right because you know that you’re demanding something that you wouldn’t be okay with if the situation were reversed"
Sent,"2025-12-19 12:13:13","you would NEVER accept that"
Received,"2025-12-19 12:13:25","DAN DO YOU NOT UNDERSTAND "
Received,"2025-12-19 12:13:37","I wouldn’t drive my car in the snow or ice "
Sent,"2025-12-19 12:13:38","just stop"
Sent,"2025-12-19 12:13:41","please stop"
Received,"2025-12-19 12:13:44","I drove my moms and dads "
Received,"2025-12-19 12:13:48","Oka "
Received,"2025-12-19 12:13:50","Bye "
Sent,"2025-12-19 12:14:14","\you’re not going to make me feel bad for wanting you to be safe"
Received,"2025-12-19 12:14:24","I understand "
Received,"2025-12-19 12:14:40","I can drive this car in normal weather "
Received,"2025-12-19 12:14:46","The car place said so. "
Received,"2025-12-19 12:15:02","But in icy and snowy conditions it’s not safe "
Received,"2025-12-19 12:25:23","And I am sorry "
Received,"2025-12-19 12:25:32","I understand why you wouldn’t want me driving either. "
Sent,"2025-12-19 12:26:05","i just don’t want anything bad to happen to you"
Sent,"2025-12-19 12:26:30","i love you and i would be absolutely devistatated"
Received,"2025-12-19 12:26:47","I know and i appreciate you being worried "
Received,"2025-12-19 12:26:57","If she wants to go and take my car she can. "
Received,"2025-12-19 12:27:10","Just don’t want anything to happen to her either "
Received,"2025-12-19 12:28:51","You want anything to eat from rizzs "
Sent,"2025-12-19 12:29:11","idk what they have"
Sent,"2025-12-19 12:29:24","just get me something i’d lole"
Received,"2025-12-19 12:29:24",Burger?
Sent,"2025-12-19 12:29:27","that’s fine"
Received,"2025-12-19 12:30:52","Ok "
Received,"2025-12-19 12:30:57","I’m getting Sugie and I salads "
Sent,"2025-12-19 12:31:42","thank you"
Received,"2025-12-19 12:32:41","You’re welcome "
Sent,"2025-12-19 12:40:47","guess what i have"
Sent,"2025-12-19 12:41:42","eggie guess what i have"
Sent,"2025-12-19 12:41:59","its 1230"
Sent,"2025-12-19 12:42:03","what do i have"
Sent,"2025-12-19 12:42:39",shehateme
Received,"2025-12-19 12:43:08",What
Received,"2025-12-19 12:43:13","Tell me what you have "
Sent,"2025-12-19 12:43:25","i can’t"
Sent,"2025-12-19 12:43:29","it’s a SEECRET"
Received,"2025-12-19 12:43:50","😕"
Sent,"2025-12-19 12:47:43","it’s white. it comes in a bag. you have to weigh it"
Received,"2025-12-19 12:48:45",Oh
Received,"2025-12-19 12:48:51","You have it already "
Sent,"2025-12-19 12:49:37","it’s…..FROZEN SHRIMP."
Received,"2025-12-19 12:50:09","😐"
Sent,"2025-12-19 12:52:01","unrelated but still important"
Sent,"2025-12-19 12:52:49","i swear to god i physically feel how much i love you now like it makes my stomach feel like i’m on a rollercoaster thinking about it"
Received,"2025-12-19 13:02:34","Dawe "
Received,"2025-12-19 13:06:22","Love you "
Received,"2025-12-19 13:06:39","Leaving shortly "
Received,"2025-12-19 13:06:54","Wait I am CRACKING UP"
Received,"2025-12-19 13:07:07","I just heard someone say “stand alone” "
Received,"2025-12-19 13:07:10","And I said "
Received,"2025-12-19 13:07:15","“Stand alone fruit”"
Sent,"2025-12-19 13:10:22","the blueberry is not a……uh…..a, uh…….standalone…fruit"
Received,"2025-12-19 13:10:31",Hahahahhahahahahah
Received,"2025-12-19 13:10:33","I am crying "
Sent,"2025-12-19 13:11:30","its hard to believe that the funniest piece of media ever made is also the one that literally no-one has heard of and even fewer understand"
Received,"2025-12-19 13:11:45","So funny "
Sent,"2025-12-19 13:12:26","like i can’t think of anything funnier than the ron and fez show and if you asked me what is the most difficult thing to get someone to understand it would also be tht"
Received,"2025-12-19 13:18:30","Well I got it "
Received,"2025-12-19 13:18:32","I’m leaving "
Received,"2025-12-19 13:18:36","See ya soon turd "
Sent,"2025-12-19 13:18:44","can you stop"
Sent,"2025-12-19 13:18:49","and get cigs for me on your way please"
Sent,"2025-12-19 13:19:10","and we will subtract that from"
Received,"2025-12-19 13:19:11","I dont know argh "
Sent,"2025-12-19 13:19:13",this
Received,"2025-12-19 13:19:15","I guess "
Sent,"2025-12-19 13:19:23","get my moms kind"
Sent,"2025-12-19 13:19:27","crown gold 100’s"
Received,"2025-12-19 13:20:11","I just saw Dieter"
Received,"2025-12-19 13:20:23","He saw me first I was like huh"
Received,"2025-12-19 13:20:25","Excuse me "
Received,"2025-12-19 13:20:27","Who are you lol"
Received,"2025-12-19 13:20:36","Yeah I’ll grab some "
Received,"2025-12-19 13:53:25","￼"
Received,"2025-12-19 14:48:13","Hoping to have some money in my account in the next hour "
Received,"2025-12-19 15:20:26","I any to see something absolutely insane "
Received,"2025-12-19 15:20:58","So I just got a sweater in the mail and I was trying it on with an outfit for Christmas "
Sent,"2025-12-19 15:21:15","okay continue"
Received,"2025-12-19 15:21:18","You following "
Received,"2025-12-19 15:21:31","So like none of my black skirts fit me anymore "
Received,"2025-12-19 15:23:00","And I was like oh I still have that wool black skirt from Uniqlo from Christmas 2022"
Received,"2025-12-19 15:23:00","It was too big on me then so maybe it will fit better now "
Received,"2025-12-19 15:23:28","Okay "
Received,"2025-12-19 15:25:07","HELLO "
Sent,"2025-12-19 15:25:27","i am FOLLOWING the story"
Sent,"2025-12-19 15:25:38","none of your black skirts fit because you look too good now"
Sent,"2025-12-19 15:25:42","and you had a 2022 skirt"
Received,"2025-12-19 15:26:21","￼Today"
Received,"2025-12-19 15:26:26","Skirt fits. A little tight but not as bad as others. But wait for the comparison from when I first got this skirt …"
Sent,"2025-12-19 15:27:08","okay waiting"
Received,"2025-12-19 15:27:14","￼"
Sent,"2025-12-19 15:27:16","thought you were going to give me an upskirt there"
Received,"2025-12-19 15:28:19","🙄🙄🙄"
Sent,"2025-12-19 15:29:09","yeah do you see now how much better you look"
Received,"2025-12-19 15:29:22","This is the first comparison "
Received,"2025-12-19 15:29:26","Where I can see it "
Received,"2025-12-19 15:29:36","I had no idea I was that small "
Sent,"2025-12-19 15:30:33","i’m not just saying it, and i liked you small too but this is SO much better and not only that but it’s not healthy to stay like 100 pounds for that long"
Received,"2025-12-19 15:30:57","I’m in disbelief "
Sent,"2025-12-19 15:31:00","i LOVE how you look now it’s perfect"
Received,"2025-12-19 15:31:00","Honestly "
Sent,"2025-12-19 15:31:08","and like it’s not really that different"
Sent,"2025-12-19 15:31:43","you didn’t gain that much weight honestly…but that little bit makes you look incredible"
Received,"2025-12-19 15:31:52","30 pounds Dan lol"
Received,"2025-12-19 15:31:59","I weighed myself the morning we got back. "
Received,"2025-12-19 15:32:04","I was 92lbs."
Received,"2025-12-19 15:32:28","I am now around 120-123 "
Sent,"2025-12-19 15:32:32","jesus fucking christ"
Sent,"2025-12-19 15:32:38","okay but that’s why it seems like so much…"
Sent,"2025-12-19 15:33:00","i guess what i’m saying is that you didn’t change your body “type”"
Received,"2025-12-19 15:33:13","I know"
Received,"2025-12-19 15:33:16","I’m getting ready to leave "
Sent,"2025-12-19 15:33:17","no-one is going to look at you and gauge you as anything other than ‘skinny’"
Received,"2025-12-19 16:01:47","Sorry I’m upstairs "
Received,"2025-12-19 17:15:15","Home sorry "
Received,"2025-12-19 17:15:28","In the basement wrapping zero service"
Received,"2025-12-19 17:59:19","I don’t feel so well "
Sent,"2025-12-19 17:59:44","why what’s wrong"
Received,"2025-12-19 17:59:56","Lightheaded "
Received,"2025-12-19 18:03:19","Your mom made it"
Sent,"2025-12-19 18:06:20","😟"
Sent,"2025-12-19 18:06:39","and i’m glad she made it at least"
Received,"2025-12-19 18:09:51","Me too"
Sent,"2025-12-19 18:10:25","does that mean i’m not gonna see you later"
Received,"2025-12-19 18:14:06","I’m trying here Dan "
Sent,"2025-12-19 18:14:20",?
Received,"2025-12-19 18:18:56","Nothing. "
Received,"2025-12-19 18:19:06","Yes I will be back over in a little bit "
Received,"2025-12-19 18:26:55","I am on my way to target now and then I’ll be over"
Received,"2025-12-19 18:59:27","Leaving target "
Received,"2025-12-19 20:27:41","Home "
Sent,"2025-12-19 20:30:03","thank you b"
Received,"2025-12-19 20:31:09","Did you look to see who left those shoe prints "
Sent,"2025-12-19 20:35:36","i’m trying to now"
Sent,"2025-12-19 21:08:55","i’ll have to wait until she gets back i guess"
Sent,"2025-12-19 21:08:57","i sorry bb"
Received,"2025-12-19 21:09:16","Don’t worry about it? Lol"
Received,"2025-12-19 21:09:33","It was just something that caught my eye lol"
Sent,"2025-12-19 21:13:09","i find out though"
Sent,"2025-12-19 21:13:09","i think tonight"
Sent,"2025-12-19 21:13:11","i’m gonna clean the bookshelf"
Sent,"2025-12-19 21:13:25","unless you think there’s something that would be more better if i did first"
Received,"2025-12-19 21:15:22","You don’t need to do anything "
Received,"2025-12-19 21:15:31","Promise "
Received,"2025-12-19 21:15:39","Is the front door locked at least "
Sent,"2025-12-19 21:16:17","😬i don’t care what you say i want to make stuff cleaner so eggie is impressed"
Sent,"2025-12-19 21:16:20","no not even a little bit lol"
Received,"2025-12-19 21:16:30","Lock it"
Received,"2025-12-19 21:16:42","It probably was nothing to worry about even "
Received,"2025-12-19 21:16:55","But I made sure to lock it when I came in "
Received,"2025-12-19 21:16:58","I dont know I’m stupid "
Received,"2025-12-19 21:17:06","You don’t have to clean anything "
Sent,"2025-12-19 21:19:04","she should be home by now right?"
Received,"2025-12-19 21:19:32","She told me she made it back"
Received,"2025-12-19 21:19:35","Just now "
Sent,"2025-12-19 21:24:18","sorry i was upstairs when you said this"
Sent,"2025-12-19 21:25:09","it’s not a big deal or anything but i legitimately want things to be better and different and if i need you to task me with cleaning to get anything done, it won’t be"
Sent,"2025-12-19 21:25:45","so i’m just trying to do what i think is the right thing to do to make things better. i’m not great at it naturally but there’s nothing i won’t do to make sure you are happier and i don’t lose you"
Received,"2025-12-19 21:26:26","Dan "
Received,"2025-12-19 21:26:33","Everything is fine okay "
Sent,"2025-12-19 21:35:52","i know it is but i’m looking at this differently because it can’t be about going through the motions or trying to trick you into pretending you’re happy"
Sent,"2025-12-19 21:37:25","i want to find anything i can that i will be able to legitimately make better for you and actually do that...there’s no point in just going through the motions. it’s about ACTUALLY changing how you feel.that’s all"
Received,"2025-12-19 21:38:44","I love you "
Sent,"2025-12-19 21:38:48","sorry idk if that makes sense or not but you’ve made me feel so much better recently and i want to make sure that i seize that momentum so we can make all kinds of things better than they were"
Received,"2025-12-19 21:40:17","Dan everything you have been doing is wonderful "
Sent,"2025-12-19 21:40:17","i love you too and there really is nothing and nobody that compares to you"
Received,"2025-12-19 21:40:20","And I thank you"
Sent,"2025-12-19 21:41:08","i know but I’m kinda a weirdo and i have to actualize stuff for it to work. i have to think and conceptualize what i’m doing and"
Sent,"2025-12-19 21:44:15","you’ve made me so happy recently and have done honestly everything that i would have hoped for"
Received,"2025-12-19 21:49:37","I am glad "
Received,"2025-12-19 21:59:41","I’m sorry I just don’t feel well still "
Sent,"2025-12-19 22:49:50",eggie
Sent,"2025-12-19 22:49:55","how many times in the last 10 years would you have said"
Sent,"2025-12-19 22:50:00","“i feel good” lmao"
Sent,"2025-12-19 22:50:18","you’re fine i promise. you did nuffin wrong"
Received,"2025-12-19 23:02:17","I love you and thanks for taking care of me goodnight "
Sent,"2025-12-19 23:02:37","you okay?"
Received,"2025-12-19 23:07:15","Just headache "
Received,"2025-12-19 23:07:17",Tired
Sent,"2025-12-19 23:07:37","…k"
Sent,"2025-12-19 23:07:40","i love you"
Received,"2025-12-19 23:07:48",What
Sent,"2025-12-19 23:07:52","feel better"
Received,"2025-12-19 23:07:55","You didn’t do anything "
Received,"2025-12-19 23:08:30","I love you "
Received,"2025-12-19 23:08:33","And thank you "
Received,"2025-12-20 10:36:55","Good morning "
Sent,"2025-12-20 10:49:19","ho you"
Sent,"2025-12-20 10:49:25","hi you"
Sent,"2025-12-20 10:49:27","not ho u"
Received,"2025-12-20 11:08:10","Hi "
Sent,"2025-12-20 11:08:51",https://www.youtube.com/watch?v=KnyERpdX_0g&list=TLPQMjAxMjIwMjXQqE9o701oXA&index=3
Sent,"2025-12-20 11:08:52","new jimcan'tswim"
Received,"2025-12-20 11:09:20","Okay I’m stressed "
Received,"2025-12-20 11:09:28","I’m still waiting on money "
Received,"2025-12-20 11:09:41","Your mom can’t get anything until I pay her back "
Sent,"2025-12-20 11:12:50","wha t can i does"
Received,"2025-12-20 11:59:45","What "
Received,"2025-12-20 12:00:45","￼"
Received,"2025-12-20 12:31:10","So I need to help Claire this afternoon. She has Garrett’s work Christmas party tonight. So I’m going to help her do her hair and eyebrows"
Received,"2025-12-20 12:31:40","But maybe I’ll just come over and see you in a little. Then I’ll go down to Claire’s "
Received,"2025-12-20 12:49:49","Picking up snack wraps "
Received,"2025-12-20 12:52:37","Then the bagel will be over "
Sent,"2025-12-20 17:49:06","i fed milo"
Sent,"2025-12-20 17:49:07","and he wouldn’t eat it"
Sent,"2025-12-20 17:49:20","so my mom comes home and “FIXES” it"
Sent,"2025-12-20 17:49:23","and he eats the whole thing"
Sent,"2025-12-20 17:49:26","little asshole"
Received,"2025-12-20 17:51:04","Hahahhahahaha "
Received,"2025-12-20 17:51:06","My boy "
Received,"2025-12-20 17:51:39","Fed lada. Now I gotta get Claire and Geeg a gift card for hopwood house "
Sent,"2025-12-20 18:04:46","i checked and i can get us a couple lines tonight"
Received,"2025-12-20 18:05:08",Woohooooo
Received,"2025-12-20 18:05:18","If I get her wine can I get more lol "
Received,"2025-12-20 18:05:34","Maybe going to the liquor store twice is a bad look lol "
Sent,"2025-12-20 18:05:46","i doubt it idk i’m doin the best i can"
Received,"2025-12-20 18:05:57","Thank you "
Received,"2025-12-20 18:05:59","It’s okay "
Received,"2025-12-20 18:06:04","Anything is better than nothing "
Received,"2025-12-20 18:06:13","I should of gotten soup here to go "
Received,"2025-12-20 18:06:20","It’s tomato "
Received,"2025-12-20 18:07:51","Should I 👀"
Received,"2025-12-20 18:07:58","I dont know if they even do to go "
Received,"2025-12-20 18:10:26"," I Am heck with it "
Sent,"2025-12-20 18:11:09","get her a bottle of wine, it can’t hurt"
Sent,"2025-12-20 18:11:20","and if it doesn’t work for tonight that’s less for the other stuff"
Sent,"2025-12-20 18:11:24","idk its up to you"
Received,"2025-12-20 18:12:44",Ok
Received,"2025-12-20 18:13:25","I am waiting for my soup "
Received,"2025-12-20 18:13:32","Then I’ll run back to liquor store "
Received,"2025-12-20 18:16:02","I’m tired of driving back and forth and back and forth "
Received,"2025-12-20 18:16:05","But it’s okay "
Sent,"2025-12-20 18:28:46","it was your idea goofball"
Received,"2025-12-20 18:29:23","Come outside"
Received,"2025-12-20 18:29:25","Please "
Received,"2025-12-20 18:29:27","With Milo "
Received,"2025-12-20 18:29:55","Now "
Sent,"2025-12-20 18:31:34","what the fuck"
Sent,"2025-12-20 18:31:36","i brought him out"
Sent,"2025-12-20 18:31:42","went to the end of the driveway and back"
Sent,"2025-12-20 18:31:51","came back in and still had time to message you"
Sent,"2025-12-20 18:31:56","why you tell me to go outside s"
Received,"2025-12-20 18:33:14","I’m on Saratoga come out"
Received,"2025-12-20 18:34:10","I’m waiting "
Sent,"2025-12-20 18:43:55","when you come down i’ll get it from her"
Received,"2025-12-20 18:45:31","Ok "
Received,"2025-12-20 20:36:32","So what’s the 411"
Received,"2025-12-20 20:40:40","I said "
Received,"2025-12-20 20:40:43","what’s "
Received,"2025-12-20 20:40:45",The
Received,"2025-12-20 20:40:49",411
Sent,"2025-12-20 20:42:55","hi beeb"
Sent,"2025-12-20 20:42:57","she still waiting"
Sent,"2025-12-20 20:43:12","again are you gonna be fuckin mad at me that i can only get us like a line"
Sent,"2025-12-20 20:43:24","i’m tryin my hardest and you can deduct the wine from that 60"
Sent,"2025-12-20 20:43:50","but please don’t be mad at me i’m tryin for you"
Sent,"2025-12-20 20:43:57","i PROMISE i get you at least a line or two"
Received,"2025-12-20 20:44:31","I’m know "
Received,"2025-12-20 20:44:42","I’ll just come back over "
Sent,"2025-12-20 20:45:30","ok looks"
Sent,"2025-12-20 20:45:34",pooks
Sent,"2025-12-20 20:45:36","looks too"
Received,"2025-12-20 20:45:49","Whatevs "
Received,"2025-12-20 20:45:57","Eggie not in da mood. She cranky "
Received,"2025-12-20 20:46:16","She cranky. Crampy and crying "
Sent,"2025-12-20 20:46:38","she still the most beautiful"
Sent,"2025-12-20 20:46:42","and my favorite"
Received,"2025-12-20 20:47:01","YOURE CROWDING ME (another C word)"
Sent,"2025-12-20 21:15:10","you don’t want your line?"
Sent,"2025-12-20 23:08:21","did you point out the bag on the table"
Received,"2025-12-20 23:08:28","Yes "
Sent,"2025-12-20 23:08:31",perfect
Received,"2025-12-20 23:08:34","Bc you weren’t around and I said "
Received,"2025-12-20 23:08:37","I mean she said "
Received,"2025-12-20 23:08:54","Did you take any more out of that “”"
Received,"2025-12-20 23:09:05","Asking you and I said he isn’t up here "
Received,"2025-12-20 23:09:07","And I saw it "
Received,"2025-12-20 23:09:18","And I said it’s right here and she goes okay good "
Sent,"2025-12-20 23:09:45","you were paying attention though right"
Received,"2025-12-20 23:10:04","No but I figured out how hat probably works as happening lol"
Received,"2025-12-20 23:10:18","So I went with my instincts "
Sent,"2025-12-20 23:10:27","you did the exact 1000% right thing"
Received,"2025-12-20 23:10:34","I know I did "
Received,"2025-12-20 23:10:37","Bc I am smart "
Sent,"2025-12-20 23:10:38","and i will reward u"
Received,"2025-12-20 23:10:44","I do need to leave soon tho it’s late "
Sent,"2025-12-20 23:10:59","i love you"
Received,"2025-12-20 23:12:00","I love you turd "
Received,"2025-12-20 23:12:03","Did I do good "
Sent,"2025-12-20 23:12:41","you did perfect"
Received,"2025-12-20 23:12:50","😇😇😇"
Sent,"2025-12-20 23:47:09",??
Received,"2025-12-20 23:48:50","Sorry I am hom "
Sent,"2025-12-20 23:49:33","okay b sorry i just wanted to make sure you’re safe"
Sent,"2025-12-20 23:49:39","i love you"
Sent,"2025-12-20 23:49:48","thank you for hanging out with me (us) tonight"
Received,"2025-12-20 23:53:57","I love you too"
Sent,"2025-12-21 00:18:54","you okay"
Sent,"2025-12-21 00:34:16",??
Received,"2025-12-21 00:47:43","I’m sleepy "
Received,"2025-12-21 00:59:34","Thanks for sitting upstairs with me by the tree "
Received,"2025-12-21 00:59:42","That made me really happy "
Received,"2025-12-21 10:47:42","Good morning "
Received,"2025-12-21 11:01:32"," Cannot stop coughing "
Received,"2025-12-21 12:06:58","I will come over in a little bit "
Sent,"2025-12-21 13:03:14",hi
Sent,"2025-12-21 13:03:21","are we getting anything today"
Received,"2025-12-21 13:41:02","I don’t have any money "
Received,"2025-12-21 13:41:06","Your mom texted me the "
Received,"2025-12-21 13:41:41","I’m going to come over "
Sent,"2025-12-21 14:53:31","plz try to get some money, even if it’s only like 30 or 40 i can get us whatever you cancome  up with 9"
Sent,"2025-12-21 14:53:45","(rather than having to pay back anything today)"
Received,"2025-12-21 14:54:01","I understand but I literally don’t have any way "
Sent,"2025-12-21 14:54:15","what happened on friday"
Sent,"2025-12-21 14:54:21","you were supposed to be getting money then?"
Received,"2025-12-21 14:54:39","I told you my mom has to write the checks for Sugie now"
Sent,"2025-12-21 14:54:51","why did you have me ask her to front that then"
Received,"2025-12-21 14:54:51","And she hasn’t been able to get over there "
Received,"2025-12-21 14:55:10","I WILL GET SOME MONEY PROBABLY TOMORROW"
Received,"2025-12-21 14:55:26","Jeeze I’m sorry I didn’t think it would go that way Friday"
Received,"2025-12-21 15:01:37","I have $20"
Sent,"2025-12-21 15:11:44","okay b"
Sent,"2025-12-21 15:11:48","i’m sorry i wasn’t trying to be mean"
Sent,"2025-12-21 15:12:08","it’s just that she thinks i schemed to get that from her and then am using you to force you to come up with the money"
Sent,"2025-12-21 15:12:25","why don’t you bring the 20 over and help me scrape one of these 20,000 bags that i have here"
Received,"2025-12-21 15:14:51","lol ok "
Sent,"2025-12-21 15:15:38","￼"
Sent,"2025-12-21 15:15:38","(real picture)"
Received,"2025-12-21 15:15:47",Chichi
Sent,"2025-12-21 15:15:55",jeffjeff
Sent,"2025-12-21 15:15:58",epstein
Received,"2025-12-21 15:16:01",Chichi
Sent,"2025-12-21 15:17:11","￼if you want to help me, listen to this in your car on the way over and tell me what, if anything, sounds too loud"
Received,"2025-12-21 15:18:04","I’m not the person to be asking "
Sent,"2025-12-21 15:19:35","because you’re a jerk"
Sent,"2025-12-21 15:19:38","or because you hate me?"
Sent,"2025-12-21 15:19:41","which one"
Received,"2025-12-21 15:21:43","I’m a jerk "
Received,"2025-12-21 15:22:31","I gotta hit shopnsave first "
Sent,"2025-12-21 15:27:11","we don’t hit"
Sent,"2025-12-21 15:27:14","violence is bad"
Sent,"2025-12-21 15:27:16","use your words"
Received,"2025-12-21 15:28:26","Shut up lol"
Received,"2025-12-21 15:28:31","I’ll get your a drinky "
Sent,"2025-12-21 15:31:01","ty pooks"
Sent,"2025-12-21 15:31:03","i get in the showwr"
Received,"2025-12-21 15:31:12","Why lol "
Sent,"2025-12-21 15:31:32","why shower?"
Received,"2025-12-21 15:31:47","Yeah "
Sent,"2025-12-21 15:32:03","so you thnk i’m fresh"
Received,"2025-12-21 15:46:07","Leaving "
Received,"2025-12-21 15:46:26","I cannot stay too long I’m sorry "
Received,"2025-12-21 15:46:40","We are having early dinner at sugies with Michelle and her kids "
Received,"2025-12-21 17:04:14","Let me know when he comes "
Received,"2025-12-21 17:04:29","I may be able to leave for a minute "
Sent,"2025-12-21 17:04:55","i certainly will my sweet, sweet girl"
Received,"2025-12-21 17:05:06","Who are you lol haahah"
Sent,"2025-12-21 17:05:13","😇"
Received,"2025-12-21 17:05:23","Goofball "
Sent,"2025-12-21 17:05:25","milo’s dad"
Sent,"2025-12-21 17:05:30","that’s who iam"
Received,"2025-12-21 17:05:42","No way. I’m Milo’s mom !!"
Sent,"2025-12-21 17:06:18","okay well he said he wants a sibling"
Sent,"2025-12-21 17:06:22","so….."
Sent,"2025-12-21 17:06:36","(human) sibling"
Received,"2025-12-21 17:07:21","Uhh no"
Received,"2025-12-21 17:24:34","I’m gonna leave soon "
Sent,"2025-12-21 17:26:03","whatcha gonna do"
Received,"2025-12-21 17:26:53","Come over for a little "
Received,"2025-12-21 17:27:02","I gotta help my mom with baking this evening"
Sent,"2025-12-21 17:27:56",argh
Sent,"2025-12-21 17:28:10","okay bb"
Received,"2025-12-21 17:28:59","On my way "
Received,"2025-12-21 18:25:43","Made it "
Sent,"2025-12-21 19:06:02","thank you sweetie. sorry i was upstairs"
Sent,"2025-12-21 19:06:05","we just ate. no bop"
Received,"2025-12-21 19:06:37","Game is almost over "
Received,"2025-12-21 19:07:11","What did ya eat "
Sent,"2025-12-21 19:08:16",steak
Sent,"2025-12-21 19:08:22","baked tato"
Received,"2025-12-21 19:09:03","Ohhhhh wowwwww"
Received,"2025-12-21 19:09:09",Yum
Received,"2025-12-21 19:15:52","I probably just am goi g to come back when we finish this and get it in the oven "
Received,"2025-12-21 19:16:02","Until we make the next thing "
Received,"2025-12-21 19:28:43","On my way back over "
Received,"2025-12-21 20:58:29","Made it "
Sent,"2025-12-21 21:00:01","thank you bb"
Sent,"2025-12-21 21:00:52","you really are doing so many things differently and it means so much to me. i just want you to know i notice all of them"
Received,"2025-12-21 21:01:32","Thank you and I notice everything you do as well "
Sent,"2025-12-21 21:04:05","i love you more than you know and i really do think you’re the best and most beautiful and (sometimes) funniest person in the world"
Received,"2025-12-21 21:04:22","Loved “i love you more than you know and i really do think you’re the best and most beautiful and (sometimes) funniest person in the world”"
Received,"2025-12-21 21:04:28","I’m the funniest "
Sent,"2025-12-21 21:04:42","that’s the only part  i exaggerated"
Received,"2025-12-21 21:04:53","Yeah yeah okay "
Sent,"2025-12-21 21:04:55","i really, honestly do think you’re the best and most beautiful"
Sent,"2025-12-21 21:05:02","and you’re very funny, don’t get me wrong"
Received,"2025-12-21 21:05:08","Thank you "
Sent,"2025-12-21 21:05:10","but that part was an exaggeration."
Sent,"2025-12-21 21:05:16","the other stuff i actually do mean literally lmao"
Sent,"2025-12-21 21:06:28","what did you guys bake"
Received,"2025-12-21 21:09:33","We made a casserole for Christmas Day "
Received,"2025-12-21 21:09:36","Smells sooooo good "
Received,"2025-12-21 21:09:47","Now making another one"
Received,"2025-12-21 21:09:54","But it’s more of like a dessert casserole i dont know "
Received,"2025-12-21 21:10:11","It’s just nice to be around for all this. "
Received,"2025-12-21 21:10:32","Even before we moved, I was always working Christmas Eve and day "
Received,"2025-12-21 21:10:44","And then the past 6 years I haven’t been here at all"
Received,"2025-12-21 21:56:57"," Love my new blankey "
Received,"2025-12-21 22:01:28","Can you remind me at 10:40 to put my clothes in the dryer lol I would set an alarm but I know it would scare me"
Received,"2025-12-21 22:05:34","If you’re awake "
Received,"2025-12-21 22:05:43","I’ll write myself a note it’s okay lol "
Sent,"2025-12-21 22:08:35","no no no i do it"
Sent,"2025-12-21 22:09:07","sorry i was helping her with dishes"
Received,"2025-12-21 22:12:09","Thank you "
Received,"2025-12-21 22:12:19","I wrote a note a stuck it on my mirror lol"
Received,"2025-12-21 22:12:28","But I’m glad you are helping g her with that "
Received,"2025-12-21 22:21:31","I FaceTimed you to show you how funny I look "
Received,"2025-12-21 22:22:19","I am dermaplaning my face lol and like a hack for that is spraying dry shampoo on your face bc it’s white and it will show all the dry skin and peach fuzz on your face better lol"
Sent,"2025-12-21 22:36:02","4 minute warning"
Received,"2025-12-21 22:36:12","I remember "
Received,"2025-12-21 22:36:14","Thank you"
Received,"2025-12-21 22:37:08","￼￼"
Sent,"2025-12-21 22:39:27","omg you look like one of those ancient chinese courtisans"
Received,"2025-12-21 22:39:33",Hahahahahhaa
Sent,"2025-12-21 22:39:34","the most beautiful one"
Sent,"2025-12-21 22:39:55","someone should make a tapestry to hang on the wall with that face and some roses and koi fish and other stuff"
Sent,"2025-12-21 22:40:30","maybe like a rolling wave idk we’re getting into japanese art but i’ve exhausted my knowledge of Han chinese culture"
Sent,"2025-12-21 22:40:32",1040
Received,"2025-12-21 22:41:21","Oh god lol "
Received,"2025-12-21 22:41:24","Thank you "
Received,"2025-12-21 22:58:27","Changed loads. Folded my moms laundry. My stuff is in the dryer r"
Sent,"2025-12-21 23:03:12","what is rhododendron"
Sent,"2025-12-21 23:03:27","okay nevermind sorry l"
Received,"2025-12-21 23:07:58","The plant???"
Received,"2025-12-21 23:12:32","I am ready for peep"
Received,"2025-12-21 23:29:58","Goodnight turd I love you "
Sent,"2025-12-22 03:24:21","i’m so sorry bb i fell asleep"
Sent,"2025-12-22 03:24:57","i love you and i think you’re the best thing sinc…actually you’re BETTER than sliced bread"
Received,"2025-12-22 10:28:45","Good morning "
Received,"2025-12-22 12:08:14","Getting ready to go do lunch with the kids. Taking them to McDonald’s play place lol"
Received,"2025-12-22 12:17:43","I will try to get money today… but as I said my mom has to write the checks now and she’s at work today"
Sent,"2025-12-22 12:23:21","hi bb"
Sent,"2025-12-22 12:23:59","Hey jsyk I think my mom forgot you ower her that 60 so when (if) you get your check don’t say anything"
Received,"2025-12-22 12:25:49","Okay I’m sorry "
Sent,"2025-12-22 12:28:45","Plzzzzzzzz try to make something happen"
Received,"2025-12-22 12:29:41","I will try Dan I am sorry "
Sent,"2025-12-22 12:30:19","It’s okay im not mad at you bb"
Sent,"2025-12-22 12:40:30","my mom started howling at milo last night and he howled back lmao"
Received,"2025-12-22 12:43:41","Omg hahahah"
Sent,"2025-12-22 12:57:59","If you can get a check I have a big big nug of weed for you"
Sent,"2025-12-22 12:58:03","Bigger than the last one"
Received,"2025-12-22 12:59:35",Lololol
Received,"2025-12-22 12:59:47","I will try Dan. It may be after her nap tho "
Sent,"2025-12-22 13:17:30","Milo said thats fine"
Sent,"2025-12-22 13:21:43","I love you"
Sent,"2025-12-22 13:21:53","I sorry I fell asleep before I said goodnight"
Received,"2025-12-22 13:28:11","I love you "
Received,"2025-12-22 14:41:28","I’m going to head over to sugies and hopefully get a Check "
Sent,"2025-12-22 14:45:12","Okay YA BETTER"
Sent,"2025-12-22 14:45:14","I’m just kidding"
Sent,"2025-12-22 14:47:47","Me and milo are gonna get a shower"
Sent,"2025-12-22 14:47:56","Hes not gonna be happy"
Received,"2025-12-22 14:48:05","Finally "
Received,"2025-12-22 15:21:57","I’m trying here. "
Received,"2025-12-22 15:22:02","Michelle is here with her son "
Received,"2025-12-22 15:29:14","I will try "
Sent,"2025-12-22 15:35:36","My mom just asked if I knew what you want but I didn’t want to say what is actually happening because then she would just assume you weren’t getting money and would see him now"
Sent,"2025-12-22 15:35:58","There’s no way you can get it now?"
Sent,"2025-12-22 15:39:24",Herrrooo????
Received,"2025-12-22 15:39:48",60
Received,"2025-12-22 15:39:52","Michelle leaving in a min "
Received,"2025-12-22 15:40:01","Then I’ll ask her to write it "
Sent,"2025-12-22 15:54:22","okay well she def didn’t forget and thought you were getting a big one I guess"
Received,"2025-12-22 15:54:30","I’m sorry "
Sent,"2025-12-22 15:54:31","So we might have to give her a little or something idk"
Received,"2025-12-22 15:54:34","She’s writing now "
Received,"2025-12-22 15:54:36","Ok "
Sent,"2025-12-22 15:55:07","Please fucking hurry though"
Sent,"2025-12-22 15:55:12","Because that’s only making things worse"
Received,"2025-12-22 15:55:33","I am! Holy shit "
Sent,"2025-12-22 16:00:57","Don’t be mad at me!!!!"
Sent,"2025-12-22 16:01:16","I’m already dealing with one mad person currently"
Received,"2025-12-22 16:02:03","Going to atm "
Received,"2025-12-22 16:08:38","On my way "
Received,"2025-12-22 16:36:51","Any word "
Sent,"2025-12-22 16:42:38",no
Sent,"2025-12-22 16:43:04","okay she has GOT to stop drinking fucking tequila all day lont"
Sent,"2025-12-22 16:43:10","This is fucking absurd"
Received,"2025-12-22 16:52:06","Uh oh "
Received,"2025-12-22 17:03:01","I got that spiral candle wax in the mail today"
Received,"2025-12-22 17:03:04","I wrapped it "
Received,"2025-12-22 17:05:06","But as for the tequila… that’s bad enough but the fact it’s like bottom shelf is worse "
Sent,"2025-12-22 17:18:27","Would you like to know how bad it is"
Sent,"2025-12-22 17:18:40","So somehow she sat there and stirred and got herself so angry"
Received,"2025-12-22 17:18:40","I’m scared lol"
Sent,"2025-12-22 17:18:50","That she thought I was asking her to cover the money"
Sent,"2025-12-22 17:19:00","And didn’t put an order in for me"
Sent,"2025-12-22 17:19:20","Like she is fucking out of control and John is here and I said something to him about it "
Sent,"2025-12-22 17:19:24","And he was like "
Sent,"2025-12-22 17:19:30","“YEAH NO FUCKING KIDDING”"
Received,"2025-12-22 17:19:34","Oh god "
Sent,"2025-12-22 17:19:36","Either way I’ll still be getti"
Received,"2025-12-22 17:19:43","Well "
Sent,"2025-12-22 17:19:44","But that’s how fucking out of control it is"
Received,"2025-12-22 17:20:02","I’ll probably just come back over "
Received,"2025-12-22 17:20:12","Maybe I can change her mood i dont know lol"
Received,"2025-12-22 17:20:24","Wait so "
Received,"2025-12-22 17:20:32","Does he even know to bring mine "
Received,"2025-12-22 17:29:13","I think I am going to have dinner in a few minutes with my parents at Marucas then I’ll come over "
Sent,"2025-12-22 18:13:41","When are you coming"
Received,"2025-12-22 18:17:05","Eating right now"
Received,"2025-12-22 18:37:32","Leaving soon "
Received,"2025-12-22 18:51:02","On my way "
Sent,"2025-12-22 20:11:13","Did you get back without any accidents?  Not vehicular, just bathroom"
Received,"2025-12-22 20:13:19","I am home "
Received,"2025-12-22 20:13:23","Laughed at “Did you get back without any accidents?  Not vehicular, just bathroom”"
Received,"2025-12-22 20:13:36","Sorry I walked in the door and wanted to show my dad that letter bubba wrot e"
Received,"2025-12-22 20:13:50","So it was to his mom. Bubbas mom "
Received,"2025-12-22 20:14:03","I couldn’t read it I thought it said MM"
Received,"2025-12-22 20:14:06","But my dad said no it’s mom "
Sent,"2025-12-22 20:14:10","So your great grandma"
Sent,"2025-12-22 20:14:16","On your dads side"
Sent,"2025-12-22 20:14:56","was she alive when you were born?"
Received,"2025-12-22 20:15:23","I dont know
How we spelled her name but it is pronounced “gawg-ie”"
Received,"2025-12-22 20:15:39","Um I believe she passed right after I was born "
Received,"2025-12-22 20:17:00","I’m pretty sure I have a picture of her holding me as a newborn with Claire "
Received,"2025-12-22 20:18:42","Now that I think about it, that’s the name Elizabeth and Meredith called their grandma on Leann’s side. "
Received,"2025-12-22 20:19:29","Sorry just random thoughts in my head "
Sent,"2025-12-22 20:37:10","stop it I went upstairs to take me-me bowl to wash out. It’s so crazy to me that there was an entire extra generation on my mom’s side so Fran lived until I was 30 years old and had the same age vibes that your bubba and Sugie did/do to me"
Sent,"2025-12-22 20:38:29","Like I hadn’t even really put it together that they’re a generation closer to you than Fran was to me. Either way I wonder what the history about bill Buckley was specifically"
Received,"2025-12-22 20:38:57","Yes "
Sent,"2025-12-22 20:39:25","Because there’s a line in the letter that says “he’s our hero!” And it would be awesome to know what issue was the activating force "
Sent,"2025-12-22 20:41:36","something about “he’s our hero!” Spoke to me and it’s a tragedy I’ll never know what happened that inspired that line in the note lol"
Received,"2025-12-22 21:07:17","Right "
Received,"2025-12-22 21:07:26","Sorry I’m helping my mom "
Received,"2025-12-22 21:15:04","Well you could narrow it down slightly about things that he did before that book "
Received,"2025-12-22 21:15:10","If you really wanna know lol "
Sent,"2025-12-22 21:16:25","It’s just fun to know about our the times our grandparents chose to get overtly political because that wasn’t something they did very often back then"
Received,"2025-12-22 21:16:54","It is interesting "
Sent,"2025-12-22 21:22:21","Omg I can not with this"
Sent,"2025-12-22 21:22:27","She’s literally out of control"
Received,"2025-12-22 21:22:29","What’s "
Received,"2025-12-22 21:22:31","Going on now "
Sent,"2025-12-22 21:22:37","just slamming shit around"
Received,"2025-12-22 21:22:40",Argh
Sent,"2025-12-22 21:23:01","like she didn’t tell bop that we wanted anything"
Received,"2025-12-22 21:23:10","Just get Milo fed if you haven’t yet, the stay downstairs "
Sent,"2025-12-22 21:23:26","Because she had sat there and conflated 4 things and forgot all of the details "
Sent,"2025-12-22 21:23:32","i fed him as soon as you left"
Received,"2025-12-22 21:23:38","Loved “i fed him as soon as you left”"
Received,"2025-12-22 21:23:46","I’m sorry you are dealing with that "
Received,"2025-12-22 21:24:04","Just try to keep to yourself "
Sent,"2025-12-22 22:06:00","I am. Sorry if I seem kinda crabby today I just don’t feel awesome and her nonsense"
Sent,"2025-12-22 22:06:05","I love u"
Received,"2025-12-22 22:07:15","Completely understandable don’t apologize for that "
Received,"2025-12-22 22:25:42","This bagel is getting sweepy "
Received,"2025-12-22 22:27:08","Eggie is sorry she couldn’t stay over longer today. She has been running around like a maniac"
Sent,"2025-12-22 22:57:22","It’s okay sweetie, I’m sorry too but tomorrow be better"
Sent,"2025-12-22 22:57:33","get some sleep. I’m still hiding trying not to make any noise lol"
Sent,"2025-12-22 22:57:37","I love you so much"
Received,"2025-12-22 23:02:51","I love you and I love clean stinky butt boy "
Received,"2025-12-23 09:35:31","Good morning "
Sent,"2025-12-23 10:05:12","Hi how are you"
Received,"2025-12-23 10:05:23","Peepy girl"
Received,"2025-12-23 11:18:35","Okay I have thirty dollars right now."
Sent,"2025-12-23 11:46:56","My mom isn’t going to be around all day so if you want to see him before tonight we need at least 50"
Received,"2025-12-23 11:47:22","Argh "
Received,"2025-12-23 11:51:06","I dont know if I can get another twenty "
Sent,"2025-12-23 11:54:35","That’s the only way we’d be able to get anything"
Received,"2025-12-23 11:56:50",Fml
Sent,"2025-12-23 12:21:00","what do you think"
Received,"2025-12-23 12:26:42","I will try "
Received,"2025-12-23 12:44:56","Let me dry my hair real quick I have fifty "
Received,"2025-12-23 12:46:00","Nvm not drying my hair lol "
Received,"2025-12-23 12:46:03","Gotta go to atm "
Received,"2025-12-23 13:06:45","I’m n my way "
Received,"2025-12-23 14:31:31","Any word?"
Sent,"2025-12-23 15:01:02","Not yet bb"
Received,"2025-12-23 15:01:38","Grrrrrr ok"
Sent,"2025-12-23 15:50:54","30 min"
Received,"2025-12-23 15:51:08","PERFECT "
Received,"2025-12-23 15:51:26","I have to go down to Claire’s to get the kids ready around then I’m getting ready now "
Received,"2025-12-23 15:51:34","Then I’ll come over then go to Claire’s "
Received,"2025-12-23 15:52:05","Thank you honey "
Received,"2025-12-23 16:18:24","I gotta get to Clare’s first unless he came already "
Received,"2025-12-23 16:47:06",Hello?
Received,"2025-12-23 16:49:04","Well I have to get the kids up to my parents "
Received,"2025-12-23 16:49:17","Bc Claire isn’t ready "
Sent,"2025-12-23 16:58:16","Where are"
Received,"2025-12-23 17:03:31","Tell me Dan???"
Received,"2025-12-23 17:03:38","I’m back at home now "
Sent,"2025-12-23 17:06:49",?
Sent,"2025-12-23 17:06:57","I thought you were coming over?"
Sent,"2025-12-23 17:07:11","i’m sorry maybe I didn’t understand idk"
Received,"2025-12-23 17:11:34","I had to get Claire’s kids "
Received,"2025-12-23 17:11:54","Is your mom home yet "
Sent,"2025-12-23 17:18:02","No why?"
Sent,"2025-12-23 17:21:35","I make you a deal - I promise not to get shitty/crabby/moody/whatever about not seeing you very much if you promise not to let everything going on for the holidays fuck up the momentum of how things have been"
Received,"2025-12-23 17:27:02","I promise "
Received,"2025-12-23 17:41:36","So how am I gonna get it "
Received,"2025-12-23 17:45:44","I’ll try to escape for a min"
Received,"2025-12-23 17:51:32","Coming "
Sent,"2025-12-23 19:17:09"," I love you"
Sent,"2025-12-23 19:17:25","Please don’t drink too much pookz"
Sent,"2025-12-23 19:50:44","😟 "
Received,"2025-12-23 21:26:21",Hi
Received,"2025-12-23 21:26:24","I am not drinking much "
Received,"2025-12-23 21:26:27","I love you "
Sent,"2025-12-23 21:54:30","Bop is coming over"
Sent,"2025-12-23 21:54:46","So I’ll have a blunt for us for tomorrow"
Received,"2025-12-23 22:33:57","Yummy "
Sent,"2025-12-23 23:49:06","Well goodnight I guess"
Sent,"2025-12-23 23:49:09","I love you"
Received,"2025-12-23 23:57:52","Everyone just left. "
Sent,"2025-12-24 00:04:32","I did some stuff for her in exchange for some z if you wanna sneak out "
Sent,"2025-12-24 00:04:43","It okay if not"
Sent,"2025-12-24 00:04:50","But I wanted to at least offer 😟 "
Received,"2025-12-24 00:12:28","Sneak out!"
Received,"2025-12-24 00:25:24","So I ended up spending a majority of the night with Cameron. Thats Michelle’s daughter. The one who I said i feel like we have a lot in common. Example, eating disorders, drug use. "
Received,"2025-12-24 00:25:34","And so we finally sat down and started talking "
Received,"2025-12-24 00:25:45","And turns out. SHE HAD AN ABORTION TOO"
Sent,"2025-12-24 00:30:06","I was gonna say “that’s good” but I don’t mean her abortion lmao"
Sent,"2025-12-24 00:30:13","Do you not know her at all?"
Received,"2025-12-24 00:30:35","She’s like 24? 25?"
Received,"2025-12-24 00:30:49","She’d younger than me. I remember when she was born "
Received,"2025-12-24 00:31:50","And like I have mentioned to her mom multiple times that I wanted to talk to her and I wanted to see her the last time she came in a few months ago but Michelle wouldn’t connect us together "
Received,"2025-12-24 00:32:00","So we finally sat down and talked and like "
Sent,"2025-12-24 00:32:24","what’d you find out"
Received,"2025-12-24 00:32:33","Everything we said the other knew exactly what the other meant or had gone through the same thing g "
Received,"2025-12-24 00:32:38","Except one instance "
Received,"2025-12-24 00:33:27","The reason she came in recently and why Michelle didn’t want anyone (meaning Sugie or marika) to know that she was in town, was because her ex bf pulled a gun on her "
Received,"2025-12-24 00:33:54","And said he was going to kill her and then kill him self"
Received,"2025-12-24 00:35:24","And I told her “I knew you were in town your mom told me and I told her I wanted to see you bc i felt like we had a lot in common in life but she never answered me about seeing you “"
Received,"2025-12-24 00:35:51","But like damn. I didn’t know it was about her ex trying to kill her"
Received,"2025-12-24 00:36:27","But like she and I exchanged numbest. Her mom had to pry her away from me to leave lol "
Received,"2025-12-24 00:36:42","Numbers "
Sent,"2025-12-24 00:36:43","Okay so…"
Sent,"2025-12-24 00:36:57","Do I get credit for NOT violently abusing you and or trying to kill you"
Received,"2025-12-24 00:37:06","wtf hahahah "
Sent,"2025-12-24 00:37:09","Or is it only a strike against him"
Received,"2025-12-24 00:37:15","Yes Dan "
Sent,"2025-12-24 00:37:18","lmao I kidding"
Received,"2025-12-24 00:37:30","You. Crazy lol"
Sent,"2025-12-24 00:38:03","i’m just saying!!!! The ONE thing that was a distinction"
Sent,"2025-12-24 00:38:20","is my lack of homicidal intent on you"
Received,"2025-12-24 00:38:25","That is like the one difference we had that we talked about lol"
Received,"2025-12-24 00:38:48","But like her baby would have been due any day now. That’s how recent her abortion was "
Received,"2025-12-24 00:39:08","Like it was earlier than when I found out I was pregnant "
Sent,"2025-12-24 00:39:29","have you realized yet that you will always be able to make anybody feel better about their abortion experience"
Received,"2025-12-24 00:39:39","Emphasized “have you realized yet that you will always be able to make anybody feel better about their abortion experience”"
Received,"2025-12-24 00:39:43","Yes "
Sent,"2025-12-24 00:39:50","Because yours truly was about as tragic and awful as it could possibly get"
Received,"2025-12-24 00:39:59","Talking to her and sharing our different experiences of it "
Received,"2025-12-24 00:40:09","Like I told her "
Sent,"2025-12-24 00:40:15","Most people literally take a pill and they get so upset about it"
Sent,"2025-12-24 00:40:17","And it’s like"
Received,"2025-12-24 00:40:22","The passed a law just WEEKS"
Received,"2025-12-24 00:40:26","After "
Received,"2025-12-24 00:40:34","Mine "
Received,"2025-12-24 00:40:44","Where I wouldn’t have been able to have an abortion "
Sent,"2025-12-24 00:41:01","i never told you this"
Received,"2025-12-24 00:41:03","I dont know I am just really happy I got to talk to her "
Sent,"2025-12-24 00:41:32","ah nevermind I tell you some other time"
Sent,"2025-12-24 00:41:43","It’s truly nothing important "
Sent,"2025-12-24 00:41:52","Sorry lol"
Sent,"2025-12-24 00:42:39","Well whatever - as I was sitting there waiting for you when you went under somebody walked by carrying a conspicuously large biohazard container"
Received,"2025-12-24 00:43:10","Tell me "
Sent,"2025-12-24 00:43:25","And i’m quite certain I know what it was and even THAT exposure was unpleasant"
Received,"2025-12-24 00:43:35","Fuck "
Sent,"2025-12-24 00:43:38","So I can only. fucking.imagine. "
Sent,"2025-12-24 00:43:46","What itwouldbe like to have it INSIDE of you omg "
Received,"2025-12-24 00:43:50","I’m sorry I cannot wrap my head around this "
Sent,"2025-12-24 00:43:54","That weekend was crazy"
Received,"2025-12-24 00:44:00","Did I tell you "
Sent,"2025-12-24 00:44:03","I remember so well feeling sobbed for you"
Sent,"2025-12-24 00:44:10","So bad*"
Received,"2025-12-24 00:44:21","When I was waking up from the procedure"
Received,"2025-12-24 00:44:29","I asked the nurse who was with me "
Received,"2025-12-24 00:44:43","I said “do you know if the fetus was a boy or a girl?”"
Received,"2025-12-24 00:45:18","And like i dont know why i asked that.., bc when i had my few ultrasounds i refused to look at the monitor and i refused to listen to the heart beat "
Sent,"2025-12-24 00:45:40","That is the most annie ulmer thing I’ve ever heard - get through the entire thing without putting yourself through immense unnecessary emotional stress only to make it the very first thing you do after the entire affair isover"
Sent,"2025-12-24 00:45:52","….well? What did she say?"
Received,"2025-12-24 00:46:13","She didn’t known"
Received,"2025-12-24 00:46:20","She wasn’t there "
Received,"2025-12-24 00:46:27","And I am glad she didn’t know "
Sent,"2025-12-24 00:47:10","yeah I was not really looking forward to getting the answer but if you had to endure it then I feel like I should too"
Received,"2025-12-24 00:47:32","I remember asking if the fetus was really as ‘messed up’ as we were told "
Received,"2025-12-24 00:48:01","And she told me she didn’t know "
Sent,"2025-12-24 00:48:07","do you see how insidious these right wing laws are that force women to have multiple ultrasounds and have consultations with religious “crisis management staff”"
Sent,"2025-12-24 00:48:37","i don’t remember anyone actually saying that"
Received,"2025-12-24 00:48:43","My first concern coming out of anesthesia was the fetus I was aborting "
Received,"2025-12-24 00:48:55","No one said the exact words messed up"
Received,"2025-12-24 00:49:13","That’s just what I can come up with right now okay lol"
Sent,"2025-12-24 00:49:58","Do you remember when you told your parents and came back saying something along the lines of like “well Claire said she will take it” "
Sent,"2025-12-24 00:50:18","and in any regular situation that wouldn't be nearly as unsettling"
Received,"2025-12-24 00:51:01",Yep
Sent,"2025-12-24 00:51:05","but noone other than you and I knew what the actual primary concern was"
Received,"2025-12-24 00:51:06","She first said "
Received,"2025-12-24 00:51:10","Well wait "
Received,"2025-12-24 00:51:52","First, she said, I will take the baby and I said no Claire. And this was after we already had gone to Planned Parenthood and knew that it was not going to be a normal or healthy pregnancy so we had already decided that I was not going to go through with the pregnancy."
Received,"2025-12-24 00:52:50","And then she said well why not let Caitlin raise the baby and I told her no. First of all it’s not healthy for me or this unborn child. I’m already 20 weeks along with zero prenatal care not to mention daily use of drugs and not taking care of myself."
Received,"2025-12-24 00:53:25","And then I told her that my due date was November 18. Which was their wedding day. And she goes we can reschedule the wedding. I’ll cancel it."
Received,"2025-12-24 00:53:33","I said no "
Sent,"2025-12-24 00:53:59","Lmao I mean it’s so strangebecauuse that’s an incredibly thoughtful and generous thing to offer and position to take"
Sent,"2025-12-24 00:54:03","But just remember being like "
Received,"2025-12-24 00:54:10","Yeah it is but"
Sent,"2025-12-24 00:54:29","fuuuuuuuuuuuuuuuck because nobody could truly understand just how much of a non-choice it was at that point"
Received,"2025-12-24 00:54:34","Like even if adoption was a thought in my head I couldn’t live with myself "
Received,"2025-12-24 00:54:47","Seeing MY CHILD "
Received,"2025-12-24 00:54:54","being raised but a close family member "
Sent,"2025-12-24 00:55:01","But even before that"
Received,"2025-12-24 00:55:22","I know "
Received,"2025-12-24 00:55:28","I mean my mom kinda knew "
Received,"2025-12-24 00:55:33","She was on my side "
Sent,"2025-12-24 00:55:40","The level of cruelty to roll the dice on bringing a kid into the world with potentially awful situation was just like"
Received,"2025-12-24 00:55:49","Exactly "
Received,"2025-12-24 00:55:59","And Cameron and I talked ALOT about that "
Sent,"2025-12-24 00:56:21","and the downsides, even in the absolute most extreme, awful abortion scenario were still basically 0"
Received,"2025-12-24 00:56:27","How selfish it would be to know your child is going to be born with health problems "
Received,"2025-12-24 00:56:34","And still choose to bring it into this world "
Sent,"2025-12-24 00:56:37","Like there’s no central nervous system to feel pain"
Sent,"2025-12-24 00:56:59","So while it is probably a disgusting visual procedure…it’s not like someone was suffering or actually in pain"
Received,"2025-12-24 00:57:03","I dont know i really dont want to get deep into this right now "
Received,"2025-12-24 00:57:16","Well I was lol technically "
Sent,"2025-12-24 00:57:20","….I mean we already covered the entire thing lmao"
Sent,"2025-12-24 00:57:30","You know what I mean lol"
Received,"2025-12-24 00:57:41","I had to get dilated and prepare my body to give birth for a week "
Sent,"2025-12-24 00:57:58","I was not saying it was not painful mentally and physically for you"
Received,"2025-12-24 00:58:08","That was hell. Mentally. Physically. Emotionally. "
Sent,"2025-12-24 00:59:06","i think hell would be spending the rest of our lives caring for another human who would suffer and never enjoy a full life when there was an imperfect but workable solution "
Sent,"2025-12-24 00:59:11","But I am sure it was awful"
Sent,"2025-12-24 01:00:15","do you remember taking the test"
Received,"2025-12-24 01:00:34","Yeah Dan "
Sent,"2025-12-24 01:00:45","I’m just asking because I remember it so well"
Received,"2025-12-24 01:00:50","Listen I know I brought this topic up"
Sent,"2025-12-24 01:00:51",sorry
Received,"2025-12-24 01:00:58","But it’s making me emotional "
Received,"2025-12-24 01:01:08","And I can’t right now "
Received,"2025-12-24 01:08:10","I’m sorry "
Received,"2025-12-24 01:08:16","I just need to go to sleep "
Received,"2025-12-24 01:11:47","I love you and thank you for listening to me ramble "
Sent,"2025-12-24 01:12:14","I love you too"
Sent,"2025-12-24 01:12:17","I’m sorry"
Received,"2025-12-24 01:12:33","Don’t be sorry???"
Received,"2025-12-24 01:12:37","you crazy "
Received,"2025-12-24 01:12:43","Turd brain "
Received,"2025-12-24 01:13:19","That reminds me, Otto’s favorite phrase today was “butt cheek”"
Received,"2025-12-24 01:22:27","I love you and I love clean stinky boy Mimi goodnight turds "
Sent,"2025-12-24 08:45:35","GOOODMORNING MERRY KKKWISTMAS"
Received,"2025-12-24 09:00:25","It’s Christmas Eve lol"
Sent,"2025-12-24 09:09:35","yes i know that"
Received,"2025-12-24 09:46:30","Goofball "
Sent,"2025-12-24 09:53:47","Milo said this Is the most Christmas he’s ever don"
Sent,"2025-12-24 09:55:48","He said he’s used to just watching eyes wide shut"
Received,"2025-12-24 09:55:53",Hahahah
Received,"2025-12-24 09:55:58","What’s he doing "
Sent,"2025-12-24 09:56:10",eepin
Received,"2025-12-24 09:56:35","With da heater "
Sent,"2025-12-24 09:57:17","Missin his momma"
Received,"2025-12-24 10:09:40","His momma misses him "
Received,"2025-12-24 11:41:46","I. Need. Drugs. NOW. "
Sent,"2025-12-24 11:53:29","Yeah I was gonna tell you my mom said that he’s probably not going to be around at all tomorrow but I’m assuming you won’t have a way to get money so it don’t matter"
Sent,"2025-12-24 11:54:16","Also she asked if you come over tonight"
Received,"2025-12-24 11:57:32","Argh "
Received,"2025-12-24 11:57:51","Yes I will. Church is tonight but i dont know if I wanna go"
Received,"2025-12-24 11:58:02","Let me see if I can get money "
Received,"2025-12-24 12:03:24","I have 40"
Received,"2025-12-24 12:32:08","I’m at target right now with Geeg"
Sent,"2025-12-24 13:08:20","I need yo monT"
Sent,"2025-12-24 13:09:07","Oh I seee you have time for other guys but not me "
Sent,"2025-12-24 13:09:11","Okay okay okay I see how it is"
Received,"2025-12-24 13:20:01","Shut up what hahaha"
Received,"2025-12-24 13:20:04","We just left "
Received,"2025-12-24 13:20:25","I will come over when we get back "
Sent,"2025-12-24 13:35:15","You can’t get 10 more?"
Sent,"2025-12-24 13:37:48","Hello??? I need to know the deal"
Sent,"2025-12-24 13:37:55","We running out of time"
Sent,"2025-12-24 13:46:20","well I don’t know if we’re going to be able to see him or not so"
Sent,"2025-12-24 13:53:00","Alright whatever"
Received,"2025-12-24 13:53:16","I’m coming hold on "
Received,"2025-12-24 14:00:02","I’m h my way "
Received,"2025-12-24 15:14:21","Home "
Sent,"2025-12-24 15:27:53","thank you b"
Sent,"2025-12-24 15:28:14","I love you I don’t know why you said you not pretty today you look beautiful"
Sent,"2025-12-24 15:28:21","Ravishing. Stunning. "
Received,"2025-12-24 15:36:43","Thank you "
Sent,"2025-12-24 16:11:28","😠"
Received,"2025-12-24 16:12:43","👹"
Sent,"2025-12-24 16:24:33","I kee you"
Received,"2025-12-24 16:28:22","I kiiiiiii yew "
Sent,"2025-12-24 16:35:14","Pic plzzzzz"
Received,"2025-12-24 16:37:38","Of me "
Received,"2025-12-24 16:41:21","￼"
Sent,"2025-12-24 16:46:05","Loved an image"
Sent,"2025-12-24 16:46:12","You’re perfect"
Received,"2025-12-24 16:46:50","🤭🤭"
Sent,"2025-12-24 17:11:22","Omg I’m so annoyed"
Sent,"2025-12-24 17:11:38","She is trying SO fucking hard to do like a 1990’s fucking Christmas here"
Sent,"2025-12-24 17:12:08","Screaming at me that she needs my help and I go help her and she doesn’t have anything for me to do other than to sweep the 3 leaves off of the front step"
Sent,"2025-12-24 17:12:23","I was like “are people coming here” and she didn’t even have an answer lol"
Received,"2025-12-24 17:12:47","Dan just let her "
Received,"2025-12-24 17:12:58","She has been alone for Christmas for years "
Received,"2025-12-24 17:13:55","I mean yeah i agree there shouldn’t be yelling to help the have nothing for you to do lol"
Received,"2025-12-24 17:14:53","But i think she may just want to feel some ‘normalcy’ and she enjoys entertaining even if it isn’t for a lot of people "
Received,"2025-12-24 17:15:10","I’ll be back over to help "
Sent,"2025-12-24 17:36:44","It’s not a big deal it’s just like she is pretending she is so stressed out "
Sent,"2025-12-24 17:37:18","And I’m like okay well literally you could choose to do as little or as much as you feel like , noone else has any expectations that you are doing anything so like"
Sent,"2025-12-24 17:38:05","And then like, don’t demand that we listen to YOUR music if you’re the person who wants me around lmao. "
Sent,"2025-12-24 17:38:14","Idk it will help if you’re here"
Received,"2025-12-24 17:38:46","lol yeah she asked me “are you coming back? I lost my best helper!” "
Sent,"2025-12-24 17:40:59","Unrelated but"
Sent,"2025-12-24 17:41:05","sweet onion teryiaki chicken - italian bread - provolone - toasted - lettuce/onion/blk olives- sweet onion dressing "
Sent,"2025-12-24 17:41:13","Is that still your preferred subway order lol"
Received,"2025-12-24 17:41:51","Yes "
Received,"2025-12-24 17:42:01","Extra olives. Extra dressing "
Sent,"2025-12-24 17:43:09","Got it."
Received,"2025-12-24 18:02:11","Just so you know hahah"
Sent,"2025-12-24 18:36:18","What time are u coming"
Sent,"2025-12-24 18:40:10",?
Received,"2025-12-24 18:40:13","Like 30-45 min?"
Received,"2025-12-24 18:40:21","Maybe less "
Received,"2025-12-24 18:40:28","I surprise you lol"
Received,"2025-12-24 19:12:20","Sorry may be a wittle longer don’t be mad at me"
Sent,"2025-12-24 19:25:57","It’s fine don’t worry about it we can do something tomorrow or whatever"
Received,"2025-12-24 19:27:18","Nope "
Sent,"2025-12-24 20:03:42","Lmao I wanted SO badly to do the Fran “WHOSE BIRTHDAY IS IT ANYWAYS?”"
Received,"2025-12-24 20:03:50",Hahahhahaha
Received,"2025-12-24 20:03:54","I have that video "
Received,"2025-12-24 20:04:17","I’m sorry I am just trying to calm her down and put her in a better mood "
Sent,"2025-12-24 20:04:18","I swear to god I am like not trying to fuck with her or cause a problem"
Sent,"2025-12-24 20:04:52","Well that’s the thing she’ll be in a fine mood with you "
Received,"2025-12-24 20:05:03","I understood that "
Received,"2025-12-24 20:05:17","But like you saying little sly remarks about music or whatever "
Received,"2025-12-24 20:05:23","I dont know I’m not trying to criticize you"
Received,"2025-12-24 20:05:28","I promise I am not "
Received,"2025-12-24 20:05:43","But it just is adding  fuel the fire "
Sent,"2025-12-24 20:07:36","no I know your not and I honestly wasn’t trying to be a smartass I just have no other way to explain that she’s projecting whatever bullshit she’s mad about onto me"
Received,"2025-12-24 20:09:11","I know Dan I know "
Received,"2025-12-24 20:09:25","I just was trying to defuse the situation "
Sent,"2025-12-24 20:10:36","Or just complete fiction like the other day when she started to get mad when she remembered that we still owed her 60 and then spiraled into somehow convincing herself I was asking her for another 60 for free I don’t even know. It’s not your fault b you’re fine"
Received,"2025-12-24 20:11:16","I’m sorry "
Received,"2025-12-24 20:11:21","We are gonna wrap these gifts "
Sent,"2025-12-24 20:56:19","This is real nice "
Sent,"2025-12-24 20:56:38","She gets to just act like a fucking asshole and then I get to have a shit night"
Sent,"2025-12-24 20:56:41",Awesome.
Sent,"2025-12-24 20:57:21","She thinks you’re telling me that I’m the problem"
Sent,"2025-12-24 20:57:28","I’m so fucking ver this"
Sent,"2025-12-24 20:58:04","She’s mad at ME because of the $60 that I only asked to owe because you told me you would have it later that day"
Sent,"2025-12-24 21:09:03","Alright forget it "
Sent,"2025-12-24 21:18:02","Real cool thanks"
Received,"2025-12-24 21:18:06",wtf
Sent,"2025-12-24 21:18:18","Would you like to tell me what the fuck I did wrong"
Received,"2025-12-24 21:18:25","You didn’t do ANYTHING "
Sent,"2025-12-24 21:19:08","So maybe you could like fucking help me to SOME small degree"
Sent,"2025-12-24 21:19:29","Because as always It’s being portrayed as me just being fucking anti-social"
Sent,"2025-12-24 21:20:14","And I’m not sure why you couldn’t come hang out with me"
Sent,"2025-12-24 21:20:16",but
Sent,"2025-12-24 21:20:17","Whatever "
Sent,"2025-12-24 21:21:22","If you feel the need to come down just to say you need to go home you can just go"
Sent,"2025-12-24 21:24:17","i do not understand what is wrong with me that nobody will ever help or take my side in a situation like this"
Received,"2025-12-24 21:24:56","I DID "
Received,"2025-12-24 21:25:06","I’m coming in a min Dan "
Sent,"2025-12-24 21:25:33","…you’ve been with her instead of me, what message do you think you’re sending"
Received,"2025-12-24 21:26:16","Alright "
Sent,"2025-12-24 21:27:43","or even to bop like you can’t explain that she ws just getting angry for no reason so I went back down"
Received,"2025-12-24 21:28:01","No I did explain to him when your mom walked away "
Received,"2025-12-24 21:28:22","Like I was taking your side and defending you "
Sent,"2025-12-24 21:44:59","Yea k"
Sent,"2025-12-24 21:56:21","I’ll just see you tomorrow"
Sent,"2025-12-24 21:56:29","this isn’t your fault "
Sent,"2025-12-24 21:56:36","Just let me know when you make it back"
Sent,"2025-12-24 22:04:09","can you at least shut my door so I don’t have to fucking listen "
Received,"2025-12-24 22:23:51","I made it home. Just so you know. Goodnight I love you. "
Sent,"2025-12-24 22:26:51",seriously
Sent,"2025-12-24 22:26:56","That’s what you have to say to me"
Sent,"2025-12-24 22:27:25","Guess this was a lie"
Sent,"2025-12-24 22:30:28","COOL I see we’re back to our old ways"
Sent,"2025-12-24 22:30:42","ignoring and lying. I shouldn’t have thought it would last. Goodnight,."
Sent,"2025-12-24 22:32:00","For the record also YOU involved yourself"
Sent,"2025-12-24 22:32:14","I tried to keep you out of it. Fuck you thanks for spending ANY time with me asshole"
Received,"2025-12-24 22:33:32","Dan stop it "
Received,"2025-12-24 22:33:53","I didn’t intend for things to escalate to this "
Received,"2025-12-24 22:34:13","But I can honestly say I understand where she was coming from with the whole dishes situation "
Sent,"2025-12-24 22:35:31","THAT WASN’T EVEN WHAT CAUSED THIS"
Sent,"2025-12-24 22:35:44","okay so "
Sent,"2025-12-24 22:35:51","Don’t tell me shit that isn’t true"
Sent,"2025-12-24 22:36:04","Don’t tell me that I did nothing wrong if I did dosmething wrong"
Sent,"2025-12-24 22:36:29","And thanks for choosing doing drugs over me "
Sent,"2025-12-24 22:36:36","Because that’s the reason you spend no fucking time with me "
Sent,"2025-12-24 22:37:13","whatever you do not understand what the fuck you did by taking her side directly against me like that"
Sent,"2025-12-24 22:37:31","I’m done with this I don’t want to argue with you I have no idea why you just did that"
Sent,"2025-12-24 22:37:33",Goodnight
Received,"2025-12-24 22:39:56","Doing drugs over you????"
Received,"2025-12-24 22:39:59","What drugs "
Received,"2025-12-24 22:41:43","BECAUSE I ONLY GOT HAF A LINE OUT OF ALL OF THAT DANIEL. then after bop came and saw i was wrapping his presents he said “i got something for dan for Christmas tomorrow.” I said oh tha is nice if you. And he goes “o got you too for doing this for me”"
Received,"2025-12-24 22:43:08","Like do you not think that i am smart and observant enough to make any situation work out for me or you in mind??? Like you have to know by now that I used my multiple personalities to MINE AND YOURS ADVANTAGE "
Received,"2025-12-24 22:43:29","like can you at least admit that you are aware of that???? "
Received,"2025-12-24 22:44:26","Everything I do, every move I make I have in mind to benefit myself or you or us "
Sent,"2025-12-24 22:54:18","that was not waht I was saying at all"
Sent,"2025-12-24 22:54:39","Listen NONE of this needed to be about or directed to you"
Sent,"2025-12-24 22:55:01","But you have NO idea how insane she has been and this was SO UNBELIEVABLY trivial "
Received,"2025-12-24 22:56:35","Dan I do know "
Sent,"2025-12-24 22:57:03","And at some point I just don’t want to cause ANOTHER fight so i went and minded my ownebusiness "
Sent,"2025-12-24 23:00:49","and if i can just ask you to please remember that this was not me getting angry with her"
Sent,"2025-12-24 23:01:25","i'll stop this is so unbelievably incredibly stupid and unnecessary "
Received,"2025-12-24 23:02:28","Dan I am well aware "
Received,"2025-12-24 23:02:53","I know that the start of all of this every single time is not because of you "
Received,"2025-12-24 23:07:56","But you need to understand that your sly remarks are jabs "
Received,"2025-12-24 23:08:06","And won’t ever get through to her "
Received,"2025-12-24 23:08:15","Even though you are right "
Received,"2025-12-24 23:08:45","I dont know. I am sorry if I offended you or did anything to make things worse or make you upset. "
Received,"2025-12-24 23:09:11","I am extremely tired and have to be up early to go to Claire’s for breakfast. "
Received,"2025-12-24 23:09:24","I love you. I am sorry for making things the way they are. "
Received,"2025-12-24 23:09:29","I love you. "
Received,"2025-12-24 23:09:35","Please feed Milo his dinner "
Received,"2025-12-24 23:09:59","Merry Christmas. I love you Dan, and again I am sorry for anything issues I have caused n"
Received,"2025-12-24 23:10:04","Goodnight ❤️"
Received,"2025-12-25 04:49:31","Dan "
Received,"2025-12-25 04:49:34","This storm"
Received,"2025-12-25 04:49:43","Woke me up. I’m scared "
Received,"2025-12-25 08:30:52","Merry Christmas "
Received,"2025-12-25 12:11:11","Are you still mad at me "
Sent,"2025-12-25 13:54:57","My mom won’t even give me a cigarette"
Sent,"2025-12-25 13:55:04","I’m just staying in bed today"
Sent,"2025-12-25 13:55:16","Talk to you tomorrow"
Received,"2025-12-25 14:13:11","I’ll get you some "
Sent,"2025-12-25 16:51:24","Do you mind messaging her and asking if she’s heard frmohim?"
Received,"2025-12-25 16:54:30","Argh yeah "
Received,"2025-12-25 17:19:21","She hasn’t yet. She said she will try again "
Sent,"2025-12-25 19:03:44","she offers everyone a one hitter other than me"
Sent,"2025-12-25 19:03:51","Fuck thi"
Received,"2025-12-25 19:04:27",Ask??
Sent,"2025-12-25 19:04:42","No thc"
Sent,"2025-12-25 19:04:49",thx
Received,"2025-12-25 19:08:43","Can you come back here "
Sent,"2025-12-25 19:41:34","I had nothing to do with this"
Sent,"2025-12-25 19:41:50","But he took 40 of the money and canceled out the rest of what I owed him"
Sent,"2025-12-25 19:41:56","I had NOTHING to do with that"
Received,"2025-12-25 22:00:34","I made it home. Go look at the moon. It is so pretty. It’s like a warm yellowish sliver, but the sky is really clear and it looks really pretty."
Sent,"2025-12-25 22:02:06","i go look "
Sent,"2025-12-25 22:02:55","I also wanted to say sorry for making it seem like you were to blame last night. I was wrong and even though I wish you wouldn’t had made her think you were taking her side I feel really stupid and bad for the way I did react"
Sent,"2025-12-25 22:03:48","And not only that but the way YOU reacted to my bad reaction was different and better and I just feel stupid. "
Sent,"2025-12-25 22:05:04","Like I can explain why I got so worked and frustrated but it’s not even important and I shouldn’t have let myself take any of that out on you. I’m really sorry and I hope you will let me keep trying to show you that I want to do better in those kinds of situations"
Sent,"2025-12-25 22:05:21","I just feel like I missed an opportunity to do that and i’mmad at myself about it"
Sent,"2025-12-25 22:06:51","“wish you wouldn’t had made her think you were taking her side”      < just to be clear I ONLY mean that because of the way it shaped my interaction with her. I didn’t mean to insinuate that I was mad at you for your opinion "
Received,"2025-12-25 22:07:26","Dan I am not mad at you "
Received,"2025-12-25 22:07:30","You don’t have to apologize "
Received,"2025-12-25 22:07:50","And she and I talked and I explained that I can understand and see both sides of things "
Received,"2025-12-25 22:08:05","I just was trying to prevent what ended up happening "
Received,"2025-12-25 22:08:34","When I was telling you earlier in the day to just stop "
Received,"2025-12-25 22:08:43","Bc I knew it would escalate "
Received,"2025-12-25 22:09:00","I dont know. I am sorry if I overstepped any boundaries "
Sent,"2025-12-25 22:09:39","Also I think it’s important to say that I legitimately wanted to know if I was in the wrong or not. I am trying really hard to understand why I am just so fucking awful in those kinds of confrontations and it clearly has something to do with my insistence on trying to shoehorn logical analysis into largely emotional situations but it’s really confusing to me because I genuinely feel like i’mtrying to understand the facts and determine if I was right or wrong and every single time it spirals. 

I’m not so narcissistic that I can’t recognize tht it’s something I’m doing that causes that - whether I am right or wrong "
Received,"2025-12-25 22:09:53","But thank you for taking a step back and rethinking things and realizing whatever "
Received,"2025-12-25 22:10:25","Well tha is exactly what I was trying to say the whole time "
Received,"2025-12-25 22:10:33","And trying to get you to understand "
Sent,"2025-12-25 22:10:34","And I hope you can see that I sincerely was trying to do that even last night before I let myself get worked up about it. That was my inetino when isadi the thing about gram"
Received,"2025-12-25 22:10:43","I onow you were "
Sent,"2025-12-25 22:13:28","but I don’t understand what I’m doing that creates that - I feel like I say that I was wrong all of the time and even if I am not always successful, I really do TRY to look at stuff fairly and idk…I am just SO bad at confrontation and it’s so hard because (and I think you have seen it enough that you would believe me) my intent is to try to figure out the facts and see who is more correct….but my record for actually doing that is honestly 0% so it’s something I’m doing that perpetuates it"
Sent,"2025-12-25 22:13:50","Either way I want you to know that I am sorry and mad at myself for not using that opportunity to do something different and better."
Sent,"2025-12-25 22:14:16","And I see how hard you are trying which makes me even more mad at myself"
Received,"2025-12-25 22:14:41","You saying exactly that and realizing what you could have done differently is huge and I am not mad at you at all Dan "
Received,"2025-12-25 22:15:05","Btw you using a keyboard to text overwhelms me lol "
Sent,"2025-12-25 22:23:22","I’m sorry 😟 "
Received,"2025-12-25 22:24:10","No it’s okay lol"
Received,"2025-12-25 22:24:12","I’m sorry "
Received,"2025-12-25 22:24:21","I need to get I. The shower I feel icky "
Sent,"2025-12-25 22:25:58","You have nothing to be sorry for I promise you. You’ve been like a different person and I’m just so unbelievably thankful and lucky to have you in my life. "
Received,"2025-12-25 22:26:22","I love you "
Received,"2025-12-25 22:26:29","Hey I’ll make you a deal "
Sent,"2025-12-25 22:26:42","you’re the only person that has ever made me feel okay and I couldn’t fall out of love with you if I tried"
Received,"2025-12-25 22:26:59","If you tell your mom the toilet is running, I’ll send you a picture "
Sent,"2025-12-25 22:27:22","Make it a video and you’ve got a deal 😈"
Received,"2025-12-25 22:27:31",Fine
Sent,"2025-12-25 22:27:42",Brb
Received,"2025-12-25 22:27:48","Gotta clear the scene first so be patient "
Received,"2025-12-25 22:44:44","￼"
Sent,"2025-12-25 22:45:06","Omg I came back down at the exact right moment, did my mom confirm that I told her"
Sent,"2025-12-25 22:45:51","😍😍😍😵😵‍💫💀"
Sent,"2025-12-25 22:46:05","I’m dead goodbye goodnight "
Sent,"2025-12-25 22:46:22","Removed a heart from a movie"
Sent,"2025-12-25 22:47:19","it’s so fucking unfair that you gain weight and it only makes you EXPONENTIALLY more attractive"
Received,"2025-12-25 22:58:35","Thank you honey. And no she didn’t text me to confirm lol but I believe you "
Received,"2025-12-25 23:02:42","I dont know why i feel so like off right now. Like i have the weird pain in the left side of my stomach. It’s not like constant but occasionally just like a strange jab feeling. I thought like going to the bathroom would help but it hasn’t "
Received,"2025-12-25 23:02:52","And I ate plenty today so that isn’t it"
Sent,"2025-12-25 23:08:31","are you okay"
Received,"2025-12-25 23:08:51","I just want to sleep "
Sent,"2025-12-25 23:24:17","I’m sorry will you please let me know if you start feeling not okay"
Sent,"2025-12-25 23:24:21","Or if I can help at all"
Received,"2025-12-25 23:26:34","Thank you I will but I think I will be alright "
Received,"2025-12-25 23:27:05","Just has been a long couple of days and just really sleepy "
Received,"2025-12-25 23:27:30","Thank you for being upstairs this evening that made me happy"
Received,"2025-12-25 23:27:42","I love you turd"
Sent,"2025-12-26 01:42:46","I just now realized that I forgot to thank you for leaving that for me. "
Sent,"2025-12-26 01:43:57","I’m sorry - I wasn’t even thinking because there was a bunch of other stuff going on but thank you and I really am sorry that my debt to him caused you to get less"
Sent,"2025-12-26 05:08:17","i’m kinda super worried about your “ex girlf” comment - I don’t want to make a big deal over something stupid but I’m just not sure what to think of the fact that that’s how you see things idk I’m sorry"
Sent,"2025-12-26 07:52:08","Milo just woke me up playing with his lamby"
Sent,"2025-12-26 09:08:12","Good morning loser. I couldn’t go back to sleep so I cleaned the room and bathroom and did a bunch of the dishes from last night "
Received,"2025-12-26 09:30:57","Loved “Milo just woke me up playing with his lamby”"
Received,"2025-12-26 09:31:10","Good morning turd"
Received,"2025-12-26 10:41:04","So I think I am going to visit my aunt with my mom this afternoon. Can I bring sixty over before we leave?"
Received,"2025-12-26 11:13:16","The we can hangout when i get back later "
Sent,"2025-12-26 11:37:07",yep
Received,"2025-12-26 11:37:22",What
Received,"2025-12-26 11:37:33","Why are you yep-ing me "
Sent,"2025-12-26 11:38:15","You asked you could bring money over"
Received,"2025-12-26 11:38:35","Okay sorry "
Received,"2025-12-26 11:40:19","I used this black head mask earlier and it was like the complete opposite of the pic I sent when I had dry shampoo on my face 😂 I was going to take a pic for you but I was like no that’s extremely offensive looking "
Received,"2025-12-26 12:21:05","About to go to atm "
Received,"2025-12-26 12:30:03","On my way "
Received,"2025-12-26 15:04:07","Did he come yet "
Received,"2025-12-26 15:04:16","Please I beg you don’t do a ton of it "
Sent,"2025-12-26 16:14:51","Alright geez"
Sent,"2025-12-26 16:15:03","Listen he keeps telling me"
Sent,"2025-12-26 16:15:39","if we go back to getting even one regular one a week, we would get basically 2x as much even on the smaller ones"
Sent,"2025-12-26 16:16:18","He said that everyone else has to get 2 regular ones each week to get that deal but we would only need to do 1"
Sent,"2025-12-26 16:17:18","and listen I am NOT making a criticism or suggestion about your money I am just saying tht even if we skipped one day and used that money to get a big one another day - it would be incredibly worth it"
Sent,"2025-12-26 16:19:21","PLEASE do not interpret this as anything other than a suggestion about how to get much more out of whatever money you would already be spending. i’m trying to find a way to make the exact same situation work better"
Sent,"2025-12-26 16:24:17","Also this year has put things into much clearer perspective and I would not care if we never got it again because (while it wouldn’t be ‘awesome’) there’s nothing I care about more than not losing you. 

i can not tell you how much I fucking hated that feeling and i don’t care what I need to do to avoid that."
Received,"2025-12-26 16:49:05","I understand I didn’t know that was the situation I’m sorry "
Received,"2025-12-26 16:49:21","Has he come yet? "
Sent,"2025-12-26 16:56:14","yeah like 30 mins agoo"
Sent,"2025-12-26 16:56:38","Are you still - well I don’t know where you are but - wherever lol"
Sent,"2025-12-26 17:12:55"," Uh ok"
Sent,"2025-12-26 17:26:41",?
Received,"2025-12-26 17:44:50","Heading back"
Received,"2025-12-26 17:44:56","I’ll come right ove t"
Received,"2025-12-26 17:49:14","Like why are you being so impatient 👹"
Sent,"2025-12-26 17:50:43","I mean I thought we were going to hang out and I haven’t seen you at all in 5 days"
Sent,"2025-12-26 17:53:04","are you in Pittsburgh? "
Received,"2025-12-26 17:55:12","I TOLD YOU I WAS COMING OVER AS SOON AS I GET BACK"
Received,"2025-12-26 17:55:16","yes we will hang out "
Received,"2025-12-26 17:55:39","Calm yourself. Please. I have been wanting to leave for hours. I’m annoyed already as it is "
Sent,"2025-12-26 18:06:01",k
Received,"2025-12-26 18:43:27","Almost back "
Received,"2025-12-26 18:54:49","On my way "
Sent,"2025-12-26 19:12:14","I’m coming up but I do not want to get stuck up there instead of getting to hang out with you okay?"
Sent,"2025-12-26 19:12:59","I’m trying to balance that kind of stuff better but that means hanging out together also"
Sent,"2025-12-26 21:07:17","well I suppose I’m to assume you made it safely but"
Sent,"2025-12-26 21:07:49","I got something from her, knowing I absolutely won’t see you again tonight otherwise so if you decide you want to come back there will be something here fo rus"
Received,"2025-12-26 21:08:55","Yes I did make it I’m sorry I had to run inside it started pouring down rain I’m sorry "
Received,"2025-12-26 21:56:31","I am back home. I am so tired "
Sent,"2025-12-26 21:56:32","If you’re not coming can you at least tell me"
Sent,"2025-12-26 21:56:41",Ok
Received,"2025-12-26 21:56:52","You’re mad at me "
Sent,"2025-12-26 21:58:48","Uh well you just let me think we were going to hang out all day, got annoyed when I was trying to find out where you were or when I would see you and then bailed on me "
Sent,"2025-12-26 21:59:03","But whatever I’m not mad at you it just sucks to get misled"
Received,"2025-12-26 21:59:15","I am sorry "
Sent,"2025-12-26 21:59:40","Yeah it just seems like we’re back to the old shit like I was afraid of but"
Sent,"2025-12-26 21:59:46","That’s kinda out of my hands"
Received,"2025-12-26 21:59:46","No we are not"
Received,"2025-12-26 21:59:51","I promise you that "
Received,"2025-12-26 22:51:42","I fell asleep already. I’m sorry Dan. Promise we will spend more time together tomorrow. I love you and I love mimi"
Sent,"2025-12-27 12:38:42","If you come over can you please get me a pack of cigarettes on your way"
Sent,"2025-12-27 12:38:58","She will give you the money for it"
Received,"2025-12-27 12:45:00","Yes "
Received,"2025-12-27 12:45:21","I was going to get us Chinese "
Received,"2025-12-27 12:45:48","I really want to get something today., i dont know if she is able to help or not."
Received,"2025-12-27 12:45:51","I have twenty "
Received,"2025-12-27 12:46:57","Do you want orange chicken?"
Sent,"2025-12-27 12:54:38","20 is not going to cut it and she will NOT help she’s in a terrible mood"
Sent,"2025-12-27 12:55:02","No I’drather have tso’s"
Received,"2025-12-27 12:58:57",Fml
Received,"2025-12-27 12:59:03","Alright "
Sent,"2025-12-27 12:59:41","You’d need to have at least 50"
Sent,"2025-12-27 13:00:17","Just assume from now on that I can’t see him for you if you have  less than that"
Sent,"2025-12-27 13:00:27","I’m tried of getting bitched at by her about it"
Sent,"2025-12-27 13:00:51","And I’m in a terrible fucking mood too because you keep telling me we’re going to spend time together and then you don’t do it"
Sent,"2025-12-27 13:01:19","Forget about the cigarette’s she’s just going to go"
Sent,"2025-12-27 13:05:23","If you’re trying to come up with more money or something that’s fine but idk"
Received,"2025-12-27 13:12:35","Wow "
Received,"2025-12-27 13:12:37","Alright. "
Sent,"2025-12-27 13:20:03","What? You blew me off AGAIN last night"
Sent,"2025-12-27 13:24:04",wow
Sent,"2025-12-27 13:24:08",alright
Received,"2025-12-27 13:24:24","I will be over in a little bit. "
Sent,"2025-12-27 13:24:54","Lol kj"
Sent,"2025-12-27 13:25:21","(When you need something)"
Received,"2025-12-27 13:28:02",?
Received,"2025-12-27 13:43:16","Waiting on the food "
Sent,"2025-12-27 13:55:46","Are you getting sometjomg today or no"
Received,"2025-12-27 14:00:22","I just got the food "
Received,"2025-12-27 14:00:33","How do you expect me to get more than the twenty I have Dan "
Sent,"2025-12-27 14:01:20","where did I say I expected you to get more money"
Sent,"2025-12-27 14:01:35","I asked if you were getting something or not "
Received,"2025-12-27 14:01:36","I had to use sugies fucking card to pay for the phone bill today"
Received,"2025-12-27 14:02:50","I’m trying to get money Dan. "
Received,"2025-12-27 14:05:25","Like I have been saying this for two years now that I’m so tired of being the one and only one who make sure everything is taken care of"
Received,"2025-12-27 14:05:36","And then you wanna get a shitty attitude with me asking me do you want something or not? Do you want something or not?"
Received,"2025-12-27 14:05:45","Yes, obviously I fucking want something"
Received,"2025-12-27 14:06:07","You’ve just always had everyone take care of everything for you"
Received,"2025-12-27 14:06:13","Everything always works out in your favor"
Sent,"2025-12-27 14:06:14","fucking forget it"
Received,"2025-12-27 14:06:18","No "
Sent,"2025-12-27 14:06:29","You don’t seem to realize that I DON”T GET ANYTHING"
Sent,"2025-12-27 14:06:38","When I was the one buying everything I WAS SPLITTING IT WITH YOU"
Received,"2025-12-27 14:06:42","I’ll see you in a min. "
Sent,"2025-12-27 14:06:50","That’s NOT what happens n"
Received,"2025-12-27 14:06:50","I’m on my way. "
Sent,"2025-12-27 14:07:05","fuck off just forget it"
Received,"2025-12-27 14:07:12",No
Received,"2025-12-27 14:07:22","That’s how you want to handle this("
Received,"2025-12-27 14:07:29","Just fuck off?"
Sent,"2025-12-27 14:07:41","It’s hilarious that you are the one telling me that everything works out in my favor"
Sent,"2025-12-27 14:07:54","the same person who comes over here to show me all the new clothes and shit that they get"
Sent,"2025-12-27 14:08:16","If you think that ANYTHING has worked out for me in the past year, you’re not paying attention"
Sent,"2025-12-27 14:08:39","I am getting shit FOR YOIU"
Sent,"2025-12-27 14:08:52","this is not at all what was happening when I had a bunch of money"
Sent,"2025-12-27 14:09:09","Even when you got 100 you barely gave me anything"
Sent,"2025-12-27 14:09:22","So don’t tell me that I am ASKING YOU for shit"
Received,"2025-12-27 14:17:11","Let me in "
Received,"2025-12-27 17:07:27","Going back home now to feed the dog and pack up some food for Sugie "
Received,"2025-12-27 17:07:32","Then I will come back over"
Sent,"2025-12-27 17:33:46","It’s fine just get your stuff done and then come back. I would rather you just take care of what you need to and then come back so that we can actually hang out without you having to leave or worry about needing to go do something"
Received,"2025-12-27 17:35:03","I’m on my way"
Received,"2025-12-27 17:35:40","But please don’t be mad at me. We are having dessert with the family. That’s still in town around 7:30 at my aunts house."
Received,"2025-12-27 17:36:49","Please "
Received,"2025-12-27 19:31:39","Made it "
Sent,"2025-12-27 19:35:30","Okay b thank you"
Sent,"2025-12-27 19:35:32","I love you"
Received,"2025-12-27 19:35:49","I love you "
Received,"2025-12-27 20:54:08","I just noticed, my pink lighter is not in my purse. "
Received,"2025-12-27 20:54:19","I had it out on Christmas Day in the kitchen "
Received,"2025-12-27 20:57:56","If it’s gone it’s okay lol not a big deal. And i definitely don’t want it to cause an argument with your mom for whatever reason lol"
Sent,"2025-12-27 21:22:34","is it just a regular bic lighter?"
Received,"2025-12-27 21:38:56","The ones I got for you guys "
Sent,"2025-12-27 21:49:15","I have every color other than pink lol - green, purple and blue"
Sent,"2025-12-27 21:49:23","But you can have whatever you want "
Sent,"2025-12-27 21:55:32","Aareyou home"
Received,"2025-12-27 23:07:13","Don’t worry about the lighter lol I won’t die over it "
Received,"2025-12-27 23:07:13","But yes. I’m sorry i already fell asleep "
Sent,"2025-12-28 04:43:25","I love you"
Sent,"2025-12-28 04:43:27","I’m worried"
Received,"2025-12-28 09:31:08","What’s wrong I’m sorry "
Received,"2025-12-28 14:50:03","My mom and I are going to Tjmaxx right now. Then my uncle rusty is singing in the beeson town choir at the church at 5:30 so we are all going"
Sent,"2025-12-28 14:53:18",ok
Received,"2025-12-28 15:56:07","￼Look at this pretty color owala "
Received,"2025-12-28 15:56:17","Like sherbet "
Received,"2025-12-28 15:56:50","Like sherbet"
Sent,"2025-12-28 16:11:45","Is that yours?"
Received,"2025-12-28 16:14:14","Si "
Received,"2025-12-28 16:14:54","Returned that sweater and the earring. Got a new sweater and new earrings and that  "
Received,"2025-12-28 16:15:29","And perfume"
Received,"2025-12-28 16:16:15","The original earrings were soooooo expensive. And they wouldn’t clasp close and knowing I already lost two earrings in one month I wasn’t risking that lol"
Sent,"2025-12-28 16:20:24","Wait you returned the earrings you showed me?"
Sent,"2025-12-28 16:20:28","I’m so confused l"
Sent,"2025-12-28 16:20:36","But that’s cool cup"
Received,"2025-12-28 16:20:59","Yes "
Received,"2025-12-28 16:21:05","The clasp was broken "
Sent,"2025-12-28 16:26:19","They were nice tho"
Received,"2025-12-28 16:26:25","They were "
Received,"2025-12-28 16:26:33","But I didn’t want to lose it "
Sent,"2025-12-28 16:26:33","Go get them back"
Sent,"2025-12-28 16:26:41","Tell them you changed your mind"
Received,"2025-12-28 16:26:44","Ahahah why "
Sent,"2025-12-28 16:26:57","Milo wants the,"
Received,"2025-12-28 16:27:09","Ohhhh if that’s the case "
Sent,"2025-12-28 16:34:11","Yes plz"
Sent,"2025-12-28 16:34:24","We keep falling asleep"
Received,"2025-12-28 16:37:34","￼Going to Mechling’s house now then down to the church "
Received,"2025-12-28 16:38:07","New earnings "
Received,"2025-12-28 16:40:53","I will have $30"
Sent,"2025-12-28 16:49:39","Loved an image"
Sent,"2025-12-28 16:50:00","You look beautiful ❤️"
Sent,"2025-12-28 16:50:11","I love you have fun."
Sent,"2025-12-28 16:50:41","Do you have it in cash or can you send it"
Received,"2025-12-28 16:51:39","Thank you "
Received,"2025-12-28 16:51:41","Turf "
Received,"2025-12-28 16:51:49","I have twenty cash.. ten in the bank "
Sent,"2025-12-28 16:53:20","Okay loser"
Sent,"2025-12-28 16:53:22",i
Sent,"2025-12-28 16:53:26","will let you know"
Sent,"2025-12-28 16:53:33",ISAID
Sent,"2025-12-28 16:53:36","I LOVE U"
Received,"2025-12-28 16:57:15","I love you "
Received,"2025-12-28 16:57:25","The concert should only be an hour "
Sent,"2025-12-28 17:58:55","Alright so I did the best I could"
Sent,"2025-12-28 17:59:20","I have 20 for you and I told her you’d give her 10 from what you owe but we might not do that idk just bring the 20 in cash"
Sent,"2025-12-28 17:59:29","And I will do my best to nix the other thing\"
Received,"2025-12-28 18:13:27","Okay thank you. Not over yet. I may leave"
Received,"2025-12-28 18:18:01","I left "
Received,"2025-12-28 18:18:37","I’ll stop and get the ten just incase "
Sent,"2025-12-28 18:40:27",??
Received,"2025-12-28 18:40:51","I’m upstairs in the garage I am so hot I need to cool down "
Received,"2025-12-28 18:40:56","The church was so hot"
Received,"2025-12-28 18:41:34","I am literally sweating "
Received,"2025-12-28 19:39:33","Why am I still like overheating "
Received,"2025-12-28 19:39:42","I swear if I am getting sick "
Received,"2025-12-28 21:53:17","Are you asleep "
Received,"2025-12-28 22:55:06","I just woke back up. Goodnight I love you "
Sent,"2025-12-29 00:59:20","Me too lol"
Sent,"2025-12-29 00:59:25","Goodnight I love you"
Received,"2025-12-29 10:59:40","Good morning "
Received,"2025-12-29 10:59:59","I am going to do my best to get a check today for us to get a full one"
Sent,"2025-12-29 12:21:47","Thank goodness"
Sent,"2025-12-29 12:22:06","Chip chop"
Received,"2025-12-29 12:23:45","Hang on I’m getting dressed "
Sent,"2025-12-29 12:46:45",GRR
Received,"2025-12-29 12:56:31","Don’t grr me. "
Received,"2025-12-29 12:56:36","I’m trying my best here "
Received,"2025-12-29 12:57:26","Getting her to the bathroom now. Then I’ll ask for a check before she lays down "
Sent,"2025-12-29 13:09:26",grrrrrrr
Received,"2025-12-29 13:14:13","Check. In. Hand. "
Sent,"2025-12-29 13:14:44","Can I put the order in now?"
Sent,"2025-12-29 13:16:03","Okay order is in"
Sent,"2025-12-29 13:16:06","Better hurry"
Received,"2025-12-29 13:19:23","I’m coming "
Received,"2025-12-29 13:21:14","Going g to bank "
Sent,"2025-12-29 13:29:53","Are we gonna have a good day pookibear"
Sent,"2025-12-29 13:32:39","????????????????????????


??????????

?"
Received,"2025-12-29 16:40:24","Paperwork came… "
Received,"2025-12-29 16:40:58","I’ll bring it over later. Thankfully no one was home when it came. I want to talk to your mom first before I show my parents "
Sent,"2025-12-29 18:26:16","OMG seriously"
Sent,"2025-12-29 18:26:25","Sorry I didn"
Sent,"2025-12-29 18:27:09","I’m seriously shocked"
Sent,"2025-12-29 20:00:03","Hey b there’s one thing I think you should know before you talk to your parents and I don’t want to freak you out more than you already are but if you want me to tell you when you get home or tomorrow i will."
Sent,"2025-12-29 20:01:21","I’m sorry I promise you I won’t say anything else about it. "
Sent,"2025-12-29 20:10:22","Can you plz just let me know you made it safely"
Received,"2025-12-29 20:11:40","I’m back home "
Received,"2025-12-29 20:12:02","And just tell me now "
Sent,"2025-12-29 20:16:21","It looks like you’re going to lose your license for a year, regardless of what happens with the charges"
Received,"2025-12-29 20:16:59","Great "
Sent,"2025-12-29 20:18:00","I’m really sorry and I wish I weren’t the one to break that news but I didn’t want you to be overwhelmed by finding out while you tell your parents"
Sent,"2025-12-29 20:19:13","You can likely cut that in half if you agree to get an interlock on your car but"
Sent,"2025-12-29 20:19:36","According to the affidavit, they are saying they explained this to you before you refused "
Sent,"2025-12-29 20:20:05","And to be clear you made the best move you had available at the time. "
Sent,"2025-12-29 20:21:50","If you had agreed, you’d be in the same position but much less likely to beat it in court. 


That’s the only bad thing so far. You have several unique things working in your favor  that a lawyer can work with."
Received,"2025-12-29 20:22:45","Argh "
Received,"2025-12-29 20:22:55","It’s just too much for me to process right now "
Sent,"2025-12-29 20:26:48","I understand "
Sent,"2025-12-29 20:27:15","Listen I’m going to keep cleaning tonight and try to continue moving forward with some stuff like that"
Sent,"2025-12-29 20:27:49","Because I feel like I’ve been stalled fora few days and I have to consciously make that a priority"
Sent,"2025-12-29 20:28:09","I promise you that ot"
Sent,"2025-12-29 20:28:20","It’s not going to be as bad as you think."
Received,"2025-12-29 20:28:26","I hope not "
Sent,"2025-12-29 20:30:27","I am really sorry"
Received,"2025-12-29 20:32:55","Don’t be. Please. "
Sent,"2025-12-29 20:34:07","I want to do things different in 2026. This year has been an absolute nightmare and I just feel differently about a bunch of stuff after it"
Received,"2025-12-29 20:34:26","Me too"
Received,"2025-12-29 20:43:18","IM sorry.  I just want to lay down. I have a headache. I am stressed"
Received,"2025-12-29 20:43:44","Thank you for breaking things down for me and being there for me I love you "
Sent,"2025-12-29 20:49:34","I love you please let me know if you need anything"
Received,"2025-12-29 20:50:13","I will thank you "
Received,"2025-12-29 21:03:38","￼"
Sent,"2025-12-30 07:51:20","Good morning bb"
Sent,"2025-12-30 07:54:42","I saved something. If you come sleep with me I share it"
Received,"2025-12-30 09:30:47","Okay thank you "
Sent,"2025-12-30 09:35:00","Are you okay?"
Received,"2025-12-30 09:35:43","I guess "
Received,"2025-12-30 10:41:49","Be over soon "
Received,"2025-12-30 10:51:02","Fml. Sugie just called and asked me to order canton for lunch since they are closing tomorrow."
Received,"2025-12-30 10:54:34","I have to go down there to pick up a card and then i dont know if you want me to come over for like an hour then take her lunch to her then come back?"
Received,"2025-12-30 10:54:38","Or what"
Received,"2025-12-30 10:56:11","I’ll just come over now then pick up a card and the food then I’ll come back "
Received,"2025-12-30 13:31:34","I’m still at sugies… "
Received,"2025-12-30 13:31:43","She decided it was a good time to clean out the fridge "
Received,"2025-12-30 13:50:10","Be over soon "
Received,"2025-12-30 13:50:29","I will get you drink"
Sent,"2025-12-30 15:53:07","She’s calling him now. If you’re going to ask for something small later let me know now so I can tell her"
Sent,"2025-12-30 15:53:27","you don’t need to I’m just saying I need to let her know now if you do"
Received,"2025-12-30 15:55:22","I want to"
Sent,"2025-12-30 15:55:59","Do you have $20?"
Sent,"2025-12-30 15:56:04",$10?
Sent,"2025-12-30 15:56:38","if so just send it other cashapp"
Received,"2025-12-30 15:58:15","I have ten. I can’t send or receive through cashapp "
Sent,"2025-12-30 15:59:12","Well whatever"
Sent,"2025-12-30 15:59:15","Zelle is fine"
Received,"2025-12-30 16:01:32","Ok "
Sent,"2025-12-30 16:06:01","Ok I had 4 that I gave to her"
Received,"2025-12-30 16:06:22","I’ll try to get more but i dont know "
Sent,"2025-12-30 16:06:31","I might just tell her 20. If you have a few ones or something that’s fine but otherwise it’s not a big deal"
Sent,"2025-12-30 16:06:52","I figure something out for you"
Received,"2025-12-30 16:07:05","Ok do I send it now "
Sent,"2025-12-30 16:07:13",yea
Received,"2025-12-30 16:08:04","Sent "
Received,"2025-12-30 17:38:02","On my way over"
Sent,"2025-12-30 19:02:48",Hi
Received,"2025-12-30 19:57:12","Can I comeback over for a little "
Sent,"2025-12-30 19:57:28","Of course"
Sent,"2025-12-30 19:58:09","You okay?"
Received,"2025-12-30 19:59:53","Yeah "
Sent,"2025-12-30 20:49:17","Are you just staying up there"
Sent,"2025-12-30 20:49:46","I can’t stand him he literally just tries to argue with me about anything I say so I’m not staying up there"
Sent,"2025-12-30 20:50:48","Forget it"
Received,"2025-12-30 21:10:50","Home "
Sent,"2025-12-30 21:15:59","Okay thank you"
Received,"2025-12-30 21:36:13","Sorry I was really hungry "
Sent,"2025-12-30 21:56:47","Yeah yeah whateverrrr"
Received,"2025-12-30 22:00:51","😕 I was "
Sent,"2025-12-30 22:01:53","I’m sorry - if he wasn’t here I might have been able to ask her for one"
Received,"2025-12-30 22:02:03","It’s okay "
Sent,"2025-12-30 22:02:06",AND
Sent,"2025-12-30 22:02:25","She said bop wants to come over but she doesn’t know how to get rid of john"
Received,"2025-12-30 22:02:31",Yikes
Sent,"2025-12-30 22:02:56","Are you ready for sleep"
Received,"2025-12-30 22:03:21","Basically I just want drugs or to knock out cold. "
Received,"2025-12-30 22:58:43","I love you "
Sent,"2025-12-31 00:09:48","I love you"
Sent,"2025-12-31 00:10:18","Hey are you sure you’re gonna come over here tomorrow night? I need to know before I tell you the good news"
Received,"2025-12-31 10:30:28",What
Sent,"2025-12-31 11:00:56",???
Received,"2025-12-31 11:10:33","What good news "
Sent,"2025-12-31 11:23:37","Answer the question"
Received,"2025-12-31 11:42:46","I may be going to dinner with my parents "
Received,"2025-12-31 11:42:56","But other than that I don’t think anything "
Received,"2025-12-31 12:00:55","I am going to come over in a little "
Sent,"2025-12-31 12:46:01","Are you going to get anytrhing tonith"
Sent,"2025-12-31 12:46:12","And you still never answered my question"
Received,"2025-12-31 12:47:56","I’m going to try to get a small check from Sugie "
Received,"2025-12-31 12:48:04","Should I go do that before I come over "
Sent,"2025-12-31 12:48:42",ye
Received,"2025-12-31 12:48:50","Ok going now "
Received,"2025-12-31 12:49:53","It’ll be for 60"
Sent,"2025-12-31 12:50:08",okay
Sent,"2025-12-31 12:50:21","are you going to be here tonight (after dinner) or not"
Sent,"2025-12-31 13:38:18",??
Sent,"2025-12-31 13:38:24","you suck so bad gtoday"
Received,"2025-12-31 13:38:40","No I don’t "
Received,"2025-12-31 13:38:43","👹"
Received,"2025-12-31 15:53:10","You gonna help me carry this stuff "
Sent,"2025-12-31 17:44:03","Pic pweaze 😊."
Received,"2025-12-31 18:02:51","￼You’re welcome. "
Sent,"2025-12-31 18:05:03","Loved an image"
Sent,"2025-12-31 18:05:38","😍😍😍"
Received,"2025-12-31 18:39:03","It’s getting nasty out there "
Sent,"2025-12-31 19:36:14","U gonna be happy"
Sent,"2025-12-31 19:36:20","I got us something real nice"
Sent,"2025-12-31 19:36:45","I didn’t weight it yet but it’s at least 60"
Received,"2025-12-31 19:40:13","Good good"
Received,"2025-12-31 19:40:30","Bc I feel like what I got is almost gone. I mean I did make you something "
Sent,"2025-12-31 20:02:43","Not to worry I’ve been sorting out a way to make sure I could get something for us tonight for like a week now"
Received,"2025-12-31 20:12:57",Haha
Received,"2025-12-31 20:12:59","Thank you "
Received,"2025-12-31 20:51:31","Coming soon "
Sent,"2025-12-31 21:03:31","Why don[t you let me come get you She’s not gonna want you to drive later"
Received,"2025-12-31 21:04:05","I’m on my way "
Sent,"2025-12-31 21:05:08","why don’t we just go back and I’ll follow you over"
Received,"2025-12-31 21:05:43","I was told to be home around 1030 11"
Received,"2025-12-31 21:05:54","I’m almost there"
Sent,"2025-12-31 21:06:04","What the fuck"
Received,"2025-12-31 21:06:09",Stop
Received,"2025-12-31 21:06:33","I’m on Saratoga"
Sent,"2025-12-31 21:06:37","why? I can just pick you up"
Sent,"2025-12-31 21:06:49","Okay well have fun wherever you’re actually fucking going."
Sent,"2025-12-31 21:06:58","and she’s not going to let you drink anything."
Received,"2025-12-31 21:07:26",Okay??
Sent,"2025-12-31 21:08:23","I’m fucking saving this the"
Received,"2025-12-31 21:40:00",??
Received,"2025-12-31 21:42:07","Are you coming up here "
Sent,"2025-12-31 21:44:23","i’m going to shovel again since you’re leaving soon"
Received,"2025-12-31 21:45:05","Come in here???"
Sent,"2025-12-31 21:46:02","You could have just told me you weren’t going to be here for New Years like its worse to just mislead me until 9pm the night of"
Sent,"2025-12-31 21:59:43","There’s a line out for you. "
Sent,"2025-12-31 22:12:48","Seriously it’s fine id rather you get wherever you’re going before the weather gets even worse since you’re drinki"
Received,"2025-12-31 22:13:33","I am going home????"
Received,"2025-12-31 22:13:44","I told your mom I was going home early "
Sent,"2025-12-31 22:13:45","Just really wish I hadn’t gone into tonight thinking you were going to be with me"
Sent,"2025-12-31 22:14:17","I’m not going to think about it to prevent the possibility of me texting you a thousand times when you stop responding "
Received,"2025-12-31 22:15:21","What the hell"
Sent,"2025-12-31 22:15:28","But i wouldn’t feel nearly as bad if you hadn’t just stalled and misled me instead of not considering what we were doing ‘plans’"
Received,"2025-12-31 22:15:30","I asked to borrow my moms car to come here "
Sent,"2025-12-31 22:18:07","Yeah that’s why I was saying I should go pick you up. Listen i promise it’s fine and I’m not going to make a big deal about it but I have to assume you’re going somewhere because it’s really not very complicated to figure out how we COULD have been together but"
Received,"2025-12-31 22:18:34","I am not?!?!"
Received,"2025-12-31 22:18:54","My
Mom asked me to have her car back "
Sent,"2025-12-31 22:21:53","Alright that’s not really an impossible hurdle to figure out but I’m not trying to convince you to want to hang out with me"
Sent,"2025-12-31 22:21:59","It’s fine I promise. "
Sent,"2025-12-31 22:23:24","Just for the record I was asking you if tonight, rather than any of the other holidays or whatever, we could be together."
Sent,"2025-12-31 22:24:10","like…you know how you have plans? This would have been something you set aside as planned "
Received,"2025-12-31 22:24:50","I DO NOT HAVE PLANS "
Received,"2025-12-31 22:25:00","I ASKED MY MOM TO DRIVE HER CAR"
Received,"2025-12-31 22:25:10","SHE ASKED ME TO BE HOME BY S CERTAIN TIME "
Received,"2025-12-31 22:58:10","Home "
Sent,"2025-12-31 22:58:36","Thank you"
Received,"2025-12-31 22:59:31","I love you "
Sent,"2025-12-31 23:25:25","Love you"
Sent,"2025-12-31 23:30:50","Did I do something wrong"
Sent,"2025-12-31 23:31:15","Idk it’s weird you’re pretending like you didn’t realize that being together at midnight was what I was trying to arrange"
Sent,"2025-12-31 23:31:46","Which is fine but I just want to make sure you’re doing that because I’m making you mad at me "
Sent,"2025-12-31 23:33:03","see this is exactly why i didn't want to even say anything - I’m not going to let myself spiral so I’m probably done for the night"
Sent,"2025-12-31 23:43:00","￼"
Sent,"2025-12-31 23:46:57","thanks this is exactly the way I wanted to go into 2026. I just don’t know why you can’t be honest with me - for whatever you are actually doing and however it would feel I promise you it feels worse to be in this position"
Sent,"2026-01-01 00:10:17","you surely understand that this is the one and only event of the year that you can’t say “I fell asleep” for. "
Sent,"2026-01-01 00:11:57","That being said, I will do what I said and stop and do my best to not get upset about you doing this but you can return the favor by not even attempting to say that you fell asleep for midnight on New Years and that your parents didn’t wake you up or just….okay this is stupid as fuck goodnihgt"
Received,"2026-01-01 00:36:14","I just woke. Back up "
Received,"2026-01-01 00:36:26","Jests "
Received,"2026-01-01 00:36:28",Jesus
Received,"2026-01-01 00:43:07","I came home and washed my face and got in bed "
Sent,"2026-01-01 01:41:04","yep got it."
Sent,"2026-01-01 01:46:04","idk why you are pretending not to understand but i can’t change what you want or do. 
So I just need to decide for myself what makes sense and what  I believe"
Sent,"2026-01-01 01:55:14","I but what good does it do me to lie to myself about the situation and act like you have ever once slept through midnight of New Years eve before or like I wasn’t trying to make plans to be with you for weeks."
Sent,"2026-01-01 04:31:07","i’m sorry. You’re right.

Who am I to tell you not to disappear all night on New Years eve?  It’s not even my place to even ask where you were going and it doesn’t matter how I feel about it.  "
Received,"2026-01-01 10:29:12","Wow "
Received,"2026-01-01 10:30:11","I actually did fall asleep Dan. "
Received,"2026-01-01 12:09:18","Well I’m coming over "
Received,"2026-01-01 15:22:23","I will be back over. "
Sent,"2026-01-01 15:49:53","Are you stopping anywhere on your way over? If so can you get a pack of cigarettes please"
Received,"2026-01-01 16:08:59","What kind "
Received,"2026-01-01 16:13:28",?
Sent,"2026-01-01 16:17:19","Crown menthol plz"
Sent,"2026-01-01 16:18:36","Also if you want something today you need to let me know soon. I’m guessing you don’t but just wanted to make sure you knew"
Received,"2026-01-01 16:20:42","I’m leaving home now "
Received,"2026-01-01 16:21:11","I may have like $10 when my mom pays me back for getting her thank you cards but other than that I don’t"
Received,"2026-01-01 16:22:07","Do I just say crown menthol "
Received,"2026-01-01 16:22:55","Does your mom need cigarettes? I can get them in exchange for something."
Sent,"2026-01-01 16:27:17","There  are no cigarettes here I don’t care whose you get "
Received,"2026-01-01 16:27:27","I’ll get both I talked to her "
Sent,"2026-01-01 16:27:58","But if you want me to stick my neck out for you like that maybe you shouldn’t lie and disappear all night long"
Sent,"2026-01-01 16:28:18","“I was sleeping”


Yeah okay"
Received,"2026-01-01 16:29:32","I went home. "
Received,"2026-01-01 16:29:50","I changed and washed my face. And I took a Tylenol pm bc my head hurt so bad. "
Received,"2026-01-01 16:29:53","I’m on my way over. "
Sent,"2026-01-01 18:43:37","Milo loves his new toy"
Received,"2026-01-01 18:44:02","Tell him I’m on Saratoga"
Received,"2026-01-01 18:44:08","I’m coming for him"
Received,"2026-01-01 20:39:07","What’s going onnnnn"
Received,"2026-01-01 20:39:13","What’s the hops"
Received,"2026-01-01 20:39:17","What’s the 411"
Received,"2026-01-01 20:39:23","What’s everyone talking about "
Sent,"2026-01-01 20:39:40",0
Sent,"2026-01-01 20:39:44",Nothing
Sent,"2026-01-01 20:39:49",nada
Sent,"2026-01-01 20:39:57","nuffin yet"
Received,"2026-01-01 20:40:10","Tell your mom I can pay her back tomorrow for whatever she can spare"
Sent,"2026-01-01 20:40:27","Yeah but she gotta get it first"
Received,"2026-01-01 20:40:51","Did Danielle leave "
Sent,"2026-01-01 20:44:04","Not yet"
Received,"2026-01-01 20:44:14","Interesting "
Received,"2026-01-01 20:44:17","Strange "
Received,"2026-01-01 20:44:23","Kidding "
Sent,"2026-01-01 20:44:36",?
Received,"2026-01-01 20:44:48","lol nothing "
Received,"2026-01-01 20:44:55","It’s just stuff Alice says "
Sent,"2026-01-01 20:45:16",Milo
Sent,"2026-01-01 20:45:25","Will not shut u"
Received,"2026-01-01 20:45:31","Hahah "
Sent,"2026-01-01 20:45:56","I’m gonna kill him"
Received,"2026-01-01 20:46:37","Better not "
Received,"2026-01-01 20:46:40","I’ll take him honey"
Received,"2026-01-01 20:46:42","Home "
Sent,"2026-01-01 20:46:58","Awww you called me honey"
Sent,"2026-01-01 20:47:03","thank you pookibear"
Sent,"2026-01-01 20:47:19","Ur SO sweet"
Received,"2026-01-01 20:47:25","I know "
Received,"2026-01-01 20:49:08","Leaving shortly "
Received,"2026-01-01 21:03:07","On da way"
Received,"2026-01-01 21:07:14","I need pink lemonade, ASAP"
Received,"2026-01-01 22:24:51","Home. So. Sleepy. "
Sent,"2026-01-01 22:34:05","Thank you"
Sent,"2026-01-01 22:34:09","I love you "
Sent,"2026-01-01 22:34:16","very much"
Sent,"2026-01-01 22:34:23","I shouldn’t"
Sent,"2026-01-01 22:34:27","But alas, I do. "
Received,"2026-01-01 22:50:46","Love you"
Received,"2026-01-02 10:02:03","￼Bluey jammies "
Sent,"2026-01-02 12:28:52","Thats not blue"
Sent,"2026-01-02 12:29:47","That a random blue dog"
Received,"2026-01-02 12:57:33","￼"
Sent,"2026-01-02 13:09:01","If you ae gonna want something later let me know"
Received,"2026-01-02 13:13:23","I’ll try to figure something out "
Sent,"2026-01-02 13:21:02","Ok b"
Received,"2026-01-02 14:26:45","I have twenty in coins right now I need to cash in "
Received,"2026-01-02 14:26:55","I asked my mom to send me a little money but she hasn’t yet "
Received,"2026-01-02 14:39:23","Waiting for my mom to send and I’ll go to the bank all at once. It may only be a total of 40"
Sent,"2026-01-02 14:40:09","Any way you can get 10 more? I can get him to come for 50"
Sent,"2026-01-02 14:40:15","Not sure I can for 40"
Received,"2026-01-02 14:40:23","I’ll see if there’s more change "
Sent,"2026-01-02 14:40:44","I had to give my mom the money I had for that yesterday otherwise I would have used that"
Received,"2026-01-02 14:41:06","It’s fine I will get more change"
Sent,"2026-01-02 14:41:13","I SORRY"
Sent,"2026-01-02 14:41:18","EGGIE I SO SO SORRY"
Received,"2026-01-02 14:41:26","Shuttttt upppppp"
Sent,"2026-01-02 14:42:19","Milo is being"
Sent,"2026-01-02 14:42:23","ADORABLE today"
Received,"2026-01-02 14:42:38","HE IS EVERY SINGLE DAY "
Sent,"2026-01-02 14:45:08",nahhhhhh
Sent,"2026-01-02 14:50:12"," I still have your SUUUUUUUUPID lemonade vodka can"
Sent,"2026-01-02 14:50:32","Im gonna make you finishit"
Received,"2026-01-02 14:52:15","Good "
Received,"2026-01-02 14:52:33","I guess I’m just going to get the change Cash in my mom and dad are at Ross Park right now and I called her and texted her"
Received,"2026-01-02 14:52:53","I’m doing my best here if I have to come back out, I guess I will"
Received,"2026-01-02 14:53:05","Or I will leave my debit card with you"
Sent,"2026-01-02 14:53:42","What are you going to be doing?"
Received,"2026-01-02 14:55:21","I’m at bank now. SEVEN PEOPLE INFRONT OF ME "
Received,"2026-01-02 14:55:48","i am supposed to be at sugies"
Received,"2026-01-02 14:55:52","Then dinner "
Sent,"2026-01-02 14:55:52","No but why would you leaveyour debit card with me?"
Sent,"2026-01-02 14:56:02","oh oh oh okay I’m sorry"
Received,"2026-01-02 14:56:09","Just trying to be logical here "
Sent,"2026-01-02 14:56:11","You come over after dinner please?"
Received,"2026-01-02 14:56:13","Ya turd"
Sent,"2026-01-02 14:57:42",?
Received,"2026-01-02 15:03:49","EGGIE GOT FIFTY "
Received,"2026-01-02 15:03:54","atm next "
Sent,"2026-01-02 15:16:17","You’ll see milo before me"
Sent,"2026-01-02 15:16:21","He’s upstairs"
Received,"2026-01-02 15:24:56","Coming "
